{
    "TROX": 1.0000000000000002,
    "VHI": 0.3056732475401499,
    "MTX": 0.26591045396664664,
    "RYAM": 0.2496448666958404,
    "AIQUF": 0.23863554029534995,
    "AIQUY": 0.23863554029534995,
    "SOLVY": 0.23704622923209728,
    "SVYSF": 0.23704622923209728,
    "MTLHF": 0.23440524313234298,
    "MTLHY": 0.23440524313234298,
    "DOW": 0.2318731930953596,
    "BASFY": 0.21298343534551983,
    "BFFAF": 0.21298343534551983,
    "CE": 0.21247252734131886,
    "SOMMY": 0.200882675416456,
    "SGLFF": 0.20034052245042117,
    "NVZMF": 0.19640815117322613,
    "NVZMY": 0.19640815117322613,
    "SLMNP": 0.1943308073201004,
    "BAK": 0.19158981485115428,
    "FF": 0.18885480300542876,
    "ASIX": 0.1887569837947341,
    "MEOH": 0.18172427060905552,
    "EMN": 0.17686771781746424,
    "SQM": 0.17392089324547225,
    "UNVR": 0.17178141809276998,
    "LXU": 0.17144796289179118,
    "SHECF": 0.16857749432158464,
    "SHECY": 0.16857749432158464,
    "SHWDF": 0.16344866774879668,
    "SHWDY": 0.16344866774879668,
    "BMRK": 0.16077208820800737,
    "LNZNF": 0.16029816277588163,
    "HUN": 0.15694382135951446,
    "FIND": 0.15413572074255522,
    "TOSCF": 0.15399771292231942,
    "NUEC": 0.15111687790767092,
    "AHKSF": 0.14915043091463936,
    "AHKSY": 0.14915043091463936,
    "SLGBF": 0.14431220105453446,
    "MXCHF": 0.13873647001295167,
    "MXCHY": 0.13873647001295167,
    "KURRF": 0.13810863087763642,
    "KURRY": 0.13810863087763642,
    "APD": 0.13349053390171947,
    "ZY": 0.13241813242083178,
    "BLGO": 0.13220465686148217,
    "NNCHY": 0.1281600799797321,
    "CHCC": 0.12715716880663439,
    "MKD": 0.12627395875483138,
    "EESE": 0.1257075045861241,
    "VULC": 0.12381985419649005,
    "AGTT": 0.12073006358777881,
    "GLTC": 0.11893468407789015,
    "AFPW": 0.11860836029067273,
    "BNOW": 0.1158951071782016,
    "GNENF": 0.1153860379876634,
    "GNENY": 0.1153860379876634,
    "CINR": 0.11238250967835063,
    "NNXPF": 0.10499963398877338,
    "XFLS": 0.10462835385573384,
    "LBTI": 0.0982559869824434,
    "WLKP": 0.09215849967423181,
    "OPCGF": 0.08877026904046374,
    "RKTE": 0.0800462634400976,
    "FLRE": 0.058833227511154634
}