{
    "ALC": 0.9999999999999998,
    "STAA": 0.2862876574562602,
    "MMSI": 0.2850371298679375,
    "TFX": 0.2797217750357764,
    "PLHNF": 0.27821440581273504,
    "COO": 0.276422832645973,
    "NVST": 0.2687663496692221,
    "CZMWF": 0.25957735052385483,
    "CZMWY": 0.25957735052385483,
    "PEYE": 0.25900163274779847,
    "HRC": 0.25387452640918234,
    "BDX": 0.24978147029265155,
    "BDXB": 0.24978147029265155,
    "HOCPF": 0.24777181299177486,
    "HOCPY": 0.24777181299177486,
    "ISRG": 0.24584401305296938,
    "ATRI": 0.24539541860946582,
    "CNVVY": 0.24530619731554082,
    "ESLOF": 0.2432190123919177,
    "ESLOY": 0.2432190123919177,
    "WST": 0.2391502650318449,
    "SHWGF": 0.23237903897939396,
    "SHWGY": 0.23237903897939396,
    "HBIO": 0.23193213201736682,
    "CMD": 0.228761674936395,
    "GNGBF": 0.2210912727045895,
    "GNGBY": 0.2210912727045895,
    "IIN": 0.21910011695868029,
    "STE": 0.21710749047828304,
    "HOLX": 0.21341804921157648,
    "CLPBF": 0.21316358015828704,
    "CLPBY": 0.21316358015828704,
    "RMD": 0.2131274000261108,
    "RSMDF": 0.2131274000261108,
    "BAX": 0.21116035968434854,
    "UEEC": 0.2048243902532363,
    "PFGBQ": 0.2046883104356269,
    "SDMHF": 0.20283538042085575,
    "PDMI": 0.20278304144764728,
    "BTAVF": 0.20151438286778436,
    "SAUHF": 0.2015046072465106,
    "SAUHY": 0.2015046072465106,
    "OCPNY": 0.19964201353712957,
    "POAI": 0.1947621130746112,
    "PDEX": 0.1907225588196882,
    "XRAY": 0.19065342741123667,
    "BLFS": 0.18899444343398927,
    "INFU": 0.1889228906453507,
    "TGLVY": 0.1885333098543695,
    "ANSLF": 0.18674162270296193,
    "ANSLY": 0.18674162270296193,
    "RSCF": 0.18434581704325986,
    "UTMD": 0.18424197382559435,
    "APR": 0.18353672422699358,
    "ICUI": 0.18154291943420037,
    "FSPKF": 0.18070899351793507,
    "ECIA": 0.18024948229989957,
    "ANGO": 0.1740298944489303,
    "REMI": 0.1719661129381846,
    "ISR": 0.1689288990175324,
    "ATRC": 0.16830983398865784,
    "AKSY": 0.16629605882653017,
    "AMBBY": 0.1656605801714152,
    "AMBFF": 0.1656605801714152,
    "SARTF": 0.1652840194721954,
    "NEPH": 0.1635359273209562,
    "MDIT": 0.15965867617681062,
    "OSUR": 0.1580234528159502,
    "NURO": 0.1559562089379477,
    "MBOT": 0.15556768337298482,
    "MLSS": 0.15551545548442408,
    "HAE": 0.15508943622646465,
    "NSTG": 0.15474015503315694,
    "SONVF": 0.15461122043284511,
    "SONVY": 0.15461122043284511,
    "WHSI": 0.15452802738170007,
    "TRUMF": 0.15348458793067452,
    "TRUMY": 0.15348458793067452,
    "VSMD": 0.15339678697504802,
    "RGEN": 0.15222479108180917,
    "WILLF": 0.15186024935743325,
    "WILYY": 0.15186024935743325,
    "STXS": 0.14733446899052272,
    "LENSF": 0.14664556550901803,
    "SVSO": 0.1456029572749296,
    "ATRS": 0.14335116282279742,
    "KRMD": 0.13831470923862707,
    "SAFLF": 0.1379351259147802,
    "SAFLY": 0.1379351259147802,
    "GVDI": 0.13786047187683959,
    "LMAT": 0.13723366353042585,
    "ADLI": 0.1360135719194599,
    "GKOS": 0.13573919088486902,
    "RGBOQ": 0.13573282709550255,
    "EKTAF": 0.1354776618178677,
    "EKTAY": 0.1354776618178677,
    "OPSSF": 0.13431990682063255,
    "QTXB": 0.13416400086856636,
    "MASI": 0.13388256077283772,
    "MCDA": 0.1326171853373433,
    "LANZ": 0.13256009167063637,
    "SMEV": 0.13186109949023972,
    "BGMD": 0.13147866475185144,
    "CLABF": 0.12951703699261605,
    "LFPI": 0.1268946374610243,
    "ASFX": 0.12626224618668244,
    "ASNB": 0.12455829740835254,
    "VTEQ": 0.1205178499851256,
    "DXR": 0.11850811892696078,
    "NNCSF": 0.11539729158950943,
    "EKSO": 0.1143981630770385,
    "GMMVF": 0.11333193211689069,
    "DGEN": 0.11263094623409686,
    "RVP": 0.11260324110077671,
    "LMNX": 0.11193831774236557,
    "TEVNF": 0.11092052543974561,
    "CBSC": 0.10916842180665073,
    "MHTCF": 0.10884974450607332,
    "ACAI": 0.10872202425849713,
    "MDLH": 0.1044455329608785,
    "OJSY": 0.10156746776549017,
    "NVCR": 0.10030743238579223,
    "IRTC": 0.1002135987237523,
    "AKYA": 0.09997658189941393,
    "EMDF": 0.09944040120103584,
    "IGAP": 0.09917246187764994,
    "CRJTF": 0.09664402068707657,
    "INND": 0.09639996941799282,
    "ECOR": 0.09130747552748902,
    "BLFE": 0.08966912040252774,
    "IMTH": 0.08742244985200359,
    "HRAL": 0.08701169380805285,
    "PLSE": 0.08132004938670218,
    "SEYE": 0.0745841439316808,
    "NYXFF": 0.07220222951114305,
    "PDTTF": 0.07153199083609205,
    "CEOS": 0.06865504115431341,
    "SECI": 0.06779425286971136,
    "SNANF": 0.05956247613573021,
    "NRCD": 0.04031455571575832
}