{
    "CNVVY": 1.0,
    "TFX": 0.3892856450898961,
    "INFU": 0.3624493990962002,
    "SHWGF": 0.3520176753251716,
    "SHWGY": 0.3520176753251716,
    "RMD": 0.3445254182983074,
    "RSMDF": 0.3445254182983074,
    "MMSI": 0.34275144311296746,
    "PLHNF": 0.340911429443243,
    "CLPBF": 0.33052509424832904,
    "CLPBY": 0.33052509424832904,
    "ATRI": 0.32747266081907256,
    "BDX": 0.31932436616179444,
    "BDXB": 0.31932436616179444,
    "APR": 0.31891579464285136,
    "HRC": 0.305772766696229,
    "UEEC": 0.30312324725118484,
    "STE": 0.3000397994214517,
    "BAX": 0.29758085564134457,
    "IIN": 0.2973862123624158,
    "GNGBF": 0.29432873598741316,
    "GNGBY": 0.29432873598741316,
    "PEYE": 0.2941423520450437,
    "SDMHF": 0.29373765572210614,
    "WST": 0.28760599729042025,
    "COO": 0.2825061488932005,
    "FSPKF": 0.2804739045637657,
    "UTMD": 0.279290447496538,
    "ICUI": 0.278141452247842,
    "AMBBY": 0.2773318230641055,
    "AMBFF": 0.2773318230641055,
    "CMD": 0.2744968359506489,
    "POAI": 0.2733019506718105,
    "BTAVF": 0.27184155668261145,
    "TGLVY": 0.2649801688025266,
    "HBIO": 0.26040066249006116,
    "STAA": 0.2555411017188234,
    "NVST": 0.2535567824058692,
    "SAUHF": 0.249884522637279,
    "SAUHY": 0.249884522637279,
    "NEPH": 0.24953261126851126,
    "BLFS": 0.24882114856221627,
    "ANGO": 0.24872547112020235,
    "CZMWF": 0.24869578564848702,
    "CZMWY": 0.24869578564848702,
    "AKSY": 0.24823579692200548,
    "ALC": 0.24530619731554082,
    "HOLX": 0.24093783601553181,
    "XRAY": 0.23972035885214574,
    "TRUMF": 0.23874836860926957,
    "TRUMY": 0.23874836860926957,
    "NURO": 0.23782754346358176,
    "RSCF": 0.23546940800444577,
    "HAE": 0.23376891853743792,
    "PDMI": 0.22925657299687316,
    "WHSI": 0.22847802391425162,
    "LMAT": 0.2242064130620796,
    "MDIT": 0.222172724451675,
    "OSUR": 0.21984921029712232,
    "ANSLF": 0.21957692743441534,
    "ANSLY": 0.21957692743441534,
    "MCDA": 0.21855120470471684,
    "OPSSF": 0.2173668816910157,
    "MLSS": 0.21509504230714746,
    "PDEX": 0.21434068717467078,
    "KRMD": 0.2128915760014219,
    "HOCPF": 0.20873820357112743,
    "HOCPY": 0.20873820357112743,
    "ISR": 0.20641985437397994,
    "IGAP": 0.20548619483556727,
    "NSTG": 0.20497966473724358,
    "OCPNY": 0.20361367164691982,
    "MASI": 0.20302215671154886,
    "ISRG": 0.20277275693564906,
    "REMI": 0.20143317758276746,
    "EKTAF": 0.20010999578910876,
    "EKTAY": 0.20010999578910876,
    "ESLOF": 0.19994847581487757,
    "ESLOY": 0.19994847581487757,
    "SARTF": 0.19986563894710158,
    "VSMD": 0.1955885769943565,
    "ATRC": 0.19210019262828357,
    "RGEN": 0.19137575702377388,
    "GVDI": 0.19038738500748936,
    "ECIA": 0.18972095173909026,
    "ATRS": 0.18864464739810316,
    "STXS": 0.1882104879115073,
    "MBOT": 0.18794126224379892,
    "WILLF": 0.1839500567019766,
    "WILYY": 0.1839500567019766,
    "VTEQ": 0.18115049443566855,
    "RVP": 0.17978649792750478,
    "SAFLF": 0.17692788937416276,
    "SAFLY": 0.17692788937416276,
    "BGMD": 0.17456136788518128,
    "ADLI": 0.1716877136645517,
    "ASFX": 0.17041171209396277,
    "CLABF": 0.1693084841783472,
    "NVCR": 0.16800021174774737,
    "ASNB": 0.1664728665844372,
    "DXR": 0.16623205539512892,
    "DGEN": 0.1637757438251748,
    "LENSF": 0.16224603452766984,
    "SMEV": 0.16051092480203455,
    "QTXB": 0.1597339559143375,
    "PFGBQ": 0.15890691405718266,
    "LANZ": 0.15543500632258314,
    "SONVF": 0.1545926109634769,
    "SONVY": 0.1545926109634769,
    "GMMVF": 0.14874228930106018,
    "RGBOQ": 0.1428833773846166,
    "IRTC": 0.14025076035898726,
    "EKSO": 0.13919752543113692,
    "ACAI": 0.13754090046784118,
    "ECOR": 0.13523746722564992,
    "LFPI": 0.13520045001393965,
    "NNCSF": 0.13490562535603906,
    "CBSC": 0.13483152918690147,
    "AKYA": 0.13242271016564128,
    "LMNX": 0.1323968425566955,
    "SVSO": 0.128675060278045,
    "CRJTF": 0.12628103900328805,
    "GKOS": 0.1251436883283838,
    "MHTCF": 0.12461183744043787,
    "EMDF": 0.12302753128674451,
    "MDLH": 0.11924861776362963,
    "SECI": 0.1150163299135551,
    "INND": 0.1132994228942042,
    "OJSY": 0.11072354395936579,
    "HRAL": 0.10856293166426112,
    "TEVNF": 0.10736696278233249,
    "NYXFF": 0.102730451145994,
    "PDTTF": 0.08901091281884796,
    "SNANF": 0.0848740311804215,
    "IMTH": 0.08324847007563846,
    "BLFE": 0.08245977260524393,
    "CEOS": 0.08103172005186862,
    "SEYE": 0.07447441623473475,
    "PLSE": 0.07025425021231219,
    "NRCD": 0.05461048586155215
}