{
    "ECIA": 1.0000000000000004,
    "TFX": 0.23931846386405867,
    "ISRG": 0.23588817524688607,
    "ATRI": 0.21086521815689432,
    "STAA": 0.20896734242926351,
    "HBIO": 0.20534370686086964,
    "HRC": 0.202759019667022,
    "COO": 0.1953695898458394,
    "PEYE": 0.19300419886950038,
    "MMSI": 0.1914268809866882,
    "IIN": 0.1913477248827904,
    "CNVVY": 0.18972095173909026,
    "RMD": 0.18792339094305976,
    "RSMDF": 0.18792339094305976,
    "POAI": 0.18459745051562831,
    "UTMD": 0.1844463089766299,
    "PDEX": 0.18435907770445417,
    "WST": 0.18250482685766467,
    "ALC": 0.18024948229989957,
    "BLFS": 0.178273966191685,
    "KRMD": 0.17390935054077514,
    "WHSI": 0.16338858848479718,
    "ATRC": 0.1630427875856182,
    "PLHNF": 0.1629432858874168,
    "AMBBY": 0.16094092465416598,
    "AMBFF": 0.16094092465416598,
    "HOLX": 0.15825050478308308,
    "SAUHF": 0.15695817354044972,
    "SAUHY": 0.15695817354044972,
    "SHWGF": 0.15667465961585764,
    "SHWGY": 0.15667465961585764,
    "GNGBF": 0.15599031572280175,
    "GNGBY": 0.15599031572280175,
    "BDX": 0.15479639976946277,
    "BDXB": 0.15479639976946277,
    "SDMHF": 0.1537237629522918,
    "NVST": 0.1523064218752105,
    "BAX": 0.15085327772043672,
    "AKSY": 0.14854677056799379,
    "ANSLF": 0.14452908994455993,
    "ANSLY": 0.14452908994455993,
    "BTAVF": 0.14450351428682656,
    "REMI": 0.1440088699324276,
    "CLPBF": 0.1424460750389913,
    "CLPBY": 0.1424460750389913,
    "RSCF": 0.14047558935693635,
    "UEEC": 0.14006862111985482,
    "ICUI": 0.1376755196403293,
    "CMD": 0.13624920749602815,
    "STXS": 0.13573672562948366,
    "LENSF": 0.13484284866706514,
    "HAE": 0.13443322442888103,
    "INFU": 0.13388449469851568,
    "ESLOF": 0.13339012740387565,
    "ESLOY": 0.13339012740387565,
    "OPSSF": 0.13241000182442883,
    "NEPH": 0.1324042018980716,
    "HOCPF": 0.13189581038283246,
    "HOCPY": 0.13189581038283246,
    "ISR": 0.13183612338923067,
    "LMAT": 0.13156038552750568,
    "RVP": 0.1310836535756662,
    "ANGO": 0.1302149372189922,
    "CZMWF": 0.12995230298565916,
    "CZMWY": 0.12995230298565916,
    "MLSS": 0.12966817976500436,
    "OSUR": 0.12957706943136063,
    "MDIT": 0.12921788348555663,
    "OCPNY": 0.12892610057344633,
    "ADLI": 0.1288094682197804,
    "ASFX": 0.12628099707946153,
    "XRAY": 0.12587579482600686,
    "RGEN": 0.12550878352428502,
    "FSPKF": 0.12546677145003116,
    "ATRS": 0.12301119065220395,
    "STE": 0.12211053600503065,
    "APR": 0.12203282447761113,
    "TGLVY": 0.12195848347084984,
    "PDMI": 0.12188895467610819,
    "GMMVF": 0.12108419609106243,
    "NSTG": 0.12002070142731222,
    "MASI": 0.11838819650078436,
    "GKOS": 0.1183159070566013,
    "GVDI": 0.1169905858972381,
    "SONVF": 0.11619184716898465,
    "SONVY": 0.11619184716898465,
    "LANZ": 0.11613110689912885,
    "DGEN": 0.11521187960389193,
    "SVSO": 0.11277636725922036,
    "MCDA": 0.11119363980579419,
    "CLABF": 0.11094999102633119,
    "ASNB": 0.11088582870585567,
    "EKSO": 0.11012847812362486,
    "BGMD": 0.108508743439927,
    "RGBOQ": 0.10803814063386055,
    "MBOT": 0.10731356367691935,
    "SAFLF": 0.10715209404653173,
    "SAFLY": 0.10715209404653173,
    "QTXB": 0.10671766441879049,
    "NURO": 0.10641291682964188,
    "TRUMF": 0.10429776258973952,
    "TRUMY": 0.10429776258973952,
    "SECI": 0.10396638291756256,
    "IRTC": 0.10371620198863814,
    "ACAI": 0.10317620292574982,
    "SMEV": 0.1009850739900344,
    "IGAP": 0.09929931971001746,
    "WILLF": 0.0981885585868337,
    "WILYY": 0.0981885585868337,
    "VSMD": 0.09764600287754759,
    "ECOR": 0.09760030540677625,
    "PFGBQ": 0.09598438247901295,
    "SARTF": 0.09368211180240577,
    "EKTAF": 0.09310396094836625,
    "EKTAY": 0.09310396094836625,
    "DXR": 0.09258044982321748,
    "HRAL": 0.09106987247435042,
    "LFPI": 0.08730296186430397,
    "CRJTF": 0.08713077247814505,
    "VTEQ": 0.08664474335060478,
    "NVCR": 0.08582361480208947,
    "AKYA": 0.0774240306402344,
    "EMDF": 0.07664277535618302,
    "CBSC": 0.07661923434011589,
    "TEVNF": 0.07542684043936253,
    "NNCSF": 0.07481981181549031,
    "OJSY": 0.0732326998266549,
    "MHTCF": 0.07250680814293171,
    "INND": 0.0722765320076145,
    "LMNX": 0.06984864581891552,
    "MDLH": 0.06971315726521726,
    "PLSE": 0.05659747885636203,
    "IMTH": 0.05234846953787822,
    "NYXFF": 0.05182492258700579,
    "PDTTF": 0.05126275548557936,
    "SEYE": 0.05035312097408073,
    "CEOS": 0.04946526029565009,
    "SNANF": 0.04910946575383787,
    "BLFE": 0.04600851759564545,
    "NRCD": 0.04205518938128401
}