{
    "SHWGF": 1.0000000000000002,
    "SHWGY": 1.0000000000000002,
    "TFX": 0.3794861101349304,
    "BDX": 0.3542219381019214,
    "BDXB": 0.3542219381019214,
    "CNVVY": 0.3520176753251716,
    "TRUMF": 0.3464634453897638,
    "TRUMY": 0.3464634453897638,
    "MMSI": 0.3219191274725055,
    "ATRI": 0.30811402130071736,
    "PLHNF": 0.30752879182210946,
    "CMD": 0.3065004660614299,
    "PEYE": 0.30111467731217123,
    "INFU": 0.3003551441065354,
    "BTAVF": 0.30001674802136424,
    "WST": 0.29653290710217406,
    "HAE": 0.2945264223167908,
    "IIN": 0.29277717920139706,
    "GNGBF": 0.28877000588883406,
    "GNGBY": 0.28877000588883406,
    "NVST": 0.2881052552567041,
    "APR": 0.2823674341761152,
    "STE": 0.2806954003439691,
    "RMD": 0.27603273225924535,
    "RSMDF": 0.27603273225924535,
    "SDMHF": 0.27538288597823846,
    "COO": 0.2681619789164728,
    "TGLVY": 0.26529859883265494,
    "HBIO": 0.26525669203461677,
    "RVP": 0.2641757124052888,
    "BLFS": 0.26263055115896516,
    "OCPNY": 0.26075945846080095,
    "HRC": 0.26042114818162143,
    "RSCF": 0.25674355885166034,
    "BAX": 0.25654733567538973,
    "HOLX": 0.2434554077261563,
    "LMAT": 0.24111683083040095,
    "AMBBY": 0.2382605857506109,
    "AMBFF": 0.2382605857506109,
    "ANGO": 0.23818132622592653,
    "UTMD": 0.23797011706574273,
    "ICUI": 0.23785165050814716,
    "OSUR": 0.23636422971616136,
    "POAI": 0.2336073015817265,
    "ALC": 0.23237903897939396,
    "ANSLF": 0.23102015660255715,
    "ANSLY": 0.23102015660255715,
    "XRAY": 0.23099090393530497,
    "PDMI": 0.23004456763695091,
    "MDIT": 0.22950999833364227,
    "MCDA": 0.22855458193028994,
    "UEEC": 0.2276592306381576,
    "SAUHF": 0.22727026904336817,
    "SAUHY": 0.22727026904336817,
    "IGAP": 0.22244109789863162,
    "CZMWF": 0.22132723463844448,
    "CZMWY": 0.22132723463844448,
    "PDEX": 0.22082252422869134,
    "ESLOF": 0.219915893077138,
    "ESLOY": 0.219915893077138,
    "STAA": 0.21902246320834606,
    "AKSY": 0.21788898720964217,
    "HOCPF": 0.21429005918314176,
    "HOCPY": 0.21429005918314176,
    "DXR": 0.21357624066142272,
    "KRMD": 0.21259346795195433,
    "CLPBF": 0.21060811002034163,
    "CLPBY": 0.21060811002034163,
    "WHSI": 0.21029252626633382,
    "SARTF": 0.2094531820108319,
    "MBOT": 0.20838433289557878,
    "FSPKF": 0.20758111158441905,
    "MLSS": 0.19749598099062876,
    "NSTG": 0.19656618982788496,
    "NEPH": 0.19151038965652917,
    "OPSSF": 0.1912676815586417,
    "SAFLF": 0.19071203172712153,
    "SAFLY": 0.19071203172712153,
    "STXS": 0.18897317647718775,
    "RGEN": 0.1875622964284081,
    "ISRG": 0.18420387373729807,
    "VSMD": 0.1836537341826256,
    "VTEQ": 0.18067530444580307,
    "ADLI": 0.17677070259439598,
    "ATRC": 0.17660997287108693,
    "ASNB": 0.17547707505872523,
    "WILLF": 0.174608788350254,
    "WILYY": 0.174608788350254,
    "MASI": 0.17290695069789325,
    "SMEV": 0.17214410751015563,
    "BGMD": 0.1711031957673538,
    "REMI": 0.17010526882880675,
    "ISR": 0.16438503718802597,
    "DGEN": 0.16379345989692068,
    "GMMVF": 0.1628969896564071,
    "SONVF": 0.15964922547751248,
    "SONVY": 0.15964922547751248,
    "NNCSF": 0.15918584689103293,
    "ATRS": 0.15884595874959118,
    "NURO": 0.157213492633364,
    "GVDI": 0.15711617496299518,
    "NVCR": 0.15697849922180607,
    "ECIA": 0.15667465961585764,
    "MHTCF": 0.15603335237366378,
    "CLABF": 0.15554698118600951,
    "RGBOQ": 0.15512781375393714,
    "EKTAF": 0.14902925077769769,
    "EKTAY": 0.14902925077769769,
    "QTXB": 0.1464285532261333,
    "AKYA": 0.14409809224734885,
    "LANZ": 0.14227660700831635,
    "ACAI": 0.13887564872146851,
    "ECOR": 0.13836317732192666,
    "ASFX": 0.13775513529013572,
    "SVSO": 0.1371341272983556,
    "CBSC": 0.13622462336803676,
    "EKSO": 0.1343564052394497,
    "OJSY": 0.12972829234647623,
    "PFGBQ": 0.12673075348075633,
    "INND": 0.12387461593003586,
    "LENSF": 0.12309215069623174,
    "LMNX": 0.12305326253800344,
    "LFPI": 0.12056186142449271,
    "GKOS": 0.11271699690824223,
    "MDLH": 0.10800331472665928,
    "IRTC": 0.10497106764733355,
    "EMDF": 0.10467032327713337,
    "BLFE": 0.10378894100028563,
    "TEVNF": 0.10130906251371752,
    "CRJTF": 0.09367572655625703,
    "NYXFF": 0.09335966664719536,
    "SECI": 0.09065852533613131,
    "NRCD": 0.08925179468267473,
    "HRAL": 0.08827150782834073,
    "SEYE": 0.08538412900063133,
    "IMTH": 0.08115831321296207,
    "PLSE": 0.06940297380293554,
    "SNANF": 0.06569787469307742,
    "CEOS": 0.06495692463882055,
    "PDTTF": 0.058501820867770934
}