{
    "SONVF": 1.0,
    "SONVY": 1.0,
    "WILLF": 0.4481112539031633,
    "WILYY": 0.4481112539031633,
    "INND": 0.373072587483086,
    "HRAL": 0.2923430917955071,
    "IIN": 0.28974469097282424,
    "MCDA": 0.19829501627141813,
    "GNGBF": 0.1850407771925452,
    "GNGBY": 0.1850407771925452,
    "PLHNF": 0.18317426834284123,
    "WST": 0.18277687897355133,
    "SAUHF": 0.18216241724262228,
    "SAUHY": 0.18216241724262228,
    "COO": 0.17695623607354233,
    "CZMWF": 0.17681203889089134,
    "CZMWY": 0.17681203889089134,
    "NVST": 0.1675645074175245,
    "MMSI": 0.16534189691193485,
    "REMI": 0.16339029003175004,
    "HBIO": 0.16338363736556216,
    "STE": 0.1611697163079641,
    "CLPBF": 0.1602537931118509,
    "CLPBY": 0.1602537931118509,
    "SHWGF": 0.15964922547751248,
    "SHWGY": 0.15964922547751248,
    "INFU": 0.15866796680767764,
    "SAFLF": 0.15797916573334408,
    "SAFLY": 0.15797916573334408,
    "TFX": 0.15690356651987808,
    "BTAVF": 0.15653844181692325,
    "ALC": 0.15461122043284511,
    "CNVVY": 0.1545926109634769,
    "BLFS": 0.15339587919121062,
    "BAX": 0.1490264371784857,
    "ATRI": 0.14812088343811233,
    "ESLOF": 0.14808228363028406,
    "ESLOY": 0.14808228363028406,
    "RMD": 0.14770097982469915,
    "RSMDF": 0.14770097982469915,
    "HRC": 0.146293437218925,
    "SDMHF": 0.1452522932516025,
    "ANSLF": 0.1450893193818756,
    "ANSLY": 0.1450893193818756,
    "CMD": 0.14463634546471565,
    "PEYE": 0.1436217072764266,
    "TGLVY": 0.1398217134939676,
    "HOLX": 0.13828046135414576,
    "XRAY": 0.13542575889478034,
    "BDX": 0.13538196068371736,
    "BDXB": 0.13538196068371736,
    "STAA": 0.1347392457124803,
    "HOCPF": 0.13422475748592083,
    "HOCPY": 0.13422475748592083,
    "APR": 0.13303102144305182,
    "POAI": 0.13075231031885687,
    "ICUI": 0.1288253162352749,
    "UEEC": 0.12594707454467644,
    "PDEX": 0.12391391030525221,
    "NSTG": 0.12332498992359461,
    "MDIT": 0.12269615439263618,
    "RSCF": 0.12160636901261232,
    "OSUR": 0.12011523735628103,
    "OCPNY": 0.11977883935081028,
    "WHSI": 0.11924943527993283,
    "AKSY": 0.11891431772876518,
    "RGEN": 0.11804679363772502,
    "ANGO": 0.11793227952563277,
    "ECIA": 0.11619184716898465,
    "AMBBY": 0.11582020639189852,
    "AMBFF": 0.11582020639189852,
    "EKSO": 0.11513934051914809,
    "ASNB": 0.11459126620995676,
    "PDMI": 0.11437836398839347,
    "TRUMF": 0.11287520570379912,
    "TRUMY": 0.11287520570379912,
    "UTMD": 0.1124920282765149,
    "HAE": 0.11166414333514536,
    "FSPKF": 0.11088257650530353,
    "NEPH": 0.11081173692642757,
    "ATRS": 0.10884651860267941,
    "LMAT": 0.10791578811100269,
    "STXS": 0.1070098722122356,
    "ADLI": 0.1044529669077928,
    "OPSSF": 0.10369043619183219,
    "KRMD": 0.10363880646399445,
    "CLABF": 0.10344967189922635,
    "PFGBQ": 0.10287863921566029,
    "NURO": 0.10209778307559611,
    "SARTF": 0.10199687823094869,
    "LENSF": 0.10122996172424122,
    "DGEN": 0.10106255544530285,
    "ISRG": 0.09907144554821384,
    "VSMD": 0.09857327872454222,
    "MLSS": 0.09574761649300388,
    "MASI": 0.09522547795654031,
    "GVDI": 0.09428505863396638,
    "RGBOQ": 0.0942711698353858,
    "ATRC": 0.09414561218660618,
    "DXR": 0.0923039088783635,
    "SVSO": 0.09213553794651663,
    "BGMD": 0.09173832602551033,
    "RVP": 0.09105216223456579,
    "EKTAF": 0.09087292135966152,
    "EKTAY": 0.09087292135966152,
    "NNCSF": 0.08942353159242478,
    "LANZ": 0.08921269760631179,
    "VTEQ": 0.08909040869866103,
    "MBOT": 0.08815869533831132,
    "ASFX": 0.08762484594858971,
    "OJSY": 0.08736654190258841,
    "LFPI": 0.08570526415264976,
    "ISR": 0.08561057346248559,
    "GMMVF": 0.08501820479071623,
    "IGAP": 0.08430841389747011,
    "ECOR": 0.0825106882514466,
    "ACAI": 0.0805899766799287,
    "AKYA": 0.08051762637749152,
    "SMEV": 0.07736638417346497,
    "CBSC": 0.0736085612165213,
    "TEVNF": 0.07333845108081742,
    "QTXB": 0.07179635274477728,
    "NVCR": 0.07099344199351275,
    "MHTCF": 0.07039460093607619,
    "CEOS": 0.0671220544128707,
    "EMDF": 0.0648598322585404,
    "GKOS": 0.06460476316814978,
    "SEYE": 0.0637415666719297,
    "PDTTF": 0.06119968726700834,
    "LMNX": 0.058793994492312415,
    "IMTH": 0.058312040730497824,
    "IRTC": 0.057703034208131825,
    "BLFE": 0.05712626551594593,
    "NYXFF": 0.056234243873497736,
    "MDLH": 0.05611976283173555,
    "SECI": 0.050458581351943824,
    "PLSE": 0.05020773632966939,
    "CRJTF": 0.04777846280405562,
    "SNANF": 0.040093682285875426,
    "NRCD": 0.035617128182753
}