{
    "CMLS": 1.0,
    "AUD": 0.3266349309282396,
    "GTN-A": 0.31975096826913524,
    "GTN": 0.31975096826913524,
    "IHRT": 0.3014395732351148,
    "IHRTB": 0.3014395732351148,
    "UONE": 0.290926656088981,
    "UONEK": 0.290926656088981,
    "SBSAA": 0.2796806339322633,
    "SSP": 0.2702396203229501,
    "SBGI": 0.2656999272114008,
    "SIRI": 0.2553591137661507,
    "NXST": 0.2522120582341997,
    "EVC": 0.24900093813191385,
    "PBSFF": 0.23947253243370376,
    "PBSFY": 0.23947253243370376,
    "LSXMA": 0.2319998424740336,
    "LSXMB": 0.2319998424740336,
    "LSXMK": 0.2319998424740336,
    "GRPFF": 0.22893116795555968,
    "FJTNY": 0.22714462700159982,
    "TGNA": 0.22571216976433128,
    "TVBCF": 0.2241544782021938,
    "TVBCY": 0.2241544782021938,
    "MDIA": 0.2224381651194698,
    "TMGI": 0.21974891339105243,
    "TV": 0.21969016927101334,
    "VIVEF": 0.21774819985981506,
    "VIVHY": 0.21774819985981506,
    "LUDG": 0.21570153509052106,
    "AMCX": 0.2127906261762131,
    "FOX": 0.21043115871523382,
    "FOXA": 0.21043115871523382,
    "NWS": 0.19965733451168785,
    "NWSA": 0.19965733451168785,
    "BBGI": 0.19527979884129118,
    "ITVPF": 0.1950404638890634,
    "ITVPY": 0.1950404638890634,
    "CSSE": 0.19092753804702675,
    "CSSEP": 0.19092753804702675,
    "EMMS": 0.18967669996833597,
    "SGA": 0.18088387523913324,
    "FONU": 0.16960742365754794,
    "GSMG": 0.16664450268608047,
    "CURI": 0.15696340075828555,
    "FUBO": 0.14948266815697595,
    "KUASF": 0.14881258395568372,
    "REBL": 0.14822889212946075,
    "FWONA": 0.14663046690682838,
    "FWONB": 0.14663046690682838,
    "FWONK": 0.14663046690682838,
    "AITVF": 0.13986476820859406,
    "SGBAF": 0.13678945250640637,
    "OBLR": 0.1365514520536074,
    "AZTEF": 0.1362111466403386,
    "PEGX": 0.13162731542417583,
    "SJ": 0.12850117319985138,
    "THDDY": 0.12562255310936907,
    "AMLH": 0.12338101466938001,
    "INCT": 0.1210433442014181,
    "TVTV": 0.12058456769884408,
    "SALM": 0.11433555964976864,
    "STGYF": 0.11238100618591351,
    "PSRU": 0.109821114740904,
    "LPTV": 0.1074867958370848,
    "MNIZ": 0.106126493741178,
    "TVFCF": 0.1037470133288146,
    "TLDE": 0.10119434969883002,
    "WNRC": 0.0962474064688834,
    "GETVF": 0.09495717590136991,
    "MEMI": 0.09331233041830869,
    "TFBN": 0.0705397988542604,
    "RGLXY": 0.059532355179829556
}