{
    "FJTNY": 1.0000000000000002,
    "THDDY": 0.3895813222770165,
    "TVBCF": 0.3528977429781271,
    "TVBCY": 0.3528977429781271,
    "GRPFF": 0.29843488344451646,
    "TV": 0.29797967148525567,
    "GTN-A": 0.2643459267280804,
    "GTN": 0.2643459267280804,
    "NXST": 0.2601335819279893,
    "UONE": 0.25450021621471214,
    "UONEK": 0.25450021621471214,
    "VIVEF": 0.25212673459056495,
    "VIVHY": 0.25212673459056495,
    "AUD": 0.24776536988705086,
    "SIRI": 0.24421588977720557,
    "EMMS": 0.24300079796678625,
    "IHRT": 0.24216519068263598,
    "IHRTB": 0.24216519068263598,
    "SSP": 0.23569718504591028,
    "GSMG": 0.2344210049989508,
    "SBSAA": 0.2331303009674345,
    "EVC": 0.2299699196166965,
    "CMLS": 0.22714462700159982,
    "AMLH": 0.22119467210520402,
    "ITVPF": 0.21856100569523684,
    "ITVPY": 0.21856100569523684,
    "TGNA": 0.21552678241865447,
    "LSXMA": 0.20971655444303156,
    "LSXMB": 0.20971655444303156,
    "LSXMK": 0.20971655444303156,
    "PBSFF": 0.20616355072930348,
    "PBSFY": 0.20616355072930348,
    "FOX": 0.2022033749640581,
    "FOXA": 0.2022033749640581,
    "MDIA": 0.19641691375385525,
    "NWS": 0.19584718108075014,
    "NWSA": 0.19584718108075014,
    "SBGI": 0.1931991913230496,
    "AMCX": 0.19115292383754812,
    "CSSE": 0.19080679401168985,
    "CSSEP": 0.19080679401168985,
    "SGBAF": 0.1882504981991999,
    "KUASF": 0.18774990208093834,
    "AITVF": 0.18203496588379323,
    "TMGI": 0.1814966260940689,
    "LUDG": 0.17162191100442942,
    "CURI": 0.1610233470343748,
    "FONU": 0.15693753515956768,
    "OBLR": 0.15613916741693412,
    "REBL": 0.15576804255117963,
    "FUBO": 0.15341413841151136,
    "INCT": 0.15198918607845294,
    "GETVF": 0.15097316195595575,
    "PSRU": 0.1485350249088178,
    "BBGI": 0.1467185180246842,
    "SJ": 0.14113296337077427,
    "TVTV": 0.13662927381535547,
    "PEGX": 0.1324166646283908,
    "MNIZ": 0.12928023465863103,
    "LPTV": 0.12618361707381703,
    "SALM": 0.11962665050405663,
    "FWONA": 0.11406693620501378,
    "FWONB": 0.11406693620501378,
    "FWONK": 0.11406693620501378,
    "AZTEF": 0.11210387579224738,
    "TVFCF": 0.10741605269397603,
    "STGYF": 0.10661286616462265,
    "SGA": 0.10407783304993903,
    "TLDE": 0.10251776658344562,
    "MEMI": 0.09180783242760532,
    "RGLXY": 0.065484158716128,
    "TFBN": 0.06446050385475505,
    "WNRC": 0.061042521132575946
}