{
    "GSMG": 1.0000000000000002,
    "KUASF": 0.2771525835118292,
    "TVBCF": 0.247187496526837,
    "TVBCY": 0.247187496526837,
    "FJTNY": 0.2344210049989508,
    "VIVEF": 0.22932998527107884,
    "VIVHY": 0.22932998527107884,
    "PBSFF": 0.22744947778634153,
    "PBSFY": 0.22744947778634153,
    "SIRI": 0.21401949617176158,
    "REBL": 0.20518470279066417,
    "EVC": 0.19591582048466868,
    "FUBO": 0.19406024647541897,
    "TV": 0.1928789734652781,
    "SBSAA": 0.19209719524626626,
    "GRPFF": 0.1872126411919462,
    "NWS": 0.1868936150734487,
    "NWSA": 0.1868936150734487,
    "NXST": 0.18323720063380067,
    "SJ": 0.1813631578609289,
    "SBGI": 0.1777875807628087,
    "LSXMA": 0.1749378933781333,
    "LSXMB": 0.1749378933781333,
    "LSXMK": 0.1749378933781333,
    "IHRT": 0.17431711612983583,
    "IHRTB": 0.17431711612983583,
    "SSP": 0.17278727899477594,
    "ITVPF": 0.1711746016155811,
    "ITVPY": 0.1711746016155811,
    "CMLS": 0.16664450268608047,
    "GTN-A": 0.1636960708375395,
    "GTN": 0.1636960708375395,
    "THDDY": 0.1618059707555449,
    "AUD": 0.16154655377907554,
    "SGBAF": 0.15630886644253505,
    "TGNA": 0.1532593347511594,
    "MDIA": 0.1502019648300852,
    "EMMS": 0.14895188566062276,
    "CSSE": 0.14715781375247222,
    "CSSEP": 0.14715781375247222,
    "AMLH": 0.1463094642890022,
    "AMCX": 0.1446350158497862,
    "AITVF": 0.14313195307488863,
    "BBGI": 0.14041327368021378,
    "FOX": 0.1366833048612666,
    "FOXA": 0.1366833048612666,
    "LUDG": 0.135598306610608,
    "AZTEF": 0.13210854057237492,
    "UONE": 0.12259474027192539,
    "UONEK": 0.12259474027192539,
    "TVTV": 0.11750937404994338,
    "CURI": 0.11452870016190375,
    "FONU": 0.1137689772213109,
    "FWONA": 0.11139222303337318,
    "FWONB": 0.11139222303337318,
    "FWONK": 0.11139222303337318,
    "TMGI": 0.1099066608502218,
    "OBLR": 0.10415449923690867,
    "LPTV": 0.10254776417964741,
    "STGYF": 0.10245845003454161,
    "TLDE": 0.10244993610193016,
    "SALM": 0.09027808499935526,
    "TVFCF": 0.08789982548670637,
    "PEGX": 0.08359359283092054,
    "GETVF": 0.0739998444720493,
    "MNIZ": 0.07252452250124652,
    "INCT": 0.06981017712384369,
    "MEMI": 0.06418177538805346,
    "PSRU": 0.06318111427268956,
    "SGA": 0.061310220701255476,
    "RGLXY": 0.054891962209909266,
    "TFBN": 0.046115644644777035,
    "WNRC": 0.04142586757476926
}