{
    "ITVPF": 1.0,
    "ITVPY": 1.0,
    "TVBCF": 0.366001412165293,
    "TVBCY": 0.366001412165293,
    "GRPFF": 0.3422806327215759,
    "TV": 0.3405699868383582,
    "VIVEF": 0.28929010012872064,
    "VIVHY": 0.28929010012872064,
    "SSP": 0.284990439930653,
    "PBSFF": 0.28133592999501866,
    "PBSFY": 0.28133592999501866,
    "GTN-A": 0.26604653718781024,
    "GTN": 0.26604653718781024,
    "SBGI": 0.26341995217883946,
    "NXST": 0.25291927230908684,
    "SIRI": 0.25211629272928554,
    "SBSAA": 0.25111010257202454,
    "CSSE": 0.24692897698324628,
    "CSSEP": 0.24692897698324628,
    "AUD": 0.2468152139878802,
    "IHRT": 0.24665998921901258,
    "IHRTB": 0.24665998921901258,
    "EVC": 0.2445013595844935,
    "FOX": 0.24060664687011732,
    "FOXA": 0.24060664687011732,
    "TGNA": 0.2402554238878397,
    "SGBAF": 0.23492141031769112,
    "AMCX": 0.2306887980869266,
    "NWS": 0.2240144749152263,
    "NWSA": 0.2240144749152263,
    "LSXMA": 0.22325458143496063,
    "LSXMB": 0.22325458143496063,
    "LSXMK": 0.22325458143496063,
    "FJTNY": 0.21856100569523684,
    "UONE": 0.2140804457541047,
    "UONEK": 0.2140804457541047,
    "KUASF": 0.20669033045962773,
    "AITVF": 0.1982529558219563,
    "TVTV": 0.19526024718176105,
    "CMLS": 0.1950404638890634,
    "CURI": 0.19372852573421553,
    "MDIA": 0.18931828135302764,
    "THDDY": 0.18240742733899973,
    "GSMG": 0.1711746016155811,
    "FUBO": 0.1653414282561742,
    "LUDG": 0.1627495442449136,
    "SJ": 0.15820412458765515,
    "EMMS": 0.15558659854946677,
    "TMGI": 0.1549000117781625,
    "REBL": 0.15328677144515357,
    "OBLR": 0.14611566521440245,
    "AMLH": 0.14261370168173923,
    "PEGX": 0.14151153423936344,
    "SALM": 0.13454555635141555,
    "TVFCF": 0.1329244011934626,
    "STGYF": 0.1309432680559638,
    "BBGI": 0.11679856529681434,
    "TLDE": 0.11568484315199672,
    "FONU": 0.11392902273029881,
    "MEMI": 0.11387348031468082,
    "SGA": 0.11276935251973158,
    "AZTEF": 0.10781686816760386,
    "LPTV": 0.10747663588984278,
    "GETVF": 0.09648869887820426,
    "RGLXY": 0.08971578494060738,
    "FWONA": 0.08824395323026685,
    "FWONB": 0.08824395323026685,
    "FWONK": 0.08824395323026685,
    "INCT": 0.08795428257779944,
    "MNIZ": 0.08478334592245046,
    "PSRU": 0.08393187662972204,
    "TFBN": 0.07090543323327457,
    "WNRC": 0.06015057501818476
}