{
    "SBGI": 1.0000000000000002,
    "NXST": 0.3702071168269408,
    "GTN-A": 0.3316594971958819,
    "GTN": 0.3316594971958819,
    "SSP": 0.32096910558804337,
    "FOX": 0.31871040716790633,
    "FOXA": 0.31871040716790633,
    "GRPFF": 0.31281627364066117,
    "TV": 0.31024320717382586,
    "SBSAA": 0.28843827166975194,
    "TVBCF": 0.28660599520830515,
    "TVBCY": 0.28660599520830515,
    "SIRI": 0.27858762527516523,
    "IHRT": 0.2663618864614711,
    "IHRTB": 0.2663618864614711,
    "CMLS": 0.2656999272114008,
    "ITVPF": 0.26341995217883946,
    "ITVPY": 0.26341995217883946,
    "EVC": 0.25804429449291644,
    "TGNA": 0.25443124437064635,
    "AUD": 0.2540002497508308,
    "AMCX": 0.23443442508389567,
    "NWS": 0.23017173306885186,
    "NWSA": 0.23017173306885186,
    "UONE": 0.22953552480933126,
    "UONEK": 0.22953552480933126,
    "VIVEF": 0.22194510032307624,
    "VIVHY": 0.22194510032307624,
    "LSXMA": 0.22115718074677404,
    "LSXMB": 0.22115718074677404,
    "LSXMK": 0.22115718074677404,
    "PBSFF": 0.21304951904324854,
    "PBSFY": 0.21304951904324854,
    "CSSE": 0.20367361968602368,
    "CSSEP": 0.20367361968602368,
    "TVTV": 0.19707891619525142,
    "LUDG": 0.1942726195834886,
    "FJTNY": 0.1931991913230496,
    "AITVF": 0.18883006204000646,
    "REBL": 0.18372254558098874,
    "MDIA": 0.18176718744747228,
    "THDDY": 0.17980753962175364,
    "EMMS": 0.17821123264715782,
    "GSMG": 0.1777875807628087,
    "CURI": 0.17525070458529662,
    "KUASF": 0.17135440007011507,
    "BBGI": 0.17099441358038725,
    "TMGI": 0.16900472646077594,
    "SGBAF": 0.1630459408672114,
    "AMLH": 0.16125370125176064,
    "SALM": 0.16001142055781645,
    "SGA": 0.15911373625684128,
    "OBLR": 0.14609706396807937,
    "SJ": 0.14472105944246744,
    "FONU": 0.14264896841220798,
    "FUBO": 0.14182887741261616,
    "PEGX": 0.1415260287579732,
    "AZTEF": 0.14049626935282175,
    "TFBN": 0.1280119247910548,
    "STGYF": 0.12438479163865991,
    "TLDE": 0.11465591307772767,
    "FWONA": 0.10862969270587579,
    "FWONB": 0.10862969270587579,
    "FWONK": 0.10862969270587579,
    "INCT": 0.09520302058784642,
    "GETVF": 0.09472504443373275,
    "LPTV": 0.09150070634778072,
    "TVFCF": 0.08921152684566823,
    "PSRU": 0.08668554530757407,
    "MNIZ": 0.08306857779305386,
    "MEMI": 0.07447571982486774,
    "WNRC": 0.06956646805047012,
    "RGLXY": 0.06662691929096157
}