{
    "SGBAF": 1.0,
    "TV": 0.3019067454485564,
    "GRPFF": 0.29866231834170015,
    "CSSE": 0.2806089510315197,
    "CSSEP": 0.2806089510315197,
    "TVBCF": 0.24806336907258514,
    "TVBCY": 0.24806336907258514,
    "ITVPF": 0.23492141031769112,
    "ITVPY": 0.23492141031769112,
    "GTN-A": 0.22423500638018162,
    "GTN": 0.22423500638018162,
    "EVC": 0.20922113331555747,
    "SIRI": 0.19761495289160363,
    "SSP": 0.19665076311269422,
    "TGNA": 0.19365093710632839,
    "NWS": 0.18881021763994676,
    "NWSA": 0.18881021763994676,
    "KUASF": 0.18874587736986614,
    "FJTNY": 0.1882504981991999,
    "FOX": 0.18721359639688948,
    "FOXA": 0.18721359639688948,
    "VIVEF": 0.18685968770245362,
    "VIVHY": 0.18685968770245362,
    "CURI": 0.18493609212854098,
    "IHRT": 0.18218186093574873,
    "IHRTB": 0.18218186093574873,
    "PBSFF": 0.18072015592555354,
    "PBSFY": 0.18072015592555354,
    "TVTV": 0.17866631907107142,
    "AUD": 0.17787864501207462,
    "NXST": 0.173517885450122,
    "SBSAA": 0.16561535324299184,
    "LSXMA": 0.16488278283610494,
    "LSXMB": 0.16488278283610494,
    "LSXMK": 0.16488278283610494,
    "SBGI": 0.1630459408672114,
    "FUBO": 0.1599842684275516,
    "GSMG": 0.15630886644253505,
    "AMCX": 0.15175189212281945,
    "UONE": 0.1396654286084464,
    "UONEK": 0.1396654286084464,
    "CMLS": 0.13678945250640637,
    "PEGX": 0.1327546750148447,
    "AITVF": 0.13098376302538325,
    "OBLR": 0.12759773430916677,
    "THDDY": 0.12588291295811277,
    "AMLH": 0.12575512341959444,
    "LUDG": 0.12339921047508529,
    "LPTV": 0.12269127635995297,
    "EMMS": 0.12002741908797657,
    "AZTEF": 0.11281498466898113,
    "STGYF": 0.11162740351158106,
    "FONU": 0.10900866486970599,
    "REBL": 0.10721695175245483,
    "SJ": 0.10621612119857891,
    "MDIA": 0.10606712816455378,
    "PSRU": 0.09501112835529589,
    "SALM": 0.0905668222340911,
    "TMGI": 0.08617241018104967,
    "TLDE": 0.08185833692073073,
    "GETVF": 0.0802548960039059,
    "RGLXY": 0.07523773705714439,
    "TVFCF": 0.07471199205485335,
    "MNIZ": 0.0622622632514358,
    "SGA": 0.06061018486939355,
    "BBGI": 0.059856853280896544,
    "MEMI": 0.05796784496849147,
    "FWONA": 0.05701310619251587,
    "FWONB": 0.05701310619251587,
    "FWONK": 0.05701310619251587,
    "TFBN": 0.05334555391972724,
    "INCT": 0.03435809074447169,
    "WNRC": 0.027654002570098698
}