{
    "TLDE": 1.0,
    "PBSFF": 0.19099889109004894,
    "PBSFY": 0.19099889109004894,
    "VIVEF": 0.1566735543727869,
    "VIVHY": 0.1566735543727869,
    "SIRI": 0.14809591313955556,
    "GTN-A": 0.13216715260471784,
    "GTN": 0.13216715260471784,
    "LSXMA": 0.1253905792697936,
    "LSXMB": 0.1253905792697936,
    "LSXMK": 0.1253905792697936,
    "SBSAA": 0.12470480539953219,
    "TVBCF": 0.12398109309486911,
    "TVBCY": 0.12398109309486911,
    "IHRT": 0.12203299120370419,
    "IHRTB": 0.12203299120370419,
    "ITVPF": 0.11568484315199672,
    "ITVPY": 0.11568484315199672,
    "SBGI": 0.11465591307772767,
    "TV": 0.11233909720639111,
    "FOX": 0.11205601179166072,
    "FOXA": 0.11205601179166072,
    "NXST": 0.1105711566116262,
    "LUDG": 0.11045649891194534,
    "GRPFF": 0.1102355683843359,
    "TVFCF": 0.10886071661619984,
    "NWS": 0.1070969102702156,
    "NWSA": 0.1070969102702156,
    "AUD": 0.10387001094602381,
    "FJTNY": 0.10251776658344562,
    "BBGI": 0.10251627555561563,
    "GSMG": 0.10244993610193016,
    "TMGI": 0.10191461976920102,
    "CMLS": 0.10119434969883002,
    "TVTV": 0.09425481801206335,
    "EVC": 0.09282635726106563,
    "MDIA": 0.09010995468019994,
    "KUASF": 0.08747692924192804,
    "AMLH": 0.08513845848693892,
    "STGYF": 0.08442676544765403,
    "FUBO": 0.08318883747948716,
    "SGBAF": 0.08185833692073073,
    "THDDY": 0.08027155071519775,
    "TGNA": 0.07815085737976155,
    "AMCX": 0.07700675199284132,
    "SSP": 0.07695145611775754,
    "FONU": 0.07667172037992678,
    "PSRU": 0.07412696879748282,
    "CSSE": 0.07231211058768157,
    "CSSEP": 0.07231211058768157,
    "EMMS": 0.0703736994971709,
    "OBLR": 0.07014889160732243,
    "REBL": 0.06970169335948262,
    "SJ": 0.06678642935430866,
    "UONE": 0.06412136651590117,
    "UONEK": 0.06412136651590117,
    "CURI": 0.062447958460434314,
    "AITVF": 0.059188946852423284,
    "PEGX": 0.05865870989666891,
    "FWONA": 0.05838379728396872,
    "FWONB": 0.05838379728396872,
    "FWONK": 0.05838379728396872,
    "LPTV": 0.0522374296403852,
    "SALM": 0.05079660945395047,
    "MNIZ": 0.04671991431935803,
    "SGA": 0.04538798630699955,
    "AZTEF": 0.04371134905897188,
    "GETVF": 0.038195777917729,
    "INCT": 0.03802299503385966,
    "MEMI": 0.03679397547300906,
    "RGLXY": 0.02707927688072959,
    "WNRC": 0.02668188356734074,
    "TFBN": 0.022242370709953534
}