{
    "STWD": 1.0000000000000002,
    "LADR": 0.413222661941118,
    "NYMT": 0.40972516199338854,
    "NYMTM": 0.40972516199338854,
    "NYMTN": 0.40972516199338854,
    "NYMTO": 0.40972516199338854,
    "NYMTP": 0.40972516199338854,
    "MITT-PA": 0.4087127252742008,
    "MITT-PB": 0.4087127252742008,
    "MITT-PC": 0.4087127252742008,
    "MITT": 0.4087127252742008,
    "RWT": 0.3874710948315411,
    "TRTX": 0.3591028816067026,
    "KREF-PA": 0.3424958067811069,
    "KREF": 0.3424958067811069,
    "ARI": 0.3419510073841729,
    "EARN": 0.34118070447005944,
    "ACR-PC": 0.33146341797802514,
    "ACR": 0.33146341797802514,
    "CHMI-PA": 0.32835524103872327,
    "CHMI-PB": 0.32835524103872327,
    "CHMI": 0.32835524103872327,
    "CIM-PA": 0.3239031218234221,
    "CIM-PB": 0.3239031218234221,
    "CIM-PC": 0.3239031218234221,
    "CIM-PD": 0.3239031218234221,
    "CIM": 0.3239031218234221,
    "ABR-PA": 0.3232343861302312,
    "ABR-PB": 0.3232343861302312,
    "ABR-PC": 0.3232343861302312,
    "ABR": 0.3232343861302312,
    "NRZ-PA": 0.32224497619722187,
    "NRZ-PB": 0.32224497619722187,
    "NRZ-PC": 0.32224497619722187,
    "NRZ": 0.32224497619722187,
    "AJX": 0.30727355655505506,
    "NLY-PF": 0.3036043847808854,
    "NLY-PG": 0.3036043847808854,
    "NLY-PI": 0.3036043847808854,
    "NLY": 0.3036043847808854,
    "RC": 0.3012028972928576,
    "LFT": 0.29719721406744215,
    "ACRE": 0.29415188293022804,
    "WMC": 0.29114932506702096,
    "ECRO": 0.2843159401776054,
    "TWO-PA": 0.27058400365767216,
    "TWO-PB": 0.27058400365767216,
    "TWO": 0.27058400365767216,
    "LOAN": 0.26948896490318963,
    "PMT-PA": 0.2631914521103804,
    "PMT-PB": 0.2631914521103804,
    "PMT": 0.2631914521103804,
    "MFA-PB": 0.25382146994233296,
    "MFA-PC": 0.25382146994233296,
    "MFA": 0.25382146994233296,
    "GPMT": 0.2506680318869848,
    "BRMK": 0.2471203309586047,
    "SACH": 0.2465663125520149,
    "TRMT": 0.2356315758690728,
    "IVR-PA": 0.22796138183545042,
    "IVR-PB": 0.22796138183545042,
    "IVR-PC": 0.22796138183545042,
    "IVR": 0.22796138183545042,
    "BXMT": 0.2217524803813878,
    "JERT": 0.22104001838416168,
    "CMO-PE": 0.20988304786144288,
    "CMO": 0.20988304786144288,
    "ARR-PC": 0.20964077020191854,
    "ARR": 0.20964077020191854,
    "AGNC": 0.20804059307210326,
    "AGNCM": 0.20804059307210326,
    "AGNCN": 0.20804059307210326,
    "AGNCO": 0.20804059307210326,
    "AGNCP": 0.20804059307210326,
    "DX-PC": 0.18059453849935275,
    "DX": 0.18059453849935275,
    "ACMC": 0.16686900148199932,
    "PTTTS": 0.1608478105643649,
    "ORC": 0.1521106534174074,
    "BMNM": 0.14421734853805981,
    "CVHL": 0.1383732953579109,
    "AAIC-PB": 0.07700268495339077,
    "AAIC-PC": 0.07700268495339077,
    "AAIC": 0.07700268495339077
}