{
    "TWO-PA": 1.0000000000000007,
    "TWO-PB": 1.0000000000000007,
    "TWO": 1.0000000000000007,
    "CIM-PA": 0.4351540029899481,
    "CIM-PB": 0.4351540029899481,
    "CIM-PC": 0.4351540029899481,
    "CIM-PD": 0.4351540029899481,
    "CIM": 0.4351540029899481,
    "MFA-PB": 0.3919854498023041,
    "MFA-PC": 0.3919854498023041,
    "MFA": 0.3919854498023041,
    "NRZ-PA": 0.36753682863462533,
    "NRZ-PB": 0.36753682863462533,
    "NRZ-PC": 0.36753682863462533,
    "NRZ": 0.36753682863462533,
    "WMC": 0.3672202527500644,
    "EARN": 0.3640025515925133,
    "ARR-PC": 0.34893314913468526,
    "ARR": 0.34893314913468526,
    "CMO-PE": 0.3461646472113216,
    "CMO": 0.3461646472113216,
    "CHMI-PA": 0.33812008138280086,
    "CHMI-PB": 0.33812008138280086,
    "CHMI": 0.33812008138280086,
    "NYMT": 0.3306646449817732,
    "NYMTM": 0.3306646449817732,
    "NYMTN": 0.3306646449817732,
    "NYMTO": 0.3306646449817732,
    "NYMTP": 0.3306646449817732,
    "AGNC": 0.31481200648037944,
    "AGNCM": 0.31481200648037944,
    "AGNCN": 0.31481200648037944,
    "AGNCO": 0.31481200648037944,
    "AGNCP": 0.31481200648037944,
    "IVR-PA": 0.3136700001552879,
    "IVR-PB": 0.3136700001552879,
    "IVR-PC": 0.3136700001552879,
    "IVR": 0.3136700001552879,
    "MITT-PA": 0.31313300356154744,
    "MITT-PB": 0.31313300356154744,
    "MITT-PC": 0.31313300356154744,
    "MITT": 0.31313300356154744,
    "LFT": 0.3070129588794587,
    "ACR-PC": 0.30522168822463575,
    "ACR": 0.30522168822463575,
    "PMT-PA": 0.30165749264502467,
    "PMT-PB": 0.30165749264502467,
    "PMT": 0.30165749264502467,
    "NLY-PF": 0.30123566848953715,
    "NLY-PG": 0.30123566848953715,
    "NLY-PI": 0.30123566848953715,
    "NLY": 0.30123566848953715,
    "ORC": 0.28271542848548914,
    "KREF-PA": 0.2726514000570815,
    "KREF": 0.2726514000570815,
    "TRMT": 0.2714981242200255,
    "STWD": 0.27058400365767216,
    "ABR-PA": 0.26524051631803464,
    "ABR-PB": 0.26524051631803464,
    "ABR-PC": 0.26524051631803464,
    "ABR": 0.26524051631803464,
    "ARI": 0.25450721568513257,
    "LADR": 0.2508325323505869,
    "JERT": 0.2410789639317552,
    "ECRO": 0.24079092111516134,
    "ACMC": 0.23814009224920785,
    "TRTX": 0.21697452797311398,
    "SACH": 0.21111806064069782,
    "DX-PC": 0.20901789373089155,
    "DX": 0.20901789373089155,
    "AJX": 0.20162844845417252,
    "GPMT": 0.1978570162310751,
    "LOAN": 0.19313824273954786,
    "BRMK": 0.1895109458207245,
    "ACRE": 0.1894844004698385,
    "BXMT": 0.18892231244819502,
    "RWT": 0.18603994886929895,
    "RC": 0.17508477267724767,
    "BMNM": 0.15612239506929515,
    "PTTTS": 0.1424907242273919,
    "AAIC-PB": 0.14168913075515444,
    "AAIC-PC": 0.14168913075515444,
    "AAIC": 0.14168913075515444,
    "CVHL": 0.0687494015611787
}