{
    "CYNK": 1.0,
    "NSRS": 0.19783802961481897,
    "CBCA": 0.15883651072118984,
    "CTLE": 0.15609970305971158,
    "GTSO": 0.15277630270321693,
    "ZNNC": 0.15273700026534898,
    "BDGY": 0.15148227372062098,
    "TSTS": 0.1504134277486162,
    "SBOX": 0.1389956699555438,
    "BTCWF": 0.12537911361404763,
    "SGHIF": 0.12422569344358486,
    "SGHIY": 0.12422569344358486,
    "BOPO": 0.12093499775451864,
    "LPTC": 0.11898103214084706,
    "SCRPF": 0.11427614197378741,
    "PTPF": 0.11020539568311573,
    "GULRF": 0.10903852458356866,
    "GULRY": 0.10903852458356866,
    "CTPCF": 0.10867423613648794,
    "CTPCY": 0.10867423613648794,
    "CDJM": 0.10573510777580172,
    "VIVC": 0.10529075147959266,
    "CBGH": 0.10325295832362762,
    "SUNTF": 0.10280969498512693,
    "PRLX": 0.10150160906302756,
    "HTHIY": 0.0995935682528288,
    "JARLF": 0.09952500038871778,
    "JMHLY": 0.09952500038871778,
    "RJDG": 0.09948712098199208,
    "MVNT": 0.09780032865290357,
    "GLOH": 0.09744788946024596,
    "MYTHY": 0.09501790658108122,
    "HLMAF": 0.09485066481829901,
    "SIGN": 0.09460174085025079,
    "KPELF": 0.09435170322958436,
    "KPELY": 0.09435170322958436,
    "LWCTF": 0.09315743831586233,
    "ELGL": 0.09118528183173535,
    "IEP": 0.09060518365198125,
    "MVPT": 0.08967600220132373,
    "UPIN": 0.08949669167365187,
    "SPGX": 0.08803695345275467,
    "ECSL": 0.08756473287464984,
    "RIGG": 0.0874413514052705,
    "CRESY": 0.08681335381592092,
    "EUENF": 0.08679817513195834,
    "BDVSF": 0.0858679585711706,
    "BDVSY": 0.0858679585711706,
    "AXXA": 0.08572710075463852,
    "STCN": 0.08499799317996252,
    "IVST": 0.08482087741247597,
    "RAGL": 0.08438044977347921,
    "CKHUF": 0.08422113641462312,
    "CKHUY": 0.08422113641462312,
    "SWRAF": 0.08421709007012572,
    "SWRBF": 0.08421709007012572,
    "SWRBY": 0.08421709007012572,
    "AYALY": 0.08420096902608523,
    "AYYLF": 0.08420096902608523,
    "SEB": 0.08375647186836757,
    "EKNL": 0.08334802436133061,
    "SWRAY": 0.0829613248545684,
    "CNGI": 0.0829027842898244,
    "TRC": 0.08273142184232816,
    "FOSUF": 0.08238831777445671,
    "FOSUY": 0.08238831777445671,
    "PRTT": 0.08158079344046072,
    "NOBGY": 0.08134282513138646,
    "SYVN": 0.08094971284535185,
    "SMGBF": 0.08033089279754117,
    "SMGBY": 0.08033089279754117,
    "GPOVF": 0.07968483818527428,
    "GPOVY": 0.07968483818527428,
    "CODI-PA": 0.0796428248211818,
    "CODI-PB": 0.0796428248211818,
    "CODI-PC": 0.0796428248211818,
    "CODI": 0.0796428248211818,
    "SZHFF": 0.07960745883031711,
    "SPLP-PA": 0.07947957136961682,
    "SPLP": 0.07947957136961682,
    "TTHG": 0.07895255679080945,
    "VRTV": 0.0788102145757458,
    "JGSHF": 0.07810179287035754,
    "UMCN": 0.07770465337807449,
    "SSUMF": 0.07749843942269186,
    "SSUMY": 0.07749843942269186,
    "TRRE": 0.07715049502028387,
    "GTLL": 0.07667889795986224,
    "MARUF": 0.07641196852579013,
    "MARUY": 0.07641196852579013,
    "ALGGF": 0.07534650047178043,
    "ALGGY": 0.07534650047178043,
    "OBCI": 0.07445046890045683,
    "CIBY": 0.0738768420314534,
    "USDF": 0.07383776570237945,
    "ITOCF": 0.07382997024885175,
    "ITOCY": 0.07382997024885175,
    "ALFFF": 0.07381896872117975,
    "MSBHF": 0.07310621430453086,
    "GTII": 0.07196043218902277,
    "UATG": 0.07166310349149174,
    "EFSH": 0.07116599166155654,
    "SPUP": 0.07107480039666941,
    "MATW": 0.06960346154894395,
    "AMIN": 0.06832370551738765,
    "MLCG": 0.06741796221315015,
    "BIMO": 0.0665369083619372,
    "FUNN": 0.06626216054037719,
    "AEEI": 0.06581495419965573,
    "HTHIF": 0.06579794724059464,
    "MXTOF": 0.06252919273221068,
    "IGC": 0.062179770326984456,
    "ELRNF": 0.05983362685366941,
    "MMSMY": 0.05972084956488162,
    "NNBR": 0.0585599187665441,
    "TALC": 0.057404506723594,
    "APTL": 0.055618393523450715,
    "WNRS": 0.05478215641024532,
    "GRGCF": 0.0546337858840497,
    "GLBD": 0.0523415234260704,
    "VBVT": 0.052147924652084884,
    "KGHI": 0.0515526330273631,
    "ICBT": 0.04992431489205837,
    "SBDG": 0.04832023841019609,
    "GRPX": 0.04791614337819086,
    "BBU": 0.045048813252337824,
    "KHOLY": 0.04486868156429384,
    "IRS": 0.04216142243712379,
    "IWTNF": 0.04040559100469715,
    "IRNS": 0.03908395400292885,
    "LIDM": 0.03451766780250435,
    "BCND": 0.029651693108838917
}