{
    "ECSL": 1.0000000000000002,
    "SWRAF": 0.24471004473410124,
    "SWRBF": 0.24471004473410124,
    "SWRBY": 0.24471004473410124,
    "SWRAY": 0.24294004170545813,
    "GTSO": 0.21847079098293687,
    "GPOVF": 0.2183040951920763,
    "GPOVY": 0.2183040951920763,
    "SBOX": 0.21593063903200288,
    "PRLX": 0.21459979142628094,
    "HTHIF": 0.19191017485687387,
    "UMCN": 0.18651728900937237,
    "ITOCF": 0.18623758966933246,
    "ITOCY": 0.18623758966933246,
    "BDVSF": 0.18512287784196713,
    "BDVSY": 0.18512287784196713,
    "CTPCF": 0.18129369203650705,
    "CTPCY": 0.18129369203650705,
    "IVST": 0.17892627779037193,
    "CKHUF": 0.17834170145552763,
    "CKHUY": 0.17834170145552763,
    "STCN": 0.17483171471451278,
    "RAGL": 0.17426561780492375,
    "VRTV": 0.17301536640443949,
    "JARLF": 0.17064639315228972,
    "JMHLY": 0.17064639315228972,
    "SCRPF": 0.16792695272274274,
    "IEP": 0.1668273928904026,
    "HTHIY": 0.16196797485621617,
    "SIGN": 0.1580130030444942,
    "GULRF": 0.15323339442433762,
    "GULRY": 0.15323339442433762,
    "MARUF": 0.15299717349634775,
    "MARUY": 0.15299717349634775,
    "NOBGY": 0.15065645239646136,
    "HLMAF": 0.14965268716719235,
    "FOSUF": 0.14767973658780914,
    "FOSUY": 0.14767973658780914,
    "SEB": 0.14653641749714638,
    "EFSH": 0.14568534507271086,
    "LPTC": 0.1451237712181337,
    "AYALY": 0.1433781648802257,
    "AYYLF": 0.1433781648802257,
    "SPLP-PA": 0.1420802381627477,
    "SPLP": 0.1420802381627477,
    "SSUMF": 0.14103939341109503,
    "SSUMY": 0.14103939341109503,
    "SZHFF": 0.13949401976593226,
    "PTPF": 0.1394758991126058,
    "MYTHY": 0.13868273415995017,
    "NNBR": 0.13779217590986534,
    "AEEI": 0.13739266197993938,
    "ALGGF": 0.13691455045619305,
    "ALGGY": 0.13691455045619305,
    "GLOH": 0.1363142624107457,
    "ELGL": 0.1353890650773751,
    "ALFFF": 0.1342700509188937,
    "OBCI": 0.13417177896516372,
    "KPELF": 0.13327170403745592,
    "KPELY": 0.13327170403745592,
    "SPGX": 0.13321765859978768,
    "MVNT": 0.13271945867296858,
    "ELRNF": 0.1320838811653939,
    "CDJM": 0.13184035279136877,
    "CRESY": 0.13148661053963903,
    "AXXA": 0.12658831188143313,
    "EUENF": 0.1254656017179311,
    "SMGBF": 0.1251659029765227,
    "SMGBY": 0.1251659029765227,
    "MSBHF": 0.12490835289793203,
    "IGC": 0.12412070503425304,
    "RJDG": 0.12396029703217373,
    "JGSHF": 0.12359204350407411,
    "MVPT": 0.1202679065552575,
    "SUNTF": 0.11723919760588429,
    "GTLL": 0.11648736458524551,
    "UATG": 0.11435484977337097,
    "LWCTF": 0.11309995162787917,
    "FUNN": 0.11231830808422844,
    "BIMO": 0.11122944658603025,
    "CNGI": 0.11121848900478364,
    "IWTNF": 0.11103596071406902,
    "CBGH": 0.10966011462959682,
    "VIVC": 0.10957416295405552,
    "NSRS": 0.10949688837573836,
    "BOPO": 0.10886540050311806,
    "MATW": 0.10861546141003955,
    "MXTOF": 0.10797240164247196,
    "SGHIF": 0.10677911176873303,
    "SGHIY": 0.10677911176873303,
    "AMIN": 0.10661300707427207,
    "SYVN": 0.1057554340368044,
    "KGHI": 0.10143061003373678,
    "CBCA": 0.10048347093037055,
    "KHOLY": 0.10005203644822151,
    "VBVT": 0.09988137251030489,
    "MMSMY": 0.09976641112099381,
    "MLCG": 0.09869133481532714,
    "TRC": 0.09781794442780112,
    "TSTS": 0.09715149695358495,
    "SBDG": 0.09649569750903612,
    "GTII": 0.09593236510836095,
    "TRRE": 0.09467967503768633,
    "GRPX": 0.09102663823267523,
    "CYNK": 0.08756473287464984,
    "GLBD": 0.08568553892425704,
    "APTL": 0.08535731008209999,
    "TTHG": 0.08336413365797471,
    "GRGCF": 0.08102413645723885,
    "CTLE": 0.07988204906501806,
    "UPIN": 0.07833098949536495,
    "WNRS": 0.0778758471144534,
    "PRTT": 0.07775243918784223,
    "RIGG": 0.07628173434777016,
    "CIBY": 0.07469667406325144,
    "BTCWF": 0.07459218688215319,
    "EKNL": 0.07198558464692786,
    "USDF": 0.06856092125795363,
    "ICBT": 0.06727342338035479,
    "BDGY": 0.06555062795957002,
    "CODI-PA": 0.06507396757046657,
    "CODI-PB": 0.06507396757046657,
    "CODI-PC": 0.06507396757046657,
    "CODI": 0.06507396757046657,
    "BBU": 0.055783480687629464,
    "IRNS": 0.05310564417920699,
    "IRS": 0.051274136417853916,
    "ZNNC": 0.04678294506462205,
    "LIDM": 0.04590298944192433,
    "SPUP": 0.04396037621012219,
    "BCND": 0.041879204210449446,
    "TALC": 0.04186685445105029
}