{
    "HTHIF": 1.0,
    "HTHIY": 0.5620309208529373,
    "MARUF": 0.39971315687254716,
    "MARUY": 0.39971315687254716,
    "AYALY": 0.3991095111192945,
    "AYYLF": 0.3991095111192945,
    "SZHFF": 0.39815999698259713,
    "KPELF": 0.3869273907774865,
    "KPELY": 0.3869273907774865,
    "SSUMF": 0.3806277220366082,
    "SSUMY": 0.3806277220366082,
    "SCRPF": 0.37182415830416143,
    "ITOCF": 0.3675743857184247,
    "ITOCY": 0.3675743857184247,
    "SPLP-PA": 0.3640379421551792,
    "SPLP": 0.3640379421551792,
    "CTPCF": 0.3530318335356617,
    "CTPCY": 0.3530318335356617,
    "CKHUF": 0.3506433508794928,
    "CKHUY": 0.3506433508794928,
    "JARLF": 0.3417822050015731,
    "JMHLY": 0.3417822050015731,
    "MSBHF": 0.3372762209547083,
    "BDVSF": 0.32947441109846387,
    "BDVSY": 0.32947441109846387,
    "GPOVF": 0.3153720208513402,
    "GPOVY": 0.3153720208513402,
    "HLMAF": 0.31464996007417667,
    "NNBR": 0.30805671035838256,
    "FOSUF": 0.2947960694606958,
    "FOSUY": 0.2947960694606958,
    "GULRF": 0.2923298195448215,
    "GULRY": 0.2923298195448215,
    "STCN": 0.29084877494050887,
    "VRTV": 0.2889896377411409,
    "EFSH": 0.28444958125540876,
    "SMGBF": 0.27801870776544346,
    "SMGBY": 0.27801870776544346,
    "MATW": 0.2767843648888918,
    "IEP": 0.2760365599444363,
    "SEB": 0.275953390412978,
    "CRESY": 0.26892953198687763,
    "ALFFF": 0.2683433711330968,
    "NOBGY": 0.26396045541879537,
    "JGSHF": 0.263713216416781,
    "MXTOF": 0.2620538143835316,
    "MYTHY": 0.25499641211593416,
    "SWRAF": 0.24752211844117109,
    "SWRBF": 0.24752211844117109,
    "SWRBY": 0.24752211844117109,
    "IWTNF": 0.2463821694122811,
    "OBCI": 0.24341466687161656,
    "SWRAY": 0.24328195588199536,
    "GTSO": 0.24005575916483812,
    "MMSMY": 0.23725316577608108,
    "IVST": 0.23596585320870464,
    "ELRNF": 0.21864056592286885,
    "CNGI": 0.21841504628462632,
    "PRLX": 0.21645651687601822,
    "SGHIF": 0.21001601937021153,
    "SGHIY": 0.21001601937021153,
    "IGC": 0.20961281902729167,
    "ALGGF": 0.20878150474798993,
    "ALGGY": 0.20878150474798993,
    "RAGL": 0.19774385839035802,
    "TRC": 0.19243769450019182,
    "ECSL": 0.19191017485687387,
    "GTLL": 0.18663502783569144,
    "AMIN": 0.18379959587306072,
    "SUNTF": 0.1833622810648322,
    "SIGN": 0.18190895216277128,
    "AXXA": 0.17566658002595026,
    "SYVN": 0.17036349446037918,
    "GLOH": 0.16947658890965628,
    "KGHI": 0.16794846104789748,
    "FUNN": 0.1675620879013969,
    "AEEI": 0.15868347056063797,
    "SBOX": 0.15862141353597317,
    "MVPT": 0.1559169149774547,
    "CBCA": 0.15455628360675794,
    "KHOLY": 0.15416156506624823,
    "UATG": 0.15210623932340178,
    "CBGH": 0.15152854637461957,
    "SBDG": 0.14619775054396067,
    "APTL": 0.14409945669039004,
    "LPTC": 0.14060715660858109,
    "WNRS": 0.13979032974033015,
    "BOPO": 0.1389950421292359,
    "VBVT": 0.1386011888708399,
    "VIVC": 0.13021577823056413,
    "MLCG": 0.1280312437599722,
    "BIMO": 0.12771135188685576,
    "NSRS": 0.12513731336579106,
    "SPGX": 0.12269758450840931,
    "TRRE": 0.12138188004409069,
    "MVNT": 0.12111956700104873,
    "UMCN": 0.120458968956738,
    "GLBD": 0.11754159567247335,
    "PTPF": 0.11677266610977009,
    "ICBT": 0.11331795399517292,
    "RJDG": 0.10960998951412164,
    "GRGCF": 0.10546482297906176,
    "UPIN": 0.10311171737522629,
    "GRPX": 0.1010041407185733,
    "EUENF": 0.09989548232516371,
    "PRTT": 0.09955228461118443,
    "BTCWF": 0.09954172088042382,
    "USDF": 0.09457465018800482,
    "BDGY": 0.09039121177301396,
    "GTII": 0.0895509513155297,
    "IRS": 0.08761447391284635,
    "CODI-PA": 0.08579448806145014,
    "CODI-PB": 0.08579448806145014,
    "CODI-PC": 0.08579448806145014,
    "CODI": 0.08579448806145014,
    "EKNL": 0.08023775871708985,
    "TSTS": 0.07760805280716646,
    "SPUP": 0.07613092953861127,
    "ELGL": 0.07249364273655658,
    "TTHG": 0.06963228595635577,
    "BCND": 0.06855656938319896,
    "LWCTF": 0.06689264499369806,
    "CTLE": 0.06674031823291957,
    "CIBY": 0.06647299375097235,
    "CYNK": 0.06579794724059464,
    "ZNNC": 0.06334308040497157,
    "LIDM": 0.05963793147947723,
    "CDJM": 0.054802922826357334,
    "RIGG": 0.05144280337681216,
    "BBU": 0.04739382168684426,
    "IRNS": 0.04570420713845204,
    "TALC": 0.014052209410008775
}