{
    "OBCI": 0.9999999999999997,
    "MARUF": 0.3014133965019674,
    "MARUY": 0.3014133965019674,
    "ITOCF": 0.2703014374991004,
    "ITOCY": 0.2703014374991004,
    "HTHIY": 0.26921713591786095,
    "SPLP-PA": 0.26319078159053855,
    "SPLP": 0.26319078159053855,
    "BDVSF": 0.25973306326091783,
    "BDVSY": 0.25973306326091783,
    "SZHFF": 0.2509288024011054,
    "JARLF": 0.2508674565320304,
    "JMHLY": 0.2508674565320304,
    "KPELF": 0.24911943827488142,
    "KPELY": 0.24911943827488142,
    "HTHIF": 0.24341466687161656,
    "SEB": 0.2378505378403625,
    "SMGBF": 0.23677681521915148,
    "SMGBY": 0.23677681521915148,
    "IEP": 0.23456405920324103,
    "CKHUF": 0.23414520717387557,
    "CKHUY": 0.23414520717387557,
    "AYALY": 0.23411127273199855,
    "AYYLF": 0.23411127273199855,
    "SSUMF": 0.23354280345292233,
    "SSUMY": 0.23354280345292233,
    "VRTV": 0.23073554823737935,
    "CTPCF": 0.22560699937560916,
    "CTPCY": 0.22560699937560916,
    "SCRPF": 0.22358340309587008,
    "NNBR": 0.21459631135676413,
    "GPOVF": 0.2121894480469611,
    "GPOVY": 0.2121894480469611,
    "MSBHF": 0.20812870100341233,
    "GULRF": 0.206881262086687,
    "GULRY": 0.206881262086687,
    "AMIN": 0.20297606957704062,
    "JGSHF": 0.20156360920113542,
    "CRESY": 0.19991522763349479,
    "ALFFF": 0.19956664377141736,
    "EFSH": 0.19484644888229352,
    "SWRAF": 0.19030609473883042,
    "SWRBF": 0.19030609473883042,
    "SWRBY": 0.19030609473883042,
    "SWRAY": 0.18981832938120743,
    "SGHIF": 0.18571768619153212,
    "SGHIY": 0.18571768619153212,
    "FOSUF": 0.18468234163330605,
    "FOSUY": 0.18468234163330605,
    "STCN": 0.18437960197134307,
    "NOBGY": 0.18233895265524952,
    "ALGGF": 0.1782934207662153,
    "ALGGY": 0.1782934207662153,
    "MMSMY": 0.1747931356195519,
    "MATW": 0.17458568996801935,
    "IWTNF": 0.16563493324428719,
    "HLMAF": 0.16497122914425563,
    "IGC": 0.16194414990866174,
    "MXTOF": 0.16186449622890686,
    "SUNTF": 0.15938139573848326,
    "IVST": 0.1588928225308933,
    "SYVN": 0.1504845056477427,
    "MYTHY": 0.14987492756791074,
    "PRLX": 0.1471164847139369,
    "GTLL": 0.14637353580900828,
    "GTSO": 0.14514067163111602,
    "AEEI": 0.14275322855964526,
    "VBVT": 0.14152086345932724,
    "GLOH": 0.14078504074524953,
    "TRC": 0.13815794701388076,
    "RAGL": 0.1379564195061338,
    "CNGI": 0.1374102471890902,
    "ECSL": 0.13417177896516372,
    "LPTC": 0.1328976920417163,
    "KHOLY": 0.13178629786386853,
    "BOPO": 0.1317652133170819,
    "WNRS": 0.1297494362721766,
    "VIVC": 0.12559268671070897,
    "KGHI": 0.12371002718100454,
    "SBOX": 0.12312767042538789,
    "GLBD": 0.12152381276047719,
    "AXXA": 0.11902411349535658,
    "FUNN": 0.11380694432292698,
    "APTL": 0.09993516249145783,
    "CBGH": 0.09878250008996942,
    "CBCA": 0.09840704271583807,
    "BIMO": 0.09806385344849859,
    "UATG": 0.09796520084273795,
    "NSRS": 0.09751102992790683,
    "SBDG": 0.09693554549200517,
    "MLCG": 0.09661125545215186,
    "ELRNF": 0.09601441911581599,
    "SPGX": 0.09506570644315429,
    "RJDG": 0.0941455439711362,
    "GRPX": 0.09323582920616756,
    "UMCN": 0.09108777586507678,
    "MVPT": 0.09108765035161978,
    "SIGN": 0.08890076254785866,
    "USDF": 0.08650582289845722,
    "TTHG": 0.08599366089730556,
    "ICBT": 0.08499752202950195,
    "GRGCF": 0.0823083407119353,
    "UPIN": 0.08161403044748755,
    "CODI-PA": 0.0773166467041004,
    "CODI-PB": 0.0773166467041004,
    "CODI-PC": 0.0773166467041004,
    "CODI": 0.0773166467041004,
    "PTPF": 0.07706982574626378,
    "GTII": 0.0762689290633738,
    "BTCWF": 0.0753412132726618,
    "ZNNC": 0.0747721373698708,
    "CYNK": 0.07445046890045683,
    "TSTS": 0.07299492181721087,
    "MVNT": 0.07136828490575589,
    "TRRE": 0.07086802250822469,
    "ELGL": 0.0689351407137678,
    "IRS": 0.06849429196690497,
    "EKNL": 0.06848118290562054,
    "PRTT": 0.06815066633171704,
    "EUENF": 0.06708620852095624,
    "BDGY": 0.06655611419784001,
    "LWCTF": 0.06095676272057793,
    "BCND": 0.06071471815215442,
    "LIDM": 0.059882298943813084,
    "SPUP": 0.05920053139440493,
    "CTLE": 0.05883849543758944,
    "CDJM": 0.05484203885599489,
    "CIBY": 0.05340293517182952,
    "RIGG": 0.046064823306132714,
    "IRNS": 0.04106066316615012,
    "BBU": 0.03366504340046543,
    "TALC": 0.018360299728452042
}