{
    "RIGG": 1.0000000000000002,
    "IRNS": 0.2378929767098668,
    "GTII": 0.2293313595846483,
    "SPGX": 0.18989305890205344,
    "NSRS": 0.1879147425430158,
    "LWCTF": 0.1674377571129353,
    "PTPF": 0.16582604484838523,
    "LPTC": 0.16269619174433295,
    "TALC": 0.16151742960609608,
    "ZNNC": 0.16129342153112933,
    "SBOX": 0.15769784078306903,
    "AXXA": 0.15487128059668992,
    "TRRE": 0.15335699985108506,
    "CBGH": 0.14935166128140284,
    "CDJM": 0.14532018869141816,
    "GTSO": 0.1379921469465919,
    "CBCA": 0.13379935061019374,
    "EUENF": 0.12860944050536402,
    "UPIN": 0.1265359353400472,
    "FOSUF": 0.12513853175240344,
    "FOSUY": 0.12513853175240344,
    "AYALY": 0.1236658967562006,
    "AYYLF": 0.1236658967562006,
    "CTPCF": 0.12225788460901545,
    "CTPCY": 0.12225788460901545,
    "USDF": 0.12004108608230138,
    "MSBHF": 0.11715942522834674,
    "GULRF": 0.11687944716838586,
    "GULRY": 0.11687944716838586,
    "CNGI": 0.1147690560385222,
    "EKNL": 0.11459207921966379,
    "SIGN": 0.11293008498240173,
    "ELGL": 0.11265715218791253,
    "RJDG": 0.11112657107315048,
    "GRGCF": 0.11031633402990783,
    "UATG": 0.10904490009041594,
    "BOPO": 0.10869457041240188,
    "IVST": 0.1085516130745236,
    "STCN": 0.10852262004932609,
    "GLOH": 0.104512767205482,
    "MLCG": 0.09872203632254965,
    "TSTS": 0.09857378202190738,
    "SBDG": 0.09802711324464226,
    "SSUMF": 0.09722867075592062,
    "SSUMY": 0.09722867075592062,
    "AMIN": 0.09704196212563596,
    "UMCN": 0.09579718250075332,
    "TRC": 0.09495965144366413,
    "RAGL": 0.09485824594067783,
    "SGHIF": 0.09383307003829094,
    "SGHIY": 0.09383307003829094,
    "SCRPF": 0.09347236850317706,
    "CTLE": 0.09303017280266934,
    "KGHI": 0.09247005998304793,
    "MVNT": 0.09028584134670344,
    "CRESY": 0.09011429088560745,
    "BDVSF": 0.08930523622523742,
    "BDVSY": 0.08930523622523742,
    "ALGGF": 0.08872713592970247,
    "ALGGY": 0.08872713592970247,
    "JGSHF": 0.08795717877656142,
    "CYNK": 0.0874413514052705,
    "JARLF": 0.08483454719740435,
    "JMHLY": 0.08483454719740435,
    "SPLP-PA": 0.08401478205472677,
    "SPLP": 0.08401478205472677,
    "FUNN": 0.08356484328648585,
    "NOBGY": 0.08194986060324629,
    "KPELF": 0.0816448886614678,
    "KPELY": 0.0816448886614678,
    "MATW": 0.0803201188249684,
    "BDGY": 0.07957590076019327,
    "TTHG": 0.07940196356081096,
    "PRTT": 0.07763396379189993,
    "MYTHY": 0.07663521548985086,
    "ECSL": 0.07628173434777016,
    "MARUF": 0.07573993199064691,
    "MARUY": 0.07573993199064691,
    "CODI-PA": 0.07513789843593771,
    "CODI-PB": 0.07513789843593771,
    "CODI-PC": 0.07513789843593771,
    "CODI": 0.07513789843593771,
    "MVPT": 0.0741723214070433,
    "IGC": 0.07416150557385141,
    "SZHFF": 0.07322613337277684,
    "CKHUF": 0.06977413146921897,
    "CKHUY": 0.06977413146921897,
    "IEP": 0.067934132192316,
    "BBU": 0.0672523635809546,
    "BCND": 0.06724596677188914,
    "SWRAF": 0.0670378059981165,
    "SWRBF": 0.0670378059981165,
    "SWRBY": 0.0670378059981165,
    "EFSH": 0.0669071669142966,
    "VRTV": 0.06559448426366091,
    "PRLX": 0.06512964526369111,
    "ITOCF": 0.06456228843450579,
    "ITOCY": 0.06456228843450579,
    "VIVC": 0.06290068525499234,
    "SWRAY": 0.060926851129712564,
    "SMGBF": 0.060296216334175916,
    "SMGBY": 0.060296216334175916,
    "BIMO": 0.05878180974879033,
    "HTHIY": 0.058749899779733876,
    "AEEI": 0.056428610770117696,
    "SYVN": 0.055468860657880946,
    "BTCWF": 0.05495111348838434,
    "SEB": 0.054114648564486785,
    "VBVT": 0.05405714418346447,
    "ICBT": 0.05274421399387204,
    "HTHIF": 0.05144280337681216,
    "GRPX": 0.0513103291419116,
    "GLBD": 0.05104561395097031,
    "GTLL": 0.05068873163027841,
    "MMSMY": 0.04977923624384274,
    "GPOVF": 0.04947074055064017,
    "GPOVY": 0.04947074055064017,
    "SUNTF": 0.0487052288011015,
    "IRS": 0.04826143049023767,
    "MXTOF": 0.04664011103991933,
    "OBCI": 0.046064823306132714,
    "SPUP": 0.045714442342780166,
    "NNBR": 0.04428834438849725,
    "WNRS": 0.04415652608169972,
    "CIBY": 0.04387087549014104,
    "ALFFF": 0.04219798910689067,
    "KHOLY": 0.039042031660084145,
    "HLMAF": 0.036384598938470764,
    "IWTNF": 0.03004030429598485,
    "APTL": 0.030025507990065717,
    "ELRNF": 0.026917692162598074,
    "LIDM": 0.02401869855906805
}