{
    "RJDG": 1.0000000000000002,
    "GTSO": 0.40761093461872167,
    "UATG": 0.2560896296046357,
    "LWCTF": 0.21140481142106873,
    "SPGX": 0.21092403257953582,
    "GLOH": 0.19216934646474407,
    "CDJM": 0.1742311433237409,
    "CTPCF": 0.17039304916148446,
    "CTPCY": 0.17039304916148446,
    "SBOX": 0.16906894844269182,
    "IVST": 0.16398316832942378,
    "JARLF": 0.15622326551831595,
    "JMHLY": 0.15622326551831595,
    "ELGL": 0.14378774342863798,
    "AXXA": 0.14183580258425285,
    "STCN": 0.14068950518294335,
    "SPLP-PA": 0.14052626155469386,
    "SPLP": 0.14052626155469386,
    "SCRPF": 0.13914498012685217,
    "RAGL": 0.13843105540361425,
    "AEEI": 0.13744521259372505,
    "UMCN": 0.13669969915699703,
    "CTLE": 0.1366967057004694,
    "NSRS": 0.1347641128666018,
    "CKHUF": 0.13430553945844645,
    "CKHUY": 0.13430553945844645,
    "MARUF": 0.1340705266403842,
    "MARUY": 0.1340705266403842,
    "TSTS": 0.13312883413182214,
    "AYALY": 0.13038951282335715,
    "AYYLF": 0.13038951282335715,
    "ITOCF": 0.12959977028647524,
    "ITOCY": 0.12959977028647524,
    "SIGN": 0.12950945404351943,
    "CBCA": 0.12522286704897492,
    "NOBGY": 0.12516146180005353,
    "SSUMF": 0.12513791349462916,
    "SSUMY": 0.12513791349462916,
    "ECSL": 0.12396029703217373,
    "MYTHY": 0.12367153885393511,
    "JGSHF": 0.12030047503078488,
    "SGHIF": 0.12021642708395508,
    "SGHIY": 0.12021642708395508,
    "SZHFF": 0.11985806678858542,
    "BDVSF": 0.11957834270788606,
    "BDVSY": 0.11957834270788606,
    "PTPF": 0.11926045155383454,
    "SMGBF": 0.11915563238780738,
    "SMGBY": 0.11915563238780738,
    "FOSUF": 0.11817446141919964,
    "FOSUY": 0.11817446141919964,
    "GULRF": 0.11804566825343801,
    "GULRY": 0.11804566825343801,
    "HTHIY": 0.11791547661175523,
    "KPELF": 0.11784100865668817,
    "KPELY": 0.11784100865668817,
    "TALC": 0.1169016377084257,
    "KGHI": 0.1167757442477543,
    "CNGI": 0.11518274727697726,
    "EUENF": 0.115142578818416,
    "GTII": 0.1144777341139219,
    "MVPT": 0.11436761928332073,
    "FUNN": 0.11350175326443192,
    "LPTC": 0.1124181028574753,
    "AMIN": 0.1123313205130495,
    "GPOVF": 0.11190822182312196,
    "GPOVY": 0.11190822182312196,
    "MSBHF": 0.11152595912678855,
    "RIGG": 0.11112657107315048,
    "BTCWF": 0.11111331371748007,
    "IEP": 0.11107441419248903,
    "HTHIF": 0.10960998951412164,
    "USDF": 0.10946037912122906,
    "CRESY": 0.10843995937191248,
    "ALGGF": 0.10832270861675657,
    "ALGGY": 0.10832270861675657,
    "CODI-PA": 0.10614472749774428,
    "CODI-PB": 0.10614472749774428,
    "CODI-PC": 0.10614472749774428,
    "CODI": 0.10614472749774428,
    "CBGH": 0.10461337775403849,
    "VRTV": 0.10407677718375101,
    "SWRAY": 0.10264370293203416,
    "SWRAF": 0.10238558045411582,
    "SWRBF": 0.10238558045411582,
    "SWRBY": 0.10238558045411582,
    "PRLX": 0.10212222226757334,
    "CIBY": 0.1021108246978058,
    "EFSH": 0.1013972226839289,
    "GRPX": 0.09997676993494457,
    "SEB": 0.0999240877025251,
    "CYNK": 0.09948712098199208,
    "PRTT": 0.09934167193967335,
    "TRC": 0.09874053298858479,
    "SYVN": 0.09747026806411735,
    "SBDG": 0.0953712766239692,
    "OBCI": 0.0941455439711362,
    "IGC": 0.09244271282164374,
    "MXTOF": 0.0919732194556267,
    "VBVT": 0.09066568419961166,
    "HLMAF": 0.08946073446741715,
    "MMSMY": 0.08915545424735313,
    "MLCG": 0.08887702493647794,
    "GTLL": 0.08816105778562079,
    "ALFFF": 0.08807518424188324,
    "BOPO": 0.08791788374368742,
    "BDGY": 0.08786913174591635,
    "UPIN": 0.08552568529392775,
    "SPUP": 0.08507922297302249,
    "NNBR": 0.0840586171140946,
    "SUNTF": 0.08280317455144307,
    "MVNT": 0.0797356687562629,
    "GRGCF": 0.07788596389085234,
    "VIVC": 0.07725184895878999,
    "TRRE": 0.07714751876326721,
    "WNRS": 0.07586856483717308,
    "MATW": 0.07546101138853825,
    "BIMO": 0.0744798487736469,
    "GLBD": 0.07194908364712546,
    "ICBT": 0.07137927050331563,
    "TTHG": 0.07134806714516037,
    "IWTNF": 0.07118592752741393,
    "IRNS": 0.06690759184175649,
    "EKNL": 0.06505903749385658,
    "BBU": 0.062393009540274165,
    "BCND": 0.060898017161693525,
    "KHOLY": 0.05851904087747271,
    "IRS": 0.05714985227766054,
    "APTL": 0.05642715012678094,
    "ZNNC": 0.051213422494495155,
    "ELRNF": 0.047156675496246206,
    "LIDM": 0.03651580753256449
}