{
    "SBOX": 1.0000000000000002,
    "GTSO": 0.2714250103831647,
    "SCRPF": 0.22335461318454375,
    "ECSL": 0.21593063903200288,
    "IVST": 0.2150233645504111,
    "CDJM": 0.20902390255560294,
    "KPELF": 0.19869262692958622,
    "KPELY": 0.19869262692958622,
    "CTPCF": 0.19643230086522592,
    "CTPCY": 0.19643230086522592,
    "GTII": 0.1945417829878821,
    "CKHUF": 0.19332876906834998,
    "CKHUY": 0.19332876906834998,
    "BOPO": 0.19146593814506693,
    "AXXA": 0.19066390843978417,
    "GLOH": 0.18956289513040336,
    "LPTC": 0.18756546178372227,
    "CTLE": 0.18440648141582142,
    "MYTHY": 0.18270503108593494,
    "STCN": 0.18258867610605747,
    "MARUF": 0.1814582208620004,
    "MARUY": 0.1814582208620004,
    "SPGX": 0.1791533819528938,
    "RAGL": 0.1787252699909624,
    "JARLF": 0.17758643006379674,
    "JMHLY": 0.17758643006379674,
    "LWCTF": 0.17488111589298827,
    "ELGL": 0.17413132741955242,
    "TRRE": 0.17374994000121974,
    "AEEI": 0.16936800593943568,
    "RJDG": 0.16906894844269182,
    "UMCN": 0.1685455359467103,
    "SSUMF": 0.16810044233140647,
    "SSUMY": 0.16810044233140647,
    "HTHIY": 0.16790081082950256,
    "SPLP-PA": 0.16775687553531876,
    "SPLP": 0.16775687553531876,
    "BDVSF": 0.16255976971554215,
    "BDVSY": 0.16255976971554215,
    "PTPF": 0.1602314462562158,
    "UPIN": 0.1598999259183003,
    "NOBGY": 0.15962857320630552,
    "UATG": 0.1589544039922281,
    "HTHIF": 0.15862141353597317,
    "VRTV": 0.15832385349283284,
    "FOSUF": 0.15782025140062433,
    "FOSUY": 0.15782025140062433,
    "RIGG": 0.15769784078306903,
    "EFSH": 0.15723321950864605,
    "GTLL": 0.1540172786210392,
    "SMGBF": 0.1533218629370419,
    "SMGBY": 0.1533218629370419,
    "TSTS": 0.15227741779635995,
    "ITOCF": 0.14994803223404723,
    "ITOCY": 0.14994803223404723,
    "GPOVF": 0.14960750520146,
    "GPOVY": 0.14960750520146,
    "SWRAF": 0.1480157424580879,
    "SWRBF": 0.1480157424580879,
    "SWRBY": 0.1480157424580879,
    "IEP": 0.1460183844163065,
    "GULRF": 0.14588738072312543,
    "GULRY": 0.14588738072312543,
    "SWRAY": 0.14572529975109355,
    "CRESY": 0.14491381516299479,
    "SGHIF": 0.14423091824356304,
    "SGHIY": 0.14423091824356304,
    "MVPT": 0.1434045387173815,
    "TRC": 0.13986240120227453,
    "BIMO": 0.13936573124258553,
    "EUENF": 0.139203145039445,
    "FUNN": 0.13908237162326292,
    "CYNK": 0.1389956699555438,
    "SZHFF": 0.13891821256403347,
    "MSBHF": 0.13687737138513878,
    "JGSHF": 0.13648370126998313,
    "SUNTF": 0.13648232681201677,
    "AYALY": 0.13602804780380595,
    "AYYLF": 0.13602804780380595,
    "PRTT": 0.13486285758635932,
    "CBGH": 0.13429922987247556,
    "SEB": 0.13366631089037453,
    "NSRS": 0.13349830352589195,
    "ALGGF": 0.13324933836927436,
    "ALGGY": 0.13324933836927436,
    "NNBR": 0.13148025509804812,
    "SIGN": 0.12896185198416013,
    "HLMAF": 0.12794602095676344,
    "SYVN": 0.12733534650063616,
    "PRLX": 0.12672579181411628,
    "ALFFF": 0.12660983607259285,
    "CNGI": 0.12558346160785516,
    "OBCI": 0.12312767042538789,
    "MXTOF": 0.12268565032779166,
    "VIVC": 0.11987189023527098,
    "AMIN": 0.11910871549679755,
    "SBDG": 0.11909111606961752,
    "MVNT": 0.11626459946469136,
    "KGHI": 0.11439526642044369,
    "MMSMY": 0.11319786548656022,
    "ZNNC": 0.1127460946054317,
    "CODI-PA": 0.11191808144712251,
    "CODI-PB": 0.11191808144712251,
    "CODI-PC": 0.11191808144712251,
    "CODI": 0.11191808144712251,
    "IGC": 0.11090771327249314,
    "CBCA": 0.10656227631805161,
    "USDF": 0.10607858655306625,
    "GRPX": 0.10342500726202783,
    "WNRS": 0.10179240273689248,
    "BDGY": 0.10036639495184926,
    "MATW": 0.0981177050146615,
    "ELRNF": 0.09589971207104196,
    "ICBT": 0.09554588318613094,
    "IWTNF": 0.09517013385888169,
    "VBVT": 0.09359755969557061,
    "MLCG": 0.08944976199057875,
    "IRNS": 0.08716083419128372,
    "BBU": 0.08503485857749325,
    "BTCWF": 0.08319449539948204,
    "EKNL": 0.08292918998921547,
    "GLBD": 0.08245579432192701,
    "CIBY": 0.07872103829488356,
    "GRGCF": 0.07493978636608162,
    "KHOLY": 0.07421408634788702,
    "SPUP": 0.07273423070473427,
    "TTHG": 0.07192659478354917,
    "LIDM": 0.06853181783689706,
    "IRS": 0.06603193660725357,
    "APTL": 0.06320715571795915,
    "TALC": 0.057320536791591686,
    "BCND": 0.0412826870574407
}