{
    "CLWY": 1.0,
    "HVT-A": 0.28024694661861266,
    "HVT": 0.28024694661861266,
    "LESL": 0.260844576482155,
    "HD": 0.2352761984548124,
    "LOW": 0.2333688202747911,
    "TTSH": 0.22814218815486628,
    "WFAFF": 0.2271053322916946,
    "WFAFY": 0.2271053322916946,
    "HBBHF": 0.22390935336888088,
    "MRGO": 0.2213121041734433,
    "FKRAF": 0.21117920257426767,
    "GRWG": 0.2085676242615098,
    "KGFHF": 0.2046228589689195,
    "KGFHY": 0.2046228589689195,
    "YGTYF": 0.20107326443581042,
    "MDOUF": 0.1944029409102967,
    "LL": 0.18518042749017016,
    "FND": 0.18510366616318474
}