{
    "JAPAF": 1.0000000000000004,
    "JAPAY": 1.0000000000000004,
    "IMBBF": 0.37943864741565836,
    "IMBBY": 0.37943864741565836,
    "BTAFF": 0.3513188138076517,
    "BTI": 0.3513188138076517,
    "SWMAF": 0.33180070360363717,
    "SWMAY": 0.33180070360363717,
    "UVV": 0.32923291683441924,
    "MO": 0.3112876385995813,
    "TPB": 0.3078109509398364,
    "PM": 0.2506806080581977,
    "VGR": 0.22502643520316726,
    "PYYX": 0.21990081679194273,
    "PHPMF": 0.21097160998693354,
    "SMORF": 0.20768099425088715,
    "VPOR": 0.20533965218476746,
    "VHUB": 0.1976954172302567,
    "VPRB": 0.1949274425314579,
    "WSRRF": 0.19209658032767352,
    "CHUC": 0.18198035233762822,
    "ECGR": 0.17617529301061124,
    "KAVL": 0.165624202335641,
    "PHJMF": 0.16313094575617385,
    "SFIO": 0.15503413732691831,
    "RLX": 0.1542883680817944,
    "NHLE": 0.1409373663016781,
    "GGNPF": 0.13604488241634488,
    "GMNI": 0.12317234667200516,
    "WCIG": 0.1126024172751497,
    "TOBAF": 0.10507650295159875,
    "VAPR": 0.08318841063191375,
    "SVAP": 0.0679301988274108
}