{
    "PM": 1.0,
    "PHPMF": 0.4435926815410259,
    "PHJMF": 0.29862391095247387,
    "MO": 0.2896072310775498,
    "IMBBF": 0.27798823006135365,
    "IMBBY": 0.27798823006135365,
    "SWMAF": 0.27364613955456596,
    "SWMAY": 0.27364613955456596,
    "TPB": 0.2589854898829219,
    "JAPAF": 0.2506806080581977,
    "JAPAY": 0.2506806080581977,
    "UVV": 0.24339326547350912,
    "VPRB": 0.22317989916880993,
    "VHUB": 0.21844084070197678,
    "PYYX": 0.20641754186808675,
    "VGR": 0.20386036531098223,
    "CHUC": 0.2005490446361538,
    "BTAFF": 0.19141237432722127,
    "BTI": 0.19141237432722127,
    "KAVL": 0.18322953422915525,
    "VPOR": 0.17584553535575326,
    "SMORF": 0.16357626906929268,
    "WSRRF": 0.1619785423324274,
    "ECGR": 0.1463826335097556,
    "SFIO": 0.14311620094967908,
    "RLX": 0.1422026885879379,
    "NHLE": 0.13959962606249762,
    "WCIG": 0.13792957076452905,
    "GGNPF": 0.13133119242933888,
    "TOBAF": 0.12909442166313384,
    "SVAP": 0.12634176374950487,
    "GMNI": 0.11752657465731634,
    "VAPR": 0.07954984198969693
}