{
    "ALIZF": 1.0000000000000002,
    "ALIZY": 1.0000000000000002,
    "AXAHF": 0.5500078841498831,
    "AXAHY": 0.5500078841498831,
    "AIG-PA": 0.5461252833244515,
    "AIG": 0.5461252833244515,
    "SLF": 0.5008760531154054,
    "SLFSF": 0.5008760531154054,
    "SUNFF": 0.5008760531154054,
    "NNGPF": 0.46767540393247814,
    "NNGRY": 0.46767540393247814,
    "PFG": 0.4562461246190817,
    "ACGL": 0.44585141855072136,
    "ACGLO": 0.44585141855072136,
    "ACGLP": 0.44585141855072136,
    "IAFNF": 0.4450968354366496,
    "BLHEF": 0.43997754803214645,
    "AIVAF": 0.4197605069829612,
    "AVVIY": 0.4197605069829612,
    "HIG": 0.4189395666654317,
    "MPFRF": 0.4133830094130713,
    "MPFRY": 0.4133830094130713,
    "AEG": 0.4118585930658607,
    "AEGOF": 0.4118585930658607,
    "EQH-PA": 0.41044723551289003,
    "EQH-PC": 0.41044723551289003,
    "EQH": 0.41044723551289003,
    "ANAT": 0.3984996091180286,
    "ZFSVF": 0.38342715664040555,
    "ZURVY": 0.38342715664040555,
    "AGESY": 0.37992946199757577,
    "SZLMY": 0.37814919322206664,
    "SGCFF": 0.37745814143027157,
    "BRK-A": 0.3698988942918198,
    "BRK-B": 0.3698988942918198,
    "ORI": 0.3610071130077278,
    "WTRE": 0.3582254190773856,
    "WTREP": 0.3582254190773856,
    "ARZGF": 0.35151335728488425,
    "ARZGY": 0.35151335728488425,
    "TPDKY": 0.35054788362098915,
    "VNRFY": 0.3086831090497652,
    "SAXPF": 0.29443757550537497,
    "SAXPY": 0.29443757550537497,
    "BBSEY": 0.2864690947529946,
    "DIISY": 0.27821324281056636,
    "ATH-PA": 0.26165795872440006,
    "ATH-PB": 0.26165795872440006,
    "ATH-PC": 0.26165795872440006,
    "ATH-PD": 0.26165795872440006,
    "ATH": 0.26165795872440006,
    "GJNSY": 0.25967524814578674,
    "ESGR": 0.2591776562004992,
    "ESGRO": 0.2591776562004992,
    "ESGRP": 0.2591776562004992,
    "WDH": 0.2439656163918608,
    "FGF": 0.241744996394936,
    "FGFPP": 0.241744996394936,
    "IGIC": 0.23769247052328102,
    "CWID": 0.1884709927830847,
    "GSHD": 0.18564743057824784,
    "SUND": 0.16124245777152418,
    "NDEV": 0.1472913198876314,
    "ADHG": 0.14716402479393964
}