{
    "BTGN": 1.0000000000000002,
    "CAGPF": 0.3154716180647471,
    "CURN": 0.29086372271925753,
    "BTSC": 0.2710356649174697,
    "BITCF": 0.23284997720973039,
    "ARBKF": 0.2022214374781936,
    "CCTL": 0.194308742666942,
    "BCII": 0.17720368112877694,
    "HYHDF": 0.1723870955913429,
    "NODC": 0.16720177983101123,
    "BBKCF": 0.16609266005662449,
    "GDET": 0.16524682791134,
    "BYSD": 0.16346931033894424,
    "BTCS": 0.16259060612199708,
    "IBKKF": 0.1623694096818764,
    "HYBOF": 0.16162644426782596,
    "CBTC": 0.15958181196536178,
    "FDCT": 0.14933809621899377,
    "HUTMF": 0.14480302109964435,
    "MGTI": 0.14304866433434713,
    "NPPTF": 0.14012483331786585,
    "BTCM": 0.1387410040772342,
    "BIDCF": 0.13632878855777272,
    "HVBTF": 0.13630476758140928,
    "BFCH": 0.1304890595431003,
    "BFARF": 0.12410465721198093,
    "AC": 0.12126123908619751,
    "BRPHF": 0.11859809183423217,
    "MARA": 0.11859342599554432,
    "XTPT": 0.11829333237549607,
    "CWRK": 0.11551381856172928,
    "GBCHF": 0.11395924238439815,
    "MFH": 0.11201961900809931,
    "GRNBF": 0.11120775817373219,
    "DBKSF": 0.11011086375299657,
    "BEGI": 0.10566935127550983,
    "DSECF": 0.1037522539347326,
    "DSEEY": 0.1037522539347326,
    "CIIHF": 0.1027055628621114,
    "CIIHY": 0.1027055628621114,
    "NMR": 0.10265722541368386,
    "NRSCF": 0.10265722541368386,
    "CNXS": 0.10222286482151748,
    "JMP": 0.1010446362793411,
    "MNXBY": 0.09852528527001586,
    "KHRIF": 0.0979210683686209,
    "BKLLF": 0.09732713563533833,
    "EZTD": 0.09673276661798086,
    "SIEB": 0.09670012235164666,
    "GMPW": 0.09473505662821287,
    "BZRD": 0.09235390907244258,
    "EQOS": 0.09205178953900246,
    "BLPFF": 0.09204517705167554,
    "UMFG": 0.09035190361655451,
    "SNEX": 0.08873324671059664,
    "MCQEF": 0.08847701005992205,
    "HAON": 0.088418209281623,
    "FLTDF": 0.08787578998013816,
    "TW": 0.08710717001504675,
    "MKTX": 0.08699048186688783,
    "RJF": 0.08620062820995751,
    "UCSO": 0.08595442776707514,
    "CNSRF": 0.08561534397585761,
    "COWN": 0.08517838263688772,
    "OPY": 0.0851124839283304,
    "IGGHY": 0.08499027235428558,
    "OZFRY": 0.08493164784431098,
    "LPLA": 0.08385328734894455,
    "SMURF": 0.08353683174338472,
    "BGCP": 0.08255280686674756,
    "CNICF": 0.08162394531779847,
    "MQBKY": 0.08006300779568565,
    "MS": 0.07810374295460838,
    "SF-PA": 0.07581499275283816,
    "SF-PB": 0.07581499275283816,
    "SF-PC": 0.07581499275283816,
    "SF": 0.07581499275283816,
    "TRAC": 0.07542719103084937,
    "KGRI": 0.07531376319798441,
    "HKIB": 0.0750043687348816,
    "CAPP": 0.07476140837189088,
    "EBML": 0.07463523314574572,
    "BKLIF": 0.07352385988845045,
    "FRHC": 0.07296106146699152,
    "XAUMF": 0.07252650976597952,
    "MC": 0.07162298847913195,
    "SRL": 0.07009095503895751,
    "MERR": 0.06976515141622826,
    "AMRK": 0.06940887109948433,
    "CPFH": 0.0683752199167235,
    "STGC": 0.068321236495587,
    "PIPR": 0.06650952669428907,
    "TIGR": 0.06539996014715556,
    "GMPXF": 0.06537498013597717,
    "PHIG": 0.06492589058214863,
    "PHIL": 0.06492589058214863,
    "ABGSF": 0.06490140174784524,
    "VIRT": 0.06485949933978369,
    "XP": 0.06456799573141431,
    "MAUSY": 0.06271525892750701,
    "MXLGF": 0.062285719526648346,
    "SCHW-PC": 0.06210914754315225,
    "SCHW-PD": 0.06210914754315225,
    "SCHW": 0.06210914754315225,
    "WSFL": 0.061956657767254245,
    "CBGPY": 0.061497533873926924,
    "SOHL": 0.06141308780153943,
    "IBKR": 0.06075416135546829,
    "NVES": 0.06025745520112851,
    "EVR": 0.0602432141571329,
    "AVFCF": 0.060198095756025416,
    "MNTR": 0.05939613593701046,
    "GHL": 0.058985982074342566,
    "FFTTF": 0.05868110568373599,
    "HLI": 0.05862857609832835,
    "PJT": 0.057253819751782356,
    "AAMTF": 0.057040618329948244,
    "VNTN": 0.056304355548260576,
    "GS-PD": 0.05613339434069421,
    "GS-PJ": 0.05613339434069421,
    "GS": 0.05613339434069421,
    "ITEX": 0.05576911636928811,
    "GBL": 0.05570832946692757,
    "TCAPF": 0.05524416842607586,
    "JRJC": 0.05508281808545506,
    "LTSA": 0.054646788029338624,
    "PIEJF": 0.05414974623874423,
    "DFIN": 0.05294125539863549,
    "COHN": 0.05268334385882373,
    "RDWD": 0.05254526387222931,
    "HUSN": 0.05223047898295433,
    "CIVX": 0.04970108839589744,
    "LAZ": 0.04891845586999546,
    "CRMZ": 0.0485238812929869,
    "WHG": 0.048406481231133856,
    "IFXY": 0.04830271714071292,
    "FOCS": 0.048267539295322966,
    "AEEX": 0.04799524079788086,
    "FUTU": 0.04761391176393248,
    "NHMAF": 0.04750109119943228,
    "ATCC": 0.04726798040264496,
    "HGBL": 0.04723021309522511,
    "PNPFF": 0.045877503235110785,
    "CCORF": 0.04575575158882464,
    "WDBG": 0.0455273391992674,
    "FNXLF": 0.044125275353565745,
    "OFSI": 0.0432524863725183,
    "FNDM": 0.041457688379646154,
    "IVTJF": 0.041155039462968585,
    "NTFL": 0.04113709610679757,
    "ATIF": 0.03877182917685069,
    "MGHL": 0.035966786979636775,
    "LFAP": 0.035940726649228746,
    "JMON": 0.03590638870153717,
    "HAFG": 0.028785722086450173,
    "FGCO": 0.027107442408665916,
    "CSOL": 0.026243457565883033,
    "SCE-PJ": 0.025962410902592135,
    "LEHNQ": 0.013531538071832152
}