{
    "CRMZ": 1.0,
    "VNTN": 0.2621336963635209,
    "SF-PA": 0.24547135507575393,
    "SF-PB": 0.24547135507575393,
    "SF-PC": 0.24547135507575393,
    "SF": 0.24547135507575393,
    "GS-PD": 0.23751234377278177,
    "GS-PJ": 0.23751234377278177,
    "GS": 0.23751234377278177,
    "DSECF": 0.2262884900124311,
    "DSEEY": 0.2262884900124311,
    "MS": 0.2234869689003299,
    "BGCP": 0.21797806350079363,
    "RJF": 0.2156285747867198,
    "SNEX": 0.213729089318163,
    "JRJC": 0.2097904097951739,
    "MCQEF": 0.20855027295192852,
    "JMP": 0.20768256316682512,
    "HLI": 0.20617639879292268,
    "MQBKY": 0.1999804514173884,
    "CIIHF": 0.19939442558904322,
    "CIIHY": 0.19939442558904322,
    "GHL": 0.19773848754155998,
    "COWN": 0.19770864989492917,
    "OPY": 0.1954439849642952,
    "PIPR": 0.19369164057207702,
    "TW": 0.1935872498839552,
    "NMR": 0.19071178259652036,
    "NRSCF": 0.19071178259652036,
    "AVFCF": 0.18199866004461346,
    "LTSA": 0.1791134605059721,
    "HKIB": 0.17817625784547675,
    "MGHL": 0.17601418304789243,
    "AAMTF": 0.17457392670580582,
    "LPLA": 0.17371913582754553,
    "XP": 0.17342867003432053,
    "CNICF": 0.17177764995367628,
    "BRPHF": 0.1717164415662948,
    "XAUMF": 0.17136960550462013,
    "WSFL": 0.16934254596884438,
    "SIEB": 0.1691068364405463,
    "AMRK": 0.1649816502111041,
    "GRNBF": 0.16478753923888353,
    "MERR": 0.16447334312884634,
    "FNDM": 0.16169526843634924,
    "PJT": 0.1597987103297799,
    "VIRT": 0.1576524235524283,
    "CPFH": 0.15764753160861789,
    "SCHW-PC": 0.15759052144375435,
    "SCHW-PD": 0.15759052144375435,
    "SCHW": 0.15759052144375435,
    "CBGPY": 0.1572558331641542,
    "MC": 0.15701915169918704,
    "FRHC": 0.15319759081002535,
    "FUTU": 0.15257416983110075,
    "SOHL": 0.15229799323939228,
    "NVES": 0.15053417487752693,
    "ABGSF": 0.15015281119971266,
    "LAZ": 0.14948545366004126,
    "DFIN": 0.1484128788269748,
    "IVTJF": 0.14680932917564468,
    "EVR": 0.14677772770245723,
    "BIDCF": 0.14660398967915816,
    "IGGHY": 0.14410151988341108,
    "HUSN": 0.14385061529192775,
    "CWRK": 0.1401092764998327,
    "PIEJF": 0.13797019003127212,
    "TCAPF": 0.13786143872196277,
    "FLTDF": 0.1374236305314938,
    "IBKR": 0.13637684335718153,
    "MNXBY": 0.13617903289093847,
    "RDWD": 0.13493388907627035,
    "GMPXF": 0.13434068729621992,
    "EQOS": 0.13397159661266317,
    "AEEX": 0.13353454704791806,
    "TRAC": 0.13248809577723875,
    "NTFL": 0.13245377513435305,
    "MKTX": 0.13084839138855683,
    "GBL": 0.12906118242562223,
    "MAUSY": 0.12768012290719286,
    "FOCS": 0.1273402409992799,
    "OZFRY": 0.12499243726918953,
    "MNTR": 0.12246409770990793,
    "BTSC": 0.12228230767229467,
    "KGRI": 0.12136090253400604,
    "TIGR": 0.12119921481459382,
    "BTCM": 0.12073709128874571,
    "CURN": 0.11843418431835673,
    "CIVX": 0.11731312724794914,
    "CAPP": 0.11726986724896324,
    "AC": 0.11569417056102996,
    "SMURF": 0.11423987855906462,
    "MFH": 0.11388807197891644,
    "GMPW": 0.11387178459942643,
    "HGBL": 0.11353048068833577,
    "NODC": 0.11208830793988153,
    "BFARF": 0.109522164118347,
    "HAON": 0.1073992204989801,
    "IBKKF": 0.10737506468224842,
    "OFSI": 0.1069086500821248,
    "COHN": 0.1059835095052677,
    "PHIG": 0.10414471201841702,
    "PHIL": 0.10414471201841702,
    "IFXY": 0.10375037381642108,
    "ITEX": 0.10313580249744556,
    "CCTL": 0.1028587355369314,
    "CNSRF": 0.09971515174526902,
    "BBKCF": 0.0986975286687781,
    "WHG": 0.09859281800931415,
    "BYSD": 0.09681885422571437,
    "KHRIF": 0.09670272253545908,
    "UCSO": 0.09670186636151225,
    "FDCT": 0.09583554025887009,
    "FNXLF": 0.09359656062336198,
    "BEGI": 0.0934251391051704,
    "MGTI": 0.0933265694832471,
    "BCII": 0.09251565359924631,
    "HYHDF": 0.08954955799049383,
    "DBKSF": 0.08895040114368236,
    "SRL": 0.08837681375846967,
    "PNPFF": 0.08683022191888613,
    "GBCHF": 0.08627190774291522,
    "HVBTF": 0.08567537040593659,
    "BTCS": 0.08475883179580095,
    "CSOL": 0.08468352448858744,
    "EZTD": 0.08327663618788493,
    "UMFG": 0.08048286351092557,
    "XTPT": 0.07940461519430629,
    "BLPFF": 0.07931757003545033,
    "ATIF": 0.07919467165717956,
    "BITCF": 0.07879390017246486,
    "NHMAF": 0.07840465802851725,
    "FFTTF": 0.07777690553320296,
    "MARA": 0.07701399130372419,
    "BKLIF": 0.07660620444637989,
    "GDET": 0.07541590012414377,
    "ATCC": 0.07501653091923503,
    "CAGPF": 0.07493774324730441,
    "BKLLF": 0.07147951537715376,
    "HAFG": 0.07129539542363508,
    "LFAP": 0.0704670370978165,
    "CCORF": 0.06936710838821986,
    "WDBG": 0.0688038704648948,
    "BFCH": 0.06646508541611826,
    "HYBOF": 0.06473701091411911,
    "ARBKF": 0.06266565259025021,
    "CBTC": 0.06103344356867146,
    "MXLGF": 0.05888680280083375,
    "CNXS": 0.05883153052592799,
    "EBML": 0.057568093791448643,
    "BZRD": 0.055506032987410484,
    "HUTMF": 0.0541406864607805,
    "NPPTF": 0.04945492068365713,
    "SCE-PJ": 0.048900899368439485,
    "BTGN": 0.0485238812929869,
    "JMON": 0.04713834505414727,
    "STGC": 0.046366325168570054,
    "LEHNQ": 0.028999852836379812,
    "FGCO": 0.025153522425078123
}