{
    "FNXLF": 0.9999999999999996,
    "MS": 0.19925633535438644,
    "LAZ": 0.19600101102635537,
    "IBKR": 0.18609772799431545,
    "COWN": 0.18479039217925278,
    "SNEX": 0.18438982346552818,
    "SF-PA": 0.16531758586523398,
    "SF-PB": 0.16531758586523398,
    "SF-PC": 0.16531758586523398,
    "SF": 0.16531758586523398,
    "JRJC": 0.16063627363601474,
    "CURN": 0.16038747857902336,
    "CIIHF": 0.15856308149459966,
    "CIIHY": 0.15856308149459966,
    "SIEB": 0.15669068533321606,
    "MC": 0.15531576420308413,
    "NTFL": 0.15373852175554653,
    "DSECF": 0.15191447299352806,
    "DSEEY": 0.15191447299352806,
    "TW": 0.1495038624606061,
    "SOHL": 0.14824170111296026,
    "OPY": 0.14789174187259999,
    "EQOS": 0.14383576139457704,
    "BRPHF": 0.1437955475173354,
    "CAPP": 0.1431804092629435,
    "FLTDF": 0.1427481417010766,
    "SCHW-PC": 0.1424822905204766,
    "SCHW-PD": 0.1424822905204766,
    "SCHW": 0.1424822905204766,
    "CBGPY": 0.14165135401868018,
    "NMR": 0.1403910172988857,
    "NRSCF": 0.1403910172988857,
    "MKTX": 0.1385384681463694,
    "HLI": 0.13836714290328708,
    "BGCP": 0.13763882178585246,
    "FOCS": 0.13607279148379067,
    "VIRT": 0.13606530200188763,
    "PJT": 0.13523568085896542,
    "WSFL": 0.13347547491853307,
    "GHL": 0.13023571591885152,
    "GS-PD": 0.12776001718102428,
    "GS-PJ": 0.12776001718102428,
    "GS": 0.12776001718102428,
    "KGRI": 0.12715279620101755,
    "MCQEF": 0.12693554922117656,
    "JMP": 0.1257991508508696,
    "RJF": 0.12544108160627127,
    "XP": 0.12540472652016288,
    "FNDM": 0.12498164567003735,
    "ABGSF": 0.12412260847611914,
    "MQBKY": 0.12193618015158447,
    "EVR": 0.11899149763886993,
    "IGGHY": 0.11807720034672145,
    "PNPFF": 0.11704805427920964,
    "HUSN": 0.11696929812208527,
    "GBL": 0.11667626558613796,
    "LPLA": 0.11658549214443026,
    "VNTN": 0.11601099999998643,
    "TCAPF": 0.11560301720117648,
    "CPFH": 0.1130343661934093,
    "BFARF": 0.11242448378823863,
    "HVBTF": 0.1109788575495115,
    "AMRK": 0.1100898129333665,
    "CCTL": 0.1089016036008058,
    "AC": 0.10803142616346914,
    "CAGPF": 0.1074838252104285,
    "COHN": 0.10622717654089271,
    "CNICF": 0.10501559965632092,
    "LTSA": 0.10427028233697871,
    "MAUSY": 0.1035629319835566,
    "STGC": 0.1034059618571238,
    "PIPR": 0.10196196618711921,
    "MNXBY": 0.10048657891055496,
    "AAMTF": 0.09977208225333403,
    "AVFCF": 0.09919472619117468,
    "GMPXF": 0.09803988692360471,
    "HAFG": 0.09770010350210734,
    "SRL": 0.0973314691442789,
    "HKIB": 0.09534302992182374,
    "IVTJF": 0.09415751784534822,
    "CRMZ": 0.09359656062336198,
    "MGHL": 0.09357182147973717,
    "FRHC": 0.0934583839789369,
    "TIGR": 0.09272409735165682,
    "FFTTF": 0.09115830588108662,
    "FUTU": 0.09113015291366201,
    "RDWD": 0.09070645839842284,
    "NODC": 0.08890736922827061,
    "BYSD": 0.08872447715332758,
    "BBKCF": 0.08855736359241206,
    "GMPW": 0.08839021311768212,
    "UMFG": 0.08837056743917679,
    "AEEX": 0.0872685665280908,
    "BITCF": 0.08621422149631634,
    "MERR": 0.08482680896293229,
    "IFXY": 0.08302451244391469,
    "PIEJF": 0.08286173929300018,
    "BIDCF": 0.08251244527033101,
    "BTSC": 0.0824973102501024,
    "EZTD": 0.08037227024626328,
    "IBKKF": 0.07729952580694878,
    "GRNBF": 0.07682613540154774,
    "MNTR": 0.07454356855824665,
    "TRAC": 0.07391681089789977,
    "CNSRF": 0.07357318565426718,
    "DFIN": 0.07353667383432023,
    "CCORF": 0.0731610384110814,
    "CIVX": 0.0712773589070827,
    "BCII": 0.07070479986368162,
    "OZFRY": 0.0704438223550968,
    "MGTI": 0.0700134547736549,
    "XAUMF": 0.06991410924977728,
    "WHG": 0.06909930750787507,
    "FDCT": 0.06861173470148421,
    "OFSI": 0.0681437672800723,
    "KHRIF": 0.06517298891847888,
    "MFH": 0.06481972069822961,
    "ARBKF": 0.0640600720193818,
    "DBKSF": 0.06320392702798505,
    "BKLIF": 0.06212792623486362,
    "HUTMF": 0.06166787654656417,
    "HAON": 0.06092982853835965,
    "BKLLF": 0.060161501775454145,
    "NVES": 0.059417235037002955,
    "ITEX": 0.059122524046407984,
    "SMURF": 0.05903207490919088,
    "PHIG": 0.05826866569515461,
    "PHIL": 0.05826866569515461,
    "BTCS": 0.05732508688714563,
    "BEGI": 0.05701597582942349,
    "HGBL": 0.05677245822360244,
    "BTCM": 0.055598312468558564,
    "ATIF": 0.055339966790420775,
    "XTPT": 0.055309693475198936,
    "GDET": 0.054860464254485,
    "LFAP": 0.05475739950622017,
    "CWRK": 0.054573854268642454,
    "HYHDF": 0.05397467131611328,
    "MARA": 0.05336664943357714,
    "CNXS": 0.05328193771537391,
    "BLPFF": 0.05316858316422656,
    "WDBG": 0.05212113178672821,
    "HYBOF": 0.050002303204660405,
    "ATCC": 0.049299982622984254,
    "UCSO": 0.04880305870849358,
    "BFCH": 0.048470291400954504,
    "JMON": 0.04727644648476068,
    "GBCHF": 0.0468285270652007,
    "NPPTF": 0.04545597922930018,
    "BTGN": 0.044125275353565745,
    "MXLGF": 0.04310643609554278,
    "EBML": 0.04297934602844422,
    "CBTC": 0.040658685656799705,
    "NHMAF": 0.040447922208898805,
    "BZRD": 0.04036401147345335,
    "CSOL": 0.03688932695145624,
    "SCE-PJ": 0.033399037716697694,
    "FGCO": 0.027221909649336663,
    "LEHNQ": 0.007857063278141122
}