{
    "HGBL": 1.0000000000000002,
    "SNEX": 0.21206105906409747,
    "HAON": 0.20184749308309757,
    "GS-PD": 0.1995612180405723,
    "GS-PJ": 0.1995612180405723,
    "GS": 0.1995612180405723,
    "SF-PA": 0.19758365222391502,
    "SF-PB": 0.19758365222391502,
    "SF-PC": 0.19758365222391502,
    "SF": 0.19758365222391502,
    "MS": 0.18930069940573324,
    "BRPHF": 0.18578836522989453,
    "CIIHF": 0.18465836841219838,
    "CIIHY": 0.18465836841219838,
    "MCQEF": 0.18401550928889415,
    "GHL": 0.1810602342902667,
    "JMP": 0.1806366466250841,
    "MERR": 0.18003309672969786,
    "OPY": 0.17692064269156205,
    "HLI": 0.1710722170113406,
    "DSECF": 0.1705052075272398,
    "DSEEY": 0.1705052075272398,
    "CBGPY": 0.16862402589095563,
    "MQBKY": 0.16709766818607888,
    "COWN": 0.1658978070645623,
    "LPLA": 0.16293835820702945,
    "NMR": 0.16243581696766787,
    "NRSCF": 0.16243581696766787,
    "CPFH": 0.16061381611931205,
    "LTSA": 0.15918909363706799,
    "RJF": 0.15896368211465986,
    "EVR": 0.1576176932505698,
    "PIPR": 0.15579898996905178,
    "HUSN": 0.1553722103079446,
    "UCSO": 0.1546556297483038,
    "BCII": 0.15176674409260663,
    "NODC": 0.15081680999698505,
    "FRHC": 0.1506511690874566,
    "PHIG": 0.15007630268071662,
    "PHIL": 0.15007630268071662,
    "GMPXF": 0.1498556686966399,
    "HKIB": 0.1480799676646081,
    "PJT": 0.14763994396205812,
    "SIEB": 0.14603244678127686,
    "AMRK": 0.1448424600446455,
    "XAUMF": 0.14455006429548556,
    "CNICF": 0.14196201716649096,
    "SCHW-PC": 0.14052093308739283,
    "SCHW-PD": 0.14052093308739283,
    "SCHW": 0.14052093308739283,
    "WSFL": 0.13960708403563535,
    "BGCP": 0.13934262411787557,
    "MC": 0.1389534122106902,
    "CWRK": 0.1380252498792851,
    "AAMTF": 0.13757174576489048,
    "ATCC": 0.13608524549386422,
    "BTCS": 0.1352784366433418,
    "GMPW": 0.13431110354632075,
    "XP": 0.1331683839601398,
    "NVES": 0.1326278024944937,
    "CCTL": 0.13173803660949593,
    "VIRT": 0.1307934153965985,
    "EQOS": 0.12868281802047843,
    "BTSC": 0.1276007871193347,
    "PIEJF": 0.12729691638096477,
    "ABGSF": 0.12678611410381546,
    "LAZ": 0.12621065416809407,
    "SOHL": 0.12616602793071258,
    "MKTX": 0.12495491328704925,
    "VNTN": 0.12469117264766084,
    "MNXBY": 0.12424867482046291,
    "RDWD": 0.12379983861713903,
    "JRJC": 0.12369239991074545,
    "FOCS": 0.12323205112993714,
    "AC": 0.1228869636052185,
    "KHRIF": 0.12273806161868427,
    "KGRI": 0.1224717217251262,
    "MFH": 0.1219650431296158,
    "GRNBF": 0.12193795099741897,
    "TW": 0.11924287808239012,
    "BKLLF": 0.11865012577172049,
    "CNSRF": 0.1173195090147668,
    "MARA": 0.11684473100966716,
    "FUTU": 0.11621308169160074,
    "SRL": 0.1158249221274433,
    "GBCHF": 0.11559322769716396,
    "IBKKF": 0.11533998121302633,
    "AVFCF": 0.1144455136323875,
    "MGHL": 0.11435712016497107,
    "BBKCF": 0.11385936899720789,
    "TCAPF": 0.11356377784921133,
    "CRMZ": 0.11353048068833577,
    "IVTJF": 0.11345669060839221,
    "IGGHY": 0.1128031452346728,
    "BLPFF": 0.11073975781918446,
    "GBL": 0.1106405412622214,
    "IBKR": 0.10988754151400544,
    "BFCH": 0.10984008682562553,
    "UMFG": 0.10899494562187703,
    "CSOL": 0.10855406716435244,
    "NTFL": 0.10854654717406083,
    "WHG": 0.10574690346957004,
    "COHN": 0.10396692154621884,
    "TIGR": 0.10240290305451596,
    "ATIF": 0.10175695725966406,
    "BIDCF": 0.10101869350661206,
    "AEEX": 0.10072469050339597,
    "HYHDF": 0.10054710167912786,
    "EZTD": 0.10001446408440649,
    "CAPP": 0.09980892557863237,
    "BEGI": 0.09952385897864682,
    "BYSD": 0.09908735767010768,
    "DFIN": 0.09875278304606214,
    "IFXY": 0.09855014940799778,
    "MAUSY": 0.09759210325940955,
    "SMURF": 0.09590218590478868,
    "DBKSF": 0.09576630897653302,
    "HUTMF": 0.09540015256324477,
    "FNDM": 0.09515523969013416,
    "LFAP": 0.09375785860764393,
    "CBTC": 0.09368673540963518,
    "FLTDF": 0.0917889884573993,
    "TRAC": 0.09136150351867493,
    "BITCF": 0.09081987942553849,
    "BFARF": 0.09072209665917472,
    "FDCT": 0.09003647710243672,
    "JMON": 0.08880145245009893,
    "CAGPF": 0.08812479676385503,
    "HVBTF": 0.08800941658741766,
    "ARBKF": 0.08768794053539446,
    "CURN": 0.08669836376043909,
    "OFSI": 0.08523568132142723,
    "GDET": 0.08354952368498442,
    "BTCM": 0.08313953784870884,
    "NHMAF": 0.0827211152523657,
    "MNTR": 0.08088458493992295,
    "MGTI": 0.07957601873711365,
    "FFTTF": 0.07938194300192356,
    "OZFRY": 0.07809473481972655,
    "MXLGF": 0.07745120544832172,
    "PNPFF": 0.07695687564671866,
    "HAFG": 0.0761683749786871,
    "EBML": 0.07528396628274286,
    "CCORF": 0.0716613183867867,
    "ITEX": 0.0697700145398934,
    "BZRD": 0.0693932136769718,
    "HYBOF": 0.06891299437358629,
    "BKLIF": 0.06736798275257355,
    "CNXS": 0.06666841276688422,
    "XTPT": 0.06550073923032698,
    "CIVX": 0.06425360157413294,
    "STGC": 0.06085881406934539,
    "WDBG": 0.060457955368357325,
    "SCE-PJ": 0.0580380977387374,
    "FNXLF": 0.05677245822360244,
    "NPPTF": 0.04880580496783167,
    "BTGN": 0.04723021309522511,
    "LEHNQ": 0.03113761692833875,
    "FGCO": 0.028637300364655015
}