{
    "HKIB": 1.0,
    "CIIHF": 0.39303820358342373,
    "CIIHY": 0.39303820358342373,
    "JMP": 0.36492195349959183,
    "COWN": 0.3608235883488761,
    "GS-PD": 0.35707967131501345,
    "GS-PJ": 0.35707967131501345,
    "GS": 0.35707967131501345,
    "DSECF": 0.3551493333956412,
    "DSEEY": 0.3551493333956412,
    "CNICF": 0.34982482392965175,
    "SF-PA": 0.3395591632156974,
    "SF-PB": 0.3395591632156974,
    "SF-PC": 0.3395591632156974,
    "SF": 0.3395591632156974,
    "MS": 0.3288375450384155,
    "EVR": 0.32015988064875317,
    "JRJC": 0.31528199140398416,
    "LTSA": 0.3087533594089034,
    "RJF": 0.30827296794041437,
    "OPY": 0.3037222777956057,
    "MERR": 0.3022357126017049,
    "AEEX": 0.3001611258219781,
    "FRHC": 0.2892093123127488,
    "ABGSF": 0.2879497253527111,
    "NMR": 0.2842646262548263,
    "NRSCF": 0.2842646262548263,
    "MCQEF": 0.27791877093451056,
    "PIPR": 0.2737663037699377,
    "GHL": 0.26967845763908144,
    "AC": 0.2686482406295239,
    "MC": 0.2608203283613173,
    "EQOS": 0.2559322956640545,
    "PJT": 0.2527480738764765,
    "PIEJF": 0.2527386896531869,
    "CPFH": 0.252637646727522,
    "RDWD": 0.24611417200831492,
    "SOHL": 0.24544089325002474,
    "XP": 0.24532580190766498,
    "IVTJF": 0.24526834677809675,
    "WSFL": 0.24484323873082145,
    "HLI": 0.24470157785745794,
    "MQBKY": 0.24230452424287596,
    "SNEX": 0.24211447060413596,
    "LAZ": 0.24164442085895832,
    "FUTU": 0.23948328834821905,
    "SCHW-PC": 0.23661880986899103,
    "SCHW-PD": 0.23661880986899103,
    "SCHW": 0.23661880986899103,
    "CBGPY": 0.23425820982024934,
    "BRPHF": 0.2334298708528281,
    "LPLA": 0.22777195686143015,
    "OZFRY": 0.22724507061913285,
    "GMPXF": 0.21800206947593387,
    "HUSN": 0.21395390976837625,
    "CNSRF": 0.2129209850497555,
    "TIGR": 0.21291148995867457,
    "AAMTF": 0.20939526132403685,
    "MNXBY": 0.20932544255291585,
    "SIEB": 0.20269151523666015,
    "TW": 0.20042426170879926,
    "BGCP": 0.20040129774319473,
    "FOCS": 0.1991976271669878,
    "GBL": 0.19916084320220023,
    "MAUSY": 0.19858442893108919,
    "CURN": 0.19379489784991705,
    "WDBG": 0.19336694826956788,
    "WHG": 0.18863455407871546,
    "EBML": 0.18604603734778857,
    "PHIG": 0.1829161906656534,
    "PHIL": 0.1829161906656534,
    "AMRK": 0.18028366031089407,
    "VNTN": 0.1800853500130203,
    "CRMZ": 0.17817625784547675,
    "MKTX": 0.1780895819314613,
    "AVFCF": 0.17294890264737037,
    "COHN": 0.17278819299495707,
    "CCORF": 0.17117413808032292,
    "XAUMF": 0.16956078726810414,
    "NVES": 0.16806719134879905,
    "BEGI": 0.16344568981651392,
    "MFH": 0.16190509034499853,
    "IGGHY": 0.15950118920550133,
    "FNDM": 0.15805629666019316,
    "GRNBF": 0.15696707605591892,
    "BCII": 0.15549526180442483,
    "VIRT": 0.15364129319403305,
    "MGHL": 0.15294724002173554,
    "IBKR": 0.15235256455546994,
    "KGRI": 0.15196982939183268,
    "NODC": 0.1508008648045279,
    "BTSC": 0.149143494654604,
    "NTFL": 0.1488838276216198,
    "SRL": 0.1488473632099958,
    "HGBL": 0.1480799676646081,
    "ATIF": 0.14718170299817696,
    "DFIN": 0.14699851578894993,
    "CCTL": 0.14697365045205069,
    "CWRK": 0.1464775913300969,
    "OFSI": 0.1455619716896854,
    "BIDCF": 0.1444721300616254,
    "CAPP": 0.14373755693340864,
    "HAON": 0.13988796325977174,
    "TCAPF": 0.13716366503949495,
    "BFARF": 0.13444567609445915,
    "BKLLF": 0.1328238947678028,
    "GMPW": 0.13183402065429686,
    "KHRIF": 0.13114738582079485,
    "IBKKF": 0.13074455666733273,
    "IFXY": 0.1301910082306567,
    "FLTDF": 0.12899500088339075,
    "UCSO": 0.12829858536210034,
    "BTCM": 0.12728746607744998,
    "MGTI": 0.12719161551886649,
    "BBKCF": 0.12625985517641045,
    "HYHDF": 0.12462840111178505,
    "GBCHF": 0.12298083388082874,
    "UMFG": 0.11752229985190507,
    "EZTD": 0.11729175680133962,
    "ARBKF": 0.11528988044216214,
    "BFCH": 0.11431072321942219,
    "CIVX": 0.1141632892105443,
    "FDCT": 0.11222588092259954,
    "MARA": 0.1115363298780956,
    "NHMAF": 0.11152189187343466,
    "BLPFF": 0.11102354236469074,
    "TRAC": 0.11096680415273633,
    "DBKSF": 0.10983116909271183,
    "ITEX": 0.10960840856629238,
    "MNTR": 0.10774768532424818,
    "BTCS": 0.10728451299169556,
    "ATCC": 0.1067887443461231,
    "PNPFF": 0.10474739471927963,
    "CSOL": 0.10370955833709472,
    "HVBTF": 0.10221690856763138,
    "GDET": 0.10078546163514931,
    "BYSD": 0.09976068350567106,
    "SMURF": 0.09868006799195708,
    "FFTTF": 0.0986347967805724,
    "CBTC": 0.09849347337520642,
    "LFAP": 0.09660870142520456,
    "FNXLF": 0.09534302992182374,
    "BITCF": 0.09373924006218297,
    "HAFG": 0.09247215729447694,
    "CAGPF": 0.09208932004039534,
    "BKLIF": 0.08882993666467895,
    "XTPT": 0.08789365699342114,
    "JMON": 0.08314826197997227,
    "HUTMF": 0.08273212679642367,
    "BZRD": 0.08014976984990617,
    "MXLGF": 0.07783849647636715,
    "CNXS": 0.0762004104501857,
    "BTGN": 0.0750043687348816,
    "HYBOF": 0.07440210764495739,
    "NPPTF": 0.06460096606426102,
    "SCE-PJ": 0.06296319456510652,
    "STGC": 0.06136634718732112,
    "FGCO": 0.04130531398510051,
    "LEHNQ": 0.03980753928477035
}