{
    "IHSI": 0.9999999999999998,
    "WONEF": 0.2701698973036517,
    "VIAAY": 0.23259496983506364,
    "FRRVF": 0.2303725823233408,
    "FRRVY": 0.2303725823233408,
    "ATASF": 0.22328761951696366,
    "ATASY": 0.22328761951696366,
    "ACA": 0.21477926431167754,
    "SEXHF": 0.17779686684686136,
    "TVOG": 0.15325947204711854,
    "TAVHY": 0.1484988103588969,
    "JEXYF": 0.13747961919880855,
    "JEXYY": 0.13747961919880855,
    "AUHEF": 0.1299467762751439,
    "ZHEXF": 0.1291327995807564,
    "TRAUF": 0.10256119323659907,
    "MAQAF": 0.10166274207805875,
    "SIHBY": 0.08822284770622886
}