{
    "MAQAF": 0.9999999999999998,
    "TRAUF": 0.27618750224687316,
    "JEXYF": 0.19767317224749423,
    "JEXYY": 0.19767317224749423,
    "SEXHF": 0.17671380796121455,
    "ATASF": 0.16145170232403677,
    "ATASY": 0.16145170232403677,
    "FRRVF": 0.15797278179802537,
    "FRRVY": 0.15797278179802537,
    "WONEF": 0.15474472531591987,
    "AUHEF": 0.13180113545872274,
    "ZHEXF": 0.12923698528681946,
    "TVOG": 0.12391645953515905,
    "TAVHY": 0.11744925033920452,
    "VIAAY": 0.11441738821467236,
    "SIHBY": 0.11322212193417411,
    "ACA": 0.10261087812347038,
    "IHSI": 0.10166274207805875
}