{
    "AG": 1.0,
    "SZSMF": 0.3983184115879905,
    "DOLLF": 0.3949088338972456,
    "EXK": 0.3885125708733331,
    "RSNVF": 0.3825606414359711,
    "DSVSF": 0.3707551435957066,
    "KLSVF": 0.36840789066101576,
    "AZASF": 0.3606773933621112,
    "KOOYF": 0.36036497202121776,
    "ZCTSF": 0.3362508615639056,
    "MAG": 0.32962492446043656,
    "SLVRF": 0.3242816890514969,
    "KUYAF": 0.3228887030082063,
    "MISVF": 0.32242458863423196,
    "ISLV": 0.31832150356853883,
    "SVBRF": 0.3041066299890141,
    "ISVLF": 0.2968312312992451,
    "FSM": 0.28361142961205926,
    "SLVMF": 0.2538499781817064,
    "AUNFF": 0.25202523114752745,
    "SVROF": 0.24803524723234174,
    "PAAS": 0.2355913092124402,
    "SVM": 0.22939579510690103,
    "CHMN": 0.18536801987859117,
    "ASLM": 0.1364602711771417,
    "VINS": 0.13430652337604818,
    "SBUM": 0.12556510169815555
}