{
    "KLSVF": 1.0000000000000004,
    "MAG": 0.4524411800211572,
    "DOLLF": 0.409984773547179,
    "ZCTSF": 0.394311346388329,
    "ISVLF": 0.38327940321453546,
    "AZASF": 0.3800214924101166,
    "EXK": 0.37946045007487306,
    "DSVSF": 0.3757566723681771,
    "SZSMF": 0.36911084229870617,
    "AG": 0.36840789066101576,
    "MISVF": 0.3613773171754596,
    "SVBRF": 0.3544838780023707,
    "SVROF": 0.33765384195771825,
    "SLVMF": 0.3369196970942747,
    "ISLV": 0.3349097844276939,
    "KOOYF": 0.33144760189679123,
    "SLVRF": 0.3195709808803046,
    "AUNFF": 0.29312209505933146,
    "SVM": 0.2922840635803004,
    "RSNVF": 0.28157078682962217,
    "CHMN": 0.2695569449376696,
    "FSM": 0.2689440068751337,
    "PAAS": 0.23445491496282103,
    "KUYAF": 0.23399037138170703,
    "VINS": 0.16195580383023728,
    "ASLM": 0.15119802482230404,
    "SBUM": 0.11814087743101483
}