{
    "BTLN": 1.0,
    "HHC": 0.1454377843258247,
    "STRS": 0.1407036364913269,
    "IDVV": 0.13058913465672106,
    "BRER": 0.12348281717528724,
    "CWNR": 0.11192043400153455,
    "MNPP": 0.11146481812007863,
    "GDVTZ": 0.09829992237594846,
    "JOE": 0.09212890820847534,
    "MTSFF": 0.08528628152715853,
    "MTSFY": 0.08528628152715853,
    "FSRPF": 0.08519454582166713,
    "NEN": 0.08436360268658205,
    "ZDPY": 0.08147016972286912,
    "MITEF": 0.07992514679040005,
    "MITEY": 0.07992514679040005,
    "UILCF": 0.07356182554215855,
    "SPHXF": 0.07175889573781599,
    "SNLKF": 0.07102541601320926,
    "TPHS": 0.06980907818672723,
    "FTPM": 0.06974173483795931,
    "LAACZ": 0.06354993568128299,
    "LLESF": 0.059022776485435295,
    "LLESY": 0.059022776485435295,
    "NDVLY": 0.05889503958797257,
    "NWWDF": 0.05889503958797257,
    "ECDP": 0.05872881080295557,
    "TTUUF": 0.058265308908659844,
    "GZTGF": 0.056858744863679714,
    "PSPSF": 0.05420374961484078,
    "PLFF": 0.05195556811824008,
    "HGPI": 0.050473261866572694,
    "CBYI": 0.04971124854306777,
    "HNLGF": 0.04871285809109364,
    "HNLGY": 0.04871285809109364,
    "DIFTY": 0.0484470964942636,
    "DITTF": 0.0484470964942636,
    "PCLI": 0.04835746893693703,
    "DDCCF": 0.04801572562558076,
    "HOOB": 0.047185000761638174,
    "VINO": 0.044086474213466925,
    "VESTF": 0.04115989027980432,
    "CHCI": 0.040611584999739644,
    "NIHK": 0.030723551345680798,
    "YRIV": 0.030666750594119992,
    "LCOMF": 0.029325790262647308
}