{
    "GDVTZ": 1.0000000000000004,
    "MNPP": 0.36861936652829014,
    "MTSFF": 0.34725676230912783,
    "MTSFY": 0.34725676230912783,
    "MITEF": 0.32150064250838345,
    "MITEY": 0.32150064250838345,
    "NDVLY": 0.32112417897445084,
    "NWWDF": 0.32112417897445084,
    "STRS": 0.3155555503888108,
    "NEN": 0.3138460733696554,
    "UILCF": 0.30886298758080805,
    "BRER": 0.2812543521511747,
    "PSPSF": 0.28015733923367536,
    "TTUUF": 0.2796306209681495,
    "SNLKF": 0.278718105710135,
    "HHC": 0.27682655797089334,
    "JOE": 0.26674429349672446,
    "SPHXF": 0.2594834482839979,
    "LLESF": 0.2587296995398155,
    "LLESY": 0.2587296995398155,
    "CHCI": 0.2547828072253569,
    "ZDPY": 0.24763844963983372,
    "DDCCF": 0.24524522887514655,
    "DIFTY": 0.23785825168015604,
    "DITTF": 0.23785825168015604,
    "PLFF": 0.22881645255855115,
    "FTPM": 0.2219842036087126,
    "TPHS": 0.22148306056699107,
    "FSRPF": 0.21767248413179308,
    "GZTGF": 0.20749999564129404,
    "HNLGF": 0.20745247653334054,
    "HNLGY": 0.20745247653334054,
    "HOOB": 0.19589281948805087,
    "LAACZ": 0.18694826686044425,
    "NIHK": 0.17622333389256156,
    "VINO": 0.1727844611917624,
    "VESTF": 0.17086253600178425,
    "HGPI": 0.16974254906147282,
    "ECDP": 0.16074430489615782,
    "CWNR": 0.15210467248899603,
    "CBYI": 0.149118112841122,
    "IDVV": 0.12308941204712709,
    "YRIV": 0.10899128496364933,
    "PCLI": 0.10065368812681598,
    "LCOMF": 0.09912494476523565,
    "BTLN": 0.09829992237594846
}