{
    "ANMP": 1.0,
    "ARC": 0.3021005619242639,
    "GPN": 0.3018514333332446,
    "CTAGF": 0.2712928443268991,
    "CTAGY": 0.2712928443268991,
    "TGTNF": 0.26516280460523073,
    "DSS": 0.2593876275597664,
    "CLNFF": 0.25179422337909235,
    "DLHC": 0.24480160927914088,
    "PAE": 0.22495591446352578,
    "SCGPY": 0.22004979957386606,
    "SECCF": 0.22004979957386606,
    "RRD": 0.21487157691189887,
    "MMS": 0.2130390964378422,
    "DGPIF": 0.21007373685291722,
    "ALJJ": 0.20952550454082405,
    "ATTO": 0.20583479288912362,
    "IWGFF": 0.2038283770362781,
    "DELRF": 0.19414967019215687,
    "DLUEY": 0.19414967019215687,
    "SDXAY": 0.1938219133070285,
    "SDXOF": 0.1938219133070285,
    "VVI": 0.19170989169516844,
    "PPMT": 0.19120300751190195,
    "ABM": 0.18960249495668777,
    "JCDS": 0.18885205317194145,
    "ZUUS": 0.18686498768032458,
    "CBZ": 0.18286906976084172,
    "ISVJF": 0.18154216567263265,
    "MITFY": 0.1803321717109604,
    "PFSW": 0.17824291678109705,
    "WNS": 0.1749210653756825,
    "RKLIF": 0.17220427470561747,
    "RTOKY": 0.17220427470561747,
    "OGNT": 0.17180850097370565,
    "ISSDY": 0.17104702009471967,
    "TCLAF": 0.17004827925225804,
    "QUAD": 0.16820681014994973,
    "SVPLF": 0.16760305453621668,
    "PIFR": 0.16587944032226432,
    "CTAS": 0.16506528019199837,
    "HITD": 0.16403923424507744,
    "KODK": 0.1625296682931255,
    "CASS": 0.16241052089354055,
    "UNF": 0.16179995514750573,
    "CVEO": 0.16129080341024468,
    "PRMK": 0.15901849353261996,
    "PFMT": 0.15784216268954263,
    "SAYFF": 0.15366195977209604,
    "SRT": 0.15172208331310402,
    "SVAD": 0.1495351994203892,
    "APRO": 0.14939395270486272,
    "CMIT": 0.14853182372011237,
    "SP": 0.14592327775940864,
    "RBA": 0.14450781249203676,
    "AWWC": 0.14035384381538255,
    "PAYS": 0.14034077592139216,
    "BV": 0.13923418266274495,
    "IJJP": 0.13911654251649164,
    "VOYT": 0.13882705100832496,
    "BRYN": 0.13862963419078858,
    "UNDR": 0.1360788151152578,
    "INCC": 0.13536478946925723,
    "TISI": 0.1352753487094556,
    "AGFY": 0.13451092677457943,
    "WHLM": 0.13412298637681955,
    "ITEPF": 0.13065780802967777,
    "IAA": 0.1301888657690681,
    "DTSL": 0.12989233385627533,
    "PGSC": 0.12910265691908876,
    "INPOY": 0.12874191900915855,
    "NOHO": 0.12765418094610553,
    "SGRP": 0.1275614168178823,
    "STGXF": 0.12381979278254693,
    "EJH": 0.12236896569653614,
    "AIMFF": 0.12216452787394952,
    "CESF": 0.12129769915024541,
    "AOOO": 0.12118471703444544,
    "CERGF": 0.12054073175625446,
    "CPRT": 0.1203129285924811,
    "TEKI": 0.11988315141353224,
    "PKCOY": 0.11527958434789629,
    "BMBLF": 0.1139698235145155,
    "BXBLY": 0.1139698235145155,
    "SFRX": 0.11378312773239102,
    "KOSK": 0.11260635382499684,
    "CRKT": 0.11235839019776887,
    "GPOX": 0.11008810708008798,
    "CBMJ": 0.10840281967025493,
    "FLNCF": 0.10751152923384477,
    "LMTI": 0.10735337596412332,
    "CVCS": 0.10609332249022253,
    "LHIL": 0.10530843416342836,
    "SFIN": 0.10473829767020651,
    "TFZI": 0.10415028245827895,
    "CTGL": 0.10134654506681758,
    "DNPCF": 0.1003408701950133,
    "DNPLY": 0.1003408701950133,
    "PCOA": 0.09848745535508144,
    "ETKR": 0.09837258099231057,
    "BSGC": 0.09816698155170227,
    "FIFG": 0.09775598111149364,
    "FCTI": 0.093570198942546,
    "FRPC": 0.09323054013928106,
    "ACTG": 0.09298317515693691,
    "XCPL": 0.09223731692542111,
    "UWHGF": 0.09137500307537769,
    "DYNA": 0.08963063266859449,
    "CFCC": 0.0890794515948852,
    "CGRW": 0.08825242401680507,
    "ELVG": 0.0874854491361386,
    "AZIL": 0.08502223665005458,
    "SRRPF": 0.08423528996819647,
    "RIHT": 0.08351235292701778,
    "PSCR": 0.08324063784738145,
    "CLRYF": 0.08275320942899357,
    "ADGS": 0.08235326801600015,
    "REPO": 0.08137325856313482,
    "GFGU": 0.0795972365997734,
    "ZHDM": 0.07747423186670821,
    "PVNO": 0.0772903660743022,
    "HHGI": 0.07630118108675701,
    "OMEX": 0.07611919863408287,
    "SSRC": 0.07564199877491151,
    "GEGI": 0.07450526240151673,
    "EVSV": 0.07318470115394039,
    "OPUS": 0.07211635780014924,
    "BRMT": 0.064487638388097,
    "AWAW": 0.06331356517925645,
    "MMTRS": 0.05912877918066857,
    "ALSI": 0.05870589957236148,
    "BWVI": 0.0586148265061972,
    "EOSC": 0.05035605608683833,
    "GGII": 0.04461292299630745,
    "PGLO": 0.043725892011161324,
    "NSYC": 0.04024917447870059,
    "CWPS": 0.037012152780354954
}