{
    "GFGU": 1.0000000000000002,
    "VOYT": 0.16552417053246207,
    "GEGI": 0.16238526812102339,
    "SP": 0.16019507976532324,
    "CVEO": 0.14599577282233103,
    "SVAD": 0.14545107009605285,
    "TEKI": 0.13015376206269938,
    "APRO": 0.12373744526811672,
    "TFZI": 0.1231274280365081,
    "INCC": 0.11994904335428433,
    "IWGFF": 0.11965133973406326,
    "HITD": 0.11732910791294146,
    "OGNT": 0.11374865187072196,
    "PFSW": 0.11337854744573408,
    "GPN": 0.10877997002327999,
    "CVCS": 0.10679934421097173,
    "ETKR": 0.10667458635545499,
    "ELVG": 0.10622816945265975,
    "AIMFF": 0.10604817618102325,
    "CTAGF": 0.10597523555288985,
    "CTAGY": 0.10597523555288985,
    "EVSV": 0.10579181422886327,
    "BWVI": 0.10533796733679081,
    "PPMT": 0.10515449105850713,
    "CGRW": 0.10503986881348826,
    "CMIT": 0.10316093585748386,
    "ARC": 0.1016571653945147,
    "CRKT": 0.10064505144887179,
    "VVI": 0.09964910538641028,
    "DLHC": 0.09927691560081602,
    "AOOO": 0.09906098480860787,
    "DYNA": 0.09828761018496945,
    "FIFG": 0.09821187222278563,
    "SCGPY": 0.09773977390315582,
    "SECCF": 0.09773977390315582,
    "ISVJF": 0.09698906697085358,
    "SRT": 0.09676494940574515,
    "IAA": 0.0963416204973606,
    "PAYS": 0.09614689057103551,
    "ALJJ": 0.09543500929764395,
    "KOSK": 0.09252357519920724,
    "CASS": 0.09169608346646979,
    "NOHO": 0.09081668052229402,
    "ZUUS": 0.09052050371552431,
    "PCOA": 0.09043125197056166,
    "ATTO": 0.09017228561033315,
    "CLNFF": 0.09013176770784556,
    "BSGC": 0.08896799864550034,
    "PGSC": 0.08870478359929487,
    "DSS": 0.08841124056472377,
    "WHLM": 0.0882361898593764,
    "FCTI": 0.08762644023209519,
    "CTGL": 0.08711440749468835,
    "AGFY": 0.08616729732039594,
    "IJJP": 0.08558989611769371,
    "LMTI": 0.08433281146045243,
    "AZIL": 0.08418590712003432,
    "QUAD": 0.0840342977088581,
    "ITEPF": 0.0836913892129698,
    "SDXAY": 0.08331809529191866,
    "SDXOF": 0.08331809529191866,
    "EJH": 0.08313375083994812,
    "PRMK": 0.08275382036598938,
    "SVPLF": 0.08246453036084857,
    "AWWC": 0.08237735264940554,
    "TCLAF": 0.0813952769679741,
    "CPRT": 0.08121220660711359,
    "PFMT": 0.08106819933007552,
    "CLRYF": 0.0809666096339594,
    "RKLIF": 0.08065714236117714,
    "RTOKY": 0.08065714236117714,
    "CESF": 0.08063296174085993,
    "UNDR": 0.08036913940327897,
    "KODK": 0.07984916706226115,
    "ANMP": 0.0795972365997734,
    "CTAS": 0.07866968940644989,
    "CBZ": 0.07685698821731567,
    "DTSL": 0.0763905749568975,
    "CBMJ": 0.07605275995201519,
    "SSRC": 0.07570125053845733,
    "REPO": 0.07564823184995337,
    "ABM": 0.07487478903488215,
    "CFCC": 0.07486052065002144,
    "XCPL": 0.07346518459213006,
    "RIHT": 0.07343039472618608,
    "MITFY": 0.0725002252421779,
    "RRD": 0.07236790756212025,
    "AWAW": 0.07228936602228919,
    "GGII": 0.07178912046697446,
    "WNS": 0.07060629903387157,
    "DELRF": 0.0698325976309076,
    "DLUEY": 0.0698325976309076,
    "UNF": 0.06940176601429794,
    "CERGF": 0.06933006182417684,
    "DGPIF": 0.06922544623119684,
    "ALSI": 0.06809222352211568,
    "SGRP": 0.06743023075587366,
    "FLNCF": 0.06638097799749583,
    "BMBLF": 0.0658568986965109,
    "BXBLY": 0.0658568986965109,
    "MMS": 0.06548852166205532,
    "RBA": 0.06460524296586367,
    "BRYN": 0.06387753895903489,
    "BV": 0.06354454179332898,
    "PIFR": 0.06351579159907342,
    "ACTG": 0.06331428475111575,
    "GPOX": 0.06317354021337085,
    "BRMT": 0.061992925323343225,
    "ISSDY": 0.061852226772940236,
    "SAYFF": 0.05932828209460785,
    "STGXF": 0.057892600618350554,
    "ADGS": 0.0576822580940637,
    "PAE": 0.05763540879517761,
    "UWHGF": 0.05736731636138159,
    "INPOY": 0.05715703405090791,
    "SFRX": 0.056280282160716906,
    "PSCR": 0.056156418582514724,
    "TISI": 0.05354408774846397,
    "JCDS": 0.05343179805916283,
    "PGLO": 0.05339677587477114,
    "HHGI": 0.05177096115396957,
    "PVNO": 0.05174873231658324,
    "TGTNF": 0.05149933156643122,
    "OPUS": 0.051444398158405555,
    "CWPS": 0.05129781478811291,
    "SRRPF": 0.05062076044444418,
    "SFIN": 0.050576523780414474,
    "FRPC": 0.05023821639413546,
    "LHIL": 0.04985433748880888,
    "MMTRS": 0.049606336381709186,
    "OMEX": 0.047162682849255594,
    "ZHDM": 0.04532164140936952,
    "NSYC": 0.04464832648008314,
    "PKCOY": 0.04374748272748119,
    "DNPCF": 0.04247962176298969,
    "DNPLY": 0.04247962176298969,
    "EOSC": 0.03484236055412745
}