{
    "PGSC": 1.0,
    "ZUUS": 0.24645772880034805,
    "GGII": 0.2382932276211971,
    "GPN": 0.20652558784713065,
    "ABM": 0.19091472015624975,
    "ALJJ": 0.18790992089299627,
    "PPMT": 0.1757521573684374,
    "SFIN": 0.1681150180837917,
    "NOHO": 0.16102181933139378,
    "DSS": 0.1607317802064671,
    "CLNFF": 0.15836359842946326,
    "CTAGF": 0.15688659941909544,
    "CTAGY": 0.15688659941909544,
    "EJH": 0.1518375717738123,
    "UNF": 0.14767740401857782,
    "ARC": 0.14723483011352462,
    "CRKT": 0.14614976182330605,
    "ATTO": 0.14493305660467576,
    "ISVJF": 0.1439445688505278,
    "PAE": 0.14343923681199056,
    "PRMK": 0.14264209546162573,
    "CTAS": 0.14035977792273036,
    "KODK": 0.1397070509974742,
    "RRD": 0.13943415576155557,
    "SCGPY": 0.13882395141077114,
    "SECCF": 0.13882395141077114,
    "TCLAF": 0.13859585509509248,
    "CERGF": 0.13691690097723225,
    "QUAD": 0.13304116162481813,
    "VVI": 0.13258468406237844,
    "PFSW": 0.13256896723643496,
    "CVEO": 0.13245692355612948,
    "RKLIF": 0.13221860487176215,
    "RTOKY": 0.13221860487176215,
    "ANMP": 0.12910265691908876,
    "ACTG": 0.1275680388026731,
    "MITFY": 0.12745025038882893,
    "WHLM": 0.12647064266376676,
    "UNDR": 0.12602029902367423,
    "SSRC": 0.12555053610675374,
    "OGNT": 0.12478533080471585,
    "WNS": 0.12387001441345007,
    "SVAD": 0.12334723937174753,
    "DELRF": 0.12297230143419685,
    "DLUEY": 0.12297230143419685,
    "CMIT": 0.12287551367209452,
    "DLHC": 0.1228277752150777,
    "SGRP": 0.12016307198544067,
    "CFCC": 0.11961952342208966,
    "AIMFF": 0.11728267426261946,
    "CESF": 0.11700144401343832,
    "LMTI": 0.11666647429411967,
    "KOSK": 0.11578829773670717,
    "IWGFF": 0.11569544555122535,
    "ISSDY": 0.11545457191605914,
    "SP": 0.11409388841296797,
    "AGFY": 0.11188033624192732,
    "AWWC": 0.11116043373657024,
    "SDXAY": 0.1102220714037708,
    "SDXOF": 0.1102220714037708,
    "BMBLF": 0.11015250911833382,
    "BXBLY": 0.11015250911833382,
    "DTSL": 0.1100570288533578,
    "BRYN": 0.10978812633414284,
    "TGTNF": 0.10863046953858314,
    "AWAW": 0.10847669479905095,
    "CBZ": 0.10775090430414015,
    "SVPLF": 0.10723211792821576,
    "CASS": 0.10548435331352878,
    "RBA": 0.1028974665214526,
    "TISI": 0.10164293732891345,
    "PFMT": 0.10141030040893882,
    "PAYS": 0.10122704149379427,
    "SAYFF": 0.10089249087810512,
    "REPO": 0.09806625177914702,
    "MMS": 0.09786944241232617,
    "FIFG": 0.09684868720214057,
    "APRO": 0.09602642591309526,
    "IAA": 0.09590712274983143,
    "CPRT": 0.09562452338342099,
    "BV": 0.09541547939874684,
    "VOYT": 0.09460568493518191,
    "HITD": 0.09445722821609684,
    "PSCR": 0.09426774586236379,
    "DGPIF": 0.09370234793344573,
    "TFZI": 0.09316018629454277,
    "FRPC": 0.09312951085289937,
    "INCC": 0.09300412510528784,
    "AOOO": 0.09225068254730998,
    "SRT": 0.08914166461023872,
    "GFGU": 0.08870478359929487,
    "JCDS": 0.08864864523913976,
    "TEKI": 0.08841200091595526,
    "BWVI": 0.08818189739393517,
    "PCOA": 0.08747572968684983,
    "FCTI": 0.08733141950800581,
    "ELVG": 0.08713613307534274,
    "BSGC": 0.08679174016622418,
    "FLNCF": 0.0867451102755915,
    "ITEPF": 0.08613594596307247,
    "UWHGF": 0.0859898275839436,
    "SFRX": 0.08593788338749372,
    "PGLO": 0.08426870425433461,
    "CTGL": 0.08321121566958876,
    "INPOY": 0.08320734930166901,
    "ADGS": 0.08313380485633776,
    "CLRYF": 0.08176039068812266,
    "IJJP": 0.08082434996579807,
    "DNPCF": 0.08002883315319603,
    "DNPLY": 0.08002883315319603,
    "ALSI": 0.07951670958021127,
    "PIFR": 0.07863965930090686,
    "ZHDM": 0.07692773113120294,
    "MMTRS": 0.07690276186882569,
    "GEGI": 0.07624871832786553,
    "PKCOY": 0.07568836289619071,
    "XCPL": 0.075606242690617,
    "STGXF": 0.07544845828664162,
    "HHGI": 0.07510250902065427,
    "CGRW": 0.07243390661760675,
    "ETKR": 0.06911728273584225,
    "DYNA": 0.0687086506906941,
    "GPOX": 0.06652159201263047,
    "CVCS": 0.06552098825142184,
    "BRMT": 0.06344353072505533,
    "EVSV": 0.06165522335517515,
    "CBMJ": 0.06103353831846455,
    "LHIL": 0.058367623363920214,
    "SRRPF": 0.05808129285034466,
    "EOSC": 0.053870057159486,
    "RIHT": 0.053653780061717046,
    "AZIL": 0.05348568175800742,
    "PVNO": 0.05219952959098637,
    "NSYC": 0.044177992052307234,
    "OPUS": 0.040855688003158225,
    "OMEX": 0.04054770082902041,
    "CWPS": 0.0321603740677987
}