{
    "SSRC": 1.0000000000000004,
    "ZUUS": 0.21494798076309574,
    "PPMT": 0.19835952172423624,
    "PGLO": 0.18478315805204357,
    "ABM": 0.17596004379791294,
    "NOHO": 0.15494385117538223,
    "ACTG": 0.14956819260747534,
    "KODK": 0.13915985199093292,
    "RKLIF": 0.13693327390578092,
    "RTOKY": 0.13693327390578092,
    "SGRP": 0.13153018365324343,
    "ALJJ": 0.13019755566690716,
    "CLNFF": 0.12602301242975134,
    "CTAGF": 0.1256543116628236,
    "CTAGY": 0.1256543116628236,
    "PGSC": 0.12555053610675374,
    "SCGPY": 0.12051868273737153,
    "SECCF": 0.12051868273737153,
    "CTAS": 0.12036731157087695,
    "PRMK": 0.11897399983279164,
    "ISVJF": 0.11816127142319817,
    "UNF": 0.11701706203449946,
    "ARC": 0.11659916634653625,
    "DSS": 0.11617985048361432,
    "CMIT": 0.11539668775361638,
    "MMTRS": 0.1145267669736812,
    "DLHC": 0.11384088494032193,
    "GPN": 0.1137164871992552,
    "TEKI": 0.11357258895413208,
    "PCOA": 0.1131389764812532,
    "ATTO": 0.11116326629533271,
    "BRYN": 0.10971666233679221,
    "IWGFF": 0.10877850669792571,
    "IAA": 0.1071825432136761,
    "WNS": 0.10689853520886561,
    "RRD": 0.10654595766405778,
    "SP": 0.1056337603527544,
    "VVI": 0.10482304373674638,
    "AWAW": 0.10443524811306401,
    "CRKT": 0.1035826077605107,
    "MITFY": 0.10349907224457397,
    "SDXAY": 0.10341838891306934,
    "SDXOF": 0.10341838891306934,
    "LMTI": 0.10261900526578036,
    "TCLAF": 0.10230439108550458,
    "CVCS": 0.10163462050211755,
    "PVNO": 0.10098599052229472,
    "SVAD": 0.10001855950108643,
    "BV": 0.0997583195002345,
    "BSGC": 0.09835607053861073,
    "CPRT": 0.09820631912409869,
    "QUAD": 0.09790783399127269,
    "CVEO": 0.09757262970288301,
    "DELRF": 0.09726673471480718,
    "DLUEY": 0.09726673471480718,
    "PFSW": 0.09689842379847499,
    "TFZI": 0.09664088274739019,
    "WHLM": 0.0962024810713581,
    "BMBLF": 0.09470876958328306,
    "BXBLY": 0.09470876958328306,
    "CBZ": 0.0944262836120667,
    "VOYT": 0.09440021583761464,
    "AOOO": 0.09437561281322036,
    "CERGF": 0.09433870287095647,
    "ISSDY": 0.09384401346843894,
    "SVPLF": 0.09378602669936872,
    "PFMT": 0.09376584959794024,
    "HITD": 0.09326130822644771,
    "OGNT": 0.09241257127612412,
    "INCC": 0.09223731290224083,
    "SAYFF": 0.09211099287367044,
    "AZIL": 0.09194516960440927,
    "REPO": 0.09154385942166887,
    "FRPC": 0.09151304321504904,
    "FLNCF": 0.09081863009946343,
    "FIFG": 0.09073710359162389,
    "CESF": 0.09063583019269203,
    "PAYS": 0.08988947774455877,
    "GEGI": 0.08925802916308179,
    "CFCC": 0.08918555516749566,
    "CASS": 0.08832095999666453,
    "UNDR": 0.08828077203365009,
    "RIHT": 0.08754848270563031,
    "APRO": 0.08685483645607693,
    "KOSK": 0.08644277999514327,
    "DTSL": 0.08635550895483841,
    "MMS": 0.08554940842748085,
    "ITEPF": 0.08545297611606618,
    "DYNA": 0.08485007999670599,
    "CTGL": 0.08300194467507785,
    "PAE": 0.08190171912626588,
    "SRT": 0.08178857919554183,
    "EJH": 0.07881514928001065,
    "AGFY": 0.07778698963966009,
    "SFRX": 0.0766065296155961,
    "GFGU": 0.07570125053845733,
    "RBA": 0.07567834558438735,
    "ANMP": 0.07564199877491151,
    "TGTNF": 0.0751370003912419,
    "ELVG": 0.07510394762401276,
    "AWWC": 0.07480824823086668,
    "AIMFF": 0.07444058968968348,
    "IJJP": 0.07435965371619906,
    "CGRW": 0.07363644923454174,
    "UWHGF": 0.07358693842116112,
    "CLRYF": 0.07326497903285473,
    "EOSC": 0.07249069160761562,
    "CBMJ": 0.07211275084803881,
    "SFIN": 0.07019633618695201,
    "PKCOY": 0.07000944153701216,
    "STGXF": 0.06887367800663866,
    "SRRPF": 0.0683348750709031,
    "PIFR": 0.06798779663241306,
    "INPOY": 0.06796682975569324,
    "XCPL": 0.06758371514816743,
    "ALSI": 0.06739052586540675,
    "EVSV": 0.06703823276290391,
    "LHIL": 0.06607397487336343,
    "TISI": 0.06540165719180628,
    "BRMT": 0.06539821239002437,
    "ETKR": 0.06360286149680378,
    "FCTI": 0.06345369614054688,
    "JCDS": 0.06254400211812797,
    "PSCR": 0.056602450587523716,
    "DGPIF": 0.056213926562000804,
    "HHGI": 0.05603717157236224,
    "BWVI": 0.05528136249251728,
    "NSYC": 0.05418099586843224,
    "ZHDM": 0.05329346365420307,
    "DNPCF": 0.05280553198589262,
    "DNPLY": 0.05280553198589262,
    "GPOX": 0.050382095343837356,
    "OMEX": 0.046993215230880674,
    "ADGS": 0.044588608273702604,
    "OPUS": 0.042040068248852175,
    "GGII": 0.04147410911903218,
    "CWPS": 0.03451687307073846
}