{
    "PEFDF": 0.9999999999999994,
    "MDLZ": 0.2920644222967575,
    "GNGR": 0.2886642305201935,
    "HSY": 0.27751539054198454,
    "CLOEF": 0.2589838820123237,
    "BYCBF": 0.24175868704384032,
    "RMCF": 0.23417983555215774,
    "MGAAF": 0.22458397304019134,
    "PARF": 0.21613131601196583,
    "HWVI": 0.21118425593520712,
    "COCXF": 0.20862399706277002,
    "LDSVF": 0.20862399706277002,
    "TR": 0.20538031871613935,
    "TROLB": 0.20538031871613935,
    "AHFD": 0.19491361572744456
}