{
    "APH": 1.0000000000000002,
    "BELFA": 0.4438096511282982,
    "BELFB": 0.4438096511282982,
    "FITGF": 0.4062737713625461,
    "VEMLY": 0.3924000054915837,
    "SANM": 0.39199002117619014,
    "MPAD": 0.37685375123198567,
    "FN": 0.3703438553828065,
    "TEL": 0.3622628041639409,
    "HNHPF": 0.35492817473408533,
    "SIMC": 0.35251468502169536,
    "NSYS": 0.3469928463296704,
    "VICR": 0.3388837940657042,
    "DSWL": 0.3388226722348449,
    "FLEX": 0.32406541139520584,
    "LGL": 0.32262333252713793,
    "CTS": 0.31857049053996017,
    "GLW": 0.3149627761187557,
    "LFUS": 0.30936648644451487,
    "CLS": 0.30824588046192314,
    "TNLX": 0.3048205159142865,
    "MEI": 0.2990600892066255,
    "JBL": 0.29621727894694777,
    "IEHC": 0.29448797141466715,
    "AUOTY": 0.29100701587455674,
    "BHE": 0.29019180454094934,
    "LINK": 0.2897609218244885,
    "TTDKF": 0.2852814280590596,
    "TTDKY": 0.2852814280590596,
    "LPTH": 0.28408839366802774,
    "OSIS": 0.28254997526730596,
    "IEC": 0.2764574893246861,
    "INRD": 0.2744129033055468,
    "ROG": 0.2726322886199793,
    "ELTK": 0.2713014456469619,
    "OMRNY": 0.2687606498038438,
    "TTGPF": 0.26862840586895587,
    "MRAAF": 0.2630348291744596,
    "MRAAY": 0.2630348291744596,
    "ATC": 0.26245588081972965,
    "RELL": 0.26224616765092884,
    "HROEY": 0.2608933363883924,
    "SGMA": 0.2583123825807037,
    "SNPTF": 0.25830987539692984,
    "SOTGY": 0.25830987539692984,
    "BCNAF": 0.2544710882821104,
    "DAIO": 0.2511644855946955,
    "TTMI": 0.24943125398999946,
    "AHAG": 0.2378208770073055,
    "MNBEY": 0.2366059339483785,
    "CPSH": 0.23599126891660696,
    "YNVYF": 0.23323827654120993,
    "IBIDF": 0.22978936535627625,
    "LYTS": 0.228294429162265,
    "IINX": 0.2279391711637243,
    "TYOYY": 0.2248601871414808,
    "DION": 0.2239196582978058,
    "KOPN": 0.22222822311973128,
    "FCGN": 0.21853010842301804,
    "PLXS": 0.2136053009482166,
    "ITMPF": 0.20744682839186424,
    "AMOT": 0.2059636268377874,
    "INFG": 0.20316436066746515,
    "STKR": 0.20010764199084563,
    "REFR": 0.19928138808570087,
    "DGNG": 0.19273020345812628,
    "ALPP": 0.1889170846497627,
    "NEON": 0.18525620669307763,
    "VIAO": 0.1835822342931746,
    "VPER": 0.17304155959689885,
    "HPHTF": 0.17063422307094545,
    "IMTE": 0.17020880037746686,
    "KULR": 0.16973937356747615,
    "CPQQ": 0.16737500223835036,
    "HOKUQ": 0.1485846162964805,
    "EMAN": 0.14769712312743524,
    "NGRP": 0.14440496084742652,
    "CSGH": 0.14104680656552215,
    "CSLI": 0.14021473757789868,
    "TLED": 0.13726247098774536,
    "NXSL": 0.13666319832837542,
    "NXOPF": 0.13383563876822335,
    "TRPS": 0.12951297239468892,
    "ALPE": 0.12897488251029599,
    "TFECF": 0.11774233012439271,
    "TFECY": 0.11774233012439271,
    "UNXLQ": 0.11682043947999075,
    "WAYS": 0.11640560806488298,
    "CPWY": 0.09389486890453812,
    "ELWSF": 0.09245502200497344,
    "NVGT": 0.091951470678957,
    "GNCLF": 0.08616030049011013,
    "AAIRF": 0.08257799319095215,
    "AUDGF": 0.07558588080641297,
    "SUTI": 0.07403299556520804,
    "OUST": 0.07017947806488599,
    "RESSD": 0.056107530964208494,
    "LTSC": 0.05337862876294128
}