{
    "AUOTY": 1.0,
    "HNHPF": 0.3728416271551115,
    "VEMLY": 0.3590957234485865,
    "TRPS": 0.3067550136631338,
    "FLEX": 0.30149610835368257,
    "APH": 0.29100701587455674,
    "RELL": 0.2875215038561798,
    "CLS": 0.27908362968324585,
    "GLW": 0.2777699136613671,
    "OSIS": 0.2769846225913133,
    "IINX": 0.2768495381192984,
    "NSYS": 0.27487755342460096,
    "JBL": 0.274764596422083,
    "DSWL": 0.27350703933152876,
    "LFUS": 0.27086190079664346,
    "FITGF": 0.2688578665816889,
    "TNLX": 0.2644491507398685,
    "LGL": 0.2594743149348992,
    "FN": 0.25816605384567,
    "MRAAF": 0.25786267564618026,
    "MRAAY": 0.25786267564618026,
    "VIAO": 0.25691703141736133,
    "BHE": 0.255030513707465,
    "SANM": 0.25375548165341966,
    "DGNG": 0.25374760280599834,
    "TEL": 0.2515855005615357,
    "SNPTF": 0.2502934931259169,
    "SOTGY": 0.2502934931259169,
    "LINK": 0.2463345867072981,
    "YNVYF": 0.2426753331152231,
    "ROG": 0.24103677144406208,
    "VICR": 0.24019606873996185,
    "CTS": 0.2387794661359228,
    "BCNAF": 0.2370870033064639,
    "IBIDF": 0.23507472865479406,
    "MEI": 0.22869685209191448,
    "TTDKF": 0.22765706540664526,
    "TTDKY": 0.22765706540664526,
    "TYOYY": 0.22545090748091015,
    "DAIO": 0.2233973767014023,
    "INRD": 0.2202797682869553,
    "LYTS": 0.21744221993509832,
    "CPSH": 0.21633333845844216,
    "OMRNY": 0.21620900985602967,
    "DION": 0.21548701320351124,
    "NGRP": 0.21480701013231723,
    "KOPN": 0.21454695302799373,
    "NXSL": 0.21134772387568465,
    "REFR": 0.2080358806974187,
    "MPAD": 0.20787687520953674,
    "HOKUQ": 0.2064927304713037,
    "TTGPF": 0.206415592543465,
    "INFG": 0.20636464882630498,
    "IEHC": 0.20589235599035716,
    "ITMPF": 0.20466569728593123,
    "LPTH": 0.2032951229021032,
    "ATC": 0.2024415233198252,
    "IMTE": 0.19845503521185676,
    "ELTK": 0.19653565365682846,
    "STKR": 0.1954419012870057,
    "IEC": 0.19480654700176706,
    "MNBEY": 0.19306439076005244,
    "SGMA": 0.19301576294605513,
    "AHAG": 0.19160501531046867,
    "PLXS": 0.1901964518707526,
    "HPHTF": 0.18496490339114774,
    "SIMC": 0.18105045351726073,
    "HROEY": 0.17892732286577043,
    "CPWY": 0.17884637412255883,
    "NXOPF": 0.175741833489513,
    "TTMI": 0.17113288085318165,
    "BELFA": 0.16750944257794964,
    "BELFB": 0.16750944257794964,
    "AMOT": 0.15953183857205042,
    "NEON": 0.15895185218544686,
    "ALPP": 0.15536016330225638,
    "TFECF": 0.15401498631905408,
    "TFECY": 0.15401498631905408,
    "FCGN": 0.1452729879404679,
    "NVGT": 0.14291495132848628,
    "WAYS": 0.1418022906897412,
    "UNXLQ": 0.14179856182780698,
    "EMAN": 0.14016923603246598,
    "CPQQ": 0.14005625792891063,
    "CSLI": 0.13907860751254308,
    "VPER": 0.1389704958810116,
    "TLED": 0.13863741074515423,
    "KULR": 0.12839553517151095,
    "CSGH": 0.12803323645677306,
    "ELWSF": 0.11660057624088216,
    "ALPE": 0.11228243594664225,
    "AAIRF": 0.09643713797989074,
    "SUTI": 0.09550587097538082,
    "GNCLF": 0.07579729764778528,
    "AUDGF": 0.07365029075465579,
    "OUST": 0.07039333980310125,
    "RESSD": 0.05349958002491519,
    "LTSC": 0.05036262915524386
}