{
    "MRAAF": 1.0,
    "MRAAY": 1.0,
    "TYOYY": 0.4062498507559671,
    "HNHPF": 0.3221013248113552,
    "LGL": 0.2793227122739321,
    "TEL": 0.2771871896312783,
    "FITGF": 0.2715043459661099,
    "FN": 0.264814127815662,
    "APH": 0.2630348291744596,
    "AUOTY": 0.25786267564618026,
    "TTDKF": 0.25389109162826873,
    "TTDKY": 0.25389109162826873,
    "HROEY": 0.2524087909463559,
    "CLS": 0.25167702715911905,
    "MNBEY": 0.24913348412215813,
    "DSWL": 0.24839768312363916,
    "VEMLY": 0.24407556074070172,
    "IBIDF": 0.24292858681126395,
    "CTS": 0.24154711070303655,
    "OMRNY": 0.23424613685590837,
    "BELFA": 0.23243610132431078,
    "BELFB": 0.23243610132431078,
    "VICR": 0.22560816512670226,
    "FLEX": 0.22185756892033037,
    "LFUS": 0.21532877606252543,
    "OSIS": 0.21391315886546372,
    "MPAD": 0.21342652552860972,
    "LINK": 0.21283725739652304,
    "SNPTF": 0.21280453247904418,
    "SOTGY": 0.21280453247904418,
    "TTGPF": 0.21157677865392277,
    "GLW": 0.2102104077453841,
    "INRD": 0.209106322090171,
    "LPTH": 0.2056901525804693,
    "RELL": 0.19937855642784053,
    "MEI": 0.19897504687953035,
    "SANM": 0.19789528458780217,
    "JBL": 0.19654581098700463,
    "TTMI": 0.19133905611068538,
    "IEHC": 0.18831700585919142,
    "ROG": 0.18627200071077799,
    "IEC": 0.18564394802145887,
    "NSYS": 0.18479609834696772,
    "STKR": 0.1843519473062015,
    "TNLX": 0.1814917737135145,
    "BCNAF": 0.18044945278215568,
    "AHAG": 0.16760412393293248,
    "DGNG": 0.16555375992583643,
    "ELTK": 0.1650822910289745,
    "HPHTF": 0.16422457872424312,
    "IINX": 0.16052134652592603,
    "CPSH": 0.15793053588618766,
    "VPER": 0.1555540521961697,
    "ATC": 0.15344207972606125,
    "BHE": 0.15182836520418144,
    "REFR": 0.15180943673648184,
    "PLXS": 0.15154615655367318,
    "SIMC": 0.14996743040869748,
    "DAIO": 0.14988448014272604,
    "AMOT": 0.1492147921543527,
    "KOPN": 0.14852277200019354,
    "ITMPF": 0.1453922995679749,
    "TLED": 0.14253694335933154,
    "LYTS": 0.1402928504391929,
    "SGMA": 0.13602543907284842,
    "DION": 0.13521974377653817,
    "YNVYF": 0.13464154852836102,
    "CPQQ": 0.1314697403234632,
    "ALPP": 0.12543023166319964,
    "VIAO": 0.12506894270136085,
    "EMAN": 0.12153074291972575,
    "NEON": 0.11960613490280612,
    "NGRP": 0.11858066622198996,
    "KULR": 0.11788064492220487,
    "TFECF": 0.1165985135837166,
    "TFECY": 0.1165985135837166,
    "FCGN": 0.11645900166984863,
    "HOKUQ": 0.11559805277499172,
    "INFG": 0.11539331358264175,
    "CSGH": 0.10919145857900715,
    "IMTE": 0.10750865185607739,
    "ALPE": 0.10106170024264284,
    "ELWSF": 0.09860674674267947,
    "NXOPF": 0.09560872709987571,
    "GNCLF": 0.09404882158614998,
    "NXSL": 0.09309568858554533,
    "CSLI": 0.09232771971364932,
    "UNXLQ": 0.09062690644037717,
    "OUST": 0.08554033307887259,
    "CPWY": 0.08044523152039591,
    "AAIRF": 0.07824776788751824,
    "NVGT": 0.07646136770659484,
    "WAYS": 0.07535181299854585,
    "AUDGF": 0.07235295082466747,
    "LTSC": 0.06691585115610185,
    "TRPS": 0.0652073147395334,
    "SUTI": 0.04937512009274555,
    "RESSD": 0.03772779403380926
}