{
    "VEMLY": 1.0000000000000002,
    "HNHPF": 0.49572835570506507,
    "SANM": 0.47440205606814645,
    "FLEX": 0.47008979927481476,
    "JBL": 0.4553531114871409,
    "BHE": 0.4454459715591851,
    "CLS": 0.4219398514421813,
    "NSYS": 0.41339541447397704,
    "FITGF": 0.4061604886359963,
    "APH": 0.3924000054915837,
    "DSWL": 0.3794491973091726,
    "FN": 0.3708090739623199,
    "LGL": 0.3613085799837331,
    "AUOTY": 0.3590957234485865,
    "SGMA": 0.34911790398321435,
    "SNPTF": 0.34345695038445767,
    "SOTGY": 0.34345695038445767,
    "TTGPF": 0.3366390794507709,
    "YNVYF": 0.3332022684347045,
    "VICR": 0.32916264173709386,
    "CTS": 0.32560664109251225,
    "TNLX": 0.32539578137304925,
    "IINX": 0.32312790298094307,
    "OSIS": 0.32064313663770044,
    "PLXS": 0.3179178525747691,
    "ITMPF": 0.31618094891311715,
    "MPAD": 0.31241461329701825,
    "LINK": 0.3114428898031343,
    "TEL": 0.3053356173444141,
    "SIMC": 0.3050871638710018,
    "IEC": 0.30311373837467515,
    "IBIDF": 0.3019198065055312,
    "DAIO": 0.29976043929656454,
    "DION": 0.29426243827306336,
    "INRD": 0.2903436348901579,
    "INFG": 0.2888997588034077,
    "AHAG": 0.2883755505938801,
    "ROG": 0.2862715142702698,
    "BCNAF": 0.28509803140002166,
    "ATC": 0.2824915148323436,
    "RELL": 0.2779163618970444,
    "OMRNY": 0.2728939718108837,
    "DGNG": 0.2657825944168049,
    "LPTH": 0.2610767846960414,
    "LFUS": 0.2598747891817335,
    "CPSH": 0.2561037755211904,
    "HPHTF": 0.2519770571316865,
    "MEI": 0.25171292575915477,
    "LYTS": 0.2498649085284318,
    "GLW": 0.24731362926308142,
    "TTDKF": 0.24645515172947555,
    "TTDKY": 0.24645515172947555,
    "IEHC": 0.24468729769321887,
    "ELTK": 0.24413949327118528,
    "MRAAF": 0.24407556074070172,
    "MRAAY": 0.24407556074070172,
    "MNBEY": 0.24333207484987995,
    "KOPN": 0.2429011885996742,
    "IMTE": 0.2421545275755691,
    "TTMI": 0.24078291844657726,
    "REFR": 0.23657241886366928,
    "BELFA": 0.23479528106147618,
    "BELFB": 0.23479528106147618,
    "STKR": 0.23221953322152097,
    "VIAO": 0.22803182612424985,
    "CPQQ": 0.22546147949436243,
    "HROEY": 0.2200904239006487,
    "NXSL": 0.2120035602070783,
    "HOKUQ": 0.20917041082737167,
    "TYOYY": 0.20641893087852625,
    "NEON": 0.20456113246040333,
    "AMOT": 0.19399505005766482,
    "WAYS": 0.19223585536430243,
    "VPER": 0.18953226328560574,
    "ALPP": 0.1824718800760285,
    "TLED": 0.17760390788503563,
    "NGRP": 0.17639088846630763,
    "FCGN": 0.17476481516797554,
    "CSGH": 0.17416868506793648,
    "NXOPF": 0.1733828669322256,
    "ALPE": 0.17297663785047243,
    "KULR": 0.16666965963671554,
    "EMAN": 0.16154584437909342,
    "ELWSF": 0.1554915602310272,
    "TFECF": 0.1476605508840205,
    "TFECY": 0.1476605508840205,
    "CSLI": 0.14399321759983677,
    "SUTI": 0.14004733797184946,
    "UNXLQ": 0.1372155044528153,
    "TRPS": 0.13356477907806769,
    "NVGT": 0.12530499994689304,
    "AAIRF": 0.11717956918943923,
    "LTSC": 0.11182247779716242,
    "CPWY": 0.11138304483679456,
    "GNCLF": 0.10208299454811427,
    "AUDGF": 0.09789082209638394,
    "OUST": 0.08066880259251498,
    "RESSD": 0.05930806075807301
}