{
    "AMRS": 1.0000000000000002,
    "IFF": 0.20936288231125436,
    "IFFT": 0.20936288231125436,
    "GVDBF": 0.19697561017805248,
    "GVDNY": 0.19697561017805248,
    "FUL": 0.1867252811493788,
    "MITUF": 0.18447348220759335,
    "MITUY": 0.18447348220759335,
    "HWKN": 0.1819229368065385,
    "IOSP": 0.18119430338564343,
    "BCPC": 0.18016356502902858,
    "JMPLF": 0.17903423980194402,
    "JMPLY": 0.17903423980194402,
    "DD": 0.17083793425823388,
    "CCGY": 0.17020142511093656,
    "DALQF": 0.16991470352864793,
    "DLNDY": 0.16991470352864793,
    "ALTO": 0.16922517806301682,
    "COIHF": 0.16870059025741263,
    "COIHY": 0.16870059025741263,
    "KDSKF": 0.15958963261618164,
    "RDSMY": 0.15958963261618164,
    "CVVTF": 0.15950974597809955,
    "ASH": 0.1593562471254905,
    "KRO": 0.15770300054292097,
    "FPLSF": 0.1575154094099176,
    "SYIEF": 0.1572307821931464,
    "SYIEY": 0.1572307821931464,
    "CHYHY": 0.15396089531950274,
    "CRTSF": 0.15396089531950274,
    "HYDI": 0.15368716139325575,
    "ODC": 0.1536855113345221,
    "SCL": 0.15341944475917246,
    "AVNT": 0.15299104136918848,
    "ABSSF": 0.15242795779888502,
    "LYB": 0.15215006893940375,
    "ESI": 0.15130473781123396,
    "SXT": 0.15021152167956886,
    "ECL": 0.1499336754672718,
    "GPHBF": 0.14955747489140378,
    "PQG": 0.14924912863330833,
    "GPRE": 0.1485390481237431,
    "GEVO": 0.1482052628421105,
    "FLRAF": 0.14711381710098206,
    "FOE": 0.14585701079233815,
    "SHW": 0.14534940069244182,
    "ABLT": 0.1452609657454951,
    "OLN": 0.14404768977686105,
    "UNRG": 0.14319439773099082,
    "SKFOF": 0.14310461071668906,
    "SXYAY": 0.14310461071668906,
    "PPG": 0.1423886438013484,
    "TREC": 0.1423603352817448,
    "ICPVF": 0.14218810553838218,
    "INCZY": 0.14218810553838218,
    "GCP": 0.14203343418814532,
    "XLPI": 0.1416320590868287,
    "RPM": 0.1414626020232817,
    "GURE": 0.14065869494128946,
    "ESPIQ": 0.1404862697457723,
    "AXTA": 0.1393494324362827,
    "SYBF": 0.13927860302047487,
    "FSI": 0.13909108251707009,
    "NTIC": 0.13822688986629908,
    "CC": 0.13680789664938506,
    "AKZOF": 0.13578546477132553,
    "AKZOY": 0.13578546477132553,
    "CSNVF": 0.1354365456881736,
    "CSNVY": 0.1354365456881736,
    "TORM": 0.13460594587787758,
    "CLZNF": 0.13451526711317424,
    "CLZNY": 0.13451526711317424,
    "ECSNF": 0.1341366051723901,
    "AVTR-PA": 0.1336749030925562,
    "AVTR": 0.1336749030925562,
    "CGIFF": 0.13364930318604687,
    "COVTY": 0.13346169412307687,
    "OCLDF": 0.13300705799382728,
    "OCLDY": 0.13300705799382728,
    "UBEOY": 0.13243320598408423,
    "LNXSF": 0.1319668456573049,
    "CBT": 0.13195839134532625,
    "ETCK": 0.13121402735666451,
    "WDFC": 0.13097183806802237,
    "KOP": 0.1306969911260128,
    "GNPG": 0.13042474206300514,
    "FAME": 0.13037909435148787,
    "YIPCF": 0.13019856413223335,
    "TSE": 0.12989949157497394,
    "ELMTY": 0.12927978383504332,
    "EMNSF": 0.12927978383504332,
    "ARKAF": 0.12919126391953345,
    "ARKAY": 0.12919126391953345,
    "BNTGF": 0.12889284192301945,
    "BNTGY": 0.12889284192301945,
    "NEU": 0.12870953984452146,
    "IKNX": 0.12663855659950837,
    "BRRDF": 0.12516587585964348,
    "NOPMF": 0.12451146821653865,
    "WLK": 0.12443599147727093,
    "ETEK": 0.12400863467155405,
    "SEVT": 0.12398053162338717,
    "NGVT": 0.12277271427114927,
    "VNTR": 0.12216041972991905,
    "VTXPF": 0.12201525671640914,
    "GRPEF": 0.12201426128798423,
    "NNUP": 0.12160916464212021,
    "AWTRF": 0.12061709989664975,
    "KBLB": 0.11878152282737459,
    "ENDO": 0.11800783534211215,
    "TINLY": 0.11752671197644295,
    "RNWF": 0.11722373648266912,
    "TG": 0.1168389639410168,
    "MOPN": 0.11676797033280195,
    "IOFNF": 0.11660053476581206,
    "NDEKF": 0.11617948129632075,
    "NDEKY": 0.11617948129632075,
    "COOSF": 0.115919067533177,
    "ATURF": 0.11527161312627074,
    "VYST": 0.11499579522505098,
    "HXOH": 0.11428811454532298,
    "APGMF": 0.11368638764996676,
    "VRSRF": 0.1135088178749187,
    "NPCPF": 0.1126892843350958,
    "SCVPY": 0.11192939100500586,
    "GLGI": 0.1116362932265483,
    "KRA": 0.11083247523737688,
    "DTPKF": 0.11070515312461844,
    "LIN": 0.1105579827068853,
    "EVKIF": 0.11021937990476036,
    "IZCFF": 0.10915904073565347,
    "ALB": 0.10879567332806511,
    "FUPBY": 0.10832264203593299,
    "FUPEF": 0.10832264203593299,
    "CNEY": 0.10672552371636239,
    "CCF": 0.10557162150536625,
    "HDSN": 0.1050078812254355,
    "HERC": 0.10492924131241259,
    "ASGLY": 0.1041411497364678,
    "ACRB": 0.10403297316969437,
    "CMT": 0.10355415459250564,
    "HDGHF": 0.10354721027269997,
    "TKYMY": 0.10312669328726003,
    "HXPLF": 0.10230186039343224,
    "NANX": 0.10226759031338871,
    "LWLG": 0.10188581792465547,
    "ALLM": 0.10183707926359115,
    "AVTXF": 0.10160534164169618,
    "OEC": 0.10135798603042634,
    "GLYE": 0.10080818536243233,
    "CLTH": 0.09898228827045755,
    "KPTCY": 0.09712686599894557,
    "KSANF": 0.09712686599894557,
    "PTCAY": 0.09692887669827283,
    "PTPIF": 0.09692887669827283,
    "EMSHF": 0.0969146383054469,
    "CLKTF": 0.09613047120455331,
    "HUABF": 0.09458381218593159,
    "HUIHY": 0.09458381218593159,
    "TKCBY": 0.09450833440081247,
    "NTCHF": 0.09418006265455171,
    "FLKI": 0.09408534068971244,
    "KYZN": 0.09400744805447737,
    "HYPF": 0.0927392259736062,
    "WLAB": 0.09253655370075412,
    "VITOF": 0.09145875307924357,
    "KANKF": 0.09019253684037751,
    "JSCPF": 0.08981439994907475,
    "JSCPY": 0.08981439994907475,
    "CANOF": 0.08636496408500301,
    "GRA": 0.08634980238750618,
    "KWR": 0.08601263094290838,
    "AUTR": 0.08538201038098209,
    "NFTI": 0.08244949303296283,
    "SNES": 0.08190210136318221,
    "ALKN": 0.07891210242600695,
    "LOOP": 0.07835033172647324,
    "LTHM": 0.07740635772344517,
    "PVNNF": 0.07361836599482867,
    "NNOMF": 0.07131614851403162,
    "CBNT": 0.07066470425541277,
    "ITXXF": 0.07036335050347499,
    "FLMP": 0.06284836922603365,
    "INTK": 0.06218689655036887,
    "GMGMF": 0.0566982923716388,
    "CRKN": 0.056053225224942056,
    "WKCMF": 0.05232677292502115,
    "AVOA": 0.002932147250285917
}