{
    "ARKAF": 1.0000000000000002,
    "ARKAY": 1.0000000000000002,
    "COIHF": 0.4216773831448083,
    "COIHY": 0.4216773831448083,
    "RPM": 0.3834613802570595,
    "FUL": 0.35863047166934253,
    "ESI": 0.35850648680568603,
    "LNXSF": 0.35231055153089935,
    "SKFOF": 0.3489720600634374,
    "SXYAY": 0.3489720600634374,
    "CLZNF": 0.34618683292522545,
    "CLZNY": 0.34618683292522545,
    "PPG": 0.34516831082114874,
    "DD": 0.33394459317936087,
    "SCL": 0.3271190920914289,
    "HWKN": 0.3247109561273239,
    "MITUF": 0.3066414722490162,
    "MITUY": 0.3066414722490162,
    "DALQF": 0.3064694672284578,
    "DLNDY": 0.3064694672284578,
    "CCF": 0.30208042668156926,
    "VNTR": 0.2975222548718208,
    "ELMTY": 0.28741575303661165,
    "EMNSF": 0.28741575303661165,
    "CBT": 0.2849498650799594,
    "EVKIF": 0.28394925793785786,
    "FOE": 0.28106295344427223,
    "OLN": 0.27999095415477393,
    "KDSKF": 0.27936042886248,
    "RDSMY": 0.27936042886248,
    "ECL": 0.27531685281565016,
    "IOSP": 0.2743023251498631,
    "PQG": 0.2730642916854834,
    "AXTA": 0.27172556696361494,
    "LYB": 0.2712506975918265,
    "CC": 0.2703391410166391,
    "AVNT": 0.270336382327043,
    "AWTRF": 0.2693602613921264,
    "CVVTF": 0.26428548978239147,
    "FLRAF": 0.2638775821436329,
    "YIPCF": 0.26343949832282354,
    "NGVT": 0.25902723118004484,
    "ASH": 0.25623759896578474,
    "COVTY": 0.25555871909122685,
    "ECSNF": 0.25512960861602335,
    "TINLY": 0.2536960775032413,
    "KRA": 0.25317203937987115,
    "WLK": 0.25144985500471123,
    "UBEOY": 0.25144177674222595,
    "GPHBF": 0.2508553059067179,
    "FPLSF": 0.25042279474056844,
    "HXOH": 0.24244161388470475,
    "GURE": 0.24112382727107579,
    "BNTGF": 0.24012669685406457,
    "BNTGY": 0.24012669685406457,
    "GRPEF": 0.2392204208405126,
    "KPTCY": 0.2390128558919108,
    "KSANF": 0.2390128558919108,
    "JMPLF": 0.238548320271024,
    "JMPLY": 0.238548320271024,
    "SHW": 0.23611786926106287,
    "OCLDF": 0.2355114680025465,
    "OCLDY": 0.2355114680025465,
    "KRO": 0.23301698560081227,
    "FAME": 0.23205496197433617,
    "ABSSF": 0.2306893781555027,
    "CGIFF": 0.23055336972306661,
    "HYDI": 0.22848890540923023,
    "NTIC": 0.22680706847881743,
    "TORM": 0.22660189463739677,
    "BCPC": 0.22571253053673093,
    "NOPMF": 0.22537984045406048,
    "EMSHF": 0.22384961868859085,
    "IFF": 0.22290149383485436,
    "IFFT": 0.22290149383485436,
    "ALB": 0.22254814036731463,
    "FUPBY": 0.22159144264189062,
    "FUPEF": 0.22159144264189062,
    "FSI": 0.22070723598567762,
    "VTXPF": 0.21973890179889075,
    "ASGLY": 0.2190214448782043,
    "AKZOF": 0.21839281949755954,
    "AKZOY": 0.21839281949755954,
    "KOP": 0.21788890370728708,
    "KBLB": 0.21650931729355902,
    "AVTR-PA": 0.21579422302457033,
    "AVTR": 0.21579422302457033,
    "ESPIQ": 0.21578322267943456,
    "ODC": 0.21564188705246992,
    "NEU": 0.21506312484879722,
    "NPCPF": 0.21354176107159126,
    "TSE": 0.2124460328734395,
    "SCVPY": 0.21219024350471,
    "LIN": 0.20711891496266716,
    "ICPVF": 0.20685386698592192,
    "INCZY": 0.20685386698592192,
    "TREC": 0.20641533685889704,
    "SYIEF": 0.20492591929136644,
    "SYIEY": 0.20492591929136644,
    "GCP": 0.20467874719963092,
    "KYZN": 0.20308207341967918,
    "IKNX": 0.20225345518967724,
    "UNRG": 0.19595086714207446,
    "SXT": 0.19421742477114795,
    "KANKF": 0.19407801509242117,
    "APGMF": 0.19357809669541304,
    "HERC": 0.19337731394324048,
    "NANX": 0.19085162560277286,
    "IOFNF": 0.19015236371875005,
    "VITOF": 0.18855379130989516,
    "ABLT": 0.1880592918955178,
    "ALTO": 0.18763383395154135,
    "JSCPF": 0.1859153117814634,
    "JSCPY": 0.1859153117814634,
    "NDEKF": 0.18419839179995645,
    "NDEKY": 0.18419839179995645,
    "GRA": 0.1834246634665805,
    "TG": 0.1819136485610627,
    "BRRDF": 0.1802897104955606,
    "CCGY": 0.17892667104560506,
    "DTPKF": 0.17718235495002954,
    "GPRE": 0.17522262019403861,
    "KWR": 0.17468408003775382,
    "SYBF": 0.1724134674258173,
    "TKCBY": 0.1716125759200586,
    "NNUP": 0.1708904668995106,
    "HXPLF": 0.1707222856710306,
    "TKYMY": 0.17014397732682263,
    "MOPN": 0.16970785337540972,
    "VRSRF": 0.16709489799672397,
    "CSNVF": 0.1620763487515996,
    "CSNVY": 0.1620763487515996,
    "ETEK": 0.16190843537999713,
    "PTCAY": 0.15618311397917464,
    "PTPIF": 0.15618311397917464,
    "CHYHY": 0.1559905127560261,
    "CRTSF": 0.1559905127560261,
    "INTK": 0.15597518774351293,
    "VYST": 0.155144139534227,
    "CLKTF": 0.15389136839747602,
    "GLYE": 0.15235007500414977,
    "HDGHF": 0.15204871512108273,
    "AVTXF": 0.14705803224220418,
    "ETCK": 0.14522107266599094,
    "HDSN": 0.14308190963025508,
    "WKCMF": 0.14271628314472873,
    "HUABF": 0.14247473265233954,
    "HUIHY": 0.14247473265233954,
    "IZCFF": 0.1423448577666038,
    "GNPG": 0.13667732264729665,
    "WDFC": 0.1365542508317839,
    "CANOF": 0.13497103874014738,
    "GVDBF": 0.13439091964003436,
    "GVDNY": 0.13439091964003436,
    "NNOMF": 0.13332983150232727,
    "ENDO": 0.1328043223675756,
    "AUTR": 0.13276707234199522,
    "PVNNF": 0.13252046832226844,
    "CNEY": 0.13235880257577154,
    "LOOP": 0.1313574511422029,
    "AMRS": 0.12919126391953345,
    "FLKI": 0.1279988769073214,
    "COOSF": 0.12714040211791994,
    "LTHM": 0.12609475495179723,
    "SNES": 0.11364604549538652,
    "OEC": 0.11363838239399171,
    "SEVT": 0.11225594408725068,
    "HYPF": 0.11123811572238221,
    "XLPI": 0.10784177690527896,
    "NFTI": 0.10721165518373743,
    "GEVO": 0.10682370373935955,
    "ITXXF": 0.10666286801829569,
    "GLGI": 0.10558245679143831,
    "CLTH": 0.10243479169584845,
    "CMT": 0.10177270767802231,
    "RNWF": 0.10099289441201166,
    "ATURF": 0.10030853713123476,
    "WLAB": 0.0997168788825317,
    "ALKN": 0.09283463935943628,
    "ACRB": 0.09119124789358653,
    "LWLG": 0.09024945858011027,
    "CBNT": 0.08571197769444,
    "NTCHF": 0.077612968641851,
    "GMGMF": 0.07457729771303022,
    "CRKN": 0.06923233670130033,
    "ALLM": 0.0635473012510462,
    "FLMP": 0.05722807105701368,
    "AVOA": 0.0014235168472995093
}