{
    "AXTA": 1.0000000000000002,
    "PPG": 0.35492433764755027,
    "SHW": 0.32460356118506145,
    "RPM": 0.3243672005983349,
    "SKFOF": 0.3082873505845798,
    "SXYAY": 0.3082873505845798,
    "KPTCY": 0.30144620787148335,
    "KSANF": 0.30144620787148335,
    "COIHF": 0.2842849639965401,
    "COIHY": 0.2842849639965401,
    "FOE": 0.2774867982269224,
    "ARKAF": 0.27172556696361494,
    "ARKAY": 0.27172556696361494,
    "DALQF": 0.26330750293917193,
    "DLNDY": 0.26330750293917193,
    "FUL": 0.25541990289525296,
    "NPCPF": 0.25422348020531954,
    "OLN": 0.24953484900646614,
    "CVVTF": 0.24848397392053898,
    "SCL": 0.24600710172587154,
    "YIPCF": 0.24133253821379005,
    "AKZOF": 0.23919646076065545,
    "AKZOY": 0.23919646076065545,
    "OCLDF": 0.23868193600660828,
    "OCLDY": 0.23868193600660828,
    "FAME": 0.2368520426103905,
    "DD": 0.2352514095852018,
    "GCP": 0.23453388337103165,
    "ELMTY": 0.23391216775621265,
    "EMNSF": 0.23391216775621265,
    "NTIC": 0.23374668533884677,
    "HWKN": 0.23345065258557107,
    "ODC": 0.23282285104335548,
    "ECL": 0.22987336529355365,
    "NGVT": 0.22777693462426835,
    "MITUF": 0.22678320048510678,
    "MITUY": 0.22678320048510678,
    "BNTGF": 0.22557575334040472,
    "BNTGY": 0.22557575334040472,
    "CBT": 0.22396624861114528,
    "COVTY": 0.22241650094659193,
    "VNTR": 0.22137969741701677,
    "TORM": 0.22015011374808355,
    "SXT": 0.21971547839577776,
    "HYDI": 0.21922948825890176,
    "JMPLF": 0.21904339202265982,
    "JMPLY": 0.21904339202265982,
    "IOSP": 0.21874409092406538,
    "CLZNF": 0.21710776458244674,
    "CLZNY": 0.21710776458244674,
    "WLK": 0.2142801770678819,
    "CCF": 0.2130955824973171,
    "NEU": 0.21266825899617242,
    "ABLT": 0.21122167117658708,
    "PQG": 0.20976696138109677,
    "CC": 0.20894941413178192,
    "BCPC": 0.2077556209982282,
    "ABSSF": 0.2052088664806746,
    "UBEOY": 0.2044205882367416,
    "LYB": 0.2042987132858877,
    "KRO": 0.20403853520140985,
    "WDFC": 0.2033137367179821,
    "AVTR-PA": 0.2022239181170565,
    "AVTR": 0.2022239181170565,
    "IFF": 0.20125651028593108,
    "IFFT": 0.20125651028593108,
    "NANX": 0.20116407108364698,
    "AWTRF": 0.1996519456104167,
    "ESI": 0.19700990607289648,
    "LNXSF": 0.19691617762283384,
    "UNRG": 0.1960911753188757,
    "KDSKF": 0.19602306285278193,
    "RDSMY": 0.19602306285278193,
    "HERC": 0.19336083502551182,
    "ECSNF": 0.19319363466184541,
    "AVNT": 0.1924049126186761,
    "ETEK": 0.1923169033142028,
    "FUPBY": 0.19132351360176972,
    "FUPEF": 0.19132351360176972,
    "ICPVF": 0.18953100422307603,
    "INCZY": 0.18953100422307603,
    "FPLSF": 0.187841838748384,
    "KOP": 0.18648104250018466,
    "GURE": 0.18578469915883053,
    "FLRAF": 0.18488489634652827,
    "NNUP": 0.18366102755146727,
    "TINLY": 0.18277138793743025,
    "SYIEF": 0.1824532820954499,
    "SYIEY": 0.1824532820954499,
    "GPHBF": 0.18217392311512964,
    "CLKTF": 0.18158455400409354,
    "ASH": 0.17878071271229326,
    "KRA": 0.17856586437812064,
    "EMSHF": 0.1778071399236745,
    "FSI": 0.17721448785391195,
    "SYBF": 0.176480816167097,
    "KYZN": 0.17566171536279832,
    "ESPIQ": 0.17488477017728246,
    "EVKIF": 0.17306566723347566,
    "TKCBY": 0.17298408634947582,
    "TG": 0.17055712750073643,
    "IKNX": 0.17007545690379525,
    "NOPMF": 0.168476474204667,
    "TREC": 0.16684760714258728,
    "TSE": 0.1663116350574581,
    "CGIFF": 0.1652206598754643,
    "INTK": 0.16511059990827917,
    "CHYHY": 0.16263253764362146,
    "CRTSF": 0.16263253764362146,
    "ALB": 0.1625573375711999,
    "DTPKF": 0.16112822667136772,
    "VRSRF": 0.16005656784752378,
    "KANKF": 0.16002052800728564,
    "HXOH": 0.15983791745517026,
    "ALTO": 0.1596351243337145,
    "SCVPY": 0.158830774549441,
    "GPRE": 0.15823343590308264,
    "FLKI": 0.15670574834193543,
    "APGMF": 0.15574968142224743,
    "GLYE": 0.15469882685249475,
    "ASGLY": 0.15397390659699162,
    "KBLB": 0.151921799006665,
    "LIN": 0.15169983164612683,
    "CCGY": 0.1515175770676553,
    "VTXPF": 0.15150373541974904,
    "GRPEF": 0.15036393670574505,
    "TKYMY": 0.14951215704513002,
    "GVDBF": 0.14846169292233266,
    "GVDNY": 0.14846169292233266,
    "NFTI": 0.1479751515066512,
    "HXPLF": 0.1479608248904715,
    "PTCAY": 0.1471257556987875,
    "PTPIF": 0.1471257556987875,
    "GRA": 0.1441288888994433,
    "ENDO": 0.14375133295848397,
    "IOFNF": 0.142987047073872,
    "ETCK": 0.14230496015216662,
    "VITOF": 0.13951770318746032,
    "HDGHF": 0.13942960995781215,
    "AMRS": 0.1393494324362827,
    "BRRDF": 0.13878322339188945,
    "OEC": 0.1386021292391541,
    "JSCPF": 0.13855709307350295,
    "JSCPY": 0.13855709307350295,
    "WLAB": 0.13821862357595846,
    "CNEY": 0.13779817063980443,
    "CSNVF": 0.13672471807874537,
    "CSNVY": 0.13672471807874537,
    "IZCFF": 0.13403058059229372,
    "AVTXF": 0.133030082478936,
    "NDEKF": 0.12909286596789907,
    "NDEKY": 0.12909286596789907,
    "KWR": 0.12814362244592384,
    "VYST": 0.12692299803587798,
    "GNPG": 0.12543544117496747,
    "LTHM": 0.12499098199130453,
    "MOPN": 0.12398621768415007,
    "HDSN": 0.12259688135815357,
    "SEVT": 0.12096728302065614,
    "AUTR": 0.11915407078279266,
    "HUABF": 0.11550047228390148,
    "HUIHY": 0.11550047228390148,
    "NNOMF": 0.11393096634970765,
    "GMGMF": 0.11234117176812743,
    "HYPF": 0.11225219889380796,
    "LWLG": 0.10820394900885408,
    "CANOF": 0.10762398527494478,
    "RNWF": 0.10621563466878466,
    "CMT": 0.10476596751070541,
    "GLGI": 0.10355591964603192,
    "COOSF": 0.09810710891453,
    "PVNNF": 0.096959513835307,
    "CLTH": 0.09607570992371472,
    "ITXXF": 0.09499528533161052,
    "XLPI": 0.09497973955478436,
    "CBNT": 0.09352159902858588,
    "LOOP": 0.09147898522160784,
    "ACRB": 0.09116149192503875,
    "GEVO": 0.09103449952299292,
    "WKCMF": 0.08782590710813533,
    "SNES": 0.08225503031451394,
    "ALLM": 0.07985649305119301,
    "ATURF": 0.07890304995102124,
    "NTCHF": 0.07398279166049594,
    "ALKN": 0.0717473629302359,
    "FLMP": 0.06900944541217019,
    "CRKN": 0.05400407776674584,
    "AVOA": 0.0019294062307418638
}