{
    "CLKTF": 1.0,
    "CBT": 0.19092377296897536,
    "TORM": 0.18375622568091776,
    "SCL": 0.182564156347664,
    "TKCBY": 0.18217387697688497,
    "AXTA": 0.18158455400409354,
    "ECSNF": 0.17922679424826032,
    "COIHF": 0.17619193360022511,
    "COIHY": 0.17619193360022511,
    "KRO": 0.17602552578991196,
    "FUL": 0.17578396653090242,
    "NPCPF": 0.17567073528015897,
    "ECL": 0.17337072421214747,
    "DALQF": 0.17266813137034273,
    "DLNDY": 0.17266813137034273,
    "VNTR": 0.17063734777273037,
    "MITUF": 0.1687730441350364,
    "MITUY": 0.1687730441350364,
    "FLKI": 0.16802223394049037,
    "SYBF": 0.16695551208223333,
    "CVVTF": 0.1653685372215068,
    "ESPIQ": 0.1652608094693291,
    "CLZNF": 0.15877481397535975,
    "CLZNY": 0.15877481397535975,
    "HWKN": 0.15716479777746714,
    "ABSSF": 0.15667869302567228,
    "DD": 0.15395446390877604,
    "ARKAF": 0.15389136839747602,
    "ARKAY": 0.15389136839747602,
    "PPG": 0.15378937642581447,
    "PQG": 0.15261414740993076,
    "SKFOF": 0.15151540718412773,
    "SXYAY": 0.15151540718412773,
    "COVTY": 0.1511721500613546,
    "SCVPY": 0.15112764140878762,
    "IOSP": 0.1507121233231122,
    "UBEOY": 0.15063435777803177,
    "UNRG": 0.1493241942991973,
    "ASH": 0.1472343407981718,
    "ELMTY": 0.14682795278009877,
    "EMNSF": 0.14682795278009877,
    "JMPLF": 0.1460741854248538,
    "JMPLY": 0.1460741854248538,
    "AVNT": 0.14567214055886402,
    "NGVT": 0.14479055149441156,
    "KPTCY": 0.14448355876585098,
    "KSANF": 0.14448355876585098,
    "YIPCF": 0.14385703364545405,
    "FAME": 0.14204818542488643,
    "OLN": 0.141486734085099,
    "RPM": 0.14119708150285765,
    "LYB": 0.14112225542592782,
    "BNTGF": 0.13904936941513918,
    "BNTGY": 0.13904936941513918,
    "LNXSF": 0.13896262903304687,
    "NTIC": 0.1383357072483347,
    "ESI": 0.13808328839653067,
    "IFF": 0.1376197617763512,
    "IFFT": 0.1376197617763512,
    "NEU": 0.1375973565345886,
    "SHW": 0.13728290887542205,
    "ALTO": 0.13718033175073355,
    "SYIEF": 0.13578626436015412,
    "SYIEY": 0.13578626436015412,
    "CNEY": 0.13458763992451078,
    "HYDI": 0.13438821585271632,
    "FPLSF": 0.1335419520088888,
    "TSE": 0.13309081332373854,
    "FLRAF": 0.1322917878414026,
    "GPHBF": 0.13153024975137242,
    "ETCK": 0.13139667518855774,
    "FOE": 0.13117252455544906,
    "KOP": 0.1308275821755916,
    "CCGY": 0.1308079374679344,
    "FSI": 0.13075648888387587,
    "OCLDF": 0.1304672024872283,
    "OCLDY": 0.1304672024872283,
    "BCPC": 0.12892791427395853,
    "CC": 0.1287211281059407,
    "ODC": 0.1286261422009832,
    "SXT": 0.12824914569903828,
    "AKZOF": 0.12819600621971589,
    "AKZOY": 0.12819600621971589,
    "CHYHY": 0.12768622852554268,
    "CRTSF": 0.12768622852554268,
    "CCF": 0.12711222301016895,
    "GURE": 0.1268747446148085,
    "KDSKF": 0.12649402456587394,
    "RDSMY": 0.12649402456587394,
    "VYST": 0.12573980635247115,
    "ICPVF": 0.12529161527481106,
    "INCZY": 0.12529161527481106,
    "AVTXF": 0.12477289204694522,
    "NOPMF": 0.12339120625661637,
    "TREC": 0.12273904977199415,
    "KRA": 0.12205411598006649,
    "TINLY": 0.12173185660252095,
    "WLK": 0.12148335178420429,
    "HERC": 0.12133642771590608,
    "ABLT": 0.12056771601293291,
    "AWTRF": 0.12019750291267041,
    "LTHM": 0.12017677234098682,
    "LIN": 0.11973844844145604,
    "GLYE": 0.11935913234435266,
    "IKNX": 0.11720206186576983,
    "EVKIF": 0.11711287607049448,
    "NNUP": 0.11709325570299704,
    "HXPLF": 0.1168832256872294,
    "OEC": 0.11679317809722646,
    "FUPBY": 0.11598528194909309,
    "FUPEF": 0.11598528194909309,
    "EMSHF": 0.11576849596354045,
    "GPRE": 0.11565768047138646,
    "TKYMY": 0.11552151356609465,
    "JSCPF": 0.11455163231428746,
    "JSCPY": 0.11455163231428746,
    "KYZN": 0.11305746359590593,
    "SEVT": 0.11272703098627747,
    "VITOF": 0.11244064796260966,
    "HXOH": 0.11240139322057147,
    "ALB": 0.11239190669442048,
    "AVTR-PA": 0.1120701283087081,
    "AVTR": 0.1120701283087081,
    "CLTH": 0.1118959969911788,
    "CGIFF": 0.11019894197419088,
    "CSNVF": 0.10990281052094107,
    "CSNVY": 0.10990281052094107,
    "KBLB": 0.10905024618835925,
    "BRRDF": 0.10733067031833117,
    "NANX": 0.1068618799816021,
    "ETEK": 0.1062739995395084,
    "PTCAY": 0.10594071140238606,
    "PTPIF": 0.10594071140238606,
    "ATURF": 0.10515466913884683,
    "IOFNF": 0.10422980281288335,
    "GMGMF": 0.10420431913230141,
    "VRSRF": 0.10418531132051345,
    "ACRB": 0.10292257165847746,
    "RNWF": 0.10247558525942978,
    "WDFC": 0.10100744650452927,
    "COOSF": 0.10096936840487253,
    "VTXPF": 0.10089940956953079,
    "IZCFF": 0.10032727243021533,
    "HUABF": 0.10015662796869373,
    "HUIHY": 0.10015662796869373,
    "PVNNF": 0.0998619188950222,
    "HYPF": 0.09985809177209665,
    "ASGLY": 0.0997659542613322,
    "GRPEF": 0.0982480800011055,
    "APGMF": 0.09716027766180604,
    "GNPG": 0.09638883088925441,
    "AMRS": 0.09613047120455331,
    "GVDBF": 0.09585097642977755,
    "GVDNY": 0.09585097642977755,
    "HDGHF": 0.09523405502160565,
    "LWLG": 0.09511818040593349,
    "TG": 0.09432615883806172,
    "AUTR": 0.09425196089615831,
    "KANKF": 0.09246128937018694,
    "DTPKF": 0.09213150859034515,
    "HDSN": 0.09054660266552272,
    "GEVO": 0.0905161116203319,
    "LOOP": 0.08884711133367962,
    "GCP": 0.08873737896758593,
    "GRA": 0.08690267440801934,
    "MOPN": 0.08161428034954932,
    "INTK": 0.08154424873351518,
    "WLAB": 0.08091355836837709,
    "NDEKF": 0.08075928945947539,
    "NDEKY": 0.08075928945947539,
    "ENDO": 0.08065564690285631,
    "KWR": 0.08026241344126235,
    "ITXXF": 0.07769311232145862,
    "CANOF": 0.07583748066601155,
    "XLPI": 0.07525695609300129,
    "ALKN": 0.07440501093600024,
    "GLGI": 0.07374785882655308,
    "WKCMF": 0.07256810466237396,
    "CMT": 0.07009270723603539,
    "ALLM": 0.07002768542993604,
    "CBNT": 0.06745702991315729,
    "SNES": 0.0660568221923605,
    "NNOMF": 0.06529649522139318,
    "NFTI": 0.06246618026917475,
    "NTCHF": 0.05966135464531857,
    "CRKN": 0.05892727795591942,
    "FLMP": 0.050519768064577364,
    "AVOA": 0.0026144279033342745
}