{
    "KBLB": 1.0000000000000002,
    "TINLY": 0.2830028079515863,
    "DTPKF": 0.26906614818585606,
    "SCL": 0.2671844200974117,
    "COIHF": 0.2575153046115663,
    "COIHY": 0.2575153046115663,
    "FAME": 0.2337078316039958,
    "ABSSF": 0.22081791405405424,
    "CVVTF": 0.21921553645775171,
    "ARKAF": 0.21650931729355902,
    "ARKAY": 0.21650931729355902,
    "DALQF": 0.21271961681530574,
    "DLNDY": 0.21271961681530574,
    "FPLSF": 0.2099487705527263,
    "SKFOF": 0.20958962101292,
    "SXYAY": 0.20958962101292,
    "FOE": 0.20901820067421226,
    "FUL": 0.2088672180562485,
    "PPG": 0.20611692933384437,
    "CBT": 0.20534177267927267,
    "COVTY": 0.20129852173304202,
    "LNXSF": 0.20071331440880932,
    "OLN": 0.19978602465610332,
    "KRO": 0.1970976585163888,
    "DD": 0.19377069878613468,
    "IOSP": 0.19126434842127407,
    "GPHBF": 0.19063406378707462,
    "NOPMF": 0.19032215121271584,
    "MITUF": 0.18855517459592713,
    "MITUY": 0.18855517459592713,
    "VNTR": 0.18777412642967337,
    "ECSNF": 0.1857033434687378,
    "GURE": 0.18368117944022938,
    "ECL": 0.18226910835861537,
    "FLRAF": 0.17968631017754502,
    "NGVT": 0.1770984998009823,
    "PQG": 0.17612389742418305,
    "HWKN": 0.17475559999531443,
    "RPM": 0.1742349171591147,
    "BNTGF": 0.17417684900673705,
    "BNTGY": 0.17417684900673705,
    "ASH": 0.17337493524624084,
    "ESPIQ": 0.1733742020928063,
    "AVTR-PA": 0.17230900003849448,
    "AVTR": 0.17230900003849448,
    "YIPCF": 0.1719701307353663,
    "LYB": 0.1716155070069874,
    "JMPLF": 0.17070800141666512,
    "JMPLY": 0.17070800141666512,
    "KDSKF": 0.17033129436387112,
    "RDSMY": 0.17033129436387112,
    "UBEOY": 0.1697737481815937,
    "ESI": 0.16951027986107284,
    "AVNT": 0.167699204428984,
    "UNRG": 0.16644143826306176,
    "NEU": 0.1661958446684478,
    "ABLT": 0.16540309967429656,
    "WLK": 0.1634056318794754,
    "ALTO": 0.16188729008788025,
    "SYBF": 0.16127187958309985,
    "HYDI": 0.16070879640260527,
    "NANX": 0.1598617489389742,
    "BCPC": 0.15913380961740092,
    "NTIC": 0.15864141286505298,
    "CLZNF": 0.15784247103893687,
    "CLZNY": 0.15784247103893687,
    "NFTI": 0.1573706515456986,
    "TORM": 0.15634138103478518,
    "CCF": 0.15553019517443986,
    "AWTRF": 0.1554987996094896,
    "SHW": 0.15538387428233183,
    "ODC": 0.15526753946021898,
    "TREC": 0.15488802344989225,
    "LOOP": 0.1547209581281342,
    "ETEK": 0.15464730395157478,
    "OCLDF": 0.15416635582403732,
    "OCLDY": 0.15416635582403732,
    "TSE": 0.15386208372000226,
    "SYIEF": 0.15269614665660153,
    "SYIEY": 0.15269614665660153,
    "VRSRF": 0.15242473316699842,
    "AXTA": 0.151921799006665,
    "CC": 0.15176701550391303,
    "ICPVF": 0.15086278822806332,
    "INCZY": 0.15086278822806332,
    "TKCBY": 0.1508450667789291,
    "BRRDF": 0.15037468823960004,
    "KOP": 0.15007471597892344,
    "ELMTY": 0.14957331349402905,
    "EMNSF": 0.14957331349402905,
    "NPCPF": 0.14953900407432347,
    "FSI": 0.14890160716287212,
    "APGMF": 0.14768117355471183,
    "IFF": 0.14725826025762367,
    "IFFT": 0.14725826025762367,
    "KRA": 0.14645140766587947,
    "IKNX": 0.14544149434750936,
    "KPTCY": 0.1447480233041264,
    "KSANF": 0.1447480233041264,
    "ALB": 0.14367687552458097,
    "VYST": 0.14255652279082837,
    "VTXPF": 0.1422556183145356,
    "GRPEF": 0.14222126616333325,
    "ETCK": 0.14196508394411825,
    "NNUP": 0.14191401385410662,
    "FUPBY": 0.14179102320637604,
    "FUPEF": 0.14179102320637604,
    "KYZN": 0.14083595029368584,
    "EMSHF": 0.1401891449890406,
    "SXT": 0.13930076714823444,
    "SEVT": 0.1388431129962932,
    "HXOH": 0.1379805957762185,
    "HDGHF": 0.1365632448109523,
    "CCGY": 0.13651120360489347,
    "CHYHY": 0.13542953991673928,
    "CRTSF": 0.13542953991673928,
    "AKZOF": 0.132999911050349,
    "AKZOY": 0.132999911050349,
    "KANKF": 0.13276477066883396,
    "HXPLF": 0.13233794929120146,
    "NDEKF": 0.13233444368581648,
    "NDEKY": 0.13233444368581648,
    "CGIFF": 0.13209851141024828,
    "EVKIF": 0.1320220762962504,
    "HERC": 0.13110961330196166,
    "TG": 0.1306619884160294,
    "CNEY": 0.1279550523660756,
    "LIN": 0.12702140668354056,
    "IOFNF": 0.12683573120861413,
    "XLPI": 0.12681413654308116,
    "GPRE": 0.12503182084904718,
    "ASGLY": 0.12404911959286731,
    "SCVPY": 0.12331242128265402,
    "PTCAY": 0.12292525488451245,
    "PTPIF": 0.12292525488451245,
    "GRA": 0.12277384145460568,
    "AVTXF": 0.12244644088482548,
    "VITOF": 0.12003797097230355,
    "WDFC": 0.11959522604339329,
    "AMRS": 0.11878152282737459,
    "GCP": 0.11699969625441406,
    "CLTH": 0.11653586788444556,
    "TKYMY": 0.11651970618049319,
    "LWLG": 0.11531263075040198,
    "CSNVF": 0.11495978209473835,
    "CSNVY": 0.11495978209473835,
    "LTHM": 0.11382134898405566,
    "CANOF": 0.11292959027596725,
    "HDSN": 0.11245548163236158,
    "HYPF": 0.111282909909717,
    "GLYE": 0.11108573522945743,
    "RNWF": 0.11053683637949889,
    "GNPG": 0.11051328135649105,
    "ENDO": 0.11006464611978561,
    "CLKTF": 0.10905024618835925,
    "IZCFF": 0.10890685095280732,
    "MOPN": 0.10816108584753865,
    "INTK": 0.10809880385905835,
    "FLKI": 0.10808853531137075,
    "PVNNF": 0.1074737291209133,
    "JSCPF": 0.10693284710681683,
    "JSCPY": 0.10693284710681683,
    "GVDBF": 0.10479323202648794,
    "GVDNY": 0.10479323202648794,
    "OEC": 0.10454525212218757,
    "ATURF": 0.10237967168564423,
    "NNOMF": 0.10101257655376146,
    "HUABF": 0.10049692102720668,
    "HUIHY": 0.10049692102720668,
    "CMT": 0.099564420708522,
    "ACRB": 0.09861933623393268,
    "COOSF": 0.09818032030650164,
    "GEVO": 0.09695645063863943,
    "ALLM": 0.09454897399417485,
    "AUTR": 0.08975665710733959,
    "CBNT": 0.08824342944053566,
    "SNES": 0.08795441382374872,
    "KWR": 0.08750028622821195,
    "WLAB": 0.08511294788528322,
    "CRKN": 0.08297362970937436,
    "GLGI": 0.08218371189517297,
    "ITXXF": 0.0820017135125811,
    "ALKN": 0.07814449355797327,
    "WKCMF": 0.07024071715401713,
    "NTCHF": 0.06383749432677238,
    "GMGMF": 0.060073978151033006,
    "FLMP": 0.059083027023759394,
    "AVOA": 0.0018050057034065057
}