{
    "KPTCY": 1.0000000000000002,
    "KSANF": 1.0000000000000002,
    "NPCPF": 0.4278734493351902,
    "PPG": 0.343054374440258,
    "SHW": 0.30407799931950746,
    "AXTA": 0.30144620787148335,
    "RPM": 0.26834270544409017,
    "FOE": 0.26064867511106266,
    "COIHF": 0.2532807015536993,
    "COIHY": 0.2532807015536993,
    "FAME": 0.24638517865030335,
    "UBEOY": 0.24361474034922692,
    "SKFOF": 0.24351807741297005,
    "SXYAY": 0.24351807741297005,
    "DALQF": 0.2391393677827026,
    "DLNDY": 0.2391393677827026,
    "ARKAF": 0.2390128558919108,
    "ARKAY": 0.2390128558919108,
    "TORM": 0.23399651021592976,
    "MITUF": 0.21906518743997822,
    "MITUY": 0.21906518743997822,
    "AKZOF": 0.2174107097640778,
    "AKZOY": 0.2174107097640778,
    "ELMTY": 0.21484678677758262,
    "EMNSF": 0.21484678677758262,
    "CVVTF": 0.21437680775943457,
    "YIPCF": 0.21108452221110008,
    "ECSNF": 0.203426587473245,
    "TKCBY": 0.20195311692228318,
    "CCF": 0.19984288325851104,
    "COVTY": 0.1996629561743701,
    "OLN": 0.19825928792077288,
    "SCL": 0.19758293369386315,
    "LNXSF": 0.196748641938865,
    "HWKN": 0.19445109158942814,
    "CBT": 0.19137081184765087,
    "NGVT": 0.19034768207736605,
    "ABSSF": 0.18939986194155506,
    "LYB": 0.18880772611841656,
    "KDSKF": 0.18808461191656656,
    "RDSMY": 0.18808461191656656,
    "FPLSF": 0.18698577589175766,
    "TINLY": 0.1869225798071606,
    "FUL": 0.1845481387288164,
    "ICPVF": 0.1812532610406791,
    "INCZY": 0.1812532610406791,
    "AWTRF": 0.17977502540806833,
    "KRO": 0.1792414924398002,
    "VNTR": 0.17413945638101874,
    "WLK": 0.17408522136851212,
    "ECL": 0.17268815648092925,
    "HYDI": 0.17196723485141785,
    "ESI": 0.1713149568083634,
    "AVNT": 0.17014688150182256,
    "NOPMF": 0.16958346755724263,
    "GRPEF": 0.1694567063438876,
    "ABLT": 0.1693276050204948,
    "CLZNF": 0.1691146562658113,
    "CLZNY": 0.1691146562658113,
    "LIN": 0.16791099550351501,
    "GPHBF": 0.166947373531237,
    "GURE": 0.16646308202875215,
    "IOSP": 0.16634607299956145,
    "BNTGF": 0.16632270917466385,
    "BNTGY": 0.16632270917466385,
    "DD": 0.16491653435902665,
    "OCLDF": 0.16391737585497515,
    "OCLDY": 0.16391737585497515,
    "ASH": 0.16336648905839418,
    "JMPLF": 0.16145594812576658,
    "JMPLY": 0.16145594812576658,
    "NTIC": 0.1612614084202512,
    "FUPBY": 0.1611712860549517,
    "FUPEF": 0.1611712860549517,
    "FLRAF": 0.15813662835865805,
    "SXT": 0.15519514487276256,
    "PQG": 0.15469078888708146,
    "SCVPY": 0.154479149519197,
    "NANX": 0.15276493092052318,
    "NEU": 0.15250529510752042,
    "INTK": 0.15220095748001883,
    "AVTR-PA": 0.1503188889252396,
    "AVTR": 0.1503188889252396,
    "FLKI": 0.14936176274969046,
    "ODC": 0.1492253170018566,
    "TKYMY": 0.14865709062653035,
    "IFF": 0.14688471303883047,
    "IFFT": 0.14688471303883047,
    "HXOH": 0.1462550842668029,
    "VTXPF": 0.14542473971717573,
    "KBLB": 0.1447480233041264,
    "CLKTF": 0.14448355876585098,
    "KOP": 0.14418470350562845,
    "APGMF": 0.14415844475236927,
    "UNRG": 0.14264411154167306,
    "TG": 0.14022089373261865,
    "NDEKF": 0.13977410612999305,
    "NDEKY": 0.13977410612999305,
    "EVKIF": 0.13848293229770686,
    "JSCPF": 0.13760152981274776,
    "JSCPY": 0.13760152981274776,
    "SYIEF": 0.13737284418860568,
    "SYIEY": 0.13737284418860568,
    "TSE": 0.136923424805943,
    "EMSHF": 0.1360032845629796,
    "KANKF": 0.13493610362607142,
    "SYBF": 0.13426866233607765,
    "IKNX": 0.13418553672325198,
    "IOFNF": 0.1327039425127225,
    "BCPC": 0.1326494951891556,
    "KRA": 0.13222163433099832,
    "VYST": 0.13205532808850257,
    "GRA": 0.13058649102148373,
    "CC": 0.12960930822669578,
    "VITOF": 0.12865214601037372,
    "ASGLY": 0.128647456171772,
    "ESPIQ": 0.12823698779010856,
    "ALB": 0.12819167076268095,
    "ETEK": 0.12790593350582208,
    "HDGHF": 0.1267218496734076,
    "TREC": 0.12662725625010493,
    "FSI": 0.12609673937021085,
    "NFTI": 0.12342891356377604,
    "KYZN": 0.1232666739461802,
    "RNWF": 0.12305063719879718,
    "CGIFF": 0.12285720197454178,
    "CCGY": 0.12188897148209432,
    "BRRDF": 0.12077897326521136,
    "HXPLF": 0.11869757451940408,
    "GPRE": 0.11732735046672718,
    "DTPKF": 0.11731318475206554,
    "CHYHY": 0.11514722908514693,
    "CRTSF": 0.11514722908514693,
    "GCP": 0.11458529303374515,
    "ALTO": 0.11436239698196358,
    "HERC": 0.11411114263373352,
    "ETCK": 0.11313339583313334,
    "CNEY": 0.11140385508005407,
    "VRSRF": 0.11039200241939791,
    "GMGMF": 0.109422540150302,
    "NNUP": 0.10804039878659832,
    "PTCAY": 0.10771417944758949,
    "PTPIF": 0.10771417944758949,
    "XLPI": 0.10567253655081528,
    "GVDBF": 0.10484934367524745,
    "GVDNY": 0.10484934367524745,
    "KWR": 0.10413417713017431,
    "HUABF": 0.10404336023209168,
    "HUIHY": 0.10404336023209168,
    "IZCFF": 0.09944339510332643,
    "HDSN": 0.0974207455514578,
    "NNOMF": 0.09723662297617976,
    "AMRS": 0.09712686599894557,
    "WDFC": 0.09705268041259954,
    "ENDO": 0.09699361480640847,
    "AUTR": 0.09672873797150802,
    "GLYE": 0.09605787682651254,
    "AVTXF": 0.0956542437471575,
    "ITXXF": 0.09561510940486186,
    "GNPG": 0.09444392450848343,
    "OEC": 0.09387681837458614,
    "CSNVF": 0.09002448807129426,
    "CSNVY": 0.09002448807129426,
    "PVNNF": 0.08960012061498615,
    "LTHM": 0.08883134629400144,
    "CANOF": 0.08760992481830984,
    "WKCMF": 0.08644459567554837,
    "COOSF": 0.08563631544341604,
    "CMT": 0.08196353841840606,
    "SEVT": 0.08191531546819845,
    "WLAB": 0.081303616235498,
    "LWLG": 0.07886540690740526,
    "ACRB": 0.07692609820976225,
    "LOOP": 0.0742801290349165,
    "CLTH": 0.07354470406981278,
    "GLGI": 0.07222331463281428,
    "MOPN": 0.07057925153789814,
    "SNES": 0.06728287833367179,
    "HYPF": 0.0620760133397672,
    "CBNT": 0.06013957646403833,
    "GEVO": 0.05974343050550183,
    "FLMP": 0.05736639541007307,
    "ATURF": 0.053662712288446476,
    "NTCHF": 0.05069399862506575,
    "ALKN": 0.04967158362486613,
    "ALLM": 0.04071333127950613,
    "CRKN": 0.03488173577007582,
    "AVOA": 0.0020407020726975317
}