{
    "PTCAY": 1.0000000000000002,
    "PTPIF": 1.0000000000000002,
    "TSE": 0.443146837099424,
    "LYB": 0.2805305080314044,
    "KRA": 0.2458353981820817,
    "JSCPF": 0.24505493015825106,
    "JSCPY": 0.24505493015825106,
    "WLK": 0.23376874554868934,
    "WDFC": 0.2084419945582557,
    "FUL": 0.2049355002121806,
    "ODC": 0.20488342935860732,
    "DALQF": 0.20227894614522296,
    "DLNDY": 0.20227894614522296,
    "SCL": 0.19905699000068167,
    "COIHF": 0.19724925070712376,
    "COIHY": 0.19724925070712376,
    "ABSSF": 0.19525101828527422,
    "YIPCF": 0.19314067471168128,
    "MITUF": 0.19287745282008412,
    "MITUY": 0.19287745282008412,
    "SKFOF": 0.18722896331202354,
    "SXYAY": 0.18722896331202354,
    "PPG": 0.18444224738574386,
    "VYST": 0.1815581728798843,
    "CVVTF": 0.1802077453371781,
    "CBT": 0.18017391306419753,
    "GCP": 0.17520725114181435,
    "TG": 0.1743179100718237,
    "ABLT": 0.17113780329598952,
    "ECL": 0.16897060593284088,
    "NTIC": 0.16884348172162864,
    "UBEOY": 0.16880371003602213,
    "KRO": 0.16807258592528304,
    "FOE": 0.16778215066366214,
    "ECSNF": 0.16759129026065167,
    "FPLSF": 0.1674653203651644,
    "COVTY": 0.16690798042599464,
    "HWKN": 0.16292646603514313,
    "TINLY": 0.1628077113669121,
    "LNXSF": 0.16060583381011267,
    "RPM": 0.15964255020354726,
    "CLZNF": 0.15794106130211225,
    "CLZNY": 0.15794106130211225,
    "GURE": 0.15678181861178475,
    "IOSP": 0.15664281981118902,
    "ARKAF": 0.15618311397917464,
    "ARKAY": 0.15618311397917464,
    "OLN": 0.15598896312139157,
    "DD": 0.15404898423960828,
    "FLRAF": 0.1535060722695789,
    "TREC": 0.1534544007557285,
    "SCVPY": 0.15338808231942874,
    "ESI": 0.152684846251174,
    "PQG": 0.149457591744637,
    "CMT": 0.14935896311300711,
    "VNTR": 0.1488018815037406,
    "DTPKF": 0.14787373310243737,
    "AXTA": 0.1471257556987875,
    "KDSKF": 0.14660745836473174,
    "RDSMY": 0.14660745836473174,
    "ELMTY": 0.14621427627823422,
    "EMNSF": 0.14621427627823422,
    "VRSRF": 0.14558690232406843,
    "KANKF": 0.14502813877883688,
    "FSI": 0.14248941041054713,
    "NOPMF": 0.14125379641603067,
    "OCLDF": 0.13994479803359405,
    "OCLDY": 0.13994479803359405,
    "KYZN": 0.1390667861575888,
    "IKNX": 0.13896666783296052,
    "JMPLF": 0.13859228466445145,
    "JMPLY": 0.13859228466445145,
    "AVNT": 0.13842464362317175,
    "NPCPF": 0.1380956134773243,
    "TORM": 0.13759984921056712,
    "FAME": 0.13751228796952908,
    "AWTRF": 0.13704770181334747,
    "ALTO": 0.13651982614734048,
    "NEU": 0.1361382332734525,
    "UNRG": 0.13610476350651693,
    "TKCBY": 0.13597131549370498,
    "KOP": 0.13576389316740145,
    "ASH": 0.13551680109172456,
    "SYBF": 0.1354427127910141,
    "BCPC": 0.1353695800738085,
    "GPHBF": 0.13484202483542074,
    "NANX": 0.1340424996598306,
    "IFF": 0.13294655623569787,
    "IFFT": 0.13294655623569787,
    "BNTGF": 0.13283007891107879,
    "BNTGY": 0.13283007891107879,
    "SHW": 0.1325948974697193,
    "ALB": 0.1319529817666909,
    "OEC": 0.13075725642069516,
    "NGVT": 0.13031050023007046,
    "CCF": 0.1299194303740175,
    "AKZOF": 0.12985087504507267,
    "AKZOY": 0.12985087504507267,
    "SXT": 0.12698157091839812,
    "CC": 0.1262568322889,
    "SYIEF": 0.12573199718554073,
    "SYIEY": 0.12573199718554073,
    "ESPIQ": 0.12561009225082112,
    "TKYMY": 0.12522728954280118,
    "AVTR-PA": 0.12493057336663481,
    "AVTR": 0.12493057336663481,
    "FUPBY": 0.12444045472126233,
    "FUPEF": 0.12444045472126233,
    "ICPVF": 0.12397960511099645,
    "INCZY": 0.12397960511099645,
    "ETEK": 0.12353190507391737,
    "HXPLF": 0.12331450862052588,
    "LOOP": 0.12302797304970828,
    "KBLB": 0.12292525488451245,
    "VITOF": 0.1195486688797839,
    "GRA": 0.11928049118667346,
    "NDEKF": 0.1190162196723474,
    "NDEKY": 0.1190162196723474,
    "CCGY": 0.11883538024052552,
    "BRRDF": 0.1178927936659693,
    "AVTXF": 0.11629759315510588,
    "EVKIF": 0.11596441423420539,
    "GPRE": 0.11570086038006673,
    "LIN": 0.11484782423111314,
    "ASGLY": 0.11482350711704319,
    "HYDI": 0.11232460467454414,
    "ETCK": 0.11133857146106854,
    "EMSHF": 0.10965857520649948,
    "CHYHY": 0.10772967964753381,
    "CRTSF": 0.10772967964753381,
    "KPTCY": 0.10771417944758949,
    "KSANF": 0.10771417944758949,
    "CGIFF": 0.10707350922692606,
    "NNUP": 0.10688348401961528,
    "VTXPF": 0.10673883008449181,
    "HERC": 0.10615895071122282,
    "CLKTF": 0.10594071140238606,
    "HXOH": 0.10547666481744418,
    "HYPF": 0.10334166092023907,
    "GNPG": 0.102075352284538,
    "GVDBF": 0.1017854995842905,
    "GVDNY": 0.1017854995842905,
    "GRPEF": 0.10138564734933952,
    "IOFNF": 0.09966727425627785,
    "CNEY": 0.098853028544742,
    "ACRB": 0.09858667073678519,
    "AMRS": 0.09692887669827283,
    "IZCFF": 0.09602022486314055,
    "CSNVF": 0.09570843483927985,
    "CSNVY": 0.09570843483927985,
    "SEVT": 0.09406184598932403,
    "LTHM": 0.09389420801777579,
    "APGMF": 0.09334566814282129,
    "CANOF": 0.09143629952780406,
    "HUABF": 0.09050080072379928,
    "HUIHY": 0.09050080072379928,
    "COOSF": 0.09009018704543166,
    "GLYE": 0.08478438829288912,
    "ENDO": 0.08471444835299374,
    "MOPN": 0.08451099561347711,
    "HDSN": 0.08365492001001844,
    "HDGHF": 0.08346449219818482,
    "GEVO": 0.0833151064461584,
    "LWLG": 0.08297652946073336,
    "KWR": 0.07995206719376179,
    "RNWF": 0.07854892574942403,
    "PVNNF": 0.07767783727368749,
    "GLGI": 0.07695358006375196,
    "XLPI": 0.07652120671539288,
    "INTK": 0.07586305248980475,
    "CLTH": 0.07392747948493525,
    "WLAB": 0.07157352925177053,
    "AUTR": 0.06749692436652131,
    "FLKI": 0.06582986340797518,
    "ITXXF": 0.06518748141166171,
    "WKCMF": 0.0648655205218416,
    "SNES": 0.06317630476801203,
    "ATURF": 0.059956575056263374,
    "NNOMF": 0.05938335414203065,
    "ALKN": 0.05698201332430542,
    "ALLM": 0.056393989586629736,
    "NFTI": 0.054138745478541264,
    "NTCHF": 0.05157236523696473,
    "CBNT": 0.048616852319803165,
    "CRKN": 0.04785286363483813,
    "GMGMF": 0.04629409688863547,
    "FLMP": 0.03780749806963433,
    "AVOA": 0.0
}