{
    "ACUS": 0.9999999999999999,
    "TLGT": 0.13816042811277768,
    "INTP": 0.13275934451106663,
    "AIDA": 0.12751806123486267,
    "CVSI": 0.1272880623888064,
    "HROW": 0.1251691690458686,
    "GBLP": 0.12429696844422271,
    "HKMPF": 0.12227767430558541,
    "HKMPY": 0.12227767430558541,
    "HLTRF": 0.122064844917139,
    "CYTH": 0.12154305502301412,
    "SFOSF": 0.12035806977196052,
    "AMRX": 0.11955791123304836,
    "PVTTF": 0.11710418729693703,
    "AGFAF": 0.11510885000643241,
    "GBHPF": 0.1128819163471014,
    "VTRS": 0.11205376889918132,
    "LMLLF": 0.10925288047347168,
    "RAFA": 0.10924359908876223,
    "MNKKQ": 0.10884259974289415,
    "TYHT": 0.10880505080873855,
    "HUGE": 0.10722705481842218,
    "AXRX": 0.10681051934598251,
    "TARO": 0.105874746469892,
    "GHSI": 0.10572536816375938,
    "ZTS": 0.10548491404198802,
    "RDY": 0.10453629820644855,
    "PZOO": 0.10399689526719687,
    "BIOYF": 0.10339500996481085,
    "ANAS": 0.10317403412334038,
    "PTLF": 0.10258060311532431,
    "AOXG": 0.10225977798020992,
    "PCRX": 0.10165869001650556,
    "EAPH": 0.10126079126584342,
    "HUMDF": 0.10118349142150186,
    "COSM": 0.10116517287909538,
    "CURLF": 0.10039384466041393,
    "NLBS": 0.09972842831327333,
    "MCIC": 0.09971768992309771,
    "CBGL": 0.09936979191696599,
    "DVLP": 0.09817531543393199,
    "SHMN": 0.0978748191375179,
    "PKPH": 0.09785588154459386,
    "MRVFF": 0.09768949994500434,
    "COLL": 0.09747735795597652,
    "SARSF": 0.09739263782999853,
    "TRGM": 0.09715846081247922,
    "WPHM": 0.09706949611701868,
    "VDRM": 0.09695328348451905,
    "ADMS": 0.09668122009170281,
    "APHA": 0.09600433470838447,
    "HERTF": 0.09492297420113371,
    "TNPH": 0.09486766899582245,
    "IRWD": 0.09479583579706129,
    "EBS": 0.09444122175817699,
    "BUDZ": 0.09440589335421357,
    "LCI": 0.09439760426170256,
    "HCANF": 0.09423797794682881,
    "HBMK": 0.09415922313666616,
    "MJTV": 0.0939011110537125,
    "MJNA": 0.09365299508264488,
    "CHMJF": 0.0933868519955841,
    "VEXTF": 0.09335834266527256,
    "CBDS": 0.09275859953961002,
    "INNPF": 0.092538659591185,
    "CTLT": 0.09248131441095471,
    "CRTPF": 0.09247998071125947,
    "COPHF": 0.09223601345302553,
    "ASRT": 0.09187232184648644,
    "ISCNF": 0.09144846343716719,
    "MRVT": 0.09141668060150802,
    "TMSH": 0.09128496482202687,
    "GGBXF": 0.09105543567136719,
    "HBRM": 0.09082936447473011,
    "DKSC": 0.0908059067817278,
    "AMPH": 0.09079972384039135,
    "KOAN": 0.09074303663423089,
    "SPLIF": 0.09042496255979894,
    "ANIP": 0.09027975063138209,
    "ATNX": 0.09011912461773895,
    "RVVQF": 0.08999294614627276,
    "ELAN": 0.08978954679275221,
    "NOUV": 0.08945351059836326,
    "ESALY": 0.08885258052479725,
    "EVOK": 0.08873895477098379,
    "CPIX": 0.08861263124016333,
    "DRRX": 0.0885985374732735,
    "KALY": 0.08840005367405232,
    "ALEAF": 0.08814843698071607,
    "NUNZ": 0.08781677895588258,
    "GTBIF": 0.08763321726175259,
    "CBGI": 0.08748658867260072,
    "AQSZF": 0.08747367241820955,
    "EVOTF": 0.08727588013178554,
    "EVTCY": 0.08727588013178554,
    "CPHI": 0.08714525445257928,
    "RXEI": 0.08706723987655234,
    "AREVF": 0.0870079556878785,
    "GSRX": 0.08681890791524394,
    "ISOLF": 0.08680949695737845,
    "WLDFF": 0.08675328214474592,
    "CURR": 0.08658202381561605,
    "ANTCF": 0.08657323875229869,
    "NHPHF": 0.08629236046424059,
    "LRSV": 0.08614593371075077,
    "CTTH": 0.08611251516439035,
    "ICNAF": 0.08587309494318429,
    "IGPK": 0.08541200210418204,
    "VIVXF": 0.08534881380280555,
    "CBWTF": 0.08521657619867472,
    "VPHIF": 0.0849910501816793,
    "MKGAF": 0.08490477431213128,
    "MKKGY": 0.08490477431213128,
    "BMMJ": 0.08483989478054312,
    "THCT": 0.08480754056535844,
    "ACRX": 0.08453571888175611,
    "BGAIF": 0.08413767227861714,
    "BIOGY": 0.08413767227861714,
    "MEDXF": 0.08413676011996447,
    "CHOOF": 0.0841140595846897,
    "CXXIF": 0.08397266924615705,
    "NWPN": 0.08391053150959855,
    "BSPK": 0.08379451967985815,
    "BUGVF": 0.08377144345883007,
    "MYCOF": 0.08342756218826175,
    "PETQ": 0.08329132493380699,
    "EMHTF": 0.08327396008355477,
    "ACUR": 0.08317006381107453,
    "TAK": 0.08313141116030576,
    "TKPHF": 0.08313141116030576,
    "SNNVF": 0.08310339629721858,
    "GENH": 0.08290764649907126,
    "WOWU": 0.08287920754014283,
    "ZYNE": 0.08287221253404085,
    "MNZO": 0.08285874504055057,
    "GPHG": 0.08277711315105324,
    "AVCNF": 0.08267466193924608,
    "ETST": 0.08260926564944435,
    "RWBYF": 0.08230603831792777,
    "BDSI": 0.08228917839565482,
    "CBDY": 0.08216507402485465,
    "TEVA": 0.08204454514347122,
    "TEVJF": 0.08204454514347122,
    "SLGWF": 0.08192558578986334,
    "HPST": 0.08186527848213125,
    "PHCG": 0.08179779642011784,
    "GRLB": 0.08179452493786485,
    "PRPH": 0.08177255864678558,
    "TGIFF": 0.08176680720246744,
    "HEMP": 0.0814411401023202,
    "BMCS": 0.08105058546784984,
    "CBDX": 0.08102781889516424,
    "SPRWF": 0.08099010356388284,
    "OVATF": 0.0807832030077758,
    "FTEG": 0.08076395297936892,
    "NPPNY": 0.08075377827333348,
    "ALIM": 0.08071704830247842,
    "HRVOF": 0.08065480735102752,
    "CRON": 0.08065421804553673,
    "OWCP": 0.08059023702936993,
    "SLDB": 0.08056516847530731,
    "PAHC": 0.08054109594466179,
    "USMJ": 0.0804619573883456,
    "ULUR": 0.08025394503248709,
    "MRMD": 0.08010249091406552,
    "ORGO": 0.07980035771130886,
    "REPH": 0.07969066173012676,
    "ITHUF": 0.07968933869122834,
    "KKPCF": 0.07967806472039184,
    "AMYT": 0.07948108701035905,
    "FFNTF": 0.07933988316000175,
    "ACCA": 0.07909400321891784,
    "WKULF": 0.07880251105972265,
    "EOFBF": 0.07862102336756162,
    "KSPHF": 0.07849062046028935,
    "TWSI": 0.07848821646432205,
    "GRYN": 0.07848144773573647,
    "SKYI": 0.07846593210810296,
    "MYMMF": 0.07844480414773042,
    "CLVR": 0.07819399058266699,
    "PPII": 0.07819334590432618,
    "PLSI": 0.07816060653300706,
    "NEPT": 0.07792535410620197,
    "CCHWF": 0.07785411843498365,
    "WLNSF": 0.07746818749105332,
    "IVITF": 0.077407646505089,
    "VEGGF": 0.07739892457626114,
    "STMH": 0.0773948126009184,
    "TRLFF": 0.07718874435965974,
    "APNHF": 0.07710110866792377,
    "APNHY": 0.07710110866792377,
    "SCNNF": 0.07697336349021353,
    "ZOM": 0.07677660027300641,
    "ENDP": 0.07672533994832326,
    "LITH": 0.07655926897695534,
    "HYEX": 0.07655152596791534,
    "NRXCF": 0.075947962745963,
    "KAYS": 0.07594376330700006,
    "CNABQ": 0.07588012688269336,
    "YCBD": 0.07573858548150743,
    "ERBB": 0.07573227610331464,
    "QMDT": 0.07542512401120367,
    "TLLTF": 0.075171650030184,
    "SNOA": 0.07511770013473909,
    "RLMD": 0.07494710970793048,
    "HLUKF": 0.07457401244433864,
    "HLUYY": 0.07457401244433864,
    "BKIT": 0.07450869717595364,
    "CNNA": 0.07427367255946113,
    "MVMDF": 0.07396612295973223,
    "CAVR": 0.07392096936251519,
    "BHC": 0.07386772960048153,
    "TRSSF": 0.07377651548762894,
    "OILFF": 0.07367716721735686,
    "RMTI": 0.07361947968726411,
    "INSO": 0.07354009141127522,
    "RDDTF": 0.07349662450261878,
    "LVRLF": 0.07344160469566433,
    "ELIXF": 0.07339810704844306,
    "LOWLF": 0.07317703944668774,
    "KHRNF": 0.07315407300853523,
    "PRCNF": 0.07311695126351803,
    "QLI": 0.07302690768276439,
    "DLTNF": 0.07300361653880454,
    "NXEN": 0.07295001500405837,
    "LVGI": 0.07294131587654812,
    "RCMW": 0.07291888555562774,
    "FWDG": 0.07286455448756823,
    "EGRX": 0.07278165934111559,
    "VLNCF": 0.07266465094016647,
    "CANB": 0.07254421929496209,
    "JUVAF": 0.07231418066545338,
    "ABTI": 0.0722556283753528,
    "CBDHF": 0.07221907470483983,
    "AYRWF": 0.07220599547267455,
    "VNNYF": 0.07213601716139512,
    "TCNAF": 0.07202072910032441,
    "ZOEIF": 0.07193105363308865,
    "DNPUF": 0.07189135395747304,
    "KMDA": 0.07180210459079987,