{
    "ADMS": 1.0000000000000002,
    "SUPN": 0.36953257244920096,
    "AQSZF": 0.25888234658156417,
    "HUMDF": 0.2430913767260395,
    "HLUKF": 0.2283221502438464,
    "HLUYY": 0.2283221502438464,
    "ESALY": 0.22727137911948017,
    "COLL": 0.22583057617011276,
    "CPIX": 0.22150105500232958,
    "GNHAF": 0.21207500799858622,
    "GNHAY": 0.21207500799858622,
    "AMRX": 0.20476681715992348,
    "MGCLF": 0.20430636410868308,
    "MEDXF": 0.2034245520948174,
    "SHIEF": 0.20257585101567266,
    "IRWD": 0.20192398826970562,
    "VPHIF": 0.20134084556181103,
    "AOXG": 0.2003275986886967,
    "ACRX": 0.20003591141892899,
    "KSPHF": 0.19878797659754902,
    "ACUR": 0.19667872735460368,
    "ALIM": 0.1946820810398813,
    "AMYT": 0.19257993493386097,
    "ENDP": 0.19131610069007393,
    "CRTPF": 0.18993583943491876,
    "RVVTF": 0.1898631686396768,
    "RAFA": 0.18975811538567547,
    "FLXN": 0.18479516525498613,
    "PKPH": 0.18407556862687874,
    "ORXOY": 0.18250971139134997,
    "MRVFF": 0.18241672543445078,
    "INNPF": 0.17971381635996805,
    "RDHL": 0.17886595896853913,
    "ELTP": 0.1771187940232985,
    "BDSI": 0.17653915548394927,
    "THTX": 0.17281927751338974,
    "ASRT": 0.16920304381250556,
    "KKPCF": 0.16908910727668824,
    "ADMP": 0.16900177244753392,
    "MNKKQ": 0.16715295939210742,
    "EGRX": 0.16680303650006037,
    "BSPM": 0.16667977567540282,
    "CXRXF": 0.16478582289415075,
    "AVCNF": 0.1643849282413101,
    "ZOM": 0.163652441039329,
    "AERI": 0.16309311212511327,
    "CPHRF": 0.16172211543641934,
    "ABSCF": 0.16127778761162564,
    "PRFX": 0.16084160481449192,
    "RLMD": 0.16063186146775668,
    "AQST": 0.16045974716702047,
    "ASPCF": 0.15989928255480645,
    "KMDA": 0.15873516120414063,
    "SARSF": 0.15829077018438148,
    "PTPI": 0.15808525086535624,
    "BIOYF": 0.15791522777910624,
    "AIDA": 0.15755684581586477,
    "HUGE": 0.15741934139244526,
    "OPTN": 0.15713526761452776,
    "ATNX": 0.15666532257161392,
    "GBLP": 0.1547614337935126,
    "MRVT": 0.15437817298633807,
    "ZYNE": 0.1537003300110279,
    "AOLS": 0.15347046903872555,
    "CALT": 0.15321235132205857,
    "AMPH": 0.15293038455595345,
    "HROW": 0.15254082269668529,
    "EBS": 0.1512406928224286,
    "LMLLF": 0.15043899283624157,
    "TEVA": 0.14936116008057398,
    "TEVJF": 0.14936116008057398,
    "DRRX": 0.1484258402580496,
    "OASMY": 0.14382320606297133,
    "BUDZ": 0.14235760616958168,
    "EOLS": 0.14226321621757884,
    "LCI": 0.14225065338947449,
    "CYTH": 0.14148446037558862,
    "MJNA": 0.14147293831482316,
    "EVOK": 0.1413691597173039,
    "CURR": 0.14098566606848842,
    "AVDL": 0.1391951328589999,
    "CPHI": 0.13880904173238767,
    "INTP": 0.13847277946127193,
    "RMTI": 0.13680461961341528,
    "TNPH": 0.13621537007596257,
    "HBRM": 0.1361668730123029,
    "MNZO": 0.13502743788060628,
    "AXRX": 0.13362378059588179,
    "CBGL": 0.13205211223914093,
    "ABTI": 0.13152127761224994,
    "BIOVF": 0.1311446461099911,
    "CTTH": 0.13083567907195015,
    "APHA": 0.13041235063689868,
    "PLXP": 0.12838336528024588,
    "IPSEY": 0.12823229705627465,
    "PVTTF": 0.1281783824201548,
    "CNABQ": 0.12803374009429394,
    "TRGM": 0.12801684894838794,
    "PTLF": 0.12740598209725393,
    "NOUV": 0.1268114831982158,
    "RDUS": 0.12645027532551048,
    "TAK": 0.12595618795478036,
    "TKPHF": 0.12595618795478036,
    "OVATF": 0.12590739582001298,
    "TOKIF": 0.12590187514384732,
    "IGPK": 0.12548058690294328,
    "WPHM": 0.12500002912233463,
    "MITPF": 0.12442782549597439,
    "SGIOY": 0.12436282387054032,
    "IVIXF": 0.12424850425358307,
    "SLNX": 0.1239962934956468,
    "TLGT": 0.123989572922878,
    "SGIOF": 0.12326357814338772,
    "SNOA": 0.12289136551926269,
    "INVVY": 0.12223949650425862,
    "IZQVF": 0.12223949650425862,
    "CBDY": 0.12126490114781106,
    "EMHTF": 0.12049610614446588,
    "HRVOF": 0.12030964588916952,
    "CTABF": 0.12015108375609601,
    "CBDS": 0.12013105085532547,
    "HLTRF": 0.11963300650986916,
    "GHSI": 0.11932360342196456,
    "DNPUF": 0.11888628785173594,
    "HERTF": 0.11820795890904322,
    "GRLB": 0.1180840004533021,
    "PCRX": 0.11794395299922657,
    "ALEAF": 0.11754388498653043,
    "VEXTF": 0.11719669918226407,
    "TCNAF": 0.1165874054230786,
    "CVSI": 0.11638802507955287,
    "SLDB": 0.11557936270443282,
    "TXMD": 0.11518090445305373,
    "ETST": 0.11502084284825076,
    "EAPH": 0.11479234718406452,
    "PETQ": 0.11478862678521247,
    "PAHC": 0.1147577606711639,
    "ANIP": 0.11462915009651725,
    "EVOTF": 0.11371843325111868,
    "EVTCY": 0.11371843325111868,
    "ANAS": 0.11363019931921375,
    "BGAIF": 0.11343947765940311,
    "BIOGY": 0.11343947765940311,
    "WOWU": 0.11343076972902659,
    "TRSSF": 0.11335624023835458,
    "UNVC": 0.11302327569322976,
    "ULUR": 0.11292206052426891,
    "GCAN": 0.11283401823072609,
    "RDY": 0.11240783320235632,
    "CURLF": 0.1116356265306819,
    "CNTTQ": 0.11154673406734746,
    "CTLT": 0.11075168826404647,
    "CASBF": 0.11016960716703428,
    "ACCA": 0.1096583850616025,
    "LOVFF": 0.109045251218374,
    "PARNF": 0.10833051820399017,
    "CRON": 0.10827258363105606,
    "GEATF": 0.10782279945776224,
    "HBMK": 0.10780551823843425,
    "ZTS": 0.10778842224994586,
    "MYCOF": 0.10773867538824505,
    "OWCP": 0.1077346113896903,
    "GSRX": 0.10765399820906474,
    "APNHF": 0.10751410512091726,
    "APNHY": 0.10751410512091726,
    "NEUN": 0.1074942292819991,
    "GRUSF": 0.10743591248904082,
    "VTRS": 0.10726792486588474,
    "NPPNY": 0.10704330087686835,
    "SCYX": 0.10691949569782248,
    "GBHPF": 0.10643711483855993,
    "ISOLF": 0.10592354406122083,
    "GTBIF": 0.10587954717580168,
    "SPRWF": 0.105838531773613,
    "GGBXF": 0.10581275167489086,
    "TCNNF": 0.10560479834744885,
    "WRHLF": 0.10532106407037356,
    "ACNNF": 0.10502611133046759,
    "CBGI": 0.10474235074241194,
    "THCT": 0.10458271276346144,
    "LTTSF": 0.10448086035952614,
    "TYHT": 0.1043356454060852,
    "CHMJF": 0.10428267820182598,
    "QMDT": 0.104264204651278,
    "HSTI": 0.1040460230803916,
    "BHC": 0.10395440283283364,
    "DVAX": 0.10391078934090138,
    "AGFAF": 0.10366458049126712,
    "KALY": 0.10364012349219769,
    "FWDG": 0.1036024512826625,
    "HKMPF": 0.10334897916205897,
    "HKMPY": 0.10334897916205897,
    "PLPRF": 0.10307800249542563,
    "VYYRF": 0.10307054338778851,
    "CLTEF": 0.1028350292762678,
    "RVVQF": 0.10237159022602894,
    "BIEI": 0.10230625922100169,
    "ORGO": 0.1022931927728597,
    "PRPH": 0.10226714869583788,
    "DVLP": 0.10195206969832128,
    "JUVAF": 0.10183882708750354,
    "DKSC": 0.10128489760869669,
    "HCANF": 0.10104672924456519,
    "JUSHF": 0.10103494907510947,
    "GTSIF": 0.10103022434846365,
    "CHOOF": 0.10100062992383724,
    "NXEN": 0.10099808116449199,
    "NLTX": 0.1009402658563789,
    "YBAO": 0.10085630744527792,
    "APPB": 0.10075174888209645,
    "NLBS": 0.10063229720340108,
    "IVITF": 0.10044411697533834,
    "GPHG": 0.1003008675278439,
    "SBFM": 0.10012204272647045,
    "TWSI": 0.1000166977135169,
    "WUHN": 0.09984432346893718,
    "JTBK": 0.09982837450872678,
    "MCIC": 0.09977036738121813,
    "NEPT": 0.09928314738547234,
    "MCOA": 0.09909198366630165,
    "CBIA": 0.09883022502688471,
    "ATHJF": 0.09871035783559837,
    "ELAN": 0.09825119869300913,
    "FIORF": 0.09772059757334361,
    "RMRK": 0.0977033805009921,
    "HEMP": 0.09705014676941097,
    "ACUS": 0.09668122009170281,
    "RAMMF": 0.09653286704674283,
    "BKUH": 0.09636979170499661,
    "REPH": 0.09597333223994793,
    "ORVRD": 0.09574241943065409,
    "CGC": 0.09561667843365872,
    "KIN": 0.09550272522789312,
    "TAIPY": 0.09546327252594819,
    "EOFBF": 0.09517936190872979,
    "HRVSF": 0.09504997459343432,
    "SPLIF": 0.09497789892377964,
    "FAGI": 0.09469644435849019,
    "NBGV": 0.0944484381819901,
    "JUPW": 0.0944069288940717,
    "WDDMF": 0.09429216749906286,