{
    "APPB": 1.0,
    "MJNA": 0.2942477696298043,
    "NLBS": 0.2726319618368234,
    "TOKIF": 0.26156334214407984,
    "CCHWF": 0.25563564047417736,
    "ITHUF": 0.25044265073529204,
    "CBDX": 0.2348536098440639,
    "CANB": 0.2243951028639947,
    "BKIT": 0.22033984370803975,
    "NEPT": 0.21930611028109376,
    "AMRX": 0.2187285299432696,
    "TRSSF": 0.21701770833135725,
    "HERTF": 0.21571416231524473,
    "GEATF": 0.2154999786621144,
    "PETQ": 0.21522024258732245,
    "VLNCF": 0.21408379503793695,
    "INNPF": 0.21358013219442326,
    "OMID": 0.2130392651969686,
    "ISCNF": 0.21137552767792706,
    "AVCNF": 0.21034194887068686,
    "PLPRF": 0.2062975234040095,
    "SCNNF": 0.20555439257768598,
    "RMRK": 0.2046177624160097,
    "EXDI": 0.20414960962488954,
    "VEXTF": 0.2028420594378908,
    "CBDHF": 0.202744277345036,
    "CLVR": 0.20218977894218823,
    "DGDM": 0.20168547388742133,
    "CVSI": 0.2007284008492887,
    "ALID": 0.19973984305977885,
    "CRLBF": 0.19620417841849774,
    "PRPH": 0.19617040927793267,
    "KHRNF": 0.1959865834154994,
    "NLVVF": 0.1936288309897563,
    "BHC": 0.19310521712093992,
    "TLLTF": 0.19162854271214633,
    "FWDG": 0.19056440486457468,
    "GNMLF": 0.18827715202153075,
    "GGBXF": 0.1880509919472247,
    "FFNTF": 0.18794326060460648,
    "ALEAF": 0.18775779478576224,
    "CBDNF": 0.18728986096943753,
    "PTPI": 0.185924893033641,
    "AXRX": 0.18557076488310748,
    "HRVOF": 0.18521412905997722,
    "TAK": 0.18511313245690872,
    "TKPHF": 0.18511313245690872,
    "ECGS": 0.18475285052555632,
    "WRHLF": 0.1846146160202845,
    "EOFBF": 0.18415923833662323,
    "JUPW": 0.18371995735986565,
    "PCRX": 0.18191004852638676,
    "CNABQ": 0.1809884796236753,
    "GRLB": 0.17976801998060393,
    "AYRWF": 0.17918441721167197,
    "JUSHF": 0.17884561652700667,
    "HMPQ": 0.1786195387730986,
    "PRCNF": 0.1774689259760869,
    "ZOEIF": 0.17723222676421913,
    "ISOLF": 0.17710746067832223,
    "CRON": 0.1766152356038383,
    "CBDY": 0.1765290118469713,
    "PAHC": 0.17588491161629166,
    "HKMPF": 0.17582553939611423,
    "HKMPY": 0.17582553939611423,
    "CANSF": 0.17577755003665554,
    "ACCA": 0.17557159228273722,
    "ETST": 0.17552137663569847,
    "BKUH": 0.1740189444620258,
    "PKPH": 0.17333213381484752,
    "SLNX": 0.17226904219067807,
    "CBGL": 0.17207500772305018,
    "ACRDF": 0.1719113393893776,
    "ACRHF": 0.1719113393893776,
    "PRGO": 0.17147415270569177,
    "HRVSF": 0.17121821052043684,
    "COPHF": 0.17109258072182323,
    "ZTS": 0.17084237984222098,
    "CURLF": 0.1701987086754677,
    "OILFF": 0.16972003722205006,
    "ELAN": 0.16855848488140396,
    "SLDB": 0.1674444111637929,
    "VTRS": 0.1668223084841722,
    "MRRCF": 0.16632662382951033,
    "TGIFF": 0.16624674361577238,
    "VRNOF": 0.1662070539159511,
    "CURR": 0.16586069968744085,
    "GTBIF": 0.16574339902580534,
    "CTLT": 0.16553793849895082,
    "YCBD": 0.16421911545500953,
    "MRMD": 0.1639487503058948,
    "OWCP": 0.16358583306520877,
    "IGPK": 0.16336872459143248,
    "SFOSF": 0.1631866468940903,
    "NXGB": 0.16318610211260665,
    "DVLP": 0.1631113847587376,
    "VEGGF": 0.16221931450703847,
    "TRTC": 0.16211146079106764,
    "TLGT": 0.16199280683264525,
    "CGC": 0.1619078586887901,
    "MPXOF": 0.16134610574352937,
    "TEVA": 0.16131160827639285,
    "TEVJF": 0.16131160827639285,
    "GHSI": 0.1608897345357237,
    "NSVGF": 0.16061726601123852,
    "PEMTF": 0.16024805812659856,
    "CSUI": 0.15971465431789308,
    "RVVTF": 0.159700934918545,
    "RLMD": 0.15963494339087592,
    "RDY": 0.1595906697292023,
    "HROW": 0.15934903070348114,
    "LVRLF": 0.1593054856859612,
    "ATTBF": 0.15844518037785912,
    "BLLXF": 0.15832955481635455,
    "LMLLF": 0.15807069052045244,
    "TWSI": 0.15775656033067992,
    "THCT": 0.15765817054809922,
    "NWYU": 0.15750937714500324,
    "ALIM": 0.15688495936794788,
    "CNPOF": 0.15687253166604936,
    "ZOM": 0.15685895291300672,
    "ACB": 0.1559497665489669,
    "CNNC": 0.1559041162084875,
    "CLSH": 0.15504069610366233,
    "OVATF": 0.15460893659160266,
    "MEDIF": 0.15429678269049463,
    "MYCOF": 0.1532049119146656,
    "MNKKQ": 0.15290792428008634,
    "APHA": 0.1527757473860489,
    "MYHI": 0.15223229391764256,
    "AREVF": 0.15209796223391756,
    "BGAIF": 0.1518952737646762,
    "BIOGY": 0.1518952737646762,
    "HBRM": 0.15172598383485708,
    "AGFAF": 0.15089114804920956,
    "HSTI": 0.15069198277119272,
    "ABTI": 0.15039871923013398,
    "SOLCF": 0.15017948006046006,
    "NNRX": 0.15017770276475487,
    "ELTP": 0.1500497309277426,
    "GCAN": 0.14986994220426061,
    "HEXO": 0.14940261037346453,
    "TYHT": 0.14928434985239253,
    "AQSZF": 0.1491993045592658,
    "CNFHF": 0.14893362079420464,
    "IVITF": 0.14883569415578388,
    "CNTMF": 0.1478101121370349,
    "LOVFF": 0.14758929624882952,
    "CNGGF": 0.14754621777130084,
    "WOWU": 0.14747321940750305,
    "BMCS": 0.14715672789314757,
    "VPHIF": 0.14715270159051835,
    "CPIX": 0.14618087219992285,
    "TCNAF": 0.14616384269172597,
    "MDCN": 0.14610419142946998,
    "GBHPF": 0.14548870094838778,
    "ORVRD": 0.14546897716187732,
    "INTP": 0.1441940273706695,
    "ACUR": 0.14367722507139327,
    "HEMP": 0.14335333385363216,
    "EMHTF": 0.14279286483992334,
    "SNNVF": 0.14227906764602272,
    "GRUSF": 0.1422101755087305,
    "ZBISF": 0.14209656792800304,
    "HSTRF": 0.14178451649524193,
    "IAGX": 0.14176758471681705,
    "EVOK": 0.14131510189176996,
    "PCYN": 0.14087318152381623,
    "IRWD": 0.14084745396524462,
    "NOBDF": 0.14076384995475796,
    "EMGE": 0.1407220794929252,
    "PRXTF": 0.140371587179285,
    "RVVQF": 0.14022668467628674,
    "CWBHF": 0.14011169008871785,
    "PVTTF": 0.13957758090322137,
    "IMCC": 0.13941968774393929,
    "SNOA": 0.13934384700114602,
    "GTSIF": 0.13924910232922683,
    "SARSF": 0.13857196012111642,
    "CNSC": 0.1381797201704601,
    "WLDFF": 0.1381019142732706,
    "EBS": 0.13810173814768897,
    "TNPH": 0.13746189924564076,
    "BILZF": 0.13740570462216775,
    "PGTMF": 0.13738188477496888,
    "BMMJ": 0.13733996250022545,
    "BIOYF": 0.13710014800692075,
    "CPIVF": 0.1370310508823703,
    "KKPCF": 0.13699722907313572,
    "OGI": 0.13696975891439697,
    "PKANF": 0.13573518047538252,
    "BQST": 0.13555075671887704,
    "ANIP": 0.1355477242802848,
    "VVCIF": 0.1354418021989089,
    "HAPP": 0.13533656070383027,
    "MCOA": 0.13526672074187981,
    "MRVFF": 0.1335458188579585,
    "QMDT": 0.1335236297842774,
    "EVIO": 0.13329289039407183,
    "FLXN": 0.1331288031603939,
    "APNHF": 0.13298955014485586,
    "APNHY": 0.13298955014485586,
    "MGCLF": 0.13293223555776015,
    "GLDFF": 0.13257994649524468,
    "INSO": 0.1320320578964214,
    "ADMP": 0.13171237680792264,
    "TAIPY": 0.13155696062499891,
    "AOXG": 0.13117171200139635,
    "HLTRF": 0.13069883659128576,
    "WLNSF": 0.1306015469659105,
    "VDRM": 0.13050277439880356,
    "CNNXF": 0.13037962264547434,
    "INLB": 0.12955106936656535,
    "CBWTF": 0.12944156725723216,
    "PHCG": 0.12926429993081212,
    "PLNHF": 0.12898833665235665,
    "ELLXF": 0.12866180936025337,
    "XPHYF": 0.12857443607637803,
    "ESALY": 0.128422018108184,
    "GRAMF": 0.12828739759615598,
    "TCNNF": 0.12793497243737698,
    "SHIEF": 0.12717567187816015,
    "CPHI": 0.12717293469089785,
    "MCIC": 0.1266880250011551,
    "PSIQ": 0.12602789709527262,
    "THTX": 0.1259876798960728,
    "CLCFF": 0.12546796699304702,
    "KMDA": 0.1254626933760248,
    "MJNE": 0.12531807405557227,
    "CBDS": 0.12453002143292864,
    "ABSCF": 0.12413771174947809,
    "CANQF": 0.1237920751652997,
    "OWPC": 0.12346627656736149,
    "LRSV": 0.12338448759621357,
    "IPSEY": 0.12330417583189623,
    "GRCU": 0.1231834606697283,
    "BNIGF": 0.1231763492434593,
    "RDDTF": 0.12315671510626706,
    "PLSI": 0.1230147733869167,
    "STAU": 0.12271053227902684,
    "ULUR": 0.12264861545791761,