{
    "AREVF": 1.0,
    "RDDTF": 0.20252716751969274,
    "MJNA": 0.18107385670025153,
    "ELAN": 0.17587141154473915,
    "PAHC": 0.17573264730282637,
    "ICNAF": 0.1756779181867862,
    "INTP": 0.17505078917169525,
    "INNPF": 0.17489275112997063,
    "ETST": 0.17458874637009225,
    "ALEAF": 0.17220523591050546,
    "PRCNF": 0.17202958945807187,
    "RDY": 0.16837715803136605,
    "GRLB": 0.16333252385328711,
    "TRGM": 0.16216609410712549,
    "ATTBF": 0.1619182469089057,
    "EMHTF": 0.15926876852852728,
    "BGAIF": 0.1592484046846846,
    "BIOGY": 0.1592484046846846,
    "TRCNF": 0.15860422548951736,
    "GGBXF": 0.15834244966479039,
    "CRON": 0.15743493104386877,
    "VEXTF": 0.15551500260155093,
    "CNNXF": 0.1538868429757146,
    "NEPT": 0.15253631214939506,
    "APPB": 0.15209796223391756,
    "WLDFF": 0.15201139950869724,
    "ZBISF": 0.150766260751435,
    "MPXOF": 0.15054718309552212,
    "HYPMY": 0.1500929458077115,
    "CAAOF": 0.14974770150033584,
    "AMRX": 0.149039149092178,
    "AXRX": 0.14882652032921068,
    "TEVA": 0.14603387599533335,
    "TEVJF": 0.14603387599533335,
    "COPHF": 0.14552333983220567,
    "HRVOF": 0.14427279472515842,
    "AGFAF": 0.14218131745981702,
    "NRXCF": 0.1415520033212725,
    "TOKIF": 0.14094382990730586,
    "STAU": 0.14038439407256217,
    "ACUR": 0.14036690932520285,
    "FIORF": 0.14015875370750197,
    "SFOSF": 0.13896369716613974,
    "BHC": 0.13877605263560697,
    "CBGL": 0.13858363413828986,
    "HLTRF": 0.1373219470266852,
    "TLGT": 0.13700412459082276,
    "TRSSF": 0.1369650574771833,
    "VTRS": 0.13610159157432614,
    "SRUTF": 0.13608685807186013,
    "TRLFF": 0.13604148751528752,
    "MRMD": 0.13586224737196498,
    "HKMPF": 0.13579399011309456,
    "HKMPY": 0.13579399011309456,
    "RWBYF": 0.13558289867869652,
    "BIOYF": 0.13548495096670676,
    "ZOEIF": 0.13536942266810964,
    "LOVFF": 0.13528707733261636,
    "ISOLF": 0.13515398445456925,
    "AVCNF": 0.13428213036388975,
    "CBDY": 0.13377456359506204,
    "HERTF": 0.1337559428922578,
    "JUVAF": 0.13360571478310795,
    "OILFF": 0.13343265603468496,
    "KHRNF": 0.13258672873115165,
    "GTBIF": 0.13257865037021943,
    "BILZF": 0.13252384594339528,
    "VVCIF": 0.13217348460686956,
    "CNTMF": 0.13202344360554572,
    "VRNOF": 0.1317278197321539,
    "LMLLF": 0.13141587794613688,
    "ABTI": 0.13088714622583117,
    "OVATF": 0.13086363586629443,
    "NOBDF": 0.12996306630689716,
    "CBDHF": 0.1297526072606828,
    "TNPH": 0.12955701255424082,
    "NPPNY": 0.12944614843504115,
    "UNVC": 0.12930239096598933,
    "APHA": 0.12880875244788614,
    "LVCNF": 0.12868087729716465,
    "AOXG": 0.12861350746026964,
    "ANAS": 0.12846863777188192,
    "EXPFF": 0.12810544678229743,
    "CURLF": 0.1274993699702703,
    "IGPK": 0.12740470225517914,
    "VEGGF": 0.12740296186124564,
    "TCNAF": 0.12737871797760444,
    "GBHPF": 0.12729057190951532,
    "IVITF": 0.12721595064795135,
    "HROW": 0.12716564191988586,
    "OGI": 0.1268059557463972,
    "SNNVF": 0.1267502252662842,
    "CNABQ": 0.12645447332626442,
    "SPLIF": 0.12620129580972864,
    "TYHT": 0.12612375246874813,
    "ZTS": 0.12605387744143598,
    "RVVQF": 0.125072448331432,
    "MNKKQ": 0.12503566574152736,
    "SCNNF": 0.124140567096409,
    "AOLS": 0.12351653368758392,
    "NLBS": 0.12318748338965987,
    "CVSI": 0.12299915131912541,
    "NLVVF": 0.12285462724903347,
    "SNDL": 0.12277470635133574,
    "CNTTQ": 0.1224035802404927,
    "BUDZ": 0.12225959004892353,
    "RVVTF": 0.12221372079563271,
    "NHPHF": 0.12174191843967119,
    "GRUSF": 0.1216497079158998,
    "PETQ": 0.12147223748912944,
    "OMID": 0.12141424651903322,
    "PVTTF": 0.1206467085367324,
    "CBWTF": 0.12051957143364171,
    "HBRM": 0.12029130108539494,
    "MEDIF": 0.12017516360034307,
    "PGTMF": 0.1200576093513815,
    "MCIC": 0.12005565555567922,
    "SHMN": 0.11914995588806736,
    "ESALY": 0.11894575799391943,
    "LTTSF": 0.11883315021598606,
    "GTSIF": 0.11883067941089671,
    "MVMDF": 0.1186863459573556,
    "PCRX": 0.11859186128551592,
    "SIGO": 0.11856957767178108,
    "VREOF": 0.11835745197987091,
    "FLWPF": 0.11828837038476601,
    "MRVFF": 0.1181739886540344,
    "KKPCF": 0.11801560355098546,
    "VLNCF": 0.1179657065988022,
    "PKPH": 0.11753359183090005,
    "TGIFF": 0.11696274174001481,
    "CANSF": 0.11689330864878254,
    "DBCCF": 0.11665932633403683,
    "ANTCF": 0.11657605728161967,
    "CURR": 0.11654962324912804,
    "CANB": 0.11654734575541208,
    "SPRWF": 0.11566895041012956,
    "NBGV": 0.11533582096914179,
    "SLGWF": 0.11530874678894953,
    "HCANF": 0.11528435992701033,
    "GHSI": 0.11508911547902582,
    "YCBD": 0.11492580077416144,
    "OWCP": 0.11476443830111144,
    "FWDG": 0.11430936431847923,
    "CGC": 0.11407494836700514,
    "ANIP": 0.11401289388211515,
    "BKIT": 0.11348555538135267,
    "SNOA": 0.11336857240531446,
    "EOFBF": 0.11333904513199534,
    "BHHKF": 0.11333837950806362,
    "MEDXF": 0.11294659246371659,
    "IPSEY": 0.11274960549223484,
    "IRWD": 0.11135935968796692,
    "FLOOF": 0.11118937897442525,
    "HYEX": 0.11075354974638914,
    "CHOOF": 0.1105452821167718,
    "DNPUF": 0.1104727517058168,
    "SARSF": 0.11032178520109145,
    "CTABF": 0.110152563382736,
    "TLLTF": 0.1098549998676339,
    "BMMJ": 0.10963326850434726,
    "ASRT": 0.10944667274067597,
    "PRGO": 0.10943947502857317,
    "DVLP": 0.10926343888107447,
    "PLNHF": 0.10923669659943261,
    "IAGX": 0.10916375517864571,
    "MYCOF": 0.10906605755323644,
    "EBS": 0.1089849266918016,
    "SLNX": 0.10895565202252036,
    "BLEVF": 0.10894287713753294,
    "PLSI": 0.1088120365492073,
    "SLDB": 0.10878112966424852,
    "CADMF": 0.10874348445618807,
    "FITX": 0.10873319427332376,
    "CXXIF": 0.10864560815366878,
    "RAFA": 0.1078449249234843,
    "HPMM": 0.10772978752298905,
    "FFNTF": 0.10765318475602013,
    "CNTRF": 0.10736807281000971,
    "PLPRF": 0.10730051211404248,
    "KSPHF": 0.10724447315045132,
    "ELIXF": 0.10722659238725607,
    "GLDFF": 0.10713752754140886,
    "VPHIF": 0.10713024870920845,
    "BMCS": 0.10688506426952113,
    "ALIM": 0.1066456352795026,
    "CCHWF": 0.10639643645154563,
    "EMGE": 0.10616084024066648,
    "TWSI": 0.10597043990751187,
    "EAPH": 0.1059124205916269,
    "BNIGF": 0.10569512175499618,
    "GEATF": 0.105585305194457,
    "CPMD": 0.10558023500357586,
    "HRVSF": 0.10525787308070055,
    "LVGI": 0.10521510162025771,
    "DLTNF": 0.10520003023142904,
    "COSM": 0.10492169646649098,
    "CBDX": 0.10479374891898437,
    "NXGWF": 0.10460265960768636,
    "COLL": 0.104532572859512,
    "ENDP": 0.10446833809689762,
    "ROMJF": 0.10418494321658915,
    "CBDS": 0.10409970528004318,
    "TARO": 0.1040284417810807,
    "PPII": 0.10402536082982482,
    "CBGI": 0.10390160720676854,
    "CLSH": 0.10386467966876972,
    "GRPS": 0.10346628462097673,
    "ISCNF": 0.1033925478961402,
    "JUSHF": 0.10318475144319977,
    "GRCU": 0.10305460060160414,
    "SUPN": 0.10293613868246289,
    "PEMTF": 0.10291902048801445,
    "PRXTF": 0.10248896632297591,
    "CVGRF": 0.10243397658843832,
    "EEVVF": 0.10234728954782735,
    "CPIX": 0.10228072909979448,
    "SESI": 0.10227812630157501,
    "ACB": 0.10204037008586557,
    "TAIPY": 0.10179389630218723,
    "CPIVF": 0.10161419541554188,
    "RXEI": 0.10159906178842747,
    "BHNGF": 0.10121081426180599,
    "CHMJF": 0.1010281651452522,
    "ACCA": 0.10095196100184164,
    "VIVXF": 0.10048016696508533,
    "TMSH": 0.10043270468550138,
    "IRCLF": 0.10034602686153515,
    "USMJ": 0.10018017381435057,
    "VDRM": 0.10009545686336141,
    "HUGE": 0.10005604034396166,
    "CLCFF": 0.10003634202154234,
    "ACRX": 0.09976137003329608,
    "DRRX": 0.0997569549082719,
    "APNHF": 0.09970990932806482,
    "APNHY": 0.09970990932806482,
    "STMH": 0.0996864463591154,
    "ULUR": 0.09953621833007098,
    "CTLT": 0.09947000970953619,
    "ITHUF": 0.0991926833756832,