{
    "CPHRF": 1.0000000000000002,
    "ORXOY": 0.24216701356978768,
    "CPIX": 0.23320271513817947,
    "AQST": 0.2301530590027346,
    "CXRXF": 0.22073284305882496,
    "SUPN": 0.21564461240871133,
    "ASRT": 0.2075392740948613,
    "MRVFF": 0.1941197110476331,
    "CRTPF": 0.18585183584507262,
    "KKPCF": 0.18430485723379011,
    "ESALY": 0.18260171732084937,
    "MEDXF": 0.17770586441064007,
    "ADMP": 0.17756708456304493,
    "AMRX": 0.17519686648892535,
    "ALIM": 0.17436725275114753,
    "THTX": 0.173497357920685,
    "ZOM": 0.17128739819125147,
    "RVVTF": 0.17110190031207176,
    "MRVT": 0.16955994141398062,
    "ENDP": 0.16935028021160306,
    "BIOYF": 0.16776415507919212,
    "ACRX": 0.16645800841326633,
    "GNHAF": 0.16624671564758442,
    "GNHAY": 0.16624671564758442,
    "OASMY": 0.16562329692970396,
    "AMYT": 0.16490342696640437,
    "AOXG": 0.16359540327195435,
    "MNKKQ": 0.16344731658740003,
    "ACUR": 0.16339758167391993,
    "JUPW": 0.16241172654713687,
    "ADMS": 0.16172211543641934,
    "MGCLF": 0.16129409376321768,
    "HLUKF": 0.16108294265800335,
    "HLUYY": 0.16108294265800335,
    "TEVA": 0.15713596308856256,
    "TEVJF": 0.15713596308856256,
    "INNPF": 0.15678732169605397,
    "VPHIF": 0.15512468354165687,
    "GBLP": 0.1526382588035875,
    "KSPHF": 0.1509094942055119,
    "FLXN": 0.14990032659104538,
    "ABSCF": 0.1465966695837918,
    "TXMD": 0.1462630637642139,
    "OVATF": 0.14421048105149528,
    "AQSZF": 0.14244693404161798,
    "AVCNF": 0.14216250060850213,
    "KMDA": 0.14170867579965934,
    "PTPI": 0.1411850458306232,
    "EOLS": 0.1405312709881572,
    "HUMDF": 0.13995381827277714,
    "HBRM": 0.1386723139059899,
    "ASPCF": 0.1384285281052652,
    "RDY": 0.13676802735962004,
    "IRWD": 0.13544425993933448,
    "INTP": 0.1349648688888661,
    "HUGE": 0.13494572243573966,
    "AMPH": 0.1341946811394781,
    "AIDA": 0.13257204581210685,
    "BDSI": 0.13135319975671225,
    "AXRX": 0.13130172240591645,
    "BGAIF": 0.1305539651894363,
    "BIOGY": 0.1305539651894363,
    "CNABQ": 0.1301553556612591,
    "TLGT": 0.12980275679446115,
    "SHIEF": 0.12954682072457321,
    "EGRX": 0.1292164898187951,
    "MJNA": 0.12817635855153559,
    "EAPH": 0.12801734502453344,
    "TAIPY": 0.1278062048982829,
    "ULUR": 0.12718434433365636,
    "CPHI": 0.12707828265393825,
    "TCNAF": 0.1264601768581066,
    "ATNX": 0.12596714864041644,
    "IPSEY": 0.12444387676276762,
    "SNOA": 0.12356781996788194,
    "HLTRF": 0.12315055898031348,
    "CALT": 0.12024776287260114,
    "APNHF": 0.11998577739678458,
    "APNHY": 0.11998577739678458,
    "NPPNY": 0.11950187315793591,
    "BSPM": 0.1194462329273996,
    "TARO": 0.11829585961563857,
    "COLL": 0.11824183515460157,
    "EBS": 0.11806637869700137,
    "RDHL": 0.11794278282200296,
    "TNPH": 0.11770245114168838,
    "CBDS": 0.11719539936052982,
    "IGPK": 0.11710082665828629,
    "CYTH": 0.1170718414307817,
    "BIOVF": 0.11705423482046978,
    "RDUS": 0.11696440402291397,
    "OPTN": 0.11678574815452437,
    "NEUN": 0.11499877500276111,
    "RLMD": 0.11440813986901466,
    "TOKIF": 0.11430073987679604,
    "AVDL": 0.11400384076107509,
    "QLI": 0.11376775991824763,
    "PAHC": 0.11347983791321986,
    "RAMMF": 0.11311781579703219,
    "CURR": 0.11272303771786397,
    "HKMPF": 0.11182619430214971,
    "HKMPY": 0.11182619430214971,
    "MVMDF": 0.11156507925741761,
    "VDRM": 0.11153854486269206,
    "ORGO": 0.11146368888110247,
    "PKPH": 0.11144717069373627,
    "CTLT": 0.11142543263313773,
    "ZBISF": 0.1105260726798563,
    "INVVY": 0.10851050080797399,
    "IZQVF": 0.10851050080797399,
    "RXEI": 0.10791778133710637,
    "RAFA": 0.1077804410825269,
    "PVTTF": 0.1076036471557828,
    "LMLLF": 0.10721390481725304,
    "ELTP": 0.1059599605602259,
    "SARSF": 0.10452295871110522,
    "AOLS": 0.10452109204841388,
    "SGIOY": 0.1035836690514131,
    "CBDY": 0.10346498095755155,
    "HSTI": 0.10320273925555049,
    "SGIOF": 0.10266809072934086,
    "HROW": 0.10226546488387098,
    "CGC": 0.10220293446379959,
    "ZTS": 0.10209853415583157,
    "PTLF": 0.10129717601587979,
    "STAU": 0.10091238240180397,
    "HBMK": 0.10088548121672591,
    "FWDG": 0.1006209116520169,
    "ISOLF": 0.09998025321548651,
    "KIN": 0.09987400732690771,
    "CTTH": 0.09964872963110276,
    "COPHF": 0.09964301227476546,
    "QMDT": 0.09956120866959306,
    "ITHUF": 0.09934574917698134,
    "BUDZ": 0.09863866857627218,
    "CRON": 0.09841499257764376,
    "NHPHF": 0.09838273811484177,
    "SLNX": 0.09817398514733558,
    "GTSIF": 0.09802673561598782,
    "OWCP": 0.09787310325381131,
    "GPHG": 0.09760971168492022,
    "IVIXF": 0.09757119146794138,
    "AERI": 0.09743632915181148,
    "MCOA": 0.09737189629932508,
    "GCAN": 0.09729640889094314,
    "GTBIF": 0.09651089637129637,
    "OILFF": 0.09645353661686651,
    "PETQ": 0.09613381131414067,
    "BIEI": 0.09613355429517485,
    "PPII": 0.096090143131774,
    "GRUSF": 0.09588280764336232,
    "TRSSF": 0.0950145003711782,
    "PARNF": 0.09466019405087654,
    "ZYNE": 0.09400609884107408,
    "NEPT": 0.09395190454767394,
    "CURLF": 0.09394528514575483,
    "ANIP": 0.09389605477395531,
    "SYUP": 0.09372269897395917,
    "ETST": 0.09327730965183934,
    "NOBDF": 0.09299795400196531,
    "BLEVF": 0.09286889760950448,
    "JUSHF": 0.09276340973670512,
    "CBGI": 0.09257340959542157,
    "GHSI": 0.09237898813186217,
    "JUVAF": 0.09237355515937687,
    "EVOK": 0.09229827452856927,
    "VEXTF": 0.0920041513863499,
    "VLNCF": 0.09175171167056559,
    "SBFM": 0.09150431428530899,
    "ATHJF": 0.09135239027728463,
    "WRHLF": 0.09134273142097192,
    "PLXP": 0.09132433327501097,
    "LOVFF": 0.09120029836914166,
    "DRRX": 0.09106258610424538,
    "BHC": 0.09088934971129381,
    "MITPF": 0.09073603401274148,
    "GGBXF": 0.09060462222008964,
    "PCRX": 0.09004536184934422,
    "MNZO": 0.08973599073750999,
    "OGI": 0.0895534982637816,
    "ABTI": 0.08894101927979066,
    "PLPRF": 0.08880201830802702,
    "SESI": 0.08877187377208261,
    "RDDTF": 0.08866808982128165,
    "SCYX": 0.08864403591015627,
    "HRVOF": 0.0876047765959713,
    "ALEAF": 0.08724734820679524,
    "STMH": 0.08694921020066088,
    "SCNNF": 0.08650801926395152,
    "NLTX": 0.08571097627369095,
    "IAGX": 0.08563148210502369,
    "VRNOF": 0.08481166774801163,
    "MPXOF": 0.08411971479641954,
    "CVSI": 0.084104633330957,
    "WOWU": 0.0840334587986476,
    "COSM": 0.08393852587014357,
    "DBCCF": 0.08392481338481594,
    "ALID": 0.08388428409291133,
    "CASBF": 0.08383190330875033,
    "TLLTF": 0.08370025319012092,
    "TWSI": 0.08359579180649009,
    "NWPN": 0.08354800764497351,
    "TRGM": 0.08330134567736554,
    "AGFAF": 0.08328741881927958,
    "VYYRF": 0.08308565865489521,
    "TSMRF": 0.08272154099074173,
    "SNDL": 0.08267876718773641,
    "ACNNF": 0.08251252265521825,
    "HAPP": 0.08244301016148445,
    "IVITF": 0.0824236080316966,
    "VTRS": 0.08230735536619889,
    "PRFX": 0.08229847106279338,
    "WPHM": 0.08221308046310305,
    "GRLB": 0.0821293044182492,
    "CBGL": 0.08189703780946095,
    "APPB": 0.08186827582030694,
    "BHNGF": 0.08183361763625736,
    "RMTI": 0.08157352452432448,
    "FAGI": 0.08134490661601892,
    "AREVF": 0.08120051297901802,
    "CLTEF": 0.08116128401503452,
    "ACCA": 0.08091992691775886,
    "MJARF": 0.08082596297511796,
    "PRGO": 0.08069167445626028,
    "SPRWF": 0.0802348768855952,
    "PRCNF": 0.08013179170935684,
    "NXEN": 0.07993889410260523,
    "TAK": 0.0798893220082672,
    "TKPHF": 0.0798893220082672,
    "MRRCF": 0.07985777664735916,
    "ELAN": 0.07970851891229318,
    "XPHYF": 0.07964057702760104,
    "VEGGF": 0.07912954357241417,
    "GEATF": 0.07899483825574123,
    "TYHT": 0.07892356486126945,
    "NLBS": 0.07886942018424516,
    "SFOSF": 0.07866892215521738,
    "SLDB": 0.07814166136665308,
    "ACB": 0.07788911422560993,
    "APHA": 0.07780137633974449,