{
    "CWBHF": 1.0,
    "YCBD": 0.26566161685962664,
    "PKANF": 0.23196658723236663,
    "CBDHF": 0.21397338014698172,
    "GBHPF": 0.2010213289721691,
    "HERTF": 0.19726969042514247,
    "HEME": 0.17976355134177746,
    "CBGL": 0.17400330579162587,
    "VEXTF": 0.16711174394524786,
    "ACCA": 0.1651167266034292,
    "CVSI": 0.16461867245664477,
    "ETST": 0.1641533955085141,
    "CHOOF": 0.16166184686003132,
    "GEATF": 0.1616330534600323,
    "TYHT": 0.1612358890071121,
    "COSM": 0.1607328288843978,
    "GRYN": 0.16032939893261056,
    "CLVR": 0.16009582959276975,
    "CNTTQ": 0.1600526747521819,
    "EOFBF": 0.15833676933844065,
    "POTN": 0.15832733851230635,
    "GPHG": 0.15707840942031995,
    "AXRX": 0.15555092865447312,
    "PETQ": 0.15515843317566355,
    "NLBS": 0.1550228181070908,
    "AMRX": 0.15436836888375918,
    "EXPFF": 0.15267168760293723,
    "MCOA": 0.15186922324959568,
    "MEDIF": 0.15058611789072418,
    "MJNA": 0.1499739449011907,
    "TAK": 0.14839977061783585,
    "TKPHF": 0.14839977061783585,
    "LOVFF": 0.14803408179158623,
    "NEPT": 0.14783822346179654,
    "TOKIF": 0.14756887659861348,
    "OMID": 0.1469137457411712,
    "MJTV": 0.1461491466336279,
    "CBDY": 0.14586853963330873,
    "USMJ": 0.14431684130767874,
    "OVATF": 0.14400702179344052,
    "GRLB": 0.14332498355970413,
    "BKUH": 0.1428041398785955,
    "GTBIF": 0.142665292878382,
    "NXGWF": 0.14249841530599336,
    "CNTMF": 0.1422873295528664,
    "PRCNF": 0.14211890096400465,
    "WLDFF": 0.14205591817989985,
    "APPB": 0.14011169008871785,
    "CRON": 0.13963533171394615,
    "ELLXF": 0.13617587235594075,
    "GGBXF": 0.13592750353581104,
    "GLDFF": 0.1355216391472849,
    "INTP": 0.134616978630195,
    "TRSSF": 0.1340648618859484,
    "TGIFF": 0.13318966894315504,
    "VFRM": 0.133006048627859,
    "VEGGF": 0.1329788699002491,
    "OGI": 0.13230480736630654,
    "HEMP": 0.13115225400943034,
    "INLB": 0.13042234207899495,
    "VTRS": 0.13037879239493166,
    "ALEAF": 0.13009879283154022,
    "ITHUF": 0.1298930983374219,
    "SCNNF": 0.12869177458477507,
    "DVLP": 0.1284056970292471,
    "GSRX": 0.12782349956502842,
    "ISOLF": 0.12779950825260564,
    "TCNAF": 0.12774441495914352,
    "KAYS": 0.12764381560284263,
    "IGPK": 0.12733413936194585,
    "BIEI": 0.1268618743458089,
    "MNFSF": 0.1266376492453158,
    "SNNVF": 0.126315328004675,
    "LMLLF": 0.12605857215034819,
    "BHC": 0.12586385491520663,
    "JUSHF": 0.12432722236394617,
    "CURLF": 0.12337749121530538,
    "ELAN": 0.12330712341449472,
    "NMLSF": 0.12272939669240707,
    "DGDM": 0.12230854441618139,
    "APHA": 0.12228320798911284,
    "ASRT": 0.12199229858965992,
    "VLNCF": 0.12181469838889465,
    "CBDNF": 0.1212816713812144,
    "JUVAF": 0.12115493866442338,
    "RDY": 0.12097060631573905,
    "CNFHF": 0.12083630282251502,
    "TLGT": 0.12047722165229839,
    "PKPH": 0.1203384835696826,
    "HRVSF": 0.11990784357633344,
    "TLLTF": 0.11864954350371429,
    "PAHC": 0.11852894772557157,
    "GGTTF": 0.1180400572539506,
    "CANB": 0.1180094024457018,
    "CLSH": 0.11698687050841744,
    "ZOEIF": 0.11684020412460752,
    "ALIM": 0.11627243293606783,
    "CTTH": 0.11621866549831333,
    "PRXTF": 0.11565619779194332,
    "AGFAF": 0.11528542411161968,
    "WLNSF": 0.11521111132866983,
    "GENH": 0.11506755304146588,
    "BSPK": 0.11504450596676889,
    "STMH": 0.11454534876290452,
    "TCNNF": 0.11411436424154503,
    "PLPRF": 0.11395498264233947,
    "SPLIF": 0.11324247169620173,
    "PGTMF": 0.11309736316213649,
    "NBGV": 0.11278951394535695,
    "ACUR": 0.1126962110531302,
    "LRSV": 0.11261510508423073,
    "PLSI": 0.11226018824814119,
    "PRPH": 0.11204903226338657,
    "CNPOF": 0.11179411919699851,
    "APNHF": 0.11163802107357244,
    "APNHY": 0.11163802107357244,
    "ANIP": 0.11153288461063283,
    "PLNHF": 0.1113487563150565,
    "CRLBF": 0.11133868133909504,
    "ZTS": 0.11133492318128296,
    "AVCNF": 0.11111179664236169,
    "NXSCF": 0.11110917658318335,
    "MVMDF": 0.11104951670799583,
    "CPHI": 0.11097070774601578,
    "CXXIF": 0.11077938066373384,
    "GHSI": 0.11072685975577562,
    "GRUSF": 0.11068179085331266,
    "CBWTF": 0.11037416510117987,
    "EMHTF": 0.11028065133512689,
    "HCANF": 0.10968830566052891,
    "CAAOF": 0.1090991764569715,
    "DRRX": 0.10897285987167288,
    "HSTRF": 0.10868455210968399,
    "TGODF": 0.10852263913282187,
    "HKMPF": 0.1084731514859417,
    "HKMPY": 0.1084731514859417,
    "TMSH": 0.10836398953440535,
    "MJNE": 0.10831654662473056,
    "IRWD": 0.10807401243104592,
    "HYEX": 0.10778790796927673,
    "SHMN": 0.1077326462585903,
    "LVCNF": 0.10729514913907397,
    "GRAMF": 0.10727496298269956,
    "COPHF": 0.10724796469955557,
    "INNPF": 0.10712368163036849,
    "HROW": 0.10700929492480772,
    "BMMJ": 0.10690090480276343,
    "RVVTF": 0.10689098884318926,
    "BLLXF": 0.10676111497271615,
    "NLVVF": 0.10667292312104447,
    "ACNNF": 0.10660046639610381,
    "BILZF": 0.10654131052653494,
    "VRNOF": 0.10556092775819248,
    "ABTI": 0.1055144068296239,
    "CYTH": 0.10510900385578659,
    "KHRNF": 0.10485376895998695,
    "HPMM": 0.10481368505314309,
    "PEMTF": 0.10471559318527197,
    "HRVOF": 0.10470407057413322,
    "WRHLF": 0.10445932082049246,
    "CTLT": 0.10439757484234789,
    "BIOYF": 0.10434014398912075,
    "RDDTF": 0.10392544125828175,
    "RAFA": 0.10344971303581538,
    "VREOF": 0.10289971245924322,
    "PSIQ": 0.10246563354620176,
    "BUDZ": 0.10232779438951824,
    "CURR": 0.10213810912391333,
    "BHNGF": 0.1015791866916649,
    "MNKKQ": 0.10149663156007782,
    "MRMD": 0.1012647288918034,
    "RVVQF": 0.1009059997694412,
    "CBDS": 0.10080728750665299,
    "HBRM": 0.10063345162431316,
    "HLTRF": 0.10052652296693226,
    "KTNNF": 0.10041919058843168,
    "HMPQ": 0.10008218724255817,
    "KALY": 0.10003625115588251,
    "AYRWF": 0.10002245289983618,
    "BNIGF": 0.0999413311768255,
    "ACRDF": 0.09992653267906192,
    "ACRHF": 0.09992653267906192,
    "PPD": 0.09985989814612732,
    "WSRC": 0.09979941182828438,
    "CGC": 0.09961384886965609,
    "LOWLF": 0.09960162933353542,
    "EVRRF": 0.09959488391924609,
    "MCIC": 0.09958777638798408,
    "THCT": 0.09931253678720797,
    "EXDI": 0.09902465419959826,
    "FWDG": 0.09875946416847198,
    "BGAIF": 0.09865998082999114,
    "BIOGY": 0.09865998082999114,
    "SWPIF": 0.09846691699278465,
    "NXGB": 0.09842649923036817,
    "TWSI": 0.09834575987177968,
    "SLDB": 0.09765142441984294,
    "NXEN": 0.09759831887956938,
    "EGRX": 0.09749901945242706,
    "CCHWF": 0.09744165381830643,
    "SARSF": 0.09741732465793017,
    "GBLP": 0.0973903859647082,
    "WDDMF": 0.09737288333054638,
    "RCMW": 0.09734965442626348,
    "FLOOF": 0.0971730532273583,
    "CPIX": 0.09654219123150772,
    "VCBDQ": 0.09638264268153895,
    "HSTI": 0.09591212924335064,
    "XXII": 0.09588990127064492,
    "PHCG": 0.09566269695272409,
    "AMHD": 0.09565888410694161,
    "CBDX": 0.09555465855486277,
    "VDRM": 0.09538182930855617,
    "PZOO": 0.0951412297194851,
    "TARO": 0.09513935976746091,
    "SLNX": 0.09510330504708077,
    "BIOIF": 0.09509543986165611,
    "SNDL": 0.09500011550228737,
    "HYPMY": 0.09494570211361948,
    "HEXO": 0.09484002874571008,
    "NNRX": 0.09467487352533742,
    "JUPW": 0.09456159686532958,
    "ZBISF": 0.09449949884711119,
    "TAIPY": 0.09442053106622288,
    "LITH": 0.09433869410188297,
    "CSUI": 0.0943202342417597,
    "IAGX": 0.09415156354100016,
    "PCYN": 0.09414706703750719,
    "ESALY": 0.09405290957200638,
    "ORVRD": 0.09386241056257705,
    "PCRX": 0.09385418564821159,
    "HPST": 0.09382530551177262,
    "ICNAF": 0.09382451107484825,
    "CNABQ": 0.09376472943861755,
    "WOWU": 0.09337769028418313,
    "ABSCF": 0.09312878731701242,
    "CNSC": 0.09301847927016828,
    "CNNXF": 0.09276766002760121,
    "PPII": 0.09262852659303525,
    "CVGRF": 0.09262576556910727,