{
    "EEVVF": 1.0000000000000002,
    "TGODF": 0.330563091480256,
    "WDDMF": 0.2634563378985998,
    "OGI": 0.2556452270944947,
    "CRON": 0.23429492004423974,
    "CNTTQ": 0.23322253942286358,
    "CBWTF": 0.21801546025761281,
    "PRCNF": 0.21798302813278833,
    "SRUTF": 0.21645222453762317,
    "DBCCF": 0.21500841235883072,
    "VVCIF": 0.2144139312171352,
    "FLWPF": 0.21399025768238575,
    "HEXO": 0.2100733850547246,
    "ZBISF": 0.2099238075258681,
    "TRCNF": 0.20691357673561617,
    "ALEAF": 0.20367973041692794,
    "TRSSF": 0.196911702691678,
    "CRLBF": 0.19663612880170378,
    "MPXOF": 0.1928057262292877,
    "MRMD": 0.19210001455099848,
    "OVATF": 0.18932444593830275,
    "LOVFF": 0.18868436657030876,
    "FIORF": 0.18587814872178007,
    "EMHTF": 0.1855043453944316,
    "CNTMF": 0.18352635545710963,
    "IVITF": 0.1829022534173428,
    "CPMD": 0.18278274596232888,
    "HERTF": 0.17981850068799232,
    "CBDY": 0.17889029721799155,
    "RDDTF": 0.17766420608277492,
    "ACB": 0.17665278154999478,
    "DLTNF": 0.17654997273368164,
    "FFNTF": 0.17640767448083294,
    "BLEVF": 0.17531338616099298,
    "NLVVF": 0.17323693033245252,
    "APHA": 0.17290344958301423,
    "NOBDF": 0.16742848767505,
    "MEDIF": 0.16696423875610197,
    "SPLIF": 0.16572980491072017,
    "PLPRF": 0.16499534038225366,
    "GEATF": 0.1631268309275982,
    "CLCFF": 0.16154468183831408,
    "VLNCF": 0.16124743101814554,
    "TCNAF": 0.15949530296961623,
    "SARSF": 0.15932603677900214,
    "GGTTF": 0.1584203924787252,
    "STMH": 0.15506005248537988,
    "BILZF": 0.15442215439656903,
    "USMJ": 0.15439397237750815,
    "LTTSF": 0.1536647621937589,
    "TRTC": 0.15157766749788493,
    "SPRWF": 0.1509910766754191,
    "TLLTF": 0.14724780478193927,
    "CURLF": 0.14695744255737148,
    "INLB": 0.1458973805014453,
    "ELIXF": 0.14501627002581655,
    "EXPFF": 0.14465323924203377,
    "RVVQF": 0.14305902516633817,
    "OWCP": 0.1425074070512869,
    "IMCC": 0.14250033713332086,
    "NCNNF": 0.14227458662118223,
    "MRRCF": 0.14217508592959188,
    "BHHKF": 0.14191691656833358,
    "LVCNF": 0.14135641803064905,
    "PCLOF": 0.14087539366520452,
    "PLNHF": 0.14042255869790587,
    "FLOOF": 0.1403843692236449,
    "EVRRF": 0.13972400515601635,
    "CBGL": 0.13937313716262348,
    "SCNA": 0.1380159102161597,
    "SNDL": 0.13697702402910475,
    "COPHF": 0.13686458696484632,
    "CAAOF": 0.1367755839212561,
    "ROMJF": 0.13598199197183133,
    "CRFTF": 0.13478283735776897,
    "VREOF": 0.13398334064369447,
    "GRUSF": 0.13333140321787246,
    "KAYS": 0.13118589664985045,
    "CSUI": 0.13101336950089687,
    "TOKIF": 0.13096141324863436,
    "GLDFF": 0.13018930710327198,
    "ORVRD": 0.12904906751736347,
    "SGIOY": 0.12888273804847342,
    "HRVOF": 0.12839851102817995,
    "HRVSF": 0.12804270080913002,
    "CGC": 0.12775041760220385,
    "SGIOF": 0.12774354070079183,
    "BHNGF": 0.12765143895554706,
    "EOFBF": 0.1266579265861027,
    "OILFF": 0.1266433911401687,
    "GTBIF": 0.1260395632752377,
    "ALID": 0.12554993318567323,
    "ICNAF": 0.1255168811903566,
    "VEGGF": 0.12397992568270085,
    "KHRNF": 0.12397884525879099,
    "NHPHF": 0.12387494005607154,
    "JUVAF": 0.12255361553345843,
    "BIOIF": 0.1221130812786581,
    "MJARF": 0.12199655641114751,
    "LMLLF": 0.12169654175551901,
    "UPPR": 0.12148235459456451,
    "CLSH": 0.12141554103181448,
    "DNPUF": 0.11888947186149335,
    "CVHIF": 0.11837574062188373,
    "MMNFF": 0.11686220207929035,
    "VRNOF": 0.116750408035999,
    "TYHT": 0.11650048623958337,
    "IRCLF": 0.1163891586071334,
    "VEXTF": 0.11584692127030026,
    "GNMLF": 0.11569970990436347,
    "NUGS": 0.11558440263076952,
    "CBDS": 0.11524482835066045,
    "CBDHF": 0.11517903426652211,
    "ESALY": 0.11495952150866641,
    "NXGWF": 0.11384214946889473,
    "VBSCF": 0.11379148259954817,
    "CNNXF": 0.11367806180163378,
    "ERBB": 0.11348891468188342,
    "AVCNF": 0.11328917392255076,
    "AYRWF": 0.11313467330707565,
    "INTP": 0.11307683950435699,
    "SPBBF": 0.11297251062007169,
    "AGFAF": 0.11216855483706069,
    "JUSHF": 0.1117285298214948,
    "JWCAF": 0.11030068297001358,
    "BMMJ": 0.10931574901526964,
    "SFOSF": 0.1089109002023313,
    "ASPCF": 0.108894125771678,
    "BLLXF": 0.10710373355680854,
    "TCNNF": 0.10612723782701076,
    "NDVAF": 0.10594723924678874,
    "ATTBF": 0.1055147972847946,
    "TGIFF": 0.10523395245835805,
    "RMRK": 0.10476174076042695,
    "MYMMF": 0.10402091688218407,
    "IGPK": 0.10391673849265884,
    "LVRLF": 0.10293905091606878,
    "AREVF": 0.10234728954782735,
    "CNFHF": 0.1016361955782277,
    "NPPNY": 0.10119568939955205,
    "RWBYF": 0.10085527622127614,
    "RPNRF": 0.10058712499273469,
    "MJNE": 0.09978428748963995,
    "SNNVF": 0.09960905180670983,
    "SIGO": 0.09948360599249971,
    "BUGVF": 0.09856369089455301,
    "ELTP": 0.09851907851725017,
    "GSRX": 0.09826077755657596,
    "HBORF": 0.09813333934982207,
    "CANSF": 0.09804485421490663,
    "WRHLF": 0.09729818886708266,
    "ANTCF": 0.09675037444812154,
    "GTSIF": 0.09669247107235447,
    "KSPHF": 0.0962196483412943,
    "HSTRF": 0.09598500885265891,
    "CNVCF": 0.09560003134684096,
    "PRXTF": 0.095034740574801,
    "NEPT": 0.09460051275923205,
    "LOWLF": 0.09429567371656802,
    "CADMF": 0.09418082354762831,
    "CXXIF": 0.0933860731816279,
    "RAFA": 0.09323077413746732,
    "WLNSF": 0.09241574955978164,
    "DRRX": 0.09240327220905137,
    "BKUH": 0.09172827289739596,
    "GCAN": 0.09156422777457508,
    "KKPCF": 0.09148066668133645,
    "APNHF": 0.0909872980279562,
    "APNHY": 0.0909872980279562,
    "ACCA": 0.09026144199056081,
    "XPHYF": 0.09021277443482857,
    "SWPIF": 0.0898079744028835,
    "RVVTF": 0.08971421281166161,
    "HCANF": 0.0895565752689714,
    "CVGRF": 0.0891066595094718,
    "TARO": 0.08816825727277419,
    "ELLXF": 0.08772395490290914,
    "BBRRF": 0.08758566913347993,
    "CHOOF": 0.08747193383861895,
    "WLDFF": 0.08703556945109234,
    "NBGV": 0.08686626951804,
    "WKULF": 0.08668336799811274,
    "WOWU": 0.08658372289497769,
    "VTRS": 0.0865527719351353,
    "HKMPF": 0.08620724787475686,
    "HKMPY": 0.08620724787475686,
    "NSVGF": 0.08578430295730614,
    "PHBI": 0.08575931057971127,
    "PKANF": 0.08518679047296118,
    "TRUFF": 0.08491950833219836,
    "OWPC": 0.08490651189313428,
    "CWWBF": 0.08479828174770561,
    "CCHWF": 0.08477292765860607,
    "SLGWF": 0.08468083559110293,
    "MJNA": 0.0843557707420336,
    "GGBXF": 0.08427165314093032,
    "HLTRF": 0.08396653526391591,
    "TLGT": 0.08385400762848133,
    "ISOLF": 0.0837008623175676,
    "RDUS": 0.08293726994815623,
    "AXRX": 0.0829139568032345,
    "ITHUF": 0.08282957537533404,
    "ISCNF": 0.08280326175590143,
    "CHMJF": 0.08265986449759877,
    "VYYRF": 0.08208586854996733,
    "CNGGF": 0.0816659498501861,
    "GBHPF": 0.08159318235399285,
    "AMRX": 0.0814011683903263,
    "APPB": 0.081258544117871,
    "BIOYF": 0.08100145450106296,
    "LRSV": 0.08094734441698505,
    "GRLB": 0.0802707414590851,
    "CNABQ": 0.08010123778248432,
    "HSTI": 0.07982664156215444,
    "CPIX": 0.07956069890421442,
    "COSM": 0.07954160119510553,
    "IONKF": 0.07914753968849336,
    "KMDA": 0.07907280354013926,
    "ALIM": 0.07886110734665402,
    "DGDM": 0.0784872893912124,
    "BUDZ": 0.07785455608640858,
    "LAXAF": 0.0778255538265188,
    "PKPH": 0.07772351920757296,
    "CBDNF": 0.07710793628174695,
    "ZOEIF": 0.07698719144275701,
    "DKSC": 0.07694481375943542,
    "PCYN": 0.07687461926195602,
    "POTN": 0.07636730954163314,
    "INVVY": 0.07576581009077171,
    "IZQVF": 0.07576581009077171,
    "PGTMF": 0.07566589162650006,
    "THTX": 0.0756201168160761,
    "HUGE": 0.07554324377720538,
    "BNIGF": 0.07524762366448141,
    "TAIPY": 0.0752148325716261,
    "ELAN": 0.07517113247839093,
    "PEMTF": 0.07514656319722614,
    "ADMP": 0.07501186061186954,
    "IRWD": 0.0749888179011297,