{
    "FLWPF": 1.0,
    "MEDIF": 0.2813248547346659,
    "TRSSF": 0.2770889730818409,
    "BHHKF": 0.2690144497129143,
    "CPMD": 0.2677130058781618,
    "TOKIF": 0.25398034986223783,
    "APHA": 0.2536515897430935,
    "MPXOF": 0.2508137762816887,
    "BIOIF": 0.2506318564069256,
    "LTTSF": 0.24537834047782117,
    "SRUTF": 0.24327549847379878,
    "ZBISF": 0.24047609030547354,
    "BLEVF": 0.234313258985056,
    "HLTRF": 0.23042573682785672,
    "NOBDF": 0.22892251525299992,
    "OVATF": 0.22667800184526787,
    "CNTTQ": 0.22613471529481657,
    "LOVFF": 0.22376580090204382,
    "ACNNF": 0.2209881673711541,
    "VVCIF": 0.2202764354129757,
    "CURLF": 0.22003098682323438,
    "GRUSF": 0.21797159504205965,
    "IVITF": 0.2176221165027379,
    "CRON": 0.21474107143003912,
    "EEVVF": 0.21399025768238575,
    "CNGGF": 0.21348081813301562,
    "ELLXF": 0.21113538438892349,
    "DBCCF": 0.20549207087650748,
    "CBDY": 0.20107374324961233,
    "UPPR": 0.19994996379534152,
    "MJARF": 0.19861964217580383,
    "PCLOF": 0.1982417701806187,
    "FLOOF": 0.197200629287771,
    "PRCNF": 0.1952608518073037,
    "SARSF": 0.1907501044785235,
    "SPRWF": 0.1899621943039327,
    "MYMMF": 0.189959912050775,
    "CVHIF": 0.1871423718879326,
    "ALEAF": 0.18673067389774775,
    "HERTF": 0.18650645189965814,
    "TLLTF": 0.18605956278710273,
    "OGI": 0.1857267087386539,
    "SPLIF": 0.18405617462634521,
    "JUVAF": 0.1818298492920016,
    "EOFBF": 0.181171697759024,
    "CANSF": 0.1786718112256842,
    "CGC": 0.17854944864639288,
    "TGODF": 0.17683785868719795,
    "BLLXF": 0.1749539454395757,
    "RDDTF": 0.1744225952560844,
    "ATTBF": 0.17203833219764356,
    "TCNAF": 0.1716354659029839,
    "VLNCF": 0.17099089532691464,
    "EMHTF": 0.17006981793528045,
    "BHNGF": 0.16977964950550953,
    "CBWTF": 0.16863603539994115,
    "WDDMF": 0.1684316338534122,
    "VBSCF": 0.1680899028969939,
    "TRCNF": 0.1677374118509527,
    "DVAX": 0.1672625850527979,
    "FIORF": 0.1669703072413182,
    "ELIXF": 0.1669075934781026,
    "LMLLF": 0.16641403585536424,
    "MGCLF": 0.1658339138087569,
    "HEXO": 0.16575526803904186,
    "AXRX": 0.16537474970678473,
    "BILZF": 0.16535484064778463,
    "GGTTF": 0.16505609076794786,
    "AGFAF": 0.16490354932513318,
    "ROMJF": 0.16475297895810542,
    "DKSC": 0.16414904244601075,
    "PLPRF": 0.1616449047220971,
    "CVGRF": 0.15959941215337903,
    "VEXTF": 0.15891773579455598,
    "ANTCF": 0.1589138968407791,
    "SNDL": 0.15868327502918042,
    "FFNTF": 0.15808739344199335,
    "OILFF": 0.15720196259216743,
    "HUGE": 0.15662502739831785,
    "BMMJ": 0.1551720736893959,
    "MRRCF": 0.1545224339399035,
    "WLNSF": 0.1532260515759378,
    "COPHF": 0.15189943277368312,
    "SLNX": 0.1504343726036325,
    "CCHWF": 0.1497449022398157,
    "ISCNF": 0.14953908270573818,
    "LVRLF": 0.14950529255614478,
    "CADMF": 0.14908312874381777,
    "LVCNF": 0.14853107766909232,
    "ISOLF": 0.1462781534994135,
    "CLCFF": 0.14601547807663648,
    "NCNNF": 0.14531319511611465,
    "JWCAF": 0.1443182473567688,
    "RWBYF": 0.14422088172967548,
    "NRXCF": 0.14205479796269965,
    "GBHPF": 0.14171232702698375,
    "CNTMF": 0.14100957895599928,
    "DRRX": 0.14057430876601004,
    "NXGWF": 0.140513008833782,
    "KHRNF": 0.1401483186337042,
    "GLDFF": 0.13940998673873778,
    "ACB": 0.13853525512725962,
    "PEMTF": 0.13784339254468833,
    "ASPCF": 0.13736144744798157,
    "CWWBF": 0.13694318420917778,
    "HKMPF": 0.13693335023843542,
    "HKMPY": 0.13693335023843542,
    "TCNNF": 0.13634364903322654,
    "VREOF": 0.13625213139825837,
    "INLB": 0.13536425415390477,
    "HRVOF": 0.1339092246574534,
    "PLNHF": 0.13375635322583976,
    "SCNNF": 0.13321660860672796,
    "NBGV": 0.1331190675575646,
    "MMNFF": 0.13302920796239923,
    "EVRRF": 0.13247451695504583,
    "CXXIF": 0.13200503419219475,
    "RPNRF": 0.13155698532966098,
    "BHC": 0.13149238586528386,
    "TRTC": 0.13146169385952916,
    "TGIFF": 0.1313320566841078,
    "AYRWF": 0.13110296636156446,
    "HCANF": 0.13087923283545505,
    "HBORF": 0.13038013360646417,
    "PRXTF": 0.12983758899113296,
    "MNFSF": 0.12966050664856593,
    "INNPF": 0.1295606649669896,
    "SNNVF": 0.1294949199104183,
    "GTBIF": 0.12815726655511528,
    "SPBBF": 0.12746835416431485,
    "NXSCF": 0.12742749736158235,
    "NLVVF": 0.1272706919919428,
    "CNABQ": 0.12693205083801123,
    "ICNAF": 0.12673959034811366,
    "HRVSF": 0.12671164001220983,
    "FTEG": 0.12617855741893594,
    "PAHC": 0.12597843147097001,
    "CRLBF": 0.1256677596046526,
    "WOWU": 0.12457504368997642,
    "INTP": 0.1245748243061253,
    "DLTNF": 0.12413939385486467,
    "XPHYF": 0.12410304958938802,
    "THTX": 0.12319059036869989,
    "TLGT": 0.1226394891511919,
    "CBGL": 0.12261009622570974,
    "CAAOF": 0.12254700463536013,
    "VRNOF": 0.1225417447434799,
    "BUGVF": 0.12195495033142614,
    "IRCLF": 0.12191188506805019,
    "RVVQF": 0.12125263476350917,
    "NDVAF": 0.12046809663539639,
    "ORVRD": 0.12044313799312584,
    "ERBB": 0.11922578739267124,
    "WRHLF": 0.11893188135812292,
    "SLGWF": 0.11880591407684188,
    "HPST": 0.11871896274327007,
    "CHOOF": 0.11869073802996191,
    "AREVF": 0.11828837038476601,
    "CLVR": 0.11804916776964015,
    "SFOSF": 0.11756953148857163,
    "CNFHF": 0.11697561471806521,
    "NSVGF": 0.1167926120939809,
    "TRUFF": 0.11664459526712707,
    "BKUH": 0.11654917218994008,
    "NUGS": 0.11624260654572435,
    "ELAN": 0.11620440373450638,
    "AVCNF": 0.11590515239528253,
    "TEVA": 0.11498295666851094,
    "TEVJF": 0.11498295666851094,
    "IMCC": 0.11411140020188473,
    "MRMD": 0.11410588663825005,
    "YBAO": 0.11386884828891236,
    "MCIC": 0.11288578791884359,
    "MDCN": 0.11267959435324178,
    "ALIM": 0.11263548690313017,
    "CNNXF": 0.1125297279374742,
    "WLDFF": 0.11204105122918796,
    "IRWD": 0.11190535043805547,
    "JUSHF": 0.11184488386275458,
    "ANIP": 0.11183468880775761,
    "TAK": 0.11180549822844699,
    "TKPHF": 0.11180549822844699,
    "PKPH": 0.11146420947295213,
    "BIOYF": 0.11121392852381143,
    "VIVXF": 0.11113872391090246,
    "NWPN": 0.11098020342278787,
    "CHMJF": 0.11016255383205069,
    "MJNE": 0.11014278779711528,
    "AMRX": 0.10978411980472959,
    "TYHT": 0.10957501585180762,
    "GEATF": 0.10798490122114983,
    "AQSZF": 0.1079630100107629,
    "ABSCF": 0.10767633581808136,
    "RVVTF": 0.10711336887782756,
    "AMYT": 0.10706490985835634,
    "NEPT": 0.10700359297261867,
    "PHBI": 0.10695387362462896,
    "CNVCF": 0.10663000588231514,
    "VNNYF": 0.10652388161098578,
    "ADMP": 0.10649009022796868,
    "USMJ": 0.10637451631604912,
    "PARNF": 0.1061065384287447,
    "IVIXF": 0.10596954675395726,
    "MNKKQ": 0.10581660609240505,
    "APPB": 0.1034558882913612,
    "MJNA": 0.10315708451317625,
    "AGYTF": 0.10307364304285077,
    "CRTPF": 0.10290677143754495,
    "OWCP": 0.10286890193016446,
    "ALID": 0.10282425523044254,
    "STMH": 0.10276383267928373,
    "PVTTF": 0.10238941606086382,
    "CSUI": 0.10226244003232715,
    "EXPFF": 0.10197342630696722,
    "VEGGF": 0.10162885042465301,
    "SOLCF": 0.1008735442154415,
    "CPIX": 0.10057842734243169,
    "CBDHF": 0.10018036668607887,
    "RDY": 0.09896229273048958,
    "ATHJF": 0.09888398938870435,
    "ZTS": 0.09853549522500156,
    "AUSAF": 0.09837659044152719,
    "LRSV": 0.09767914251389949,
    "ACUR": 0.09763082240651985,
    "RAFA": 0.09744082449224445,
    "KSPHF": 0.09696522309510379,
    "INSO": 0.09660305973924141,
    "KKPCF": 0.0961790611199634,
    "CPIVF": 0.09581944930668286,
    "HSTRF": 0.09562464682926865,
    "MOTNF": 0.09519360802174831,
    "CNSC": 0.09496153010099617,
    "WSRC": 0.09478450349753666,
    "GTSIF": 0.09467105298577422,
    "KAYS": 0.09449190432606568,
    "CLSH": 0.09430623759417475,
    "TRLFF": 0.09402006123716566,
    "VYYRF": 0.09385990740684014,
    "ITHUF": 0.09379603110075956,