{
    "LVVV": 1.0000000000000002,
    "NBGV": 0.22261418747007744,
    "LTTSF": 0.1968136020631425,
    "SLNX": 0.1706103519203087,
    "PLPRF": 0.16113743748627107,
    "JUVAF": 0.1581159449630132,
    "TRSSF": 0.15551743496447085,
    "OGI": 0.1524461570865459,
    "MPXOF": 0.1516785023184175,
    "TRTC": 0.14935809796470692,
    "CURLF": 0.147126345735457,
    "JUSHF": 0.14701453275247822,
    "CBDY": 0.14683408177138665,
    "IDCN": 0.14676187159502144,
    "CRON": 0.1433703810823574,
    "CBGI": 0.1334797983349177,
    "GRUSF": 0.1331748410563645,
    "PRCNF": 0.1324067588299241,
    "HERTF": 0.1312579487581951,
    "FFNTF": 0.13050091159115293,
    "BHHKF": 0.1285677199978586,
    "ZBISF": 0.12688335654798036,
    "EMHTF": 0.12253364570618593,
    "MJNA": 0.12036549709187777,
    "BUGVF": 0.11729511785651027,
    "CNTTQ": 0.11650109519608137,
    "NOBDF": 0.11619125689244181,
    "CBGL": 0.11461948562352263,
    "MDCN": 0.1128984656661127,
    "VVCIF": 0.11245128429096177,
    "VBSCF": 0.11225835028497476,
    "HSTI": 0.11222911743577955,
    "MRMD": 0.10989235453595969,
    "CVGRF": 0.10974503991945739,
    "SPLIF": 0.10944136699139896,
    "WOWU": 0.10919713693353071,
    "LMLLF": 0.10606305920875529,
    "OVATF": 0.10605949152062363,
    "BKUH": 0.10605042941247052,
    "BLEVF": 0.10586064266164838,
    "AXRX": 0.10583242145686385,
    "ORVRD": 0.10534437423279316,
    "GTBIF": 0.10487250038750398,
    "GCAN": 0.10429448217344232,
    "SIGO": 0.103258879564572,
    "RWBYF": 0.10317972295457617,
    "TCNAF": 0.1030993538186873,
    "MYCOF": 0.10193640645459055,
    "CNABQ": 0.10191706663421157,
    "HBORF": 0.10145041281487974,
    "GSRX": 0.10101459055039774,
    "GLDFF": 0.10044507528707658,
    "CVHIF": 0.10042924612366269,
    "ACB": 0.09995251938513983,
    "NUGS": 0.09914870758973728,
    "AUSAF": 0.09695292487383228,
    "APHA": 0.09650358595970673,
    "AVCNF": 0.09494847948772216,
    "NLVVF": 0.09416949595843485,
    "STMH": 0.09381700496088957,
    "AMHD": 0.09241594259478313,
    "QMDT": 0.09209647711054524,
    "TOKIF": 0.09118170930187983,
    "CVSI": 0.09106251499656155,
    "VRNOF": 0.09095902414424151,
    "CAVR": 0.0900778446809893,
    "HEME": 0.08980511071230177,
    "SNDL": 0.08972074615215793,
    "IGPK": 0.08937018065924056,
    "BMMJ": 0.08861565806837224,
    "RVVQF": 0.08855050775385878,
    "PHCG": 0.08851288700061578,
    "SAGD": 0.08815100784160637,
    "GTSIF": 0.08696887319310055,
    "TLLTF": 0.08670107934648362,
    "CNNXF": 0.08653590797224345,
    "PKPH": 0.086521710029852,
    "HRVOF": 0.08648402788358342,
    "STAU": 0.08626741558436424,
    "CBWTF": 0.08617282970240096,
    "IAGX": 0.08607986613113638,
    "GRCU": 0.0857031882053045,
    "RVVTF": 0.0855563946284524,
    "VPHIF": 0.08541343657362264,
    "WRHLF": 0.08534420920700883,
    "CPIVF": 0.08533400815414703,
    "GHSI": 0.08496696081529202,
    "LITH": 0.08485702271616374,
    "QLI": 0.08471886079735952,
    "MMNFF": 0.08465447196212196,
    "TLFE": 0.08442118542150216,
    "FIORF": 0.08441678229462926,
    "SCNA": 0.084359819310088,
    "AMRX": 0.08430815090808326,
    "PTPI": 0.08357414392556485,
    "VDRM": 0.08340489862106355,
    "APPB": 0.08308956172175844,
    "HROW": 0.08303975967177582,
    "OWCP": 0.08265466660662832,
    "SHMN": 0.08245350107034023,
    "KHRNF": 0.08223266108590602,
    "ISCNF": 0.08221198337632632,
    "IVITF": 0.08208764370064443,
    "DLTNF": 0.08177479656650039,
    "OWPC": 0.0812383579365074,
    "ADMP": 0.08117642957612156,
    "TRCNF": 0.08107953124083146,
    "YBAO": 0.08097097672985289,
    "MCIC": 0.08093302176877838,
    "NXGWF": 0.08085866671282566,
    "MRVFF": 0.08082766065174138,
    "CSUI": 0.08046099475962096,
    "HEXO": 0.08043271949776834,
    "FLOOF": 0.08025988677303425,
    "CNGGF": 0.07946598644747585,
    "SARSF": 0.07927532739189114,
    "HCANF": 0.07879166990997329,
    "TRGM": 0.0782599929651068,
    "CADMF": 0.07740558131734224,
    "MEDIF": 0.07734757154465652,
    "HPMM": 0.07732073781255516,
    "LOVFF": 0.07728980351973329,
    "RDDTF": 0.07706997702333941,
    "AMPH": 0.07685824853439027,
    "TGIFF": 0.07672213935791933,
    "ANIP": 0.07671087490580722,
    "CNPOF": 0.07663602172255714,
    "INVVY": 0.07653422996757009,
    "IZQVF": 0.07653422996757009,
    "HRVSF": 0.07627355657117393,
    "ADMS": 0.07620727859709694,
    "CLSH": 0.07616629432757409,
    "EVOK": 0.07612477534652264,
    "CNTMF": 0.07610169633734562,
    "HKMPF": 0.07592927019228138,
    "HKMPY": 0.07592927019228138,
    "CBDS": 0.07542445451824241,
    "ACUR": 0.07470825031162026,
    "COPHF": 0.0745826387084834,
    "VTRS": 0.07446457333618241,
    "CBDX": 0.07419700935861281,
    "GGBXF": 0.07399836676824643,
    "CAAOF": 0.07386845002116295,
    "LOWLF": 0.07378230405754306,
    "WLDFF": 0.07359343273877572,
    "GRPS": 0.07329261931492836,
    "ALEAF": 0.07319171274478631,
    "THCT": 0.07304775561682726,
    "TLGT": 0.07283784292154119,
    "GGTTF": 0.0727918910990645,
    "EOLS": 0.07270506761985535,
    "MRVT": 0.07251498388460943,
    "WDDMF": 0.07235771383892044,
    "BUDZ": 0.07221762289701956,
    "CPIX": 0.07210942961331651,
    "TAK": 0.07195232796752599,
    "TKPHF": 0.07195232796752599,
    "ECGS": 0.07194120370418555,
    "AOLS": 0.0717952799201702,
    "CNNA": 0.07177940959252467,
    "RMRK": 0.0717483659125079,
    "SFOSF": 0.07170868236156919,
    "ETST": 0.0716119793787489,
    "SPRWF": 0.07131122702191574,
    "BHC": 0.07130919193458651,
    "MCOA": 0.07125393085132387,
    "NHPHF": 0.07067568230901765,
    "NSVGF": 0.0706596331564775,
    "PHBI": 0.07035007120645224,
    "TCNNF": 0.07003890225954951,
    "EXPFF": 0.06983885768323748,
    "ITHUF": 0.069709187994764,
    "GEATF": 0.06950404454335546,
    "MJNE": 0.06935044327594636,
    "CCHWF": 0.0691944952644376,
    "DBCCF": 0.06915134222561325,
    "PTLF": 0.06896954175994234,
    "MNKKQ": 0.06883733506677021,
    "NEPT": 0.06877505006308636,
    "ELAN": 0.06876225476701261,
    "HBRM": 0.06874983425149374,
    "XPHYF": 0.06874604571968534,
    "PLNHF": 0.06874187163596583,
    "VEXTF": 0.06868733449152438,
    "CBDHF": 0.06862115892184904,
    "CYTH": 0.06841528640556697,
    "PAHC": 0.0684073803668948,
    "TEVA": 0.06827873041563606,
    "TEVJF": 0.06827873041563606,
    "INTP": 0.06804129122120896,
    "ABTI": 0.06803858942822433,
    "GRAMF": 0.06769481217620808,
    "GBHPF": 0.0676346699106942,
    "BMCS": 0.06759863247464402,
    "BIOYF": 0.06755101384004433,
    "TWSI": 0.06754285911632978,
    "VYYRF": 0.06746282891955732,
    "OMID": 0.06743413194177907,
    "KKPCF": 0.06736289528002215,
    "ACRX": 0.06732808444075143,
    "AYRWF": 0.06708914864610621,
    "FAGI": 0.06681276229604102,
    "ISOLF": 0.0668025180249185,
    "VIVXF": 0.06677417398058247,
    "FWDG": 0.06667318306347451,
    "NUNZ": 0.06655599951690279,
    "DRRX": 0.06651496629963134,
    "UPPR": 0.06638396357304562,
    "ICNAF": 0.06625018380505844,
    "ORXOY": 0.06621922855973823,
    "ZTS": 0.06607416178377948,
    "BKIT": 0.06603892785703527,
    "USMJ": 0.06602226578490511,
    "ELIXF": 0.06594131722404929,
    "VEGGF": 0.06579381465402799,
    "TYHT": 0.06559657870162118,
    "CURR": 0.06538177430535079,
    "ACCA": 0.06527252150144608,
    "HSTRF": 0.06525380865991279,
    "ALIM": 0.06521535398732217,
    "NPPNY": 0.06517106088831989,
    "IPSEY": 0.06514845304418636,
    "BHNGF": 0.06513142249675365,
    "INSO": 0.06504333724534105,
    "SNNVF": 0.0647965578048792,
    "NNRX": 0.06465148240866136,
    "EGRX": 0.06452859227931465,
    "CPMD": 0.06451341403033024,
    "AQSZF": 0.06438489790495264,
    "ADVT": 0.06431283723665733,
    "IRWD": 0.0642199311850635,
    "ANTCF": 0.06417560021706288,
    "CGC": 0.0641577964617904,
    "CLCFF": 0.06402721052860712,
    "TAIPY": 0.06400563544517304,
    "MJARF": 0.06384709754708486,
    "IRCLF": 0.0638278883802434,
    "GRYN": 0.06375913166726273,
    "BGAIF": 0.06354548389100631,
    "BIOGY": 0.06354548389100631,