{
    "NUGS": 1.0,
    "CBGL": 0.25073321758303874,
    "CVHIF": 0.250252580679455,
    "TCNAF": 0.2276691859287151,
    "TLFE": 0.211526495208456,
    "JUVAF": 0.21045684186309746,
    "ORVRD": 0.20766360517604027,
    "OVATF": 0.20766284659924256,
    "FFNTF": 0.20004730175149021,
    "NBGV": 0.1993594480841519,
    "CURLF": 0.19699737302733064,
    "PTLF": 0.19482232062077112,
    "RWBYF": 0.194589176171629,
    "LTTSF": 0.1933246994270156,
    "ZBISF": 0.19244475877864683,
    "TLLTF": 0.19193657507126022,
    "LOVFF": 0.18942971621115876,
    "CBWTF": 0.18878063443766777,
    "CPMD": 0.18564161955137662,
    "SIGO": 0.18508757486528782,
    "FIORF": 0.18503936901059934,
    "CRON": 0.1849178170389502,
    "TRSSF": 0.1787580222768433,
    "VEXTF": 0.17850064704393287,
    "GRUSF": 0.17641318145547605,
    "MJNE": 0.175033808225632,
    "DBCCF": 0.17451242392014432,
    "APHA": 0.1727124738412477,
    "PEMTF": 0.17029307663201276,
    "TRCNF": 0.16697050414659495,
    "WRHLF": 0.16477464788313817,
    "STMH": 0.16461643320208097,
    "CNTMF": 0.1640001634622859,
    "MRMD": 0.16381736385784784,
    "MJNA": 0.16328218664656524,
    "OGI": 0.16138764293003943,
    "WKULF": 0.16071215531030272,
    "MCIC": 0.1602217659029212,
    "TGIFF": 0.1595740438320609,
    "NLVVF": 0.15925853146105995,
    "CNABQ": 0.15905101191088558,
    "FLOOF": 0.15833729101542235,
    "TRTC": 0.1582987986176442,
    "CCHWF": 0.15823533589484165,
    "MJARF": 0.15755253567121721,
    "ITHUF": 0.15610158981277147,
    "SPLIF": 0.15604768560656443,
    "UPPR": 0.15584497640314313,
    "HKMPF": 0.15574036813746678,
    "HKMPY": 0.15574036813746678,
    "SLNX": 0.15438183164436164,
    "HERTF": 0.1541244682693994,
    "MYHI": 0.1535540741998931,
    "MPXOF": 0.15345230697031073,
    "GTBIF": 0.15161393123780395,
    "IRCLF": 0.15046171742364808,
    "STAU": 0.15022963751751442,
    "VBSCF": 0.14876652912746527,
    "PLPRF": 0.14744581824649194,
    "CGC": 0.14672410844827713,
    "GGBXF": 0.14572235321636803,
    "VRNOF": 0.14453839701114482,
    "AXRX": 0.14422133351002475,
    "JUSHF": 0.14408452609313807,
    "HRVOF": 0.14383613336757473,
    "AGFAF": 0.14337385720842313,
    "INLB": 0.1430560593880626,
    "MDCN": 0.1428643596884824,
    "ACB": 0.14279026589339525,
    "VVCIF": 0.14176013552193276,
    "CAAOF": 0.14169618105004114,
    "CNGGF": 0.14149720892076328,
    "CBGI": 0.14124647195838277,
    "CSUI": 0.1409874186972201,
    "OWCP": 0.14065499238263102,
    "CNFHF": 0.14054095745367345,
    "DLTNF": 0.1399714115611601,
    "IVITF": 0.13991105836866413,
    "HBORF": 0.1394081717268542,
    "KHRNF": 0.13912302689325245,
    "TGODF": 0.13899603427925467,
    "PRCNF": 0.13880763100367113,
    "TOKIF": 0.137743485463731,
    "CVSI": 0.13757900508515586,
    "CLCFF": 0.1374683136686057,
    "BHNGF": 0.1373116720119091,
    "SPRWF": 0.13715920323625055,
    "CBDY": 0.13690641733505265,
    "LMLLF": 0.13666199002759927,
    "GEATF": 0.1364191026338001,
    "AMRX": 0.1360340762706323,
    "WOWU": 0.1349204593020707,
    "USMJ": 0.133363930337847,
    "WDDMF": 0.13313511388272106,
    "VLNCF": 0.13266788391132145,
    "BHC": 0.1325465558403814,
    "TAK": 0.1321586036977916,
    "TKPHF": 0.1321586036977916,
    "BUGVF": 0.1319003998223098,
    "RVVQF": 0.13184827097640392,
    "OMID": 0.1310434412818461,
    "HCANF": 0.13068027999940662,
    "MCOA": 0.13046936916948185,
    "SHMN": 0.13014990673165525,
    "CBDS": 0.12942114642843938,
    "KMDA": 0.12927528956854512,
    "SCNNF": 0.12877443003249361,
    "SNNVF": 0.12865740793469205,
    "DGDM": 0.12803613874346093,
    "ERBB": 0.12787011855821676,
    "ISOLF": 0.12767027718723953,
    "GRCU": 0.12727997852932038,
    "PKPH": 0.1272232092886983,
    "SCNA": 0.1271830621714925,
    "ALIM": 0.1271204453591186,
    "GGTTF": 0.1269615036819601,
    "INTP": 0.12652910704196835,
    "ALEAF": 0.12634399180742278,
    "BBRRF": 0.12626826736779506,
    "NOBDF": 0.12613853733059838,
    "WLDFF": 0.12607035015695764,
    "JWCAF": 0.12553053400615446,
    "JTBK": 0.12504477915572348,
    "VREOF": 0.12361915776951558,
    "BLEVF": 0.12323034699064879,
    "PLNHF": 0.12317384703166624,
    "BKUH": 0.12308885736946472,
    "EOFBF": 0.12265837699890837,
    "PHCG": 0.12232082644826574,
    "RDDTF": 0.12147582693918292,
    "TRGM": 0.121090894734893,
    "MMNFF": 0.12072347291186913,
    "COPHF": 0.12038070528578367,
    "MEDIF": 0.12015228149798979,
    "CNTTQ": 0.11962347915505005,
    "FWDG": 0.11903266359504228,
    "CRTPF": 0.11828373403667258,
    "HSTI": 0.11815560449761957,
    "HEXO": 0.1178475470816417,
    "IGPK": 0.1177022960310042,
    "CLSH": 0.1167549473336121,
    "TRUFF": 0.11663869832319614,
    "BILZF": 0.11649031805345064,
    "FLWPF": 0.11624260654572435,
    "OILFF": 0.11593077547711901,
    "HRVSF": 0.11575161959871791,
    "EEVVF": 0.11558440263076952,
    "IRWD": 0.11552775677024256,
    "EVRRF": 0.11547491455856954,
    "DRRX": 0.11537266466094767,
    "BMMJ": 0.11477106674287885,
    "ACRDF": 0.11456891725213303,
    "ACRHF": 0.11456891725213303,
    "TEVA": 0.11441155091418975,
    "TEVJF": 0.11441155091418975,
    "NSVGF": 0.11430686929848625,
    "ADMP": 0.11426088309957258,
    "TLGT": 0.11374618018257134,
    "TCNNF": 0.11345401250871436,
    "BUDZ": 0.11337512252425935,
    "GCAN": 0.11316374308971561,
    "CPIX": 0.11285976521557943,
    "GLDFF": 0.11276910913798631,
    "PETQ": 0.11263468601013678,
    "IMCC": 0.11260168227207715,
    "GSRX": 0.11241407594110518,
    "TWSI": 0.11123254151825307,
    "KTNNF": 0.11115567721532799,
    "LOWLF": 0.1108876749656907,
    "ACCA": 0.11088465997909293,
    "CRLBF": 0.11058407324387254,
    "APPB": 0.11001847334387453,
    "GPHG": 0.10990579345174735,
    "INNPF": 0.10971275909985041,
    "MNKKQ": 0.10951966630865774,
    "KAYS": 0.1090495093144822,
    "MOTNF": 0.1088287081771532,
    "CNNXF": 0.10858428303462998,
    "SNDL": 0.10836518580201357,
    "COSM": 0.1081338644819421,
    "HLTRF": 0.10790227744463116,
    "ECGS": 0.1078573617943725,
    "SARSF": 0.1077905629299119,
    "ANIP": 0.10680197035112673,
    "NNRX": 0.10655414264702397,
    "EOLS": 0.10628081817296728,
    "AVCNF": 0.1061926602366509,
    "LVCNF": 0.10608746408286358,
    "NXGWF": 0.1054290383487905,
    "FLXN": 0.1052664661250838,
    "ACUR": 0.10478739786316901,
    "ADVT": 0.10456210449444067,
    "ALID": 0.10386735776574324,
    "CNPOF": 0.10307063139409359,
    "VEGGF": 0.1029305670965789,
    "NXSCF": 0.10236091811119466,
    "LVRLF": 0.10167464969996652,
    "CADMF": 0.10058614874600816,
    "AMYT": 0.10049613410040825,
    "NWPN": 0.10024748664110958,
    "SHIEF": 0.10013260177753441,
    "GNMLF": 0.09973893820900577,
    "SFOSF": 0.09970118216012348,
    "CBDHF": 0.09952611537259626,
    "SLDB": 0.09950312086785926,
    "LVVV": 0.09914870758973728,
    "PTPI": 0.0988534889745475,
    "GHSI": 0.09883999824639166,
    "ZOEIF": 0.09879802163913509,
    "SRUTF": 0.09859980763260245,
    "THTX": 0.09858194551891676,
    "RVVTF": 0.0985243394756772,
    "AYRWF": 0.09759479784283871,
    "YBAO": 0.09759069349679539,
    "MGCLF": 0.09712810738594081,
    "LRSV": 0.09707186330669272,
    "HBRM": 0.09684662614054894,
    "ABSCF": 0.09611953959809458,
    "RDY": 0.09607369625365297,
    "THCT": 0.09524442764796005,
    "CLVR": 0.09523433711243383,
    "ZTS": 0.09507486560932783,
    "GRLB": 0.09470418259431398,
    "PAHC": 0.09418401875034789,
    "GRPS": 0.09332035164412411,
    "CAVR": 0.09329684857811228,
    "BIOYF": 0.09296737587331044,
    "CXXIF": 0.09288052397084104,
    "HUGE": 0.09275339234028275,
    "INSO": 0.09257757408506433,
    "EMHTF": 0.09255986272231738,
    "CHOOF": 0.09255304129791882,
    "CHMJF": 0.09235848560417272,
    "HUMDF": 0.09235569048269396,
    "SUPN": 0.09234916618025446,
    "INQD": 0.09227492901539293,
    "ORXOY": 0.09226744475748366,
    "TARO": 0.0917157987061639,
    "BGAIF": 0.09142787556204755,
    "BIOGY": 0.09142787556204755,