{
    "OILFF": 1.0,
    "RDDTF": 0.34888090712481373,
    "CADMF": 0.2941616795896434,
    "VEXTF": 0.2672551017042932,
    "PRXTF": 0.26276181931648684,
    "MEDIF": 0.26195997752151723,
    "CLSH": 0.2547412043859934,
    "TLLTF": 0.2540987495930212,
    "SCNNF": 0.24549851308042228,
    "HERTF": 0.24497304424056188,
    "SPLIF": 0.20986956608065213,
    "NEPT": 0.20863992110134827,
    "CRON": 0.20806658893282756,
    "OGI": 0.20686602296825662,
    "NLVVF": 0.20610982110258091,
    "APHA": 0.2039099137372559,
    "VLNCF": 0.20238027806334805,
    "OVATF": 0.19976886935497498,
    "VVCIF": 0.19918167508813142,
    "CNTTQ": 0.19491437824446609,
    "LOWLF": 0.19056513958309595,
    "AVCNF": 0.18657781906660517,
    "LOVFF": 0.18627445446970053,
    "ISOLF": 0.1858421137305285,
    "MPXOF": 0.18444880369654706,
    "CBDY": 0.18268324632399488,
    "ECGS": 0.18247340084256294,
    "MJNA": 0.18232112891488497,
    "CBGL": 0.1811270312385487,
    "GCAN": 0.18066494290686003,
    "STMH": 0.18057230390950288,
    "SRUTF": 0.18040097456043733,
    "DBCCF": 0.1798036657039424,
    "TRSSF": 0.17658716900756244,
    "CRLBF": 0.17633500756791382,
    "HRVSF": 0.17305198631160068,
    "XPHYF": 0.1721688069828506,
    "TRTC": 0.17082982119673945,
    "BSPK": 0.17054341536997972,
    "CTLT": 0.17047025132521965,
    "PLNHF": 0.16975427348474528,
    "APPB": 0.16972003722205006,
    "TCNAF": 0.16878183178914447,
    "NSVGF": 0.1685852769395818,
    "TGODF": 0.16830294424202907,
    "IGPK": 0.1679167774842627,
    "AMRX": 0.16750382300548639,
    "NOBDF": 0.16718776894608497,
    "DVLP": 0.166578139116972,
    "FFNTF": 0.16650814857977922,
    "ATTBF": 0.16498973536889058,
    "IVITF": 0.1647908457265463,
    "RMRK": 0.1644972678058382,
    "SNNVF": 0.16418770814594957,
    "ALEAF": 0.16391005195281563,
    "CLVR": 0.16364489338814264,
    "TRCNF": 0.16344830912378483,
    "JUVAF": 0.16322404520438863,
    "CHMJF": 0.163134172731284,
    "CCHWF": 0.1628099265546634,
    "COPHF": 0.16251712308722588,
    "BMMJ": 0.162378065984877,
    "SARSF": 0.16220657964244933,
    "DLTNF": 0.16194129544820607,
    "UPPR": 0.16115560907658397,
    "TGIFF": 0.1605683751732951,
    "ZBISF": 0.15832363928850843,
    "PRCNF": 0.15785776294995066,
    "FLWPF": 0.15720196259216743,
    "PSIQ": 0.15716234151061492,
    "PLPRF": 0.15680369072679975,
    "ACNNF": 0.1564573509993342,
    "FIORF": 0.15500374144266144,
    "CURLF": 0.15499601353949602,
    "INNPF": 0.15427732097877409,
    "ITHUF": 0.154254683428897,
    "MRMD": 0.15408102941168905,
    "HRVOF": 0.15338024951221452,
    "CPMD": 0.15257788149271603,
    "SFOSF": 0.15252168218415868,
    "CBWTF": 0.15119952900337963,
    "KHRNF": 0.1508902574816014,
    "HEME": 0.15070473425789202,
    "ACCA": 0.1502130691703979,
    "EXDI": 0.15016515558834173,
    "TOKIF": 0.15011061555402944,
    "SLNX": 0.14974568436861513,
    "BHNGF": 0.14933816538570935,
    "VTRS": 0.14882100007098728,
    "INTP": 0.1485043210973229,
    "MNKKQ": 0.1481332915744814,
    "VRNOF": 0.14681088137976644,
    "DGDM": 0.1465928971005621,
    "GTSIF": 0.14655724943690301,
    "CANSF": 0.1442456236580877,
    "FLOOF": 0.14358610245243603,
    "ISCNF": 0.14299435834597993,
    "LTTSF": 0.14293121008388585,
    "ALID": 0.14285414100710914,
    "RDY": 0.14277802891456426,
    "ORVRD": 0.14277234300672145,
    "PGTMF": 0.14249612147697827,
    "WOWU": 0.14205326621206238,
    "ANIP": 0.1419564009788062,
    "TLGT": 0.14152918810409498,
    "ACB": 0.14074358860251124,
    "MRRCF": 0.1406989593469005,
    "AOXG": 0.14062001382560207,
    "ZOEIF": 0.13947072010513456,
    "GRUSF": 0.13944530944628986,
    "CVSI": 0.13943442677640003,
    "VEGGF": 0.13939238231682838,
    "HKMPF": 0.13892956165571899,
    "HKMPY": 0.13892956165571899,
    "GGBXF": 0.13859496343066424,
    "GEATF": 0.13853302238853077,
    "WDDMF": 0.13740829393478451,
    "TWSI": 0.13654187824358147,
    "GTBIF": 0.13623023243793833,
    "CNTRF": 0.1359825029084962,
    "SNDL": 0.13570439705427825,
    "THCT": 0.1354427106013035,
    "NPPNY": 0.13538411839872472,
    "CBDS": 0.13525280025165778,
    "TEVA": 0.13472642239902552,
    "TEVJF": 0.13472642239902552,
    "ICNAF": 0.13446548083387122,
    "AXRX": 0.13407116793699766,
    "ZTS": 0.13394442623681846,
    "AREVF": 0.13343265603468496,
    "JUPW": 0.13332425772768416,
    "HYEX": 0.13306433289514688,
    "MJARF": 0.13300944004734022,
    "ABTI": 0.13130385907332442,
    "RVVQF": 0.1311560600267478,
    "TSMRF": 0.1309592021183178,
    "CGC": 0.13090068892615855,
    "ELIXF": 0.1305912047865004,
    "PETQ": 0.13057808407876242,
    "AYRWF": 0.1300019050961491,
    "IAGX": 0.12999393231096792,
    "ACUR": 0.12922232901919484,
    "PCLOF": 0.12876183191092752,
    "NLBS": 0.12870722569680726,
    "HCANF": 0.12864908824443128,
    "NCNNF": 0.1285306333401696,
    "WRHLF": 0.1279965210879205,
    "BLEVF": 0.12764841622661016,
    "OWCP": 0.12755668194471623,
    "ULUR": 0.12748942990967518,
    "GSRX": 0.1271440709217755,
    "APNHF": 0.12712602096536063,
    "APNHY": 0.12712602096536063,
    "HLTRF": 0.12710028280673072,
    "VREOF": 0.12683695792939936,
    "EEVVF": 0.1266433911401687,
    "TARO": 0.12587779826360485,
    "USMJ": 0.1253813038480176,
    "CVGRF": 0.12485407444874909,
    "CLCFF": 0.1241620225082171,
    "CNGGF": 0.12399931422891285,
    "KALY": 0.12350874994020487,
    "EMHTF": 0.1232653147464988,
    "JUSHF": 0.12310849834888422,
    "BIOYF": 0.12257530102527127,
    "CANB": 0.1225407479269923,
    "WLDFF": 0.12233306572431797,
    "CBDNF": 0.12164460099198784,
    "FWDG": 0.12137709416242097,
    "LMLLF": 0.12126252115932508,
    "CPIX": 0.12084527178619912,
    "PAHC": 0.1202463377304744,
    "RWBYF": 0.1202175964394475,
    "BLLXF": 0.12000546346874841,
    "AQSZF": 0.11917558523583713,
    "CBDHF": 0.1189528228770311,
    "GPFT": 0.11830596409275568,
    "EOFBF": 0.11791370386681344,
    "CNABQ": 0.11781330145728346,
    "HEXO": 0.11753328573266406,
    "MRVFF": 0.11742431394769128,
    "OWPC": 0.11725359031015643,
    "INLB": 0.11721555955196883,
    "NXGWF": 0.11716719234470933,
    "PKPH": 0.11695315349631934,
    "AGFAF": 0.11690199136941351,
    "BHHKF": 0.1168226555915248,
    "ELAN": 0.11681936079871438,
    "EXPFF": 0.11657756735397448,
    "CTTH": 0.1165047439797841,
    "CNPOF": 0.11636538077741995,
    "IRCLF": 0.11621631927215849,
    "NUGS": 0.11593077547711901,
    "DRRX": 0.1158354075092411,
    "ALIM": 0.11561352043919042,
    "AQST": 0.11488252307915878,
    "CSUI": 0.11485209339132854,
    "ZOM": 0.1148014525078467,
    "AMYT": 0.11479368712443543,
    "EVOTF": 0.11415841328174416,
    "EVTCY": 0.11415841328174416,
    "CTABF": 0.11405533780064181,
    "CPHI": 0.11374738167343278,
    "KSPHF": 0.11360920151268325,
    "CNVCF": 0.11335381702567593,
    "BBRRF": 0.11312579705625968,
    "PPD": 0.11303649544831391,
    "ASPCF": 0.11274349823845235,
    "ANTCF": 0.11254919154232697,
    "ROMJF": 0.11238086764755874,
    "DNPUF": 0.11212346402516887,
    "KGKG": 0.1120737415870465,
    "HBRM": 0.11201757363935111,
    "NWYU": 0.11128943735649399,
    "BILZF": 0.11114829098297033,
    "SLGWF": 0.11107279333251767,
    "NXSCF": 0.11088760484542973,
    "GGTTF": 0.11051877253309732,
    "EVRRF": 0.11034738171443517,
    "PEMTF": 0.11025655453705838,
    "MVMDF": 0.10992739147163065,
    "ADMP": 0.10985039877882358,
    "MJNE": 0.10972052221237386,
    "GLDFF": 0.10945094203775789,
    "PRPH": 0.10925843782562236,
    "WLNSF": 0.10922503776049823,
    "BKUH": 0.10917574754007782,
    "CNNXF": 0.10860231040742813,
    "BHC": 0.10844565077719276,
    "RVVTF": 0.10831213718488733,
    "AIDA": 0.10767106211661838,
    "NHPHF": 0.10765301423588088,
    "EBS": 0.10714487819960995,
    "CURR": 0.10706746108400829,
    "IPSEY": 0.1069885708451825,
    "EXMT": 0.10697872497095208,
    "ESALY": 0.10691390731257061,
    "HUGE": 0.10677458129623424,
    "IMCC": 0.1067095337760056,
    "SPRWF": 0.10670061499460018,