{
    "ORVRD": 1.0,
    "FFNTF": 0.26322153785992336,
    "TCNAF": 0.24594342388771992,
    "INLB": 0.24381361440475427,
    "NLVVF": 0.22616514934959545,
    "CBWTF": 0.22583139710307332,
    "TLLTF": 0.2225312291467671,
    "STMH": 0.2223209032867164,
    "CBGL": 0.2219461215013144,
    "WKULF": 0.21784242931236228,
    "NBGV": 0.21750149335702199,
    "TRTC": 0.21601157887386951,
    "GRUSF": 0.21433723599566004,
    "NUGS": 0.20766360517604027,
    "PLPRF": 0.20515630891401843,
    "AXRX": 0.2036771397996143,
    "JUVAF": 0.2030842002469539,
    "CBDY": 0.2003728222084879,
    "LTTSF": 0.19920189255169465,
    "VEXTF": 0.19889845784528867,
    "ITHUF": 0.1980652122957121,
    "GSRX": 0.19740629828322864,
    "OVATF": 0.1970992576960863,
    "TRSSF": 0.19529205324588533,
    "HRVSF": 0.1951075560425808,
    "ZBISF": 0.19486122529262837,
    "CRON": 0.18993417830712464,
    "PRCNF": 0.1882607957120998,
    "CTLT": 0.18812036927745965,
    "MJNA": 0.18611482552929526,
    "CURLF": 0.1852078142919625,
    "HRVOF": 0.1851945329277235,
    "AMRX": 0.18488764687402104,
    "PEMTF": 0.1846051601883499,
    "LOWLF": 0.18227386441168655,
    "APHA": 0.18108986923108789,
    "SPLIF": 0.18064782466215953,
    "OGI": 0.17828615235909653,
    "TCNNF": 0.17672823903264248,
    "HCANF": 0.17671351860140166,
    "ACB": 0.17592689399666273,
    "DBCCF": 0.1756627626233508,
    "CNTMF": 0.17537254205878733,
    "MRMD": 0.17524080762352912,
    "LOVFF": 0.17419790009409705,
    "JUSHF": 0.1739519935549377,
    "CCHWF": 0.1738394130901662,
    "HERTF": 0.1732459411459963,
    "CRLBF": 0.17285117197424998,
    "GGBXF": 0.1716876240034174,
    "VRNOF": 0.17041221457481567,
    "TGIFF": 0.1700171478315664,
    "KHRNF": 0.17000459897829764,
    "PETQ": 0.16967343319761463,
    "HBORF": 0.168301636547599,
    "ZTS": 0.16803328661749573,
    "WDDMF": 0.16698993164192014,
    "SCNA": 0.16664186979796589,
    "GTBIF": 0.16610453430178482,
    "NEPT": 0.1644434275538286,
    "WLDFF": 0.16379525920553076,
    "IGPK": 0.1625437701693632,
    "TLGT": 0.16190749650932293,
    "VLNCF": 0.16187407921521987,
    "MPXOF": 0.1616659127332411,
    "TGODF": 0.16159858491968965,
    "GLDFF": 0.16076681953578353,
    "DLTNF": 0.1598914208749422,
    "SCNNF": 0.15875910164238194,
    "COPHF": 0.15787754025261824,
    "INNPF": 0.15711647950044025,
    "TRCNF": 0.15683495222159582,
    "GEATF": 0.15677428032624616,
    "WRHLF": 0.1567326858636801,
    "USMJ": 0.15625033550416628,
    "IAGX": 0.15573044410144404,
    "SARSF": 0.15557581032907428,
    "HKMPF": 0.1555516873609097,
    "HKMPY": 0.1555516873609097,
    "VREOF": 0.15497205019606553,
    "BMMJ": 0.1544046694731075,
    "NLBS": 0.1532974932562623,
    "RDY": 0.15304689972172314,
    "VVCIF": 0.15226336005227573,
    "ALEAF": 0.15198420257746673,
    "VTRS": 0.15193148544192409,
    "TYHT": 0.15192361656802397,
    "AGFAF": 0.15161640470915488,
    "LMLLF": 0.15054949736654671,
    "CSUI": 0.1503252892548304,
    "GCAN": 0.15007692737673273,
    "ISOLF": 0.1498813494739085,
    "SLNX": 0.14981492555375767,
    "AVCNF": 0.14837075167258987,
    "PLNHF": 0.1483283906624222,
    "GRAMF": 0.14822285818621736,
    "CNGGF": 0.14816199160958762,
    "CBDNF": 0.14798164869768696,
    "RDDTF": 0.14776020891239286,
    "ELAN": 0.14774801134383725,
    "FWDG": 0.14766235851989423,
    "MJARF": 0.14687425331493892,
    "BLEVF": 0.14630575477439042,
    "OWCP": 0.14620813228188378,
    "APPB": 0.14546897716187732,
    "PCYN": 0.14513707599220418,
    "MNFSF": 0.14502891428282433,
    "MEDIF": 0.14455238176489107,
    "KAYS": 0.14437897279228878,
    "HEXO": 0.1443468871857861,
    "EOFBF": 0.14420200044942671,
    "RVVQF": 0.1441102095555261,
    "FLOOF": 0.14406488594170855,
    "PAHC": 0.14305533029492992,
    "INTP": 0.14289070631385248,
    "OILFF": 0.14277234300672145,
    "CNPOF": 0.14232565308894485,
    "AYRWF": 0.14177985149417507,
    "POTN": 0.1417596731985139,
    "NNRX": 0.14159144903052825,
    "BUGVF": 0.14071666331861873,
    "VBSCF": 0.14058237645382163,
    "DGDM": 0.1401226845662293,
    "TOKIF": 0.13987044450613734,
    "GRLB": 0.13984845815148816,
    "CBDHF": 0.1393925910184569,
    "WOWU": 0.1392881083637544,
    "HSTRF": 0.13919197005310546,
    "ALIM": 0.1391044938794157,
    "ANIP": 0.13867345220755947,
    "CTTH": 0.1382707997350371,
    "TWSI": 0.13823506004714065,
    "IVITF": 0.1377342917941271,
    "HBRM": 0.13731659311592678,
    "TEVA": 0.13708779880604727,
    "TEVJF": 0.13708779880604727,
    "NOBDF": 0.1370644804203073,
    "PRPH": 0.13653479064284713,
    "CNNXF": 0.13638895787517766,
    "RWBYF": 0.13636779785734618,
    "JTBK": 0.13580903888522458,
    "HAPP": 0.13525153560458758,
    "SFOSF": 0.13472232628811948,
    "GBLP": 0.13429210851124593,
    "CNFHF": 0.13425410254389233,
    "CURR": 0.1342497178756452,
    "GPFT": 0.13366180354648033,
    "YCBD": 0.1334543074044027,
    "ACUR": 0.133210717998946,
    "CVHIF": 0.13300955456271793,
    "ACCA": 0.13291194473143575,
    "CLSH": 0.1326673297017591,
    "ELTP": 0.1324685497096553,
    "CAAOF": 0.13230941105260272,
    "GNMLF": 0.13228837706040955,
    "CNTTQ": 0.13223481574089951,
    "UPPR": 0.13200042912266935,
    "COSM": 0.13169519137942567,
    "BHC": 0.1314505325854715,
    "CBDS": 0.13111742632354292,
    "GRCU": 0.13018151981224463,
    "IRCLF": 0.1298927234262019,
    "ALID": 0.1294277280106788,
    "MCOA": 0.129315886895856,
    "EEVVF": 0.12904906751736347,
    "CRTPF": 0.12870573752694087,
    "NXGB": 0.12812123612091833,
    "CVSI": 0.1276202752878694,
    "SPRWF": 0.1271432801084861,
    "BIOYF": 0.1268354349800699,
    "NWPN": 0.12620753914283295,
    "IONKF": 0.1260801673785888,
    "TRGM": 0.12595412963688768,
    "GGTTF": 0.12568496292825587,
    "VEGGF": 0.12547708599877866,
    "ETST": 0.1253499632255743,
    "EBS": 0.12521617874601798,
    "CLCFF": 0.12517073129828113,
    "BKUH": 0.1251490374898791,
    "CGC": 0.12497314120021627,
    "GTSIF": 0.12472006362579748,
    "MCIC": 0.12465506914991126,
    "SHMN": 0.12440808061314976,
    "SIGO": 0.12419685092179017,
    "CPHI": 0.12413684703442188,
    "HROW": 0.12411364012199619,
    "EXDI": 0.12404948325244874,
    "ICNAF": 0.12363009183106262,
    "DKSC": 0.12324455264627858,
    "EMHTF": 0.12303093022006402,
    "IMCC": 0.1227000655330522,
    "ZOEIF": 0.1225863489529251,
    "BHNGF": 0.12224412053368457,
    "JUPW": 0.12223226686615878,
    "BILZF": 0.12207641367411844,
    "SNDL": 0.12205926471396675,
    "FIORF": 0.12162614801214162,
    "GPHG": 0.12160643960112576,
    "EOLS": 0.12136329108776105,
    "DRRX": 0.12104296150107602,
    "CXRXF": 0.12090577531787167,
    "KGKG": 0.12085068147099322,
    "APNHF": 0.12079025151961227,
    "APNHY": 0.12079025151961227,
    "HLUKF": 0.12064820572609149,
    "HLUYY": 0.12064820572609149,
    "FLWPF": 0.12044313799312584,
    "SRUTF": 0.11990535654093439,
    "CADMF": 0.11987480874122393,
    "INVVY": 0.11862023813550494,
    "IZQVF": 0.11862023813550494,
    "XPHYF": 0.11855452219337186,
    "CLVR": 0.11852245909369237,
    "HSTI": 0.11837108131031336,
    "TAK": 0.11828589433585704,
    "TKPHF": 0.11828589433585704,
    "MMNFF": 0.11796721854942788,
    "PEXXF": 0.11750596180257925,
    "PHCG": 0.11739103170468501,
    "ASPCF": 0.11732176181496518,
    "CNABQ": 0.1172287259697167,
    "PKPH": 0.11713306955440407,
    "DVLP": 0.11699416797564416,
    "OWPC": 0.11693256229924091,
    "OMID": 0.11691404025210413,
    "MJNE": 0.11688255490366027,
    "KMDA": 0.11660220576916916,
    "INQD": 0.11638629179689583,
    "CPIX": 0.11634038695726609,
    "PTPI": 0.11615984043143199,
    "STAU": 0.11610878999785729,
    "ROMJF": 0.11608575348424789,
    "CPIVF": 0.11608560062701505,
    "SNNVF": 0.11583073334877843,
    "QMDT": 0.11578155137489594,
    "GHSI": 0.11544065219533477,
    "MNKKQ": 0.11497324710977871,
    "PRGO": 0.11494205643841938,
    "KTNNF": 0.11482414608932677,
    "NXGWF": 0.1146453242074145,
    "TNPH": 0.11380055836594476,