{
    "RAFA": 1.0000000000000002,
    "AMRX": 0.22947282882650286,
    "AIDA": 0.2217801660575075,
    "PKPH": 0.22173110860674977,
    "SHMN": 0.2079712711967287,
    "AQSZF": 0.19980678362295096,
    "TAK": 0.1992360021099162,
    "TKPHF": 0.1992360021099162,
    "ALIM": 0.1992344261481647,
    "TLGT": 0.19337793582831686,
    "NOUV": 0.191119249409356,
    "ADMS": 0.18975811538567547,
    "GPHG": 0.1886263001044504,
    "RVVTF": 0.18716646959438174,
    "ACUR": 0.18556159744511552,
    "LMLLF": 0.18320724208978906,
    "IRWD": 0.18192535239482338,
    "IPSEY": 0.17422369733348794,
    "HUGE": 0.17370312769753068,
    "AXRX": 0.17340701712508347,
    "HROW": 0.1723007234815736,
    "VTRS": 0.1722086104971775,
    "ENDP": 0.17183639678487322,
    "RXEI": 0.17033225891263562,
    "ESALY": 0.16816602491216173,
    "WPHM": 0.16796794901733328,
    "AVCNF": 0.1655362766631964,
    "ASPCF": 0.1637515652904179,
    "MRVFF": 0.16313179059548394,
    "SHIEF": 0.16243104939847564,
    "PTLF": 0.1621666864252742,
    "INTP": 0.16137766835797132,
    "MNZO": 0.16135386673732088,
    "TAIPY": 0.1609350121137632,
    "APHA": 0.16023890283038594,
    "CRTPF": 0.15990123571594572,
    "ZOM": 0.15949864342766304,
    "ANIP": 0.1591386849960513,
    "ACRX": 0.15633558818473342,
    "TOKIF": 0.15590307471911105,
    "KSPHF": 0.15586853846336612,
    "CPIX": 0.154684079945974,
    "VDRM": 0.1543924342800549,
    "ELTP": 0.1543040628388338,
    "EAPH": 0.15333961234257706,
    "SNOA": 0.1532540633847621,
    "BSPM": 0.1530756943622765,
    "EGRX": 0.15301310713477168,
    "MEDXF": 0.1528007108637272,
    "LCI": 0.1515954479609793,
    "SWPIF": 0.15138060416229246,
    "SFOSF": 0.15082403152751475,
    "MJNA": 0.1505420114352601,
    "RDY": 0.1502071491548699,
    "MGCLF": 0.15005648263132337,
    "CBDY": 0.14989594392293504,
    "MNKKQ": 0.1498301313555453,
    "APNHF": 0.14958163882683156,
    "APNHY": 0.14958163882683156,
    "ADMP": 0.14932354770052653,
    "VYYRF": 0.148907569989383,
    "OWCP": 0.14806411919522086,
    "ACCA": 0.14800263722244972,
    "SGIOY": 0.14756291041996286,
    "HLUKF": 0.14754069901841088,
    "HLUYY": 0.14754069901841088,
    "TARO": 0.14741302321218067,
    "ZYNE": 0.14685343827477979,
    "KKPCF": 0.1467554912749694,
    "SGIOF": 0.146258598619081,
    "DNPUF": 0.14592404549306026,
    "HKMPF": 0.14576120200457596,
    "HKMPY": 0.14576120200457596,
    "TRGM": 0.14490202464519455,
    "CTLT": 0.14481656253818373,
    "NPPNY": 0.14472907976956212,
    "IGPK": 0.14450106626981188,
    "CPHI": 0.14414737868439176,
    "ISOLF": 0.1430824593030413,
    "SUPN": 0.14187508317487132,
    "TRCNF": 0.14163792149060284,
    "EBS": 0.1405739928825901,
    "HRVOF": 0.14040707104691835,
    "CNTMF": 0.14023646283663396,
    "JUVAF": 0.13998441963512737,
    "HERTF": 0.13974468359664513,
    "FIORF": 0.13944322600412332,
    "NEPT": 0.13879319981318006,
    "BIOYF": 0.1384221490514916,
    "CRON": 0.1371432623135949,
    "ISCNF": 0.1366595031501516,
    "HTSUF": 0.1365307667320803,
    "CXRXF": 0.13624872323805667,
    "CBWTF": 0.13599043892324725,
    "TCNAF": 0.1354994386735638,
    "AVDL": 0.13543346316512486,
    "BHC": 0.13470946109351212,
    "AERI": 0.1346615456114162,
    "CURR": 0.13431499797333715,
    "AOXG": 0.13419474571220513,
    "CCHWF": 0.13376595419566684,
    "PCRX": 0.13334100534752275,
    "TEVA": 0.13296593106618448,
    "TEVJF": 0.13296593106618448,
    "CYTH": 0.13287069997062262,
    "OASMY": 0.1326491363100252,
    "KALY": 0.13162951120935687,
    "HLTRF": 0.13105739629439359,
    "INNPF": 0.1306404325710187,
    "SPRWF": 0.1305714327519145,
    "CVSI": 0.1304560685797021,
    "PTPI": 0.13033361810642657,
    "PRPH": 0.1302856551844983,
    "BQST": 0.1301090699271152,
    "SBFM": 0.12995957795440743,
    "ATNX": 0.12975829787789236,
    "ORXOY": 0.129562613264659,
    "PARNF": 0.1295211743054758,
    "HBRM": 0.1288450766953945,
    "GEATF": 0.12872320597334844,
    "TRSSF": 0.12818086930845876,
    "ASRT": 0.127888514962935,
    "ALEAF": 0.12747943241373183,
    "GRLB": 0.12741687628750997,
    "GBLP": 0.1273900851921328,
    "ELAN": 0.12719519795949374,
    "TYHT": 0.12649614824931285,
    "VEXTF": 0.1264876596711281,
    "CBGL": 0.12640683156724683,
    "VPHIF": 0.12629602361223025,
    "CURLF": 0.1259747202656144,
    "CNGGF": 0.12590752977897646,
    "FLXN": 0.1254761446543236,
    "ELIXF": 0.12508162923331262,
    "PRXTF": 0.12507637680275993,
    "ACNNF": 0.12503155738424757,
    "DRRX": 0.1249986014533747,
    "NLVVF": 0.12465120740137423,
    "AOLS": 0.12420955837045933,
    "ULUR": 0.12407186581743167,
    "GTBIF": 0.12306798159641225,
    "GGBXF": 0.12257338301966995,
    "EMHTF": 0.12227037644764442,
    "COSM": 0.12210885107947457,
    "ANAS": 0.12206313808171403,
    "TSMRF": 0.12183637395664706,
    "KMDA": 0.12179507596621746,
    "PRCNF": 0.1217186491121051,
    "CANB": 0.12153664151724711,
    "CSUI": 0.12140896299250224,
    "ACB": 0.1211851438766051,
    "PETQ": 0.12080904846030437,
    "IRCLF": 0.12069277793194781,
    "SARSF": 0.12066489321397601,
    "ABTI": 0.12046404500038412,
    "AMPH": 0.12042228814786736,
    "HRVSF": 0.12016267971317293,
    "MKGAF": 0.11979126600159723,
    "MKKGY": 0.11979126600159723,
    "NLTX": 0.11958946029766608,
    "GTSIF": 0.11948334458045878,
    "HCANF": 0.1191685245034666,
    "CNABQ": 0.11907351923303842,
    "MRMD": 0.1190019458396612,
    "HBMK": 0.1189549959743747,
    "BMMJ": 0.11891351425449814,
    "NLBS": 0.11875046312779952,
    "MJARF": 0.11867231848724324,
    "TLLTF": 0.11832335411874523,
    "NXEN": 0.11821723122009783,
    "PRGO": 0.11809832004312974,
    "VLNCF": 0.11806048044297454,
    "AMYT": 0.1179555676954415,
    "IVITF": 0.11771898400134001,
    "RVVQF": 0.11743067390794634,
    "MEDIF": 0.11648806697545172,
    "CGC": 0.11642539152970716,
    "BLEVF": 0.11622628783381442,
    "DKSC": 0.11606099354862087,
    "EVOK": 0.11596460362499214,
    "CNSC": 0.11573735662203102,
    "EXPFF": 0.11551761288914057,
    "BKUH": 0.11545665131163889,
    "OVATF": 0.1152421912627457,
    "BUDZ": 0.11512948601420812,
    "VRNOF": 0.1148154522744291,
    "DLTNF": 0.11481024750149034,
    "ZTS": 0.1145201450235288,
    "OMID": 0.11410771226240987,
    "CBGI": 0.11396515639006645,
    "CNTTQ": 0.11381474645704198,
    "TNPH": 0.11380947876868286,
    "GRUSF": 0.11356871212933249,
    "LOVFF": 0.11349791420926313,
    "STMH": 0.11335399672429027,
    "FFNTF": 0.11310156966883118,
    "CLSH": 0.1130403287593414,
    "OGI": 0.11299149957851351,
    "MCIC": 0.11285801534143373,
    "ORVRD": 0.11276595463110266,
    "VEGGF": 0.11272483636057298,
    "BIOVF": 0.11225726830209339,
    "MRVT": 0.11216784041148686,
    "PLSI": 0.11208291717342433,
    "WOWU": 0.1119013309687412,
    "FWDG": 0.11171974659021067,
    "INVVY": 0.1116913841877854,
    "IZQVF": 0.1116913841877854,
    "CHOOF": 0.11163367383286393,
    "RAMMF": 0.11096375412502313,
    "THTX": 0.11092437599316457,
    "ICNAF": 0.11080548286954679,
    "BHNGF": 0.11054015053000832,
    "COLL": 0.11050424675051079,
    "GLDFF": 0.11042513086959073,
    "MRRCF": 0.11036332209421325,
    "PEXXF": 0.11031595066667071,
    "OPTN": 0.11025713177941489,
    "ETST": 0.11020539950585695,
    "AGFAF": 0.11005647248795619,
    "WLDFF": 0.1097684556502218,
    "ZBISF": 0.10965646189596048,
    "HEMP": 0.10962022855471264,
    "PGTMF": 0.10956598315422882,
    "WRHLF": 0.1094778491347025,
    "GHSI": 0.10933372722804416,
    "PAHC": 0.1093264138406852,
    "ACUS": 0.10924359908876223,
    "BDSI": 0.10910520256358278,
    "KHRNF": 0.10895062733876207,
    "ERBB": 0.10873760532461074,
    "CANQF": 0.1086720237808188,
    "GNHAF": 0.10866418235478353,
    "GNHAY": 0.10866418235478353,
    "PCLOF": 0.10851818912063643,
    "PVTTF": 0.1083643873208452,
    "SCNNF": 0.10795026240733568,
    "AYRWF": 0.10792892159224288,
    "AREVF": 0.1078449249234843,
    "CPHRF": 0.1077804410825269,
    "CBDHF": 0.10775216208580711,