{
    "RMTI": 0.9999999999999999,
    "GNHAF": 0.24385907977835058,
    "GNHAY": 0.24385907977835058,
    "SHIEF": 0.20712850001267769,
    "BIOYF": 0.1864967694340055,
    "SPLIF": 0.17254312664399787,
    "AXRX": 0.1638472820703373,
    "MJNA": 0.1632225693790905,
    "BMCS": 0.1629649296508142,
    "SARSF": 0.16009148707239187,
    "MNKKQ": 0.15979246918750636,
    "AMRX": 0.1531610000387165,
    "MRVFF": 0.15118305675465257,
    "GTBIF": 0.15065932472640836,
    "NLVVF": 0.14942314285497968,
    "TRGM": 0.14890902275341347,
    "VPHIF": 0.14810101239741028,
    "PVTTF": 0.14648944743737918,
    "TYHT": 0.14575539989956085,
    "CRTPF": 0.14547594087370697,
    "ZTS": 0.1454746120089832,
    "TLGT": 0.14398247453714905,
    "PETQ": 0.14152716627675002,
    "CPIX": 0.13837008279963886,
    "ADMS": 0.13680461961341528,
    "ADMP": 0.13556750785376093,
    "MRVT": 0.1346325468208189,
    "VTRS": 0.132250669825023,
    "INTP": 0.13128054972874337,
    "HRVOF": 0.12838197064311316,
    "CPHI": 0.12817018399956356,
    "BIEI": 0.12816520100344744,
    "GBLP": 0.12799263189006616,
    "PAHC": 0.1277487376931745,
    "EBS": 0.12752851106249974,
    "KSPHF": 0.1266438020355385,
    "INNPF": 0.12651298710852574,
    "AIDA": 0.12552327393959836,
    "SNOA": 0.12524300206205752,
    "TOKIF": 0.12486224469380665,
    "IPSEY": 0.12463419420343828,
    "PPII": 0.12460654097783277,
    "IVITF": 0.12445187666273208,
    "ANIP": 0.12425649753143572,
    "SUPN": 0.1236799427259275,
    "DRRX": 0.12350326263380819,
    "AQSZF": 0.12280770103315683,
    "HKMPF": 0.12276232151819776,
    "HKMPY": 0.12276232151819776,
    "TNPH": 0.12258475421026954,
    "EOFBF": 0.12211548309847788,
    "TEVA": 0.12207971241230325,
    "TEVJF": 0.12207971241230325,
    "RDY": 0.1216871180248278,
    "COPHF": 0.12166697877318826,
    "AVCNF": 0.12137524890093068,
    "ACUR": 0.12125064710120376,
    "PKANF": 0.12110307869321024,
    "PCYN": 0.12089963689298143,
    "CRON": 0.12042715127549165,
    "ALIM": 0.12037254089688795,
    "ELAN": 0.11968213911751956,
    "TCNNF": 0.11938877120069205,
    "ALEAF": 0.11934845576749344,
    "GHSI": 0.11915926652406007,
    "ITHUF": 0.11890255857881928,
    "ISOLF": 0.1187198604102318,
    "TRSSF": 0.1186174399443627,
    "HRVSF": 0.1185745599627708,
    "AMYT": 0.11849553250731766,
    "CBDY": 0.11811395834456677,
    "HERTF": 0.1177049405630161,
    "ESALY": 0.11763882563049699,
    "KMDA": 0.1175985864687974,
    "GRUSF": 0.1175700088624437,
    "TARO": 0.1174208944362602,
    "MEDXF": 0.11726270733294658,
    "ACB": 0.116984295726916,
    "APHA": 0.11698389065731434,
    "HROW": 0.11622718884195,
    "ULUR": 0.11576441314608357,
    "ATNX": 0.1145164351953217,
    "APPB": 0.11442344438717526,
    "BSPM": 0.11433306436276429,
    "NPPNY": 0.11403900599817221,
    "CTLT": 0.1139530424104487,
    "CVSI": 0.11380613317595055,
    "GGBXF": 0.11285834910768826,
    "TAK": 0.11273476378609719,
    "TKPHF": 0.11273476378609719,
    "THTX": 0.11205570390417152,
    "FWDG": 0.11191285456612363,
    "AOXG": 0.11134092299879755,
    "NLBS": 0.11083692636992624,
    "BLEVF": 0.11051342763026198,
    "BGAIF": 0.10998541153127242,
    "BIOGY": 0.10998541153127242,
    "KKPCF": 0.10955541507926052,
    "UNVC": 0.10929220623420764,
    "HBRM": 0.1089472001801123,
    "OPTN": 0.10877794178496944,
    "FTEG": 0.1087553497298151,
    "BHC": 0.10867833874530247,
    "CBDHF": 0.10865000553520368,
    "LMLLF": 0.10831201469640375,
    "EGRX": 0.10829965361218456,
    "SFOSF": 0.10802612933906786,
    "HLUKF": 0.10770567584832147,
    "HLUYY": 0.10770567584832147,
    "MEDIF": 0.1075713851867649,
    "BMMJ": 0.1072792822059985,
    "AMPH": 0.10710839507328623,
    "HUGE": 0.10692774502695208,
    "BNIGF": 0.10660761295524833,
    "NEPT": 0.10651481727954455,
    "CXRXF": 0.10628264506470099,
    "ORXOY": 0.10553930764889949,
    "RXEI": 0.10515052997361522,
    "TAIPY": 0.10513665083875452,
    "ACRX": 0.10505439277478386,
    "CNTTQ": 0.10449648041097757,
    "NNRX": 0.10444884420008775,
    "PTPI": 0.10435860271911392,
    "TLLTF": 0.10428004658515085,
    "WDDMF": 0.10402361092124247,
    "ORGO": 0.10388242257284003,
    "WRHLF": 0.10384925712157149,
    "ABSCF": 0.10322307108412535,
    "PKPH": 0.10301543457546301,
    "HBMK": 0.10298180209116567,
    "VVCIF": 0.1027686460169082,
    "PRPH": 0.102435881034435,
    "PRCNF": 0.102238502427279,
    "SLDB": 0.10217020329955182,
    "CBDS": 0.10164728772514595,
    "ORVRD": 0.1015809501809251,
    "PLPRF": 0.10122864478510059,
    "IAGX": 0.10109162428609171,
    "BDSI": 0.10080762251952423,
    "OGI": 0.10077235787569909,
    "MRMD": 0.1007566041520458,
    "CURLF": 0.10064792446885437,
    "VEXTF": 0.10053288533902766,
    "EAPH": 0.10046635855273932,
    "RVVTF": 0.10043364717747337,
    "ASRT": 0.10026519643621516,
    "CLSH": 0.10025885754588859,
    "JUVAF": 0.10014543477870193,
    "KHRNF": 0.09983072736623043,
    "COSM": 0.09964153301427137,
    "RDDTF": 0.09945744352865198,
    "FFNTF": 0.0991565977782463,
    "PLNHF": 0.09896597502260128,
    "CNABQ": 0.09867300924734039,
    "SHMN": 0.09859818711450896,
    "CURR": 0.09839566313164513,
    "RAFA": 0.09810239058638251,
    "HLTRF": 0.09808414229121398,
    "PTLF": 0.09800713249479868,
    "GCAN": 0.09786264086893869,
    "PLXP": 0.0974129979824438,
    "FLOOF": 0.09714607316956526,
    "QMDT": 0.0971440490608796,
    "ETST": 0.09692506271354344,
    "CNTMF": 0.09684495447098578,
    "CBDL": 0.09680094384686456,
    "ZOM": 0.09661045626289616,
    "EMHTF": 0.09648774141841435,
    "FLXN": 0.09614420353771637,
    "PLSI": 0.09592332636642274,
    "IGPK": 0.09590851501653702,
    "TXMD": 0.09584110510370213,
    "NEUN": 0.09561521701893017,
    "ANAS": 0.09559596183746252,
    "WOWU": 0.09542832977126642,
    "HUMDF": 0.09537008437790359,
    "GRPS": 0.0949750044725354,
    "NHPHF": 0.09485810487229701,
    "IRWD": 0.09478081170565528,
    "ENDP": 0.0947523496890594,
    "VRNOF": 0.0946640689008626,
    "MGCLF": 0.0945518194073754,
    "TRTC": 0.09429070224763665,
    "OVATF": 0.09422815050578914,
    "AOLS": 0.09378884211466437,
    "NWYU": 0.09332138485769131,
    "AREVF": 0.09327022239490262,
    "HAPP": 0.0932270226186917,
    "JUSHF": 0.09316083792211041,
    "RVVQF": 0.09304485955745229,
    "MRRCF": 0.09275642486077194,
    "INIS": 0.09267388099749767,
    "CYTH": 0.0926595440878557,
    "STSN": 0.09259363812572531,
    "NSVGF": 0.09241877151403674,
    "SYUP": 0.09209088363810654,
    "INVVY": 0.09204973580171467,
    "IZQVF": 0.09204973580171467,
    "ZOEIF": 0.09187689935780433,
    "GPHG": 0.09177864766137794,
    "MCIC": 0.091723648266205,
    "STAU": 0.09165123791414927,
    "TGIFF": 0.0916185422714934,
    "BUDZ": 0.09155376904209482,
    "EVOK": 0.09109486212549997,
    "DNPUF": 0.091024862524764,
    "VLNCF": 0.09092319931206161,
    "NBGV": 0.09088080040205058,
    "OILFF": 0.09087764827275727,
    "DVLP": 0.09076494571524463,
    "ASPCF": 0.09072223016104279,
    "PCRX": 0.09063973212101084,
    "LOVFF": 0.09058965137536196,
    "LTTSF": 0.090540730594315,
    "TWSI": 0.09047118191756522,
    "CANB": 0.0903881466681731,
    "GRLB": 0.09027498319476876,
    "QLI": 0.09008033171464916,
    "HCANF": 0.09002208338361688,
    "CGC": 0.0899503658457312,
    "CALT": 0.08993127604679453,
    "CLVR": 0.0896837899328604,
    "CCHWF": 0.08946169463434774,
    "HPMM": 0.08932779036490815,
    "MPXOF": 0.08908492254843586,
    "EMGE": 0.08903770685007932,
    "GLDFF": 0.08889598768443015,
    "HSTI": 0.08878988383359997,
    "LVGI": 0.08868845964829623,
    "VDRM": 0.08865751318915416,
    "CBGL": 0.08842541623286734,
    "DVAX": 0.08837404335381747,
    "TGGI": 0.08816530780170237,
    "LCI": 0.08813650889956136,
    "IVIXF": 0.08789392117561236,
    "AQST": 0.08773439812135274,
    "YCBD": 0.087665329274843,
    "OASMY": 0.08758554714949585,
    "GEATF": 0.08734893136625473,
    "CNNXF": 0.08671120568558269,
    "CBWTF": 0.08664613996146169,