{
    "SCYX": 1.0,
    "CPIX": 0.1868474853286524,
    "SUPN": 0.17672305571180294,
    "AMRX": 0.1618740068141316,
    "HUGE": 0.1572267483733704,
    "NHPHF": 0.15658861860347545,
    "RDUS": 0.15597924403575084,
    "CRTPF": 0.15538236642709374,
    "ESALY": 0.1516809533168493,
    "AOXG": 0.14803466631956194,
    "SFOSF": 0.14726056657706563,
    "KSPHF": 0.14566030352970327,
    "HUMDF": 0.145277308808773,
    "BIOYF": 0.14391637832867424,
    "MGCLF": 0.14331688196591535,
    "RVVTF": 0.14328204132453576,
    "KKPCF": 0.1361300765042255,
    "SGIOY": 0.1350032962692989,
    "SGIOF": 0.1338099991732951,
    "CXRXF": 0.13109673755299567,
    "MNKKQ": 0.12809458957438288,
    "CYTH": 0.1273211699988269,
    "HLTRF": 0.12613749534280702,
    "OASMY": 0.12475859650210434,
    "TLGT": 0.12410707157995753,
    "ORXOY": 0.12352544348626232,
    "RLMD": 0.1220309572339452,
    "SLDB": 0.12135471266568322,
    "ATNX": 0.12115747743903969,
    "OMID": 0.12070284580477944,
    "ABSCF": 0.12068694615343756,
    "ALIM": 0.11978481493724692,
    "EGRX": 0.11889181329201674,
    "ZOM": 0.11778560306250975,
    "BUDZ": 0.11755309975689021,
    "ACUR": 0.11694660142471446,
    "IRWD": 0.11675417389397812,
    "RDHL": 0.11667261900273491,
    "ADMP": 0.11587989974520072,
    "AQST": 0.11579391051636122,
    "RDY": 0.1157264201746353,
    "AMYT": 0.11568428911862198,
    "PTPI": 0.11547674685514774,
    "HROW": 0.11517079472810406,
    "GPHG": 0.11507803443538248,
    "SHIEF": 0.11482590645207984,
    "ACRX": 0.11224704671017767,
    "AQSZF": 0.1118208355561925,
    "VDRM": 0.11180568663492893,
    "CTLT": 0.1116723011843693,
    "GBLP": 0.11143495831522982,
    "TAK": 0.11134338113706693,
    "TKPHF": 0.11134338113706693,
    "VPHIF": 0.11116640036970334,
    "MRVT": 0.11099780603970934,
    "EVOK": 0.11089190237076382,
    "TOKIF": 0.11031029463934988,
    "DNPUF": 0.10981065507324791,
    "EBS": 0.10882752374234769,
    "DRRX": 0.10876698925241757,
    "DVAX": 0.10867266257066872,
    "GNHAF": 0.10742686568912292,
    "GNHAY": 0.10742686568912292,
    "NXSCF": 0.10719116121732294,
    "THTX": 0.10711677761705117,
    "OWCP": 0.10692633872799874,
    "ADMS": 0.10691949569782248,
    "MRVFF": 0.1060460707701328,
    "MYCOF": 0.1058784518161305,
    "HBRM": 0.10544744675793932,
    "PZOO": 0.10529588408339327,
    "MKGAF": 0.10419051942152864,
    "MKKGY": 0.10419051942152864,
    "LMLLF": 0.10408609845790646,
    "AOLS": 0.10370080965309328,
    "MJNA": 0.10312204776255625,
    "GBHPF": 0.10275311225319236,
    "OVATF": 0.10211783584002398,
    "TEVA": 0.10174594787396764,
    "TEVJF": 0.10174594787396764,
    "INNPF": 0.10150797269891247,
    "MITPF": 0.10148666500768343,
    "AVDL": 0.10140707396003047,
    "NPPNY": 0.10119468670235125,
    "PKPH": 0.10101343228384299,
    "CURR": 0.10077492252180874,
    "APPB": 0.10013554269992278,
    "CBDY": 0.10002589320324082,
    "GCAN": 0.0999436766724335,
    "IVIXF": 0.09955739137899894,
    "OPTN": 0.09927451285772546,
    "AXRX": 0.09911327293461777,
    "NLTX": 0.099078705231029,
    "AIDA": 0.09891954308735228,
    "AVCNF": 0.0985864427274651,
    "FLXN": 0.09857036450248324,
    "INTP": 0.09856398531803393,
    "APHA": 0.09832748366973812,
    "EMHTF": 0.09795992688506042,
    "GTSIF": 0.09772003598341339,
    "ULUR": 0.09754494140411743,
    "XXII": 0.097534678531455,
    "KMDA": 0.09717970341456761,
    "PAHC": 0.09715874169949289,
    "IGPK": 0.0952905942500746,
    "CHMJF": 0.09519310583315203,
    "ELTP": 0.0951501004804288,
    "CNGGF": 0.09476063368724079,
    "FWDG": 0.09458113250424141,
    "HLUKF": 0.09415362770267001,
    "HLUYY": 0.09415362770267001,
    "PTLF": 0.09410847294841797,
    "CNABQ": 0.09383199279648068,
    "CVSI": 0.09376867740440666,
    "CTTH": 0.09354295494286648,
    "JUPW": 0.09292880281055552,
    "NEUN": 0.09281678274093658,
    "PVTTF": 0.09281488331290025,
    "CBWTF": 0.09258582028096157,
    "MEDXF": 0.09257935838985275,
    "CBGI": 0.09234695058609153,
    "ELAN": 0.09225948942664502,
    "CPHI": 0.09223657640880506,
    "ATHJF": 0.09220765326459601,
    "VEXTF": 0.09202492059728042,
    "SNOA": 0.09185525918938693,
    "PCRX": 0.0912496532418142,
    "PLXP": 0.09115359780482002,
    "NEPT": 0.0908332405695883,
    "TRCNF": 0.0907196374689751,
    "PRPH": 0.09068966224255663,
    "BIOVF": 0.09055167494488753,
    "EVOTF": 0.09053181527496164,
    "EVTCY": 0.09053181527496164,
    "ASPCF": 0.09013603972484929,
    "ASRT": 0.09005417662705738,
    "RAFA": 0.08961218163261223,
    "CASBF": 0.08938261237829978,
    "OILFF": 0.08912933238356094,
    "VTRS": 0.08866021344670932,
    "CPHRF": 0.08864403591015627,
    "CCHWF": 0.08860188617611578,
    "HKMPF": 0.08851130344385691,
    "HKMPY": 0.08851130344385691,
    "ZTS": 0.08850843027233297,
    "BDSI": 0.088334271863238,
    "HERTF": 0.08831093302525948,
    "GRLB": 0.08822263344880496,
    "FIORF": 0.08808889298634873,
    "TAIPY": 0.08796994840970995,
    "CBGL": 0.0878412549336935,
    "TYHT": 0.08746592957554185,
    "BNIGF": 0.08738314549143564,
    "VRNOF": 0.08644778050880633,
    "ALEAF": 0.0863936699775187,
    "PHCG": 0.08609892100294993,
    "ETST": 0.08594318456301629,
    "CRON": 0.08516912434090544,
    "PPD": 0.08510453730393934,
    "DVLP": 0.08503739352501131,
    "COLL": 0.08492856840709014,
    "ANIP": 0.08481233152038095,
    "PLSI": 0.08455553015886257,
    "AMPH": 0.08416261353080855,
    "ZYNE": 0.08413095942841964,
    "AGFAF": 0.08402029680128037,
    "PRXTF": 0.08391187973175847,
    "COPHF": 0.08390669228726345,
    "NNRX": 0.0838027317081173,
    "ATTBF": 0.08371306027656591,
    "TCNAF": 0.08363657433638877,
    "ACCA": 0.08346054186452041,
    "IPSEY": 0.08345674122867384,
    "RAMMF": 0.08320737345616556,
    "GTBIF": 0.08318320691203168,
    "BKUH": 0.08272707367780632,
    "WOWU": 0.08269895704139649,
    "BIEI": 0.0825323464610054,
    "VLNCF": 0.08248138920574744,
    "TRSSF": 0.08237304214231972,
    "BGAIF": 0.0822411479501466,
    "BIOGY": 0.0822411479501466,
    "TLLTF": 0.08208984811948976,
    "MVMDF": 0.08152397035634364,
    "PARNF": 0.08128018066818796,
    "USMJ": 0.08125672485559639,
    "COSM": 0.08102764897876091,
    "HCANF": 0.08094682323587948,
    "GGBXF": 0.08086093156292137,
    "ISOLF": 0.08074418109521778,
    "ERBB": 0.08069203496219284,
    "TARO": 0.0805147376162215,
    "BHC": 0.08033670691025979,
    "AREVF": 0.08028913319735179,
    "TRGM": 0.08027344337904585,
    "VIVXF": 0.08010395615699618,
    "VEGGF": 0.08006834084299116,
    "GEATF": 0.08004478646477266,
    "ACNNF": 0.07994162527936371,
    "CHOOF": 0.07972563314669698,
    "BKIT": 0.0796504159264056,
    "MNZO": 0.07955700110521848,
    "SNNVF": 0.07945333942297829,
    "CANB": 0.07938091562340006,
    "KALY": 0.0790139177580155,
    "TWSI": 0.07899347565193578,
    "TNPH": 0.07855340085595747,
    "PRFX": 0.07815320901274309,
    "CNTMF": 0.07813617751134544,
    "ISCNF": 0.07799077520056906,
    "ABTI": 0.07797059169802749,
    "CGC": 0.07782656169281806,
    "CLTEF": 0.07781832812370432,
    "BQST": 0.07773939457345364,
    "EXPFF": 0.07763535177667362,
    "NLBS": 0.07751137362781985,
    "RVVQF": 0.07750144982107608,
    "MCOA": 0.07745950317634367,
    "PETQ": 0.07737042427043575,
    "HEMP": 0.07703148959244868,
    "GHSI": 0.07692697370978584,
    "NMLSF": 0.0769188491004637,
    "LRSV": 0.0767851492707197,
    "ALID": 0.07661295661787693,
    "SPRWF": 0.07661216901325624,
    "JUVAF": 0.07656738405654676,
    "RXEI": 0.0764317012023433,
    "ITHUF": 0.07610380006371902,
    "EOFBF": 0.07606355426600646,
    "MCIC": 0.07565165733668557,
    "NOBDF": 0.07558033591834495,
    "RCMW": 0.07509806424124468,
    "IVITF": 0.07497945787534226,
    "CSUI": 0.07487056846941624,
    "WUHN": 0.07480575399543421,
    "SCNNF": 0.07479347421088413,
    "APNHF": 0.07471035363952135,
    "APNHY": 0.07471035363952135,
    "HBMK": 0.07470909168268107,
    "CALT": 0.0745063890814499,
    "UPPR": 0.0744145543425318,