{
    "TCNNF": 1.0000000000000004,
    "GRUSF": 0.25849802034633407,
    "GTBIF": 0.256856223979273,
    "TRSSF": 0.2497302642864081,
    "CNTMF": 0.23592467997838684,
    "HRVSF": 0.23340980473630568,
    "JUSHF": 0.22065906443344094,
    "INLB": 0.21628115301631978,
    "CURLF": 0.2146230927960992,
    "GRAMF": 0.20056215000984787,
    "ITHUF": 0.20048682774483426,
    "FFNTF": 0.19786804860709664,
    "FLOOF": 0.19588649725873503,
    "VRNOF": 0.19225160573277714,
    "PRCNF": 0.19161325448500952,
    "WDDMF": 0.1893718452983674,
    "SARSF": 0.1852956537158301,
    "ALEAF": 0.1845663986891611,
    "PKANF": 0.18399757202552583,
    "GEATF": 0.1827378087343392,
    "EOFBF": 0.18184068793559097,
    "GLDFF": 0.1768667720526161,
    "ORVRD": 0.17672823903264248,
    "MEDIF": 0.17671282254171813,
    "CNSC": 0.17495894321393984,
    "VREOF": 0.1692955018823258,
    "TRTC": 0.16886137392276426,
    "CRLBF": 0.16838989283249012,
    "NBGV": 0.1681964638055454,
    "OGI": 0.16448777140342966,
    "OVATF": 0.16384278072373257,
    "PLPRF": 0.1631596407315755,
    "ACB": 0.16311436410524108,
    "RWBYF": 0.16241071522956413,
    "BMMJ": 0.16173352370898916,
    "CBDY": 0.16157202489513378,
    "AYRWF": 0.16155113937048363,
    "HERTF": 0.16142990595125434,
    "BLEVF": 0.160520438795345,
    "CBWTF": 0.15947908863065738,
    "TYHT": 0.15700416386689586,
    "IVITF": 0.15688501175762426,
    "AXRX": 0.15625395564367012,
    "MMNFF": 0.1556422195569664,
    "POTN": 0.15470441438086296,
    "PLNHF": 0.1530567878884441,
    "ETST": 0.15272835803375956,
    "PSIQ": 0.15192051993728412,
    "VEXTF": 0.15171073912128225,
    "CRON": 0.15157814315513157,
    "DLTNF": 0.1511774254882974,
    "AMRX": 0.14966541431365804,
    "NLBS": 0.14900574802087524,
    "ICNAF": 0.1485158657251706,
    "LOVFF": 0.14754045182857167,
    "LVRLF": 0.1474161650631176,
    "SPLIF": 0.14566670134129464,
    "VLNCF": 0.1455149455570731,
    "STMH": 0.14545255799433396,
    "TCNAF": 0.1451826501724159,
    "TOKIF": 0.1445882437619278,
    "APHA": 0.14425049718394634,
    "HRVOF": 0.14298253435703812,
    "YCBD": 0.14231472781582957,
    "CCHWF": 0.141883967029445,
    "HKMPF": 0.1410526395816538,
    "HKMPY": 0.1410526395816538,
    "VVCIF": 0.14053633743251345,
    "LOWLF": 0.14045615695084793,
    "HCANF": 0.13981621199092487,
    "GRLB": 0.13940904880564042,
    "CBDHF": 0.139314450171853,
    "EMHTF": 0.13798098356874783,
    "OWCP": 0.13760800301632595,
    "HEXO": 0.13742280356912923,
    "MJTV": 0.1370078420614585,
    "CLSH": 0.1369583275745249,
    "FLWPF": 0.13634364903322654,
    "GGBXF": 0.13584239005110213,
    "BIOIF": 0.135567844322773,
    "GSRX": 0.13520880372544866,
    "CGC": 0.13501539926161538,
    "VBSCF": 0.13422679548847316,
    "WLDFF": 0.1333900490369852,
    "ERBB": 0.13309501757788128,
    "ACNNF": 0.1330486882300003,
    "TGIFF": 0.1327942871858399,
    "CANB": 0.13232333147753733,
    "TLGT": 0.1321292267268098,
    "PLSI": 0.13201677389177424,
    "CVSI": 0.13188120196444683,
    "CNTTQ": 0.13187255668225797,
    "CNNXF": 0.13162093619529736,
    "TLLTF": 0.13052875237720937,
    "ANIP": 0.13028641306199898,
    "BLLXF": 0.13017133292379002,
    "ENDP": 0.12970621914490682,
    "IGPK": 0.1285466594387941,
    "HBORF": 0.12811341795642234,
    "APPB": 0.12793497243737698,
    "GGTTF": 0.12781010537519538,
    "TRCNF": 0.12776150842369766,
    "DKSC": 0.12762269990123493,
    "FWDG": 0.1271446188546292,
    "WOWU": 0.1271433384601697,
    "BKUH": 0.12697663639950682,
    "TGODF": 0.1262108904541215,
    "INTP": 0.12559723249890803,
    "MRMD": 0.1250316589026589,
    "CSUI": 0.12486409474340136,
    "GHSI": 0.12460454869420505,
    "XPHYF": 0.12425496160571971,
    "BHHKF": 0.12407837912572789,
    "CURR": 0.12385775594847463,
    "LMLLF": 0.12278946553766407,
    "NNRX": 0.12264635959422862,
    "HSTRF": 0.12238593580323215,
    "NLVVF": 0.12215161806135322,
    "CADMF": 0.12198256738425771,
    "WRHLF": 0.12192815908912981,
    "DRRX": 0.12168493691934948,
    "NEPT": 0.12166232263408248,
    "PETQ": 0.12109552655714449,
    "NDVAF": 0.12100033270104656,
    "BILZF": 0.12075930942482108,
    "PGTMF": 0.12010034705685742,
    "IRCLF": 0.11989180960519631,
    "RMTI": 0.11938877120069205,
    "VTRS": 0.11889667780254556,
    "PRPH": 0.11876321885333836,
    "PRXTF": 0.11840267629120807,
    "BHC": 0.1179388900609436,
    "INVVY": 0.1178346948019027,
    "IZQVF": 0.1178346948019027,
    "CNABQ": 0.11767100107704095,
    "KHRNF": 0.1175363741539509,
    "INNPF": 0.1174959684676002,
    "JUVAF": 0.11687790946434477,
    "MPXOF": 0.11661590485912972,
    "BQST": 0.11652508448430521,
    "LCI": 0.1158120632280725,
    "CBDS": 0.11540528247645188,
    "BMCS": 0.11525205010554797,
    "ZBISF": 0.1152165212296077,
    "KAYS": 0.11501756723455364,
    "BHNGF": 0.11488099381169047,
    "CVHIF": 0.11455584105019154,
    "COSM": 0.11451848527774744,
    "CWBHF": 0.11411436424154503,
    "SNDL": 0.11379912412298444,
    "MDVL": 0.11355744892867009,
    "PCYN": 0.1134925509234214,
    "NUGS": 0.11345401250871436,
    "MGCLF": 0.11342975180284486,
    "PEMTF": 0.11234672250787298,
    "WLNSF": 0.11231689252213305,
    "CBGL": 0.11200934882411019,
    "MJNA": 0.11174724947480422,
    "CHOOF": 0.11170751553630245,
    "CLCFF": 0.11169817663058208,
    "ISCNF": 0.11159871836165786,
    "ZOEIF": 0.11144121664390969,
    "ZTS": 0.1113195691502577,
    "USMJ": 0.11118211215998737,
    "MJARF": 0.11111287749500845,
    "KTNNF": 0.11091111040292895,
    "MCIC": 0.1103975524436223,
    "SHMN": 0.11016640106890999,
    "DBCCF": 0.1097126764284854,
    "FIORF": 0.10942467446069906,
    "SCNNF": 0.10915792159794535,
    "ISOLF": 0.10915602487843586,
    "CTLT": 0.10875727124136748,
    "LTTSF": 0.10865930936046161,
    "TGGI": 0.10846644075655396,
    "ACUR": 0.10833046061210182,
    "VDRM": 0.10828761895660013,
    "GPHG": 0.10795198667863301,
    "HPMM": 0.10769264188802578,
    "SLGWF": 0.10716142733771902,
    "NXGWF": 0.1071129180056878,
    "MNFSF": 0.10680524996591341,
    "EEVVF": 0.10612723782701076,
    "KMDA": 0.10592137689534022,
    "RAFA": 0.10591456734501804,
    "ADMS": 0.10560479834744885,
    "COPHF": 0.10476158219870474,
    "PKPH": 0.10379840199236531,
    "GENX": 0.1035177005196018,
    "ALIM": 0.10343375250473387,
    "CPIVF": 0.10341207293982345,
    "MNKKQ": 0.10322475638797278,
    "CXRXF": 0.10311662636463341,
    "ELAN": 0.10291570756282098,
    "HUGE": 0.10281647680119409,
    "CNFHF": 0.10243604859283512,
    "NOBDF": 0.10243068777835598,
    "SPRWF": 0.10211211639189116,
    "SCNA": 0.10198650787759533,
    "RDY": 0.10169396753363365,
    "TRGM": 0.10120502924613846,
    "IRWD": 0.1009451148737725,
    "CPHI": 0.100581795293139,
    "PAHC": 0.10042738793493024,
    "GCAN": 0.10027301110645603,
    "EMGE": 0.1001822970017803,
    "ELLXF": 0.10017055525728269,
    "SNNVF": 0.09966266108518365,
    "SNOA": 0.0989363183742691,
    "LITH": 0.09861291005440347,
    "ACCA": 0.09857734888153692,
    "BIOYF": 0.09835653723128235,
    "MRRCF": 0.09835420206754437,
    "RVVQF": 0.09796919714456598,
    "SRUTF": 0.09793917814388389,
    "LRSV": 0.09775100042747645,
    "AIDA": 0.09723281324259,
    "PRGO": 0.09708782344974455,
    "VFRM": 0.09707386408363997,
    "BDSI": 0.0969658284755139,
    "ASPCF": 0.09599014235706987,
    "BSPK": 0.09581242434113006,
    "BGAIF": 0.09564001918975087,
    "BIOGY": 0.09564001918975087,
    "BSPM": 0.0955513230401599,
    "CXXIF": 0.09554678647014102,
    "STSN": 0.09508896899476953,
    "RDDTF": 0.09508616206166635,
    "AVCNF": 0.09502706322672709,
    "PPII": 0.09489878243869032,
    "SIGO": 0.09467576700196971,
    "SLNX": 0.09459335594834663,
    "TEVA": 0.0943983313389891,
    "TEVJF": 0.0943983313389891,
    "DVLP": 0.09409903595056746,
    "TAK": 0.09400692514822165,
    "TKPHF": 0.09400692514822165,
    "VEGGF": 0.09350758508001861,
    "HLTRF": 0.09341320204891969,
    "BNIGF": 0.09332051128957883,