{
    "ZBISF": 1.0,
    "CRON": 0.3107457773374371,
    "JUVAF": 0.30571001266220943,
    "PRCNF": 0.29837538689401905,
    "OGI": 0.2974376483556209,
    "MPXOF": 0.289930506723293,
    "TCNAF": 0.2870818049179953,
    "OVATF": 0.2842340757651695,
    "DBCCF": 0.28214146009483493,
    "TRSSF": 0.27086904428658515,
    "LOVFF": 0.2633399360664294,
    "CPMD": 0.26174516159484634,
    "CBWTF": 0.2588814149473001,
    "VVCIF": 0.2579481185287316,
    "CNTTQ": 0.25549226458953755,
    "CURLF": 0.24996291865268272,
    "FFNTF": 0.24623626760043765,
    "APHA": 0.24358466704265344,
    "ALEAF": 0.24284985044742255,
    "FLWPF": 0.24047609030547354,
    "BHHKF": 0.23892111413255354,
    "RWBYF": 0.2350458951541974,
    "TGODF": 0.2310108115705869,
    "ACB": 0.23000451931954027,
    "MRMD": 0.2285420577654631,
    "IVITF": 0.2215729478642555,
    "PLPRF": 0.22084534079685733,
    "CBGL": 0.2184356313467205,
    "TRCNF": 0.21810368120229204,
    "HERTF": 0.2169602042135708,
    "EMHTF": 0.21609175708543138,
    "TLLTF": 0.21602368452238013,
    "SRUTF": 0.2153457487331604,
    "CNNXF": 0.21484178142463123,
    "FLOOF": 0.21309932905453727,
    "SARSF": 0.21131602544730355,
    "DLTNF": 0.21114581637546728,
    "ITHUF": 0.21101168313279292,
    "FIORF": 0.2102520902804217,
    "BLEVF": 0.21018609846960426,
    "HEXO": 0.210089707019945,
    "EEVVF": 0.2099238075258681,
    "JUSHF": 0.2091228546758136,
    "SPLIF": 0.20769844473462198,
    "NOBDF": 0.20763790729353707,
    "CCHWF": 0.2071076267100245,
    "MEDIF": 0.20700102223551553,
    "NLVVF": 0.206362666641136,
    "CBDY": 0.20627017080619284,
    "CLCFF": 0.2049405954738182,
    "STMH": 0.2041613128652727,
    "ROMJF": 0.203555175867656,
    "KHRNF": 0.20349559374780943,
    "CNTMF": 0.2018910455275258,
    "VLNCF": 0.19943987179329392,
    "MJNA": 0.19919475559784633,
    "CAAOF": 0.19842527629104365,
    "WDDMF": 0.19790873841146495,
    "ORVRD": 0.19486122529262837,
    "VEXTF": 0.19453169599092945,
    "CGC": 0.1941231082930954,
    "RVVQF": 0.19277060809664837,
    "NUGS": 0.19244475877864683,
    "MJARF": 0.192254277708387,
    "GRUSF": 0.19200468011498453,
    "HRVOF": 0.19148398243381515,
    "HKMPF": 0.19104505080306478,
    "HKMPY": 0.19104505080306478,
    "SNDL": 0.19075902830722968,
    "INLB": 0.19023190996195521,
    "GBHPF": 0.18902441655698912,
    "IMCC": 0.18661488549894348,
    "LTTSF": 0.1859167853924007,
    "UPPR": 0.1843035311890729,
    "TOKIF": 0.18411285602747318,
    "VRNOF": 0.18390589279296668,
    "TRTC": 0.18340315688413347,
    "IRCLF": 0.1832720525623345,
    "RDDTF": 0.18314061013015331,
    "SNNVF": 0.18307257799256252,
    "CNGGF": 0.1830687586513265,
    "GTBIF": 0.18164389916274817,
    "LMLLF": 0.18072352011829937,
    "MRRCF": 0.18069371466761017,
    "GGTTF": 0.18009684391368344,
    "GCAN": 0.17993644773809897,
    "SCNNF": 0.17967678379056784,
    "AMRX": 0.17957975856266,
    "TGIFF": 0.17686155519722802,
    "SPRWF": 0.17671546029112148,
    "JWCAF": 0.1766007549484615,
    "GPHG": 0.1759135275532692,
    "NBGV": 0.17361848500068594,
    "WOWU": 0.1727936072719425,
    "CSUI": 0.17217590076848746,
    "PHCG": 0.16972040712176137,
    "HRVSF": 0.16957551159179154,
    "AXRX": 0.16920405947238729,
    "ISOLF": 0.16723134351951574,
    "VBSCF": 0.16672030329520587,
    "BILZF": 0.16636274698773537,
    "ICNAF": 0.1651537966510708,
    "BMMJ": 0.1645126596724055,
    "GEATF": 0.16398122511338076,
    "BBRRF": 0.16278320107166394,
    "GGBXF": 0.16248479065028737,
    "PLNHF": 0.16099841129185463,
    "MDCN": 0.16089557965970355,
    "HCANF": 0.15930002289039524,
    "OILFF": 0.15832363928850843,
    "MJNE": 0.15804452751786,
    "AGFAF": 0.15740802855869807,
    "HLTRF": 0.15718603595401848,
    "COPHF": 0.15579947233323016,
    "HBORF": 0.15579463957656173,
    "BUGVF": 0.15567610650792552,
    "OWCP": 0.15543342534118196,
    "AVCNF": 0.15496192259913985,
    "RDY": 0.15352060143582996,
    "HSTI": 0.1531652665448154,
    "ISCNF": 0.15272700838945508,
    "CNFHF": 0.1508268119636957,
    "SLNX": 0.15078350650371788,
    "AREVF": 0.150766260751435,
    "VEGGF": 0.15001627409580284,
    "XPHYF": 0.1479291826837689,
    "BHNGF": 0.14701750507453315,
    "USMJ": 0.14698316260097008,
    "NEPT": 0.1458561599814474,
    "OMID": 0.1457379154402648,
    "EVRRF": 0.14563279347529023,
    "AYRWF": 0.14414665125001982,
    "NDVAF": 0.14407777061375457,
    "BKUH": 0.14373398561888662,
    "IGPK": 0.143623907572967,
    "ATTBF": 0.1428926970106697,
    "ALIM": 0.14254903016239767,
    "APPB": 0.14209656792800304,
    "CRLBF": 0.14172207110675372,
    "NXGWF": 0.1417196459559453,
    "VREOF": 0.1414786605069771,
    "GLDFF": 0.14137022575664654,
    "WRHLF": 0.14100944746875052,
    "TRUFF": 0.14015901438579886,
    "CADMF": 0.1387550749242351,
    "WLDFF": 0.1383225496057213,
    "CBDHF": 0.1379482323960339,
    "HSTRF": 0.13771648587706126,
    "NCNNF": 0.13716707703309514,
    "GRLB": 0.1367086181665105,
    "SIGO": 0.13644682824846635,
    "INNPF": 0.1363375168036561,
    "ANTCF": 0.13586444498252268,
    "ACUR": 0.13554782862188985,
    "TLGT": 0.1350744469088845,
    "NSVGF": 0.13499963842319462,
    "CNVCF": 0.13484559841160962,
    "CHOOF": 0.13477114211750085,
    "CBDNF": 0.1342238401196007,
    "EXPFF": 0.1330330367372652,
    "LVRLF": 0.13092334299050198,
    "CNABQ": 0.13085884621333288,
    "LVCNF": 0.13022019904873341,
    "KAYS": 0.13018040455881968,
    "FWDG": 0.12968165975265433,
    "BHC": 0.129603792052347,
    "BLLXF": 0.12918600835588256,
    "CLSH": 0.1285226357531366,
    "MNKKQ": 0.12801098965406438,
    "CPIX": 0.1277794437106753,
    "ELAN": 0.1271018927078625,
    "MMNFF": 0.12703712913860843,
    "LVVV": 0.12688335654798036,
    "PEMTF": 0.12648529633556124,
    "SFOSF": 0.12648450099664507,
    "MYMMF": 0.12635403790619837,
    "TEVA": 0.1263020008706728,
    "TEVJF": 0.1263020008706728,
    "SCNA": 0.12610605768869254,
    "ANIP": 0.12532420857482982,
    "GBLP": 0.12486035868804242,
    "EOFBF": 0.12479472076771655,
    "AQSZF": 0.12361000406887031,
    "IRWD": 0.12268172925867638,
    "MCOA": 0.12265850199676984,
    "RVVTF": 0.12258809975350425,
    "CNPOF": 0.12231639460328703,
    "GSRX": 0.12190694748346226,
    "BIOYF": 0.12174982602275426,
    "JUPW": 0.12150038820664709,
    "NWPN": 0.12142955488976805,
    "CRFTF": 0.12134439106587007,
    "ERBB": 0.12120408327642357,
    "CXXIF": 0.12091459940158127,
    "PRXTF": 0.12010914356220093,
    "INTP": 0.12006657624672201,
    "VTRS": 0.12005219405882891,
    "LOWLF": 0.12004043500598395,
    "PKPH": 0.11917406929451839,
    "INVVY": 0.11873029984908183,
    "IZQVF": 0.11873029984908183,
    "ELIXF": 0.11871436734921938,
    "OWPC": 0.11846303429029376,
    "BIEI": 0.11839293035330858,
    "HAPP": 0.11832520791978647,
    "PAHC": 0.11801424276481175,
    "MRVFF": 0.11781423412534918,
    "THTX": 0.11777988506735355,
    "KKPCF": 0.11715329571859782,
    "CNTRF": 0.11712965365170991,
    "PCLOF": 0.11706449427563173,
    "CPIVF": 0.11703002145637316,
    "MCIC": 0.11670384237373153,
    "HYPMY": 0.11612049019868781,
    "CBDS": 0.11586992072449685,
    "SOLCF": 0.11565225883865599,
    "ACCA": 0.11559689656928213,
    "TCNNF": 0.1152165212296077,
    "KALY": 0.11495579673224167,
    "GTSIF": 0.11460605625067506,
    "PETQ": 0.11457740891073573,
    "ZTS": 0.11451617162007974,
    "TSMRF": 0.11396009772179773,
    "CVGRF": 0.11384920823412292,
    "QMDT": 0.11362216293285511,
    "ALID": 0.11348516144380483,
    "CVHIF": 0.1134758350241884,
    "CANSF": 0.11336506313303299,
    "SNOA": 0.1132304187746656,
    "ABSCF": 0.11303614059445252,
    "CHMJF": 0.11300892712642607,
    "ELLXF": 0.1127237851565113,
    "SLGWF": 0.11256814144243428,
    "KMDA": 0.11230870693081184,
    "IAGX": 0.11218538833168355,
    "ADMP": 0.11176441071489907,
    "TAIPY": 0.11173289607198084,
    "HUGE": 0.11089839473473771,
    "UNVC": 0.11081417681089008,
    "TAK": 0.1106784430565776,