{
    "BEHL": 1.0000000000000002,
    "ALAN": 0.22045150079114642,
    "RGDEF": 0.2129534005481576,
    "DGWR": 0.196795847326014,
    "GCEI": 0.14354433471010147,
    "RSG": 0.13308688384324788,
    "MPHD": 0.12599122515574546,
    "ECOL": 0.11496358006093724,
    "CWSS": 0.1140305636034298,
    "WM": 0.11389628664009936,
    "MCIM": 0.11010021701431812,
    "OCLN": 0.10705664269824222,
    "BEEN": 0.10690461366806833,
    "GETH": 0.1065517693808021,
    "VEOEF": 0.10436282655133478,
    "VEOEY": 0.10436282655133478,
    "SNRG": 0.10327560707289092,
    "CVA": 0.10327559556908883,
    "ESTRF": 0.10201143224206022,
    "EXSO": 0.10002544297279692,
    "DSKIF": 0.09837098405250012,
    "CWST": 0.0979069330872751,
    "GPRC": 0.09349084044066823,
    "NES": 0.09346709116169814,
    "QNTFF": 0.0933014210477057,
    "JPEX": 0.09196356447017222,
    "NWMH": 0.09040382021498768,
    "CHFFF": 0.09014072338397272,
    "CHFFY": 0.09014072338397272,
    "VVIT": 0.08717147711618022,
    "JAN": 0.08596731504117214,
    "GARB": 0.08263130582031132,
    "SUNC": 0.08257100481952986,
    "QRHC": 0.08222365517193252,
    "AGXXF": 0.08202006314336643,
    "AQMS": 0.08118981376282096,
    "GFL": 0.08031638944313021,
    "GFLU": 0.08031638944313021,
    "RNWB": 0.07947989629430943,
    "TEXC": 0.07842408169659788,
    "CIWT": 0.0781778815038356,
    "GEVI": 0.0780112066898826,
    "TNJIF": 0.07788072939468849,
    "WCN": 0.07568689991305942,
    "SENR": 0.07461395100614615,
    "ECCI": 0.07374901144192562,
    "SECVY": 0.07311453594682141,
    "TRITF": 0.07200971494498368,
    "CXEE": 0.07187487298575596,
    "MJWL": 0.07157409553213516,
    "AWX": 0.0689181146915732,
    "EAATF": 0.06865275034990516,
    "QHYG": 0.06749312390572215,
    "GRCO": 0.06699189447976354,
    "CLH": 0.0668344669854854,
    "PESI": 0.0652582882575708,
    "TMRAF": 0.06459988962242638,
    "TMRAY": 0.06459988962242638,
    "MBRFF": 0.06406826803838953,
    "CCNC": 0.06391508835319781,
    "HCCI": 0.061957192591639614,
    "BOTRF": 0.06167108426415828,
    "GNCC": 0.0614592352875377,
    "PTOI": 0.05977413136215319,
    "GSPI": 0.05965493146892446,
    "ECPL": 0.05711489734457778,
    "EVSP": 0.057007609422556414,
    "SCPJ": 0.05418433492509638,
    "SRCL": 0.053356209734195,
    "AWWI": 0.05131270876193768,
    "VCIGF": 0.050975110611010184,
    "CWSFF": 0.04967027269509016,
    "TRTI": 0.04957451296525203,
    "HDII": 0.04943185889636843,
    "GERS": 0.04864619133085067,
    "CTRNF": 0.04596741798898004,
    "SMED": 0.04445274752320934,
    "AFBG": 0.04397152818836348,
    "USLQ": 0.04348009310931243,
    "CESX": 0.042986806969721306,
    "CRVYF": 0.04172045972197459,
    "BCCEF": 0.03980864283020615,
    "TRTK": 0.03964998119157959,
    "GMND": 0.03885925891584126,
    "EXPL": 0.038330277333904705,
    "MEG": 0.03567225453889166,
    "NXSI": 0.035573352819093365,
    "UVSS": 0.03472252813869629,
    "EQTE": 0.03188645875018458,
    "ECEZ": 0.031088168675135332,
    "CHRA": 0.028489746307412925,
    "GRNL": 0.028407664555990204,
    "LEIC": 0.01845751845560451
}