{
    "EXSO": 1.0,
    "WM": 0.310820464750445,
    "MEG": 0.2753106289759947,
    "GEVI": 0.26416609176475636,
    "ECOL": 0.2567251096779608,
    "HCCI": 0.2509051913307863,
    "CLH": 0.2453696828509138,
    "PESI": 0.24517217838852662,
    "QRHC": 0.23869907481039665,
    "RNWB": 0.23859438960072357,
    "SENR": 0.23095276471881088,
    "GPRC": 0.22349487876227556,
    "CVA": 0.22153196164697322,
    "WCN": 0.22091255872851803,
    "EQTE": 0.2183503481524179,
    "TRITF": 0.2155377652718752,
    "SECVY": 0.2153834780544055,
    "ESTRF": 0.21507183593853116,
    "VEOEF": 0.21358191451336292,
    "VEOEY": 0.21358191451336292,
    "RSG": 0.2122950240629335,
    "CWST": 0.20889967032978243,
    "TRTI": 0.20827937120868867,
    "RGDEF": 0.2074954327070751,
    "GFL": 0.20703461708476661,
    "GFLU": 0.20703461708476661,
    "DSKIF": 0.20590400898905734,
    "CWSS": 0.2024732449542011,
    "NWMH": 0.2012685416832581,
    "OCLN": 0.2011410886842171,
    "JPEX": 0.19853881109080918,
    "TEXC": 0.198157963337554,
    "GSPI": 0.19446871517752337,
    "NES": 0.19261143382156987,
    "PTOI": 0.18903565773194048,
    "CHRA": 0.18856710009983885,
    "CIWT": 0.1850950175526809,
    "CHFFF": 0.18394110012701764,
    "CHFFY": 0.18394110012701764,
    "GMND": 0.18300746407039087,
    "EVSP": 0.18273616219796854,
    "SRCL": 0.18011126357808818,
    "AWX": 0.17497908153430822,
    "MBRFF": 0.17423086175797858,
    "ECEZ": 0.1733502491422418,
    "GARB": 0.1732274843278856,
    "VVIT": 0.17217212268642598,
    "CESX": 0.17147340734139707,
    "CTRNF": 0.1701780867588748,
    "SMED": 0.16889434840041084,
    "AGXXF": 0.16642747207654987,
    "TMRAF": 0.16439138646132478,
    "TMRAY": 0.16439138646132478,
    "ECCI": 0.1620151445838831,
    "EAATF": 0.15972848301558457,
    "ALAN": 0.1576788494505724,
    "UVSS": 0.1566050830219389,
    "CRVYF": 0.15491285715557512,
    "JAN": 0.15309790836356166,
    "BEEN": 0.15305677298759207,
    "AQMS": 0.14837439426189136,
    "TNJIF": 0.14799438757458222,
    "GETH": 0.14456096710696986,
    "GRCO": 0.1445084571458711,
    "SNRG": 0.13835336043819288,
    "ECPL": 0.13755034296366014,
    "SUNC": 0.13668234438520604,
    "GNCC": 0.136659826640808,
    "BCCEF": 0.1363464169217498,
    "HDII": 0.13482461765553586,
    "GERS": 0.13449414488622005,
    "SCPJ": 0.13323162461180346,
    "AFBG": 0.13248594621656512,
    "MCIM": 0.13226357450524867,
    "CWSFF": 0.1320562973614313,
    "EXPL": 0.13023627745216063,
    "CXEE": 0.13021259810845998,
    "MJWL": 0.12952778850848073,
    "DGWR": 0.1282107010587007,
    "CCNC": 0.1274945772866473,
    "BOTRF": 0.12574157709762077,
    "TRTK": 0.12373513763257078,
    "USLQ": 0.12253445290981091,
    "AWWI": 0.11738139707097829,
    "QNTFF": 0.11269243541240143,
    "LEIC": 0.11174663743398885,
    "GRNL": 0.10569087913012958,
    "NXSI": 0.10292352436366382,
    "BEHL": 0.10002544297279692,
    "GCEI": 0.08940459580897508,
    "MPHD": 0.08911095143489617,
    "VCIGF": 0.08350458840175434,
    "QHYG": 0.07179268190669659
}