{
    "PESI": 1.0,
    "CLH": 0.43484746336309377,
    "WM": 0.4212865178365429,
    "MEG": 0.4157932257102368,
    "ECOL": 0.4155266612157547,
    "ESTRF": 0.4114599850188242,
    "CHFFF": 0.38940022646922245,
    "CHFFY": 0.38940022646922245,
    "EQTE": 0.38872038203071624,
    "GEVI": 0.3739275413336873,
    "GFL": 0.3427415814618889,
    "GFLU": 0.3427415814618889,
    "RGDEF": 0.3381544713242636,
    "AWX": 0.33743722063282244,
    "RSG": 0.332992973503873,
    "CIWT": 0.32409162737406,
    "TRITF": 0.3236205443533957,
    "VEOEF": 0.31616126315059817,
    "VEOEY": 0.31616126315059817,
    "CHRA": 0.3116833003996453,
    "TRTI": 0.3110946048863729,
    "WCN": 0.30959618233173813,
    "SENR": 0.3065021977403794,
    "CESX": 0.3042119527540621,
    "QRHC": 0.30413048291707195,
    "MBRFF": 0.3024748924167256,
    "SRCL": 0.2997013115841458,
    "DSKIF": 0.29752710113123076,
    "SECVY": 0.2958606170457425,
    "CWST": 0.2956353098571084,
    "HCCI": 0.2955480196606833,
    "NWMH": 0.28940133219059744,
    "CVA": 0.27977621412205433,
    "NES": 0.27211581280764247,
    "CTRNF": 0.26841102866470684,
    "GMND": 0.2660440306444099,
    "CWSS": 0.26574350681993714,
    "TNJIF": 0.2650787907206527,
    "SMED": 0.264181377601755,
    "BOTRF": 0.2538530843133412,
    "USLQ": 0.2486892664593633,
    "EXSO": 0.24517217838852662,
    "RNWB": 0.24469255143909777,
    "TEXC": 0.23964088692284638,
    "EVSP": 0.23763376607230077,
    "JPEX": 0.229369801836139,
    "TMRAF": 0.22695251028062471,
    "TMRAY": 0.22695251028062471,
    "OCLN": 0.22626352264268748,
    "JAN": 0.21773782093456087,
    "VVIT": 0.21259299280139995,
    "MJWL": 0.20723437648949813,
    "EAATF": 0.20426093596718195,
    "ECCI": 0.1952353054959687,
    "GPRC": 0.19163898523004305,
    "EXPL": 0.19076759232218737,
    "BCCEF": 0.18908417436342015,
    "ALAN": 0.18586780423071358,
    "HDII": 0.18287606166905973,
    "AGXXF": 0.18158513448470145,
    "ECEZ": 0.17851052079645977,
    "SUNC": 0.1760142820403299,
    "CXEE": 0.17280118051152574,
    "GNCC": 0.16952503752789191,
    "PTOI": 0.16583313521135457,
    "MPHD": 0.16532166683128666,
    "GSPI": 0.16501796829166016,
    "CRVYF": 0.16472883545700834,
    "CCNC": 0.1627966891473983,
    "GRCO": 0.15797198601839443,
    "UVSS": 0.15678192041145073,
    "DGWR": 0.15308681455337705,
    "AWWI": 0.1456064433999241,
    "SNRG": 0.14182290788618504,
    "BEEN": 0.14148647620692648,
    "SCPJ": 0.14069394840455104,
    "ECPL": 0.1394881620727768,
    "MCIM": 0.13493872123162276,
    "GERS": 0.13228950684354526,
    "AQMS": 0.13039299909422064,
    "CWSFF": 0.13028219517133746,
    "GETH": 0.12283685827389285,
    "GARB": 0.1227686592075036,
    "QNTFF": 0.11310720940380098,
    "TRTK": 0.1098123562368141,
    "NXSI": 0.10951770435564766,
    "AFBG": 0.10887257306549503,
    "LEIC": 0.10370649365844553,
    "GRNL": 0.10365720249420843,
    "GCEI": 0.10364228448369452,
    "VCIGF": 0.08707034370589756,
    "QHYG": 0.07088320575537688,
    "BEHL": 0.0652582882575708
}