{
    "TEXC": 1.0,
    "WM": 0.3489094189604595,
    "ALAN": 0.2977210808593163,
    "ESTRF": 0.26957805870733514,
    "HCCI": 0.2682679154559842,
    "GEVI": 0.26361213496074587,
    "GFL": 0.25650876814311196,
    "GFLU": 0.25650876814311196,
    "RSG": 0.25154018369697007,
    "NES": 0.24962951541520934,
    "SENR": 0.24586072682966248,
    "SECVY": 0.24085026952345717,
    "PESI": 0.23964088692284638,
    "CWST": 0.23739077903702493,
    "WCN": 0.22762470482389968,
    "MEG": 0.22227910122752667,
    "CLH": 0.2198153165248712,
    "USLQ": 0.21883230682734517,
    "QRHC": 0.2114482101718232,
    "VEOEF": 0.20249447596145181,
    "VEOEY": 0.20249447596145181,
    "OCLN": 0.20244544410314444,
    "ECOL": 0.20066111990310534,
    "CIWT": 0.1987847873253215,
    "EXSO": 0.198157963337554,
    "RGDEF": 0.19773462333893946,
    "EXPL": 0.19682342827593785,
    "SMED": 0.19456990955872694,
    "MBRFF": 0.19080297902299934,
    "AWX": 0.19050719259358478,
    "CVA": 0.18799594220593974,
    "EAATF": 0.1848281585831564,
    "GERS": 0.1844571907612843,
    "DSKIF": 0.18303936711679547,
    "CESX": 0.18230149660170447,
    "NWMH": 0.18069512937168053,
    "CHRA": 0.18054137224728944,
    "SRCL": 0.17693818346560858,
    "AQMS": 0.17681009245750878,
    "JAN": 0.17539269184456058,
    "TMRAF": 0.1729684385056364,
    "TMRAY": 0.1729684385056364,
    "PTOI": 0.1728830302762582,
    "RNWB": 0.1726442597730238,
    "UVSS": 0.17232621586382363,
    "GNCC": 0.1707757388275275,
    "CTRNF": 0.16904598039786967,
    "CRVYF": 0.16897417722400002,
    "JPEX": 0.16862431929434016,
    "TRTI": 0.16795504304512698,
    "ECCI": 0.16731670586691214,
    "CHFFF": 0.1625553330756825,
    "CHFFY": 0.1625553330756825,
    "CWSS": 0.16158040584139213,
    "AGXXF": 0.16155258862813265,
    "TNJIF": 0.16148793096397024,
    "BCCEF": 0.16087168112908548,
    "TRITF": 0.1547072694943955,
    "MJWL": 0.15407008367045547,
    "EVSP": 0.15400695793906508,
    "BEEN": 0.15308808358245,
    "EQTE": 0.15046899718089504,
    "GARB": 0.1499619545660414,
    "GPRC": 0.14994832617638687,
    "VVIT": 0.1453441375621103,
    "MPHD": 0.14507710947859068,
    "GMND": 0.14077199267058427,
    "GSPI": 0.13595278813963235,
    "SNRG": 0.13521672488248576,
    "GRCO": 0.13438211767381708,
    "HDII": 0.133654129881117,
    "QHYG": 0.13222424146684592,
    "GCEI": 0.13166627522706298,
    "ECEZ": 0.13099566279636568,
    "SUNC": 0.13091780732801617,
    "GETH": 0.1303029151888867,
    "CCNC": 0.12996726907322556,
    "VCIGF": 0.12330999691391696,
    "SCPJ": 0.12280329306745791,
    "BOTRF": 0.11834818028974599,
    "QNTFF": 0.1150249570894625,
    "ECPL": 0.1125453147020036,
    "DGWR": 0.11247106694282971,
    "AWWI": 0.11092569417912107,
    "CXEE": 0.10565008520500271,
    "CWSFF": 0.08578874836188845,
    "TRTK": 0.08507153896572232,
    "LEIC": 0.08174574040389203,
    "AFBG": 0.08120314114362602,
    "BEHL": 0.07842408169659788,
    "GRNL": 0.07649163532356242,
    "NXSI": 0.07443140097933396,
    "MCIM": 0.06390924974535842
}