{
    "WM": 1.0000000000000002,
    "CWST": 0.5266825732081885,
    "RSG": 0.5167603254916062,
    "WCN": 0.4982371752191248,
    "GFL": 0.435960748925202,
    "GFLU": 0.435960748925202,
    "CWSS": 0.430586439638812,
    "PESI": 0.4212865178365429,
    "CVA": 0.42099033336338915,
    "ECOL": 0.41172261183516895,
    "CHRA": 0.4076982312071734,
    "ESTRF": 0.4003522077875595,
    "NWMH": 0.38214537059136044,
    "CLH": 0.3816827472229842,
    "VEOEF": 0.3717467554898184,
    "VEOEY": 0.3717467554898184,
    "SENR": 0.3688630493851198,
    "GEVI": 0.36364814621449904,
    "AWX": 0.36046845721823295,
    "CIWT": 0.3576224715993385,
    "SRCL": 0.35674931569069507,
    "MBRFF": 0.3521203628598657,
    "EQTE": 0.35021011019728054,
    "TEXC": 0.3489094189604595,
    "TRTI": 0.3440689445443473,
    "MEG": 0.33774502773104825,
    "QRHC": 0.3293027195465595,
    "CHFFF": 0.31447217692161367,
    "CHFFY": 0.31447217692161367,
    "EXSO": 0.310820464750445,
    "DSKIF": 0.31059077201763535,
    "HCCI": 0.3088647424844749,
    "SECVY": 0.30509507460807195,
    "RGDEF": 0.2942075089226263,
    "SMED": 0.2912400668806696,
    "NES": 0.2900991093958691,
    "JPEX": 0.28556336982371106,
    "TRITF": 0.2748280835187959,
    "OCLN": 0.2664722067633799,
    "CTRNF": 0.2652509735498865,
    "VVIT": 0.26509313628567693,
    "BOTRF": 0.26501060371444835,
    "RNWB": 0.2561649507562565,
    "PTOI": 0.2550178759356259,
    "CESX": 0.25428470469755404,
    "TNJIF": 0.2538849265444474,
    "TMRAF": 0.2514998732138938,
    "TMRAY": 0.2514998732138938,
    "EVSP": 0.2475026410642147,
    "JAN": 0.2421007160778632,
    "ALAN": 0.24005818351109157,
    "USLQ": 0.2382779167977756,
    "MJWL": 0.23271792760522306,
    "DGWR": 0.23136727997586826,
    "GPRC": 0.22321427230976512,
    "EAATF": 0.21315481853926227,
    "GMND": 0.21282350417862045,
    "CRVYF": 0.20988659831700793,
    "EXPL": 0.20913782908613954,
    "SCPJ": 0.20891944492511982,
    "AGXXF": 0.20847384434867838,
    "CWSFF": 0.20225927889535525,
    "SUNC": 0.19981135416469575,
    "CCNC": 0.1971161409269584,
    "ECCI": 0.1966262088779116,
    "GSPI": 0.19167164575785572,
    "GRCO": 0.19126959813298358,
    "BEEN": 0.1883212735562325,
    "ECEZ": 0.18714115169333714,
    "UVSS": 0.18499086407682072,
    "GCEI": 0.1821737323502266,
    "GARB": 0.17734323178109576,
    "MPHD": 0.1758626104559975,
    "ECPL": 0.17510728170167622,
    "AWWI": 0.16715773852993518,
    "BCCEF": 0.1658854938436201,
    "SNRG": 0.16555338519042484,
    "AQMS": 0.1627423655639687,
    "MCIM": 0.1591917535388589,
    "GNCC": 0.15909479124090412,
    "GETH": 0.14923801047330423,
    "CXEE": 0.1487590735916231,
    "GERS": 0.1454088530414677,
    "HDII": 0.13962971074845262,
    "GRNL": 0.1352117535098026,
    "NXSI": 0.13218880815896142,
    "LEIC": 0.1282956088983296,
    "AFBG": 0.12630602456943762,
    "QNTFF": 0.12470253316350285,
    "BEHL": 0.11389628664009936,
    "VCIGF": 0.11274243142965146,
    "TRTK": 0.10487280260317652,
    "QHYG": 0.08723940506606934
}