{
    "FDBH": 1.0000000000000002,
    "AGTI": 0.2256268465799445,
    "CERN": 0.21692962157709866,
    "SGFY": 0.21439416512571047,
    "CMPD": 0.20393893172337618,
    "EVAHF": 0.20060448159680513,
    "HSTM": 0.19482670264130836,
    "MDRX": 0.19465766540619625,
    "CTHZ": 0.19010534876519503,
    "NMXS": 0.1894207268717193,
    "CPSI": 0.18696461337507025,
    "VASO": 0.1838644686624007,
    "CVET": 0.1829486933876114,
    "QEBR": 0.18282732651676042,
    "PANHF": 0.18141846899918593,
    "SY": 0.18012340843887592,
    "PCYS": 0.17852904153058205,
    "MTHRF": 0.1753255765608268,
    "MTHRY": 0.1753255765608268,
    "HCAT": 0.17466034762893326,
    "DOCRF": 0.173389295590394,
    "PRVA": 0.16782046226238673,
    "HLYK": 0.16434412936716083,
    "INOV": 0.16425905349710965,
    "MDCE": 0.15893589721100954,
    "MDWK": 0.15736557187407305,
    "PPJE": 0.1544447244222132,
    "ICAD": 0.1522329743364878,
    "EVH": 0.15125570802319793,
    "MDXL": 0.15028895045902185,
    "WORX": 0.1491477746622117,
    "HLTT": 0.14725384692835486,
    "TDOC": 0.1466275491677745,
    "ICCT": 0.14568034233567584,
    "OLMM": 0.14503039737371443,
    "TRHC": 0.1442647270596718,
    "RCM": 0.14193608899430948,
    "CSOC": 0.1410163213493279,
    "HITC": 0.13970373443463438,
    "APYI": 0.1389715502488903,
    "PMCUF": 0.13805947392878803,
    "NH": 0.1380249000859379,
    "MTBC": 0.13793140803521936,
    "MTBCP": 0.13793140803521936,
    "ACCD": 0.1354585410317712,
    "STRM": 0.1340452828957273,
    "ZCMD": 0.13350689272830324,
    "VHIBF": 0.13297132207371845,
    "REFG": 0.13070491242630922,
    "PASO": 0.12963035416907373,
    "ONVVF": 0.12751524077781973,
    "HSCHF": 0.12652159971325272,
    "AUGX": 0.1259378961869468,
    "PAXH": 0.125289554924261,
    "VMCS": 0.12304350129823834,
    "EKGGF": 0.12113582313995905,
    "AHGIF": 0.12057865113521082,
    "EMOR": 0.11915207091202643,
    "CHNG": 0.1187122860919334,
    "USAQ": 0.11665985903884402,
    "HQY": 0.11652202559692142,
    "ESSI": 0.11616600293666664,
    "CSLT": 0.1160156324188644,
    "CLNH": 0.11425290964699261,
    "ONEM": 0.11369822832290563,
    "GDRX": 0.11164682146586774,
    "MITI": 0.10953193298457005,
    "PINC": 0.10889316662736262,
    "CRVW": 0.10876052489692437,
    "NHEL": 0.10840211707368018,
    "ICCO": 0.10818276123614098,
    "COGZF": 0.10658439713551895,
    "EBYH": 0.10626109163155689,
    "LGBI": 0.10465515389208806,
    "OMCL": 0.10444590162308426,
    "MDBIF": 0.10388571859181388,
    "ACNV": 0.10324093479285229,
    "SLP": 0.10091654068304315,
    "RQHTF": 0.10059853615717605,
    "OPRX": 0.09750983677531955,
    "ORHB": 0.09747812719696905,
    "CRBKF": 0.09728606226738885,
    "LFCOF": 0.0956786800921325,
    "PHR": 0.09347381143294228,
    "MOST": 0.09268125305238421,
    "FORA": 0.09188055777531637,
    "SDGR": 0.09172219821241064,
    "MSRT": 0.08616660224722633,
    "VNTH": 0.08503253354912842,
    "DTRK": 0.08469499129655217,
    "SUSRF": 0.08446921766042677,
    "ALDNF": 0.08414295352988622,
    "NXGN": 0.08339868249055732,
    "HDSLF": 0.08270976823590626,
    "AMWL": 0.0825473695191911,
    "CTVEF": 0.07844840087749261,
    "WMGR": 0.07827046343687907,
    "KERN": 0.07805392334403065,
    "CNONF": 0.0778550059123367,
    "FUAPF": 0.07560528873668433,
    "HDVY": 0.07559856891279468,
    "PBSV": 0.07508967487968686,
    "IGRW": 0.07197231307547743,
    "EMYSF": 0.06969064770103099,
    "PGNY": 0.06871225522120383,
    "MDRM": 0.06837119500968457,
    "RSLBF": 0.06744121761903242,
    "NEWUF": 0.06706698823520801,
    "DSOL": 0.0661029139878652,
    "ZCBD": 0.06368508611451776,
    "TXG": 0.06297135718966927,
    "VEEV": 0.06286034333171299,
    "TTBLF": 0.062311423478768405,
    "BNVIF": 0.06062615529793874,
    "QDMI": 0.06048981882087469,
    "NSAV": 0.0582253184386713,
    "UCBB": 0.05672905285214695,
    "VGANF": 0.05038911310993223,
    "VYND": 0.04682178547433407,
    "EWLL": 0.04034739513817113
}