{
    "INOV": 1.0000000000000004,
    "CPSI": 0.2898045403801697,
    "MDRX": 0.2732776065621773,
    "CERN": 0.2669157546301931,
    "HSTM": 0.2667902373787502,
    "TRHC": 0.260466873785156,
    "DOCRF": 0.2566723013985399,
    "AGTI": 0.24778123645484323,
    "HCAT": 0.2288064315663127,
    "CHNG": 0.2233742009325329,
    "MTHRF": 0.21510697623251676,
    "MTHRY": 0.21510697623251676,
    "FORA": 0.21394836352160615,
    "MDXL": 0.21320076938205113,
    "NH": 0.21318899733688335,
    "NMXS": 0.21294274406435523,
    "MTBC": 0.21253820252812244,
    "MTBCP": 0.21253820252812244,
    "ICCT": 0.20858446751328855,
    "STRM": 0.20283802025084344,
    "CMPD": 0.20190248448752915,
    "PANHF": 0.20094956228904287,
    "SGFY": 0.20026535260545889,
    "PHR": 0.196789859605592,
    "SY": 0.19646000754695758,
    "ONEM": 0.19614022581018986,
    "HDSLF": 0.19428905387399012,
    "WORX": 0.19265529139073664,
    "HITC": 0.19083327500289357,
    "ORHB": 0.18585896639636054,
    "OLMM": 0.1850281845319445,
    "HQY": 0.18468900776239516,
    "ONVVF": 0.18436875030796512,
    "CLNH": 0.18423687737132477,
    "PCYS": 0.18039259350428663,
    "CVET": 0.18017779129937153,
    "COGZF": 0.1795262788484137,
    "MDCE": 0.17937648726950103,
    "ZCMD": 0.17785649435424014,
    "SLP": 0.1772939594567978,
    "OPRX": 0.17725574057851726,
    "PINC": 0.17707538951163926,
    "RCM": 0.17699123613934026,
    "PRVA": 0.17651768248168367,
    "LFCOF": 0.17543408845813865,
    "ACNV": 0.17153417099260118,
    "EVH": 0.1676345101296414,
    "FDBH": 0.16425905349710965,
    "ICCO": 0.16349818776857938,
    "HLYK": 0.1620023596528764,
    "TDOC": 0.16170898513329526,
    "VMCS": 0.1603913332665925,
    "EVAHF": 0.1599841112394552,
    "MOST": 0.15877833060163954,
    "AHGIF": 0.15499256096765493,
    "MDWK": 0.15396322749899546,
    "DTRK": 0.15318017492962416,
    "ICAD": 0.15282980250784994,
    "PPJE": 0.15261831113089727,
    "KERN": 0.1521845089123848,
    "AUGX": 0.14980382974051762,
    "HSCHF": 0.14899503225342411,
    "OMCL": 0.14877475016897987,
    "VASO": 0.14876131911218976,
    "HLTT": 0.14503390924024934,
    "ESSI": 0.14196546258283876,
    "ACCD": 0.14178627811797767,
    "CSOC": 0.14087564459940996,
    "EKGGF": 0.13674819993645246,
    "ALDNF": 0.13638868386013073,
    "CRVW": 0.13621664014461696,
    "PASO": 0.13443805098074577,
    "LGBI": 0.13375710358621987,
    "GDRX": 0.13100715613636804,
    "PAXH": 0.12892588093746207,
    "CTHZ": 0.12881863511862007,
    "FUAPF": 0.12880828717466633,
    "SDGR": 0.1278849046923908,
    "USAQ": 0.12721953284995408,
    "HDVY": 0.1255003600038086,
    "NHEL": 0.12342523613526657,
    "EBYH": 0.12213011014204234,
    "CSLT": 0.12206982733638203,
    "CRBKF": 0.12140603076935319,
    "APYI": 0.11991577107420438,
    "VEEV": 0.11799272991035421,
    "CNONF": 0.1151118343484811,
    "PMCUF": 0.11466266973902664,
    "RQHTF": 0.11370415980847275,
    "MDBIF": 0.11357272471194063,
    "VNTH": 0.11342019618755997,
    "WMGR": 0.10905046601661511,
    "RSLBF": 0.10864052092377413,
    "NXGN": 0.10820500610809132,
    "VHIBF": 0.10761511853480316,
    "CTVEF": 0.10760563878606624,
    "PGNY": 0.10554049659776633,
    "REFG": 0.10542322084659399,
    "EMOR": 0.10267213020999791,
    "SUSRF": 0.10193086291050135,
    "AMWL": 0.10156632643826924,
    "EWLL": 0.10013936610236597,
    "MSRT": 0.09932592524888324,
    "QEBR": 0.09845536827517544,
    "VYND": 0.09642826237155776,
    "EMYSF": 0.09584927726767592,
    "NEWUF": 0.09479412489657406,
    "ZCBD": 0.09476230022282302,
    "PBSV": 0.09299748899977778,
    "UCBB": 0.09218838500326505,
    "MITI": 0.09172699720513326,
    "NSAV": 0.09133627272734934,
    "MDRM": 0.08622113669375482,
    "VGANF": 0.08565454168916195,
    "BNVIF": 0.07827687200836096,
    "DSOL": 0.07500525565807739,
    "QDMI": 0.0747149347263487,
    "IGRW": 0.07369489286201539,
    "TXG": 0.07356787524535092,
    "TTBLF": 0.06125131798748756
}