{
    "LGBI": 1.0,
    "VNTH": 0.3190254833694369,
    "MOST": 0.2637879413218366,
    "CPSI": 0.24527586256031064,
    "MTHRF": 0.21350009707771256,
    "MTHRY": 0.21350009707771256,
    "PHR": 0.2123055346773714,
    "ICCT": 0.20661971988278408,
    "MTBC": 0.19952596620107865,
    "MTBCP": 0.19952596620107865,
    "LFCOF": 0.19626788947739865,
    "WORX": 0.19485186091087725,
    "NMXS": 0.19088384862382182,
    "ESSI": 0.19045965075257557,
    "OPRX": 0.18677395310422049,
    "CRVW": 0.18398181190076357,
    "RQHTF": 0.18006771494501878,
    "CMPD": 0.17658299114169243,
    "DOCRF": 0.17416658592788523,
    "HSTM": 0.173522581689041,
    "VHIBF": 0.1697057182152058,
    "OLMM": 0.1690691345670191,
    "PANHF": 0.16845421035441532,
    "MDRX": 0.16761422423013392,
    "CVET": 0.16405745216112996,
    "FUAPF": 0.16345712818315133,
    "ZCMD": 0.16118402498041037,
    "CERN": 0.15999546389738473,
    "CHNG": 0.1589239397879823,
    "PCYS": 0.15711041796951408,
    "SGFY": 0.156590034560986,
    "TRHC": 0.1559142219297596,
    "NH": 0.15492861202678726,
    "HITC": 0.15422122650713088,
    "ICAD": 0.15417685633608522,
    "RCM": 0.1525940001799032,
    "MDCE": 0.1519012690833562,
    "HCAT": 0.14984152626320332,
    "HLYK": 0.14942381767323046,
    "STRM": 0.14820984658345646,
    "HLTT": 0.1476745204594199,
    "CNONF": 0.14712467680625468,
    "ACNV": 0.14599787172016807,
    "KERN": 0.14567014981895127,
    "USAQ": 0.14512734380455333,
    "AGTI": 0.14442123523655448,
    "TDOC": 0.14314248526694598,
    "ACCD": 0.14221366237219607,
    "SDGR": 0.14207386131670727,
    "SLP": 0.14192688789536625,
    "ONVVF": 0.14050707333475415,
    "PASO": 0.14050638552276262,
    "AUGX": 0.13972639755967436,
    "MDWK": 0.1391526634321419,
    "PPJE": 0.1387378555527644,
    "SY": 0.1385799461763215,
    "EVH": 0.13846759264464564,
    "FORA": 0.13807303499610477,
    "PRVA": 0.13756196151018976,
    "GDRX": 0.13726318401478818,
    "CSOC": 0.13680385677067924,
    "MSRT": 0.1366474620367785,
    "EBYH": 0.13654814555279784,
    "VASO": 0.13437209786000573,
    "ORHB": 0.133918638000418,
    "INOV": 0.13375710358621987,
    "OMCL": 0.13145519601516975,
    "PAXH": 0.13144905567580156,
    "MDXL": 0.13093690015925338,
    "PINC": 0.1307956785122642,
    "EVAHF": 0.12999151118510652,
    "VMCS": 0.12889870551702898,
    "ICCO": 0.12797132608169653,
    "CTHZ": 0.1268338056136847,
    "APYI": 0.12643127821776853,
    "COGZF": 0.12510974214223106,
    "PMCUF": 0.12228042644631458,
    "EKGGF": 0.12213180244454871,
    "AHGIF": 0.12144195548397135,
    "CTVEF": 0.12031820639043136,
    "PGNY": 0.11862272766724377,
    "CSLT": 0.11780660145335564,
    "ALDNF": 0.11495053186673114,
    "HDVY": 0.11416821868371403,
    "HQY": 0.11291246530136323,
    "REFG": 0.11224562432862582,
    "QEBR": 0.11084325233487947,
    "MDBIF": 0.11081339111559062,
    "ONEM": 0.10953899804749209,
    "HDSLF": 0.10874478568309658,
    "MITI": 0.10784278840897323,
    "WMGR": 0.10574093017742033,
    "FDBH": 0.10465515389208806,
    "DSOL": 0.10361685888741635,
    "CRBKF": 0.10213178089233024,
    "ZCBD": 0.10163161762196483,
    "EMYSF": 0.09957556602458384,
    "MDRM": 0.09914098561617138,
    "EMOR": 0.0967573537782013,
    "BNVIF": 0.09586760187001292,
    "DTRK": 0.09396230008237318,
    "NXGN": 0.09378354896163416,
    "HSCHF": 0.08872237867939406,
    "AMWL": 0.08648246179817061,
    "TXG": 0.08637230789686015,
    "VEEV": 0.08552259067698588,
    "IGRW": 0.0853497932274974,
    "NHEL": 0.08482711928634978,
    "CLNH": 0.08452172106246736,
    "UCBB": 0.08243124303553563,
    "PBSV": 0.08175381093778714,
    "EWLL": 0.08034150384837986,
    "RSLBF": 0.07908687454214047,
    "NSAV": 0.07471244136350393,
    "SUSRF": 0.0743527358699427,
    "VYND": 0.07321159794007279,
    "VGANF": 0.07301210737397788,
    "TTBLF": 0.0672852590857897,
    "NEWUF": 0.06599680806536616,
    "QDMI": 0.06521964173729282
}