{
    "MDXL": 1.0000000000000002,
    "PANHF": 0.2865998563915742,
    "ICCT": 0.24754895554398682,
    "WMGR": 0.24700050253483724,
    "PRVA": 0.2315588019395488,
    "DOCRF": 0.2258711465007835,
    "MTHRF": 0.22249685662744584,
    "MTHRY": 0.22249685662744584,
    "HLYK": 0.21945422523700475,
    "MTBC": 0.21793177452675366,
    "MTBCP": 0.21793177452675366,
    "CLNH": 0.2174202267633395,
    "PCYS": 0.21632312278558236,
    "SGFY": 0.21519598002395063,
    "INOV": 0.21320076938205113,
    "MDWK": 0.2115356293125539,
    "CPSI": 0.20749172749028266,
    "MDRX": 0.20640487112819167,
    "SY": 0.20474032568705122,
    "TRHC": 0.20350459337500088,
    "PASO": 0.20102600469673962,
    "NMXS": 0.19727716860509364,
    "RCM": 0.1965739872288613,
    "STRM": 0.19526055992632002,
    "HQY": 0.19197466066506935,
    "ZCMD": 0.19188632454376944,
    "ACNV": 0.18809299724566977,
    "ONVVF": 0.18765026117338068,
    "CERN": 0.18750242479127538,
    "CHNG": 0.18298020200369308,
    "HITC": 0.17945349448382453,
    "HCAT": 0.17896207106722528,
    "GDRX": 0.17691013706425954,
    "HSTM": 0.17496332843767504,
    "ESSI": 0.17477120453499384,
    "MDCE": 0.17349756749261078,
    "PINC": 0.170127000483969,
    "NH": 0.17011200353212633,
    "AGTI": 0.16910193395491857,
    "CMPD": 0.16887088038915565,
    "CVET": 0.16879435554060618,
    "TDOC": 0.16496005822389995,
    "WORX": 0.16031092444198908,
    "MSRT": 0.16009220755182232,
    "PHR": 0.15806343143883483,
    "PPJE": 0.15510109952128778,
    "EMOR": 0.15047476734878207,
    "FDBH": 0.15028895045902185,
    "ACCD": 0.1499539142461494,
    "EWLL": 0.14905842349775567,
    "OPRX": 0.14838646366911634,
    "HSCHF": 0.14826919653635112,
    "MOST": 0.14788535529409727,
    "VHIBF": 0.14719039259421335,
    "VASO": 0.14680981428877707,
    "ONEM": 0.14518662682535627,
    "EVH": 0.14332895093589304,
    "CTVEF": 0.1421908292541046,
    "ICAD": 0.1418628497814186,
    "AHGIF": 0.1389793234980629,
    "USAQ": 0.13656996416401318,
    "OMCL": 0.13565454932195578,
    "QEBR": 0.13466310125152764,
    "CNONF": 0.1332835201433598,
    "VNTH": 0.1314543282982445,
    "EVAHF": 0.1312274514981766,
    "LGBI": 0.13093690015925338,
    "CSOC": 0.12824875469000807,
    "CTHZ": 0.12789210434878182,
    "LFCOF": 0.12663746556132513,
    "APYI": 0.1265303573508828,
    "COGZF": 0.12649260533916068,
    "MITI": 0.12637728714733173,
    "SLP": 0.1256054237126562,
    "EKGGF": 0.12442184863332095,
    "CSLT": 0.12367289632383775,
    "FORA": 0.12352330779280277,
    "CRVW": 0.12226763449646597,
    "OLMM": 0.1195663770592502,
    "REFG": 0.11806413436516457,
    "DSOL": 0.11784987569438446,
    "NSAV": 0.11624567186448242,
    "HLTT": 0.11621203549714945,
    "HDSLF": 0.11462381070931418,
    "PBSV": 0.11375665400164035,
    "PMCUF": 0.11245225721275481,
    "KERN": 0.11196092888168385,
    "ICCO": 0.11160946965408032,
    "EBYH": 0.11157786315218159,
    "DTRK": 0.10920198196353756,
    "VMCS": 0.10876379261537812,
    "PAXH": 0.10822291127525885,
    "RQHTF": 0.10819531906093134,
    "ALDNF": 0.10743243056189342,
    "EMYSF": 0.1071782002618183,
    "AUGX": 0.10685994390598247,
    "SDGR": 0.10517580027504367,
    "NHEL": 0.10494773316268834,
    "MDBIF": 0.09897429614203096,
    "NXGN": 0.09678108225751386,
    "VGANF": 0.09669080326764559,
    "PGNY": 0.09606894412572367,
    "VEEV": 0.09571772630641778,
    "ORHB": 0.09563659343535967,
    "CRBKF": 0.09532723180785004,
    "VYND": 0.0885688513448541,
    "NEWUF": 0.08653670319592739,
    "UCBB": 0.08244406107976701,
    "HDVY": 0.08215201395351848,
    "QDMI": 0.07925760352317371,
    "FUAPF": 0.07696953332841432,
    "RSLBF": 0.07691884757445777,
    "AMWL": 0.07675707308239556,
    "SUSRF": 0.0748551236598087,
    "BNVIF": 0.074547896264593,
    "MDRM": 0.07396202829425236,
    "ZCBD": 0.07376333704943959,
    "TTBLF": 0.07315270820815059,
    "TXG": 0.06480150354484963,
    "IGRW": 0.061024483746423525
}