{
    "NXGN": 1.0000000000000002,
    "MDRX": 0.212706396447048,
    "CPSI": 0.19856591141319996,
    "CERN": 0.177885636292637,
    "STRM": 0.1755092479642284,
    "MTBC": 0.172119940860934,
    "MTBCP": 0.172119940860934,
    "RCM": 0.1674931106688377,
    "PASO": 0.1594124599385936,
    "CHNG": 0.15727382676849083,
    "TRHC": 0.15642669972279757,
    "PRVA": 0.15448898997861316,
    "DOCRF": 0.14750256872834916,
    "ICCT": 0.143810850650426,
    "PANHF": 0.14280485456414835,
    "HSTM": 0.1425883689810539,
    "WORX": 0.1424215426927577,
    "HCAT": 0.14234835531853177,
    "HITC": 0.13971133209674721,
    "EVH": 0.13749568375170076,
    "NMXS": 0.1355717404355994,
    "SGFY": 0.13459797607814225,
    "CVET": 0.13201377783471685,
    "PCYS": 0.1299529300790939,
    "MDCE": 0.12953999333392865,
    "TDOC": 0.12910693379340085,
    "VHIBF": 0.1279498624775008,
    "AGTI": 0.1238532087147268,
    "VASO": 0.12294588092980899,
    "PHR": 0.11875424162781574,
    "OMCL": 0.11820078409908935,
    "OPRX": 0.11796917753992035,
    "CSOC": 0.11790225202919086,
    "CLNH": 0.11684138406572785,
    "MTHRF": 0.11678582069458261,
    "MTHRY": 0.11678582069458261,
    "ZCMD": 0.11565637089644354,
    "PPJE": 0.11350053997015144,
    "EKGGF": 0.11066277209081919,
    "CTVEF": 0.10860557540042619,
    "INOV": 0.10820500610809132,
    "APYI": 0.10594691041917566,
    "NH": 0.10453780964505024,
    "ESSI": 0.10416238640291027,
    "AHGIF": 0.10255848596894385,
    "ICAD": 0.1025057016792962,
    "CSLT": 0.10231534037289766,
    "FORA": 0.10222607864785452,
    "HLYK": 0.10112342923764876,
    "CMPD": 0.09998000514949591,
    "ONVVF": 0.09979296171423765,
    "HQY": 0.09970435886670487,
    "USAQ": 0.09807564170533642,
    "ACNV": 0.09806350066848135,
    "ICCO": 0.0979031243092279,
    "ACCD": 0.09680523925759725,
    "MDXL": 0.09678108225751386,
    "PAXH": 0.09586308808399892,
    "VMCS": 0.0957654917597173,
    "SY": 0.09437288453578997,
    "MDWK": 0.09391576238698374,
    "LGBI": 0.09378354896163416,
    "KERN": 0.09369580628107047,
    "HDSLF": 0.09350224942372759,
    "EVAHF": 0.09302114209187731,
    "PINC": 0.09292793064957242,
    "SLP": 0.09227892521399383,
    "OLMM": 0.09161970695639407,
    "RQHTF": 0.08908336851299811,
    "MOST": 0.08884027994528564,
    "CRVW": 0.08839880541961422,
    "COGZF": 0.08718163702199576,
    "PMCUF": 0.086297583811578,
    "DTRK": 0.08433839285444708,
    "FDBH": 0.08339868249055732,
    "GDRX": 0.08214337583650547,
    "EMOR": 0.07906620041961523,
    "VEEV": 0.0787310012497789,
    "REFG": 0.07671233388666442,
    "VNTH": 0.07664844400969116,
    "CRBKF": 0.07629759050914757,
    "AMWL": 0.07344859690768865,
    "ONEM": 0.07294875004396002,
    "MDBIF": 0.07270255522216695,
    "CTHZ": 0.07260966224766995,
    "QEBR": 0.07248981199591692,
    "AUGX": 0.07131302050260734,
    "DSOL": 0.07078648909506176,
    "LFCOF": 0.0676228070106907,
    "ALDNF": 0.06708225297995486,
    "WMGR": 0.06550859067042082,
    "RSLBF": 0.06380454564269182,
    "PGNY": 0.06334725431591494,
    "UCBB": 0.06102707951926656,
    "MITI": 0.06098072850553149,
    "ORHB": 0.060770165211952304,
    "BNVIF": 0.05819299784426242,
    "SDGR": 0.05793187500648827,
    "PBSV": 0.05667540267807679,
    "HLTT": 0.055635379021012295,
    "NHEL": 0.0549760043453156,
    "SUSRF": 0.05211467320172342,
    "FUAPF": 0.04979056569343902,
    "CNONF": 0.04895400182664807,
    "TXG": 0.04797464664209201,
    "IGRW": 0.04780161814098264,
    "HSCHF": 0.04735417345054416,
    "MSRT": 0.04669193333674546,
    "ZCBD": 0.04637987542777232,
    "TTBLF": 0.04538090872608846,
    "NEWUF": 0.04430153477471218,
    "EBYH": 0.044136273992573985,
    "NSAV": 0.04299064059215183,
    "EMYSF": 0.041799208738417123,
    "MDRM": 0.04089938731857544,
    "VYND": 0.040682569477851885,
    "VGANF": 0.03975458872637242,
    "HDVY": 0.03960955495501743,
    "EWLL": 0.03459627410824591,
    "QDMI": 0.03458662753062629
}