{
    "ORHB": 1.0000000000000002,
    "PHR": 0.19408707130777186,
    "CPSI": 0.18992948300190052,
    "INOV": 0.18585896639636054,
    "HSTM": 0.18353887061963223,
    "OLMM": 0.1782131679835394,
    "CSOC": 0.17743437438964496,
    "WORX": 0.1768969495714922,
    "ICCT": 0.17640110650336394,
    "DOCRF": 0.17380441030430832,
    "HLYK": 0.17265603157693293,
    "EVAHF": 0.17227394666926946,
    "CERN": 0.1658051633120932,
    "CHNG": 0.15866951397812504,
    "HCAT": 0.15641267727273112,
    "MDRX": 0.15419632051947216,
    "NMXS": 0.15311566127458232,
    "ONVVF": 0.14697062534715838,
    "TRHC": 0.14613944140915477,
    "AHGIF": 0.1421149240321303,
    "MTBC": 0.14085788921538714,
    "MTBCP": 0.14085788921538714,
    "EKGGF": 0.14065953764668362,
    "CTHZ": 0.14008180233556217,
    "STRM": 0.13793769120493482,
    "EVH": 0.13634457058101512,
    "LGBI": 0.133918638000418,
    "NH": 0.13388569497546388,
    "KERN": 0.13331141180609296,
    "CMPD": 0.1328383332618902,
    "SY": 0.13227697142271694,
    "PMCUF": 0.13204799178455653,
    "PPJE": 0.13197877827719617,
    "ACCD": 0.13140389801044575,
    "CRVW": 0.13029303344895776,
    "MDWK": 0.1297490525627224,
    "PCYS": 0.1276987576133598,
    "SDGR": 0.1257528813011938,
    "MDCE": 0.12439977516812313,
    "CVET": 0.12408417027684272,
    "SLP": 0.12373250680694856,
    "HDSLF": 0.12330933345655785,
    "MTHRF": 0.12307485091287991,
    "MTHRY": 0.12307485091287991,
    "AGTI": 0.11982274195633962,
    "HLTT": 0.11963857529891565,
    "ACNV": 0.1190588811973572,
    "SUSRF": 0.11449214759088537,
    "CNONF": 0.1134590880398716,
    "VMCS": 0.11264453574030069,
    "RQHTF": 0.11248814028818138,
    "ICCO": 0.11009925781541628,
    "OPRX": 0.10917683269920865,
    "CTVEF": 0.1087301463055395,
    "PRVA": 0.10830927007072745,
    "PAXH": 0.10804906671205863,
    "FORA": 0.10708658407152989,
    "AUGX": 0.1059370297552898,
    "SGFY": 0.10551594688801232,
    "ICAD": 0.10514909260774791,
    "PANHF": 0.1044792016948658,
    "TDOC": 0.10429274738039751,
    "FUAPF": 0.10376807913786834,
    "MOST": 0.10361954346841054,
    "HITC": 0.10143724493773677,
    "REFG": 0.10120527067887848,
    "APYI": 0.10019265187728225,
    "OMCL": 0.0989987296733366,
    "QEBR": 0.09852170072821029,
    "PGNY": 0.0977669469602577,
    "FDBH": 0.09747812719696905,
    "MDXL": 0.09563659343535967,
    "EBYH": 0.09499742234669542,
    "VASO": 0.0945410833397537,
    "RCM": 0.09434407063304036,
    "DTRK": 0.09337309482648894,
    "USAQ": 0.0919418481193831,
    "HQY": 0.09148162055355812,
    "ESSI": 0.0911607229029255,
    "ALDNF": 0.0900815377879209,
    "PINC": 0.08962915174183161,
    "CSLT": 0.0894376045565688,
    "COGZF": 0.08697876374689546,
    "GDRX": 0.08564747107512241,
    "LFCOF": 0.08449531659421347,
    "ZCMD": 0.08363660745323147,
    "ONEM": 0.08307667290907526,
    "PBSV": 0.08057049088593947,
    "EWLL": 0.07896993304260831,
    "MITI": 0.07717978329223657,
    "VNTH": 0.07467146698559819,
    "EMOR": 0.07398670796535267,
    "VEEV": 0.07387887495502682,
    "RSLBF": 0.07382855065036703,
    "VHIBF": 0.07132756461805495,
    "TXG": 0.06924239234654113,
    "PASO": 0.06803474717495282,
    "MDRM": 0.06798342187416387,
    "CRBKF": 0.06683492451247305,
    "WMGR": 0.06660585640377568,
    "DSOL": 0.06634713737565212,
    "CLNH": 0.06565782026607009,
    "NHEL": 0.06543262864039065,
    "MSRT": 0.06491859573266318,
    "HDVY": 0.06425657025856554,
    "NEWUF": 0.06194627472443307,
    "NXGN": 0.060770165211952304,
    "MDBIF": 0.05846499381874955,
    "HSCHF": 0.057130911943852114,
    "EMYSF": 0.056014134726865776,
    "VYND": 0.055544703136591024,
    "BNVIF": 0.05482882920251653,
    "NSAV": 0.05144336124840676,
    "AMWL": 0.051259654276164884,
    "IGRW": 0.05112463501333667,
    "VGANF": 0.050756502129995835,
    "ZCBD": 0.04859440780933463,
    "QDMI": 0.0474155665650894,
    "UCBB": 0.04734389028042235,
    "TTBLF": 0.03998115810910082
}