{
    "PANHF": 1.0,
    "NMXS": 0.33780502630310033,
    "ZCMD": 0.33757856953952325,
    "CPSI": 0.3355375713618546,
    "MDCE": 0.3172434682717584,
    "CVET": 0.316113702409503,
    "MTHRF": 0.31087673946483535,
    "MTHRY": 0.31087673946483535,
    "DOCRF": 0.30606024394820913,
    "SY": 0.3038521610696399,
    "SGFY": 0.29589976596114087,
    "ESSI": 0.2927884306462945,
    "CERN": 0.28774866790057063,
    "MDXL": 0.2865998563915742,
    "MDRX": 0.27165439169102923,
    "RCM": 0.26882244523999177,
    "MTBC": 0.2651470582646841,
    "MTBCP": 0.2651470582646841,
    "CHNG": 0.25277353075246556,
    "AGTI": 0.2505772501244436,
    "HITC": 0.24869899457956185,
    "TDOC": 0.24508159800390966,
    "TRHC": 0.2432405658062095,
    "EVAHF": 0.24157710252474937,
    "PAXH": 0.23940751260806625,
    "PINC": 0.23801598013736697,
    "HLYK": 0.23405934539863982,
    "STRM": 0.23370322701604618,
    "EMOR": 0.2336403578545886,
    "ICCT": 0.22791809761558424,
    "PASO": 0.22141771443205974,
    "VASO": 0.2211692243905618,
    "PCYS": 0.22080170819192518,
    "COGZF": 0.2177780174128715,
    "HSTM": 0.21634614711843353,
    "EKGGF": 0.21600650042626401,
    "CMPD": 0.2159144173844511,
    "HQY": 0.21477000840945695,
    "ONVVF": 0.21238072403566782,
    "HCAT": 0.21026715101489182,
    "OPRX": 0.2083663077526577,
    "MDBIF": 0.20606577066131165,
    "PMCUF": 0.2051492131252649,
    "ACNV": 0.2045434856160637,
    "MDWK": 0.20438664437515297,
    "CLNH": 0.20348433468527488,
    "EVH": 0.20335927543944132,
    "INOV": 0.20094956228904287,
    "PPJE": 0.20086025524831957,
    "WMGR": 0.19534863495919536,
    "QDMI": 0.19356550617298113,
    "WORX": 0.19173189027687282,
    "AHGIF": 0.19041546742164822,
    "ICCO": 0.18833051590141703,
    "CSLT": 0.18790859608916677,
    "CTHZ": 0.18763822124279902,
    "UCBB": 0.1865456371908617,
    "ACCD": 0.1837961351302303,
    "VHIBF": 0.18216598187126445,
    "CRVW": 0.18215052801358217,
    "FDBH": 0.18141846899918593,
    "SLP": 0.17931416845660492,
    "NH": 0.1776013681926753,
    "OMCL": 0.1775477019352732,
    "PRVA": 0.17721835146055726,
    "APYI": 0.17646943099884116,
    "ICAD": 0.1763275441457761,
    "LFCOF": 0.17612021236121725,
    "USAQ": 0.1757053050857898,
    "PHR": 0.17370619826430642,
    "QEBR": 0.17261221615504682,
    "LGBI": 0.16845421035441532,
    "CNONF": 0.16636480333271836,
    "ONEM": 0.16621625974223705,
    "GDRX": 0.16324493483173513,
    "KERN": 0.16110393108036403,
    "FORA": 0.16085838646111586,
    "OLMM": 0.16006030175610314,
    "CSOC": 0.15643810933945737,
    "MITI": 0.1537709168443438,
    "DSOL": 0.15360442126013774,
    "CTVEF": 0.15186904387952502,
    "DTRK": 0.15094340103373516,
    "HSCHF": 0.15081405612212165,
    "HDSLF": 0.1500904936694052,
    "MOST": 0.1489596354230035,
    "PBSV": 0.1443849495518619,
    "ALDNF": 0.1441805237897896,
    "NXGN": 0.14280485456414835,
    "VMCS": 0.1409580854112535,
    "MSRT": 0.13620100667323468,
    "TTBLF": 0.13546226958987942,
    "VNTH": 0.13426559895923987,
    "AUGX": 0.1321050214830359,
    "RSLBF": 0.13082006954220107,
    "AMWL": 0.12773428864999592,
    "NEWUF": 0.12648685934502998,
    "CRBKF": 0.12553178921072836,
    "RQHTF": 0.12480309127931626,
    "HLTT": 0.12083402978972049,
    "NSAV": 0.12051185218719784,
    "SDGR": 0.1204126320880674,
    "VEEV": 0.12017089058148281,
    "PGNY": 0.11963705498819548,
    "BNVIF": 0.11554274537206868,
    "SUSRF": 0.11083475394105942,
    "VYND": 0.10900333846509291,
    "EBYH": 0.10674606657612412,
    "ORHB": 0.1044792016948658,
    "TXG": 0.10312399839602286,
    "NHEL": 0.10295225825146588,
    "FUAPF": 0.10216793009281305,
    "REFG": 0.0989544575420477,
    "EMYSF": 0.09887194006643796,
    "HDVY": 0.08600749758184399,
    "VGANF": 0.0856810189389679,
    "IGRW": 0.08053890344048566,
    "MDRM": 0.07482438123777041,
    "ZCBD": 0.07132111220930869,
    "EWLL": 0.06967150344946862
}