{
    "EVTI": 0.9999999999999998,
    "SPXA": 0.4122581232268231,
    "SBAY": 0.33219361776726386,
    "OPMG": 0.3125915528625544,
    "CURM": 0.30193082730848153
}