{
    "GEF-B": 1.0000000000000002,
    "GEF": 1.0000000000000002,
    "WRK": 0.47708217589779406,
    "SON": 0.4398065607242195,
    "PKG": 0.42347144127317426,
    "CCK": 0.4130542461677426,
    "SLGN": 0.4066833238312257,
    "BERY": 0.3886038760207208,
    "WIPKF": 0.3743848498869253,
    "ORRAF": 0.37113838023889856,
    "SNGSF": 0.3446718863506976,
    "AMCR": 0.3316005893201545,
    "BLL": 0.325641537828745,
    "SMFKY": 0.3214042649556809,
    "SMFTF": 0.3214042649556809,
    "IP": 0.3191681476461282,
    "ITPOF": 0.3077437242863644,
    "MYE": 0.30721585437615345,
    "RDVA": 0.3043573946684862,
    "SINC": 0.3004560472986091,
    "PTVE": 0.2984622774988557,
    "ATR": 0.2886763271086971,
    "SEE": 0.2865702067529224,
    "GPK": 0.27544325774226486,
    "KSHB": 0.26796583391349055,
    "NPKLY": 0.26635965273431456,
    "SPQDF": 0.2583906011058131,
    "KRT": 0.2567130102308214,
    "SUMXF": 0.2557212109798996,
    "OI": 0.24605537160263108,
    "ARD": 0.23678589155093763,
    "TUP": 0.23621926198306553,
    "GRVWF": 0.21657015168596103,
    "MNHFF": 0.21653272571187676,
    "PACK": 0.21275446537708256,
    "UFPT": 0.2090893330960677,
    "REYN": 0.19942112792991223,
    "FFHL": 0.19287907865240633,
    "IDND": 0.16635728911463676,
    "VKSC": 0.1661341345132227,
    "TZPC": 0.16346427689354426,
    "MAYX": 0.14399006171821863,
    "ACTX": 0.13298024763309726,
    "NEXNF": 0.10454301583114085,
    "EHOS": 0.08417579429896524
}