{
    "KRT": 1.0,
    "BERY": 0.27634846747535374,
    "SON": 0.27083420968768857,
    "WRK": 0.27014746510368637,
    "CCK": 0.26798968251833444,
    "ORRAF": 0.2574447969892921,
    "GEF-B": 0.2567130102308214,
    "GEF": 0.2567130102308214,
    "SLGN": 0.25122517236478936,
    "PTVE": 0.2413761475529282,
    "SMFKY": 0.23447952167958086,
    "SMFTF": 0.23447952167958086,
    "BLL": 0.2322641382842412,
    "GPK": 0.23177441363719387,
    "PKG": 0.23121424978783195,
    "WIPKF": 0.22746736560315925,
    "REYN": 0.2251327536279888,
    "SINC": 0.22490698740366188,
    "ITPOF": 0.21988273015836368,
    "KSHB": 0.21429336580017527,
    "IP": 0.20392454210302638,
    "SUMXF": 0.20132524052464776,
    "RDVA": 0.20003880898947912,
    "MYE": 0.19629629451368888,
    "SEE": 0.19472468807410995,
    "OI": 0.19453822087487876,
    "SPQDF": 0.1908535620056776,
    "NPKLY": 0.1897780877065155,
    "SNGSF": 0.18695610518424835,
    "GRVWF": 0.18665312158651376,
    "ATR": 0.17890127146593743,
    "AMCR": 0.1761589225871025,
    "TUP": 0.16871310371700493,
    "UFPT": 0.16635699094305412,
    "FFHL": 0.1652825717818062,
    "PACK": 0.16090012657483238,
    "ARD": 0.1549517116981086,
    "IDND": 0.14852285385136305,
    "TZPC": 0.1324991159669425,
    "NEXNF": 0.1320460828765817,
    "VKSC": 0.1294940459767719,
    "ACTX": 0.1282717265205384,
    "MAYX": 0.12091708846541484,
    "MNHFF": 0.11205682023763984,
    "EHOS": 0.08786129344908848
}