{
    "EVA": 1.0,
    "BMSPF": 0.2291451816521775,
    "CFXTF": 0.20127583826510756,
    "UFPI": 0.200591924586116,
    "SVCBF": 0.19901259953361194,
    "WFSTF": 0.1932122078890922,
    "EMEXF": 0.18949187095384457,
    "CFPZF": 0.1812656333225913,
    "HMTC": 0.17925903589991202,
    "IFSPF": 0.177220799737224,
    "BCC": 0.17471770792883387,
    "JCTCF": 0.16962537405999495,
    "WFG": 0.16067273100676172,
    "KEWL": 0.1596117910768065,
    "BSTO": 0.14670002562113255,
    "PKNOF": 0.13656199804655114,
    "TCOR": 0.12776322895062223,
    "VRDSF": 0.11480873222471981,
    "RUBNF": 0.10548915110892176,
    "ACAZF": 0.10523845867508759,
    "EXRG": 0.09273521972305493,
    "SGTM": 0.09006837392600725,
    "AZFL": 0.06948464656709848
}