{
    "VRDSF": 0.9999999999999997,
    "CFXTF": 0.22693866614511068,
    "BSTO": 0.22686127152749944,
    "EMEXF": 0.22500234254335472,
    "RUBNF": 0.22237402229555034,
    "UFPI": 0.19686777144883144,
    "TCOR": 0.1955187819826752,
    "SVCBF": 0.18405313056766145,
    "BCC": 0.1803682822863775,
    "WFSTF": 0.17692767617885496,
    "IFSPF": 0.17429902761602614,
    "JCTCF": 0.17406785601114647,
    "HMTC": 0.16515235764300923,
    "EXRG": 0.16073268373076072,
    "CFPZF": 0.1552341083329246,
    "ACAZF": 0.14630079980083585,
    "WFG": 0.14341386321374164,
    "KEWL": 0.143265193904795,
    "SGTM": 0.13477637871158582,
    "BMSPF": 0.11537046823883022,
    "EVA": 0.11480873222471981,
    "PKNOF": 0.11193096932696972,
    "AZFL": 0.11099324436145175
}