{
    "DIT": 1.0,
    "UNFI": 0.5436295808473094,
    "CORE": 0.4343161915152319,
    "COLFF": 0.42250305513547426,
    "JRONF": 0.4118435732094056,
    "JRONY": 0.4118435732094056,
    "PFGC": 0.4091407312584483,
    "SPTN": 0.40103618753334097,
    "SGPPF": 0.37711031521105143,
    "SYY": 0.3599745172708507,
    "ANDE": 0.33019969789769466,
    "MCSHF": 0.3294997719040442,
    "NCTW": 0.32670977628489467,
    "BZLFF": 0.31869927723712804,
    "BZLFY": 0.31869927723712804,
    "GLCC": 0.31033846060490045,
    "IVFH": 0.30424858386464243,
    "HFFG": 0.2930477618227356,
    "PACV": 0.27798741563821583,
    "ENHD": 0.27090678166772997,
    "NHYF": 0.26755432443919736,
    "CHEF": 0.26494007819459336,
    "USFD": 0.25339385303787065,
    "VRUS": 0.2529082106887795,
    "OLMIF": 0.25096082012213905,
    "OLMIY": 0.25096082012213905,
    "GPDB": 0.24771337112440558,
    "WDRP": 0.2214562089829397,
    "NXTH": 0.17208758680038588,
    "WILC": 0.16735854803670608,
    "LFER": 0.149433458001518,
    "UNMK": 0.14680634201818976,
    "SDNI": 0.14603703693817788,
    "ZEST": 0.12682579056404605,
    "JAMN": 0.12491520741287657
}