{
    "LFER": 1.0,
    "SDNI": 0.19736464836569506,
    "GLCC": 0.17418287739454885,
    "PFGC": 0.17268704935267873,
    "UNFI": 0.17202266072988154,
    "VRUS": 0.16826451359915454,
    "ANDE": 0.16624023697934243,
    "JRONF": 0.1519446255527165,
    "JRONY": 0.1519446255527165,
    "DIT": 0.149433458001518,
    "USFD": 0.14663412417305494,
    "SYY": 0.14508607854764652,
    "BZLFF": 0.14358458007070576,
    "BZLFY": 0.14358458007070576,
    "IVFH": 0.14029713316376513,
    "WDRP": 0.1395057370189665,
    "UNMK": 0.1385867459394977,
    "CORE": 0.13784938658145993,
    "PACV": 0.1362177695431996,
    "ENHD": 0.13376987807239182,
    "SPTN": 0.13363874718901142,
    "NCTW": 0.13205777021414158,
    "OLMIF": 0.12958792060886049,
    "OLMIY": 0.12958792060886049,
    "MCSHF": 0.1265026192251715,
    "ZEST": 0.12620737326069065,
    "COLFF": 0.1246278142887692,
    "HFFG": 0.12140409200330918,
    "NHYF": 0.11070397834714482,
    "CHEF": 0.1105475539261549,
    "NXTH": 0.10487964565773822,
    "GPDB": 0.10339928043971816,
    "SGPPF": 0.10193374465959094,
    "JAMN": 0.0984677466602808,
    "WILC": 0.08910335305840168
}