{
    "SDNI": 1.0000000000000002,
    "LFER": 0.19736464836569506,
    "GPDB": 0.1971775727264196,
    "WDRP": 0.1847314610510551,
    "VRUS": 0.17174093365086207,
    "UNFI": 0.17102242797213246,
    "IVFH": 0.1638987386139923,
    "GLCC": 0.1538060990162041,
    "DIT": 0.14603703693817788,
    "SPTN": 0.1458754255730915,
    "ANDE": 0.1424330331093524,
    "USFD": 0.14009995016295007,
    "JRONF": 0.13322539803726097,
    "JRONY": 0.13322539803726097,
    "CORE": 0.13237494305356493,
    "PFGC": 0.13189727379066296,
    "HFFG": 0.13086454374303486,
    "NCTW": 0.1297042670475854,
    "JAMN": 0.12772781205365583,
    "SGPPF": 0.12084189133572597,
    "UNMK": 0.12029969435333267,
    "PACV": 0.11785877610960886,
    "NXTH": 0.11544889638409161,
    "NHYF": 0.11255234537839955,
    "MCSHF": 0.11067407981266948,
    "BZLFF": 0.10746063855871178,
    "BZLFY": 0.10746063855871178,
    "SYY": 0.1070261187704804,
    "COLFF": 0.10402216705002025,
    "ENHD": 0.10236431649534845,
    "CHEF": 0.09581937663893687,
    "OLMIF": 0.08946961224107651,
    "OLMIY": 0.08946961224107651,
    "WILC": 0.08142572659970063,
    "ZEST": 0.07727836328148831
}