{
    "SKLTY": 1.0,
    "MAN": 0.3172422302374046,
    "RANJY": 0.2779600503831117,
    "RCRRF": 0.2758499671832289,
    "RCRUY": 0.2758499671832289,
    "KELYA": 0.2725809386078418,
    "KELYB": 0.2725809386078418,
    "JOBS": 0.2720674780591025,
    "NSP": 0.256820214571629,
    "RHI": 0.2527348186653078,
    "VOLT": 0.24639453101396078,
    "TCCPY": 0.24447316561655025,
    "TXHPF": 0.24447316561655025,
    "PAYX": 0.23325390040426786,
    "TBI": 0.22543447820436527,
    "HSII": 0.21774003812925735,
    "KFRC": 0.2171809794020017,
    "TGDLF": 0.21594618018853048,
    "RLBY": 0.21318641850177356,
    "RCRT": 0.21239005095225558,
    "HHR": 0.21146122938265519,
    "TNET": 0.20952017277412446,
    "ASGN": 0.2094105161342103,
    "STAF": 0.20894166033656367,
    "PIXY": 0.20848696595276542,
    "DHX": 0.20572992161186218,
    "PBHG": 0.20355650440119002,
    "BGSF": 0.20227224917803704,
    "MHH": 0.20002072177781202,
    "STJO": 0.19561430669731186,
    "CWLPF": 0.1943341930272939,
    "UPWK": 0.18861898100802063,
    "NZIH": 0.1860157871865001,
    "GXXM": 0.1815681076544464,
    "TREP": 0.1808545891981605,
    "AHEXF": 0.17912212390557583,
    "AHEXY": 0.17912212390557583,
    "ADP": 0.17906623072536246,
    "FRSI": 0.17805940830226927,
    "HQI": 0.17785191815089121,
    "JOB": 0.17748643041732143,
    "BBSI": 0.17728810892913513,
    "ZIP": 0.1757996438402406,
    "IPDN": 0.17038578127077775,
    "MCTH": 0.16886702080879304,
    "MPGPF": 0.1669399686784674,
    "KFY": 0.1663745654389559,
    "WDHR": 0.1598311039247099,
    "RVLTF": 0.1544121077231287,
    "CCRN": 0.14809294160080988,
    "HSON": 0.1471884242373353,
    "FTRS": 0.1276566952804003,
    "CTPR": 0.11988665014926082,
    "SSET": 0.11220917378470402
}