{
    "AVEW": 0.9999999999999996,
    "EATR": 0.25635738114001544,
    "TPR": 0.25393020226494867,
    "SFRGY": 0.25068597931950237,
    "SFRGF": 0.24698863859959744,
    "CEBTF": 0.24282997812090704,
    "LKFLF": 0.22679853320654897,
    "BGI": 0.2216456625750983,
    "HESAF": 0.21477477513519197,
    "HESAY": 0.21477477513519197,
    "CHDRF": 0.21383413473467433,
    "CHDRY": 0.21383413473467433,
    "SWGAF": 0.2113693713076078,
    "SWGAY": 0.2113693713076078,
    "SWGNF": 0.2113693713076078,
    "FOSL": 0.2102553977982486,
    "MOV": 0.20813421145997216,
    "BRGO": 0.20272751339127493,
    "SSOK": 0.20250854353959716,
    "PPRUF": 0.1955778746607488,
    "PPRUY": 0.1955778746607488,
    "DCOHF": 0.19539181991103985,
    "BANI": 0.1905086387704078,
    "PRDSF": 0.18774587025542216,
    "PRDSY": 0.18774587025542216,
    "WOSGF": 0.18213172692394858,
    "CCPR": 0.17942556267329082,
    "SIG": 0.17755349054341105,
    "PANDY": 0.17727694136757322,
    "PNDZF": 0.17727694136757322,
    "CFRHF": 0.16804821040706747,
    "CFRUY": 0.16804821040706747,
    "MDNL": 0.16772585392218883,
    "BCUCY": 0.15944871350430392,
    "JSBL": 0.15643116434038554,
    "BBRYF": 0.14573700330439562,
    "BURBY": 0.14573700330439562,
    "CTHR": 0.14435822122623182,
    "GMZP": 0.1315119479990559,
    "CJEWF": 0.1310646130072659,
    "CJEWY": 0.1310646130072659,
    "LVMHF": 0.12973402708686207,
    "LVMUY": 0.12973402708686207,
    "MENEF": 0.12898011492343575,
    "FJHL": 0.10796276763848353,
    "NRPI": 0.10654401559227698,
    "MYTE": 0.09744099802153147,
    "MASN": 0.08687306820129785
}