{
    "NRPI": 1.0000000000000002,
    "BGI": 0.12415264720819456,
    "JSBL": 0.1241048834606546,
    "FOSL": 0.12021309197187305,
    "MOV": 0.1090387566096194,
    "AVEW": 0.10654401559227698,
    "EATR": 0.10471291807525257,
    "BANI": 0.10415138047625813,
    "BRGO": 0.10106814259807465,
    "SSOK": 0.09976698795101481,
    "MENEF": 0.09902494195367688,
    "TPR": 0.09576737216388027,
    "PANDY": 0.07805582870060762,
    "PNDZF": 0.07805582870060762,
    "PPRUF": 0.074892458782332,
    "PPRUY": 0.074892458782332,
    "SIG": 0.07452716434872135,
    "LKFLF": 0.07324156099607441,
    "PRDSF": 0.0714679668690073,
    "PRDSY": 0.0714679668690073,
    "CTHR": 0.07113979574115145,
    "SFRGY": 0.06997559676196295,
    "HESAF": 0.06995512912055676,
    "HESAY": 0.06995512912055676,
    "SFRGF": 0.06995470387772303,
    "GMZP": 0.06826636339736904,
    "CEBTF": 0.06669189893537292,
    "CCPR": 0.06649341470769085,
    "BBRYF": 0.06177525564890188,
    "BURBY": 0.06177525564890188,
    "MDNL": 0.060775884844448076,
    "CHDRF": 0.06068852529650405,
    "CHDRY": 0.06068852529650405,
    "DCOHF": 0.05960095207585088,
    "SWGAF": 0.0583615371268364,
    "SWGAY": 0.0583615371268364,
    "SWGNF": 0.0583615371268364,
    "WOSGF": 0.056856854735799836,
    "CJEWF": 0.05543430484445278,
    "CJEWY": 0.05543430484445278,
    "BCUCY": 0.05468577656883194,
    "CFRHF": 0.05292914413465646,
    "CFRUY": 0.05292914413465646,
    "MYTE": 0.04327731898895613,
    "LVMHF": 0.03798986551723693,
    "LVMUY": 0.03798986551723693,
    "FJHL": 0.03321300805880376,
    "MASN": 0.02951917399944221
}