{
    "GVFG": 1.0000000000000002,
    "RGA": 0.3158090130640148,
    "AOREF": 0.31506018140919495,
    "HVRRF": 0.2857239280728908,
    "HVRRY": 0.2857239280728908,
    "SPNT": 0.2774419313046549,
    "MH-PC": 0.27227219938857655,
    "MH-PD": 0.27227219938857655,
    "MHLD": 0.27227219938857655,
    "RE": 0.26188217164774935,
    "RNR-PE": 0.24114152890751378,
    "RNR-PF": 0.24114152890751378,
    "RNR": 0.24114152890751378,
    "GLRE": 0.23205834687242965,
    "SSREF": 0.2142891023816818,
    "SSREY": 0.2142891023816818,
    "MURGF": 0.21188649421009387,
    "MURGY": 0.21188649421009387,
    "SCRYY": 0.1979127691632059,
    "SZCRF": 0.1979127691632059,
    "TILCF": 0.17937687980980177,
    "OXBR": 0.15121103141530723,
    "SNAS": 0.06857074769762792
}