{
    "SSREF": 1.0000000000000002,
    "SSREY": 1.0000000000000002,
    "RNR-PE": 0.5083946199144925,
    "RNR-PF": 0.5083946199144925,
    "RNR": 0.5083946199144925,
    "HVRRF": 0.5013533107596022,
    "HVRRY": 0.5013533107596022,
    "RGA": 0.48972030629864466,
    "MURGF": 0.4648805107404666,
    "MURGY": 0.4648805107404666,
    "RE": 0.45230167507989505,
    "GLRE": 0.4463594375700622,
    "SCRYY": 0.4299711230026442,
    "SZCRF": 0.4299711230026442,
    "MH-PC": 0.40114339068248767,
    "MH-PD": 0.40114339068248767,
    "MHLD": 0.40114339068248767,
    "SPNT": 0.39347413394041736,
    "OXBR": 0.3261975706162948,
    "TILCF": 0.29586983224112084,
    "AOREF": 0.25083914354913817,
    "GVFG": 0.2142891023816818,
    "SNAS": 0.07675020554026778
}