{
    "FGROF": 1.0000000000000002,
    "FGROY": 1.0000000000000002,
    "SAGKF": 0.29963252318605166,
    "CDGLF": 0.2820550366273334,
    "WAB": 0.27172256058969907,
    "TRN": 0.2582303137695325,
    "CSX": 0.2520283220159037,
    "GNGYF": 0.25046304597760466,
    "GSHHY": 0.25046304597760466,
    "GBX": 0.24548655876733128,
    "FSTR": 0.24024393107302325,
    "MTCPY": 0.22635120859006252,
    "MTRJF": 0.22635120859006252,
    "EJPRY": 0.21955858886979757,
    "CP": 0.2189848933306316,
    "TOKUF": 0.21799261738348705,
    "TOKUY": 0.21799261738348705,
    "WJRYF": 0.21603781255430704,
    "WJRYY": 0.21603781255430704,
    "BVZHF": 0.2153527303528839,
    "NSC": 0.21531057281226523,
    "CNI": 0.2150624414305448,
    "CJPRF": 0.20828647346597998,
    "CJPRY": 0.20828647346597998,
    "KSU-P": 0.2060903987533153,
    "KSU": 0.2060903987533153,
    "USDP": 0.20281548435385693,
    "QRNNF": 0.18974740830479836,
    "UNP": 0.18198021264174596,
    "CRYCY": 0.17759186803965968,
    "CRYYF": 0.17759186803965968,
    "ZHUZF": 0.16194001958577536,
    "MAGP": 0.1312828932913919,
    "URAL": 0.12973628469143456,
    "RAIL": 0.1275528550503824,
    "KIQ": 0.12211318553439875,
    "RLPHQ": 0.10826175986742281
}