{
    "AXGN": 1.0,
    "IART": 0.21135479354863274,
    "AZYO": 0.19658934112470916,
    "SNN": 0.19284205406176197,
    "SNNUF": 0.19284205406176197,
    "ZBH": 0.19158132796042468,
    "MSON": 0.1835498585495634,
    "NUVA": 0.17648969631604133,
    "HJLI": 0.17318211505326567,
    "NXNN": 0.17156139768981843,
    "CNMD": 0.16796355057103082,
    "APYX": 0.16482976311993905,
    "LIVN": 0.162568107200301,
    "TELA": 0.15883574664225386,
    "OFIX": 0.15812040033782007,
    "TLTFF": 0.15744277893432151,
    "ESMC": 0.15704283556603738,
    "MDXG": 0.15316588693740482,
    "SRDX": 0.1495056330092268,
    "ARAY": 0.14381624849285138,
    "SYK": 0.14286706237161464,
    "ASXC": 0.1404635709614669,
    "BIOL": 0.13962743421837223,
    "ESTA": 0.13673395922262754,
    "LBLTF": 0.13650064361706646,
    "SNWV": 0.13292729756971397,
    "EVARF": 0.13242896119988698,
    "AXNX": 0.1323518165085529,
    "MCRPF": 0.1322816120496074,
    "CRY": 0.13205583696379727,
    "FZMD": 0.12940624728638495,
    "EPSFF": 0.1273357342557621,
    "OMRX": 0.12656255214493284,
    "XTNT": 0.12595432612122945,
    "SSKN": 0.12427717736875246,
    "SPNE": 0.12310125058753717,
    "AVHHL": 0.12124585707961846,
    "RCEL": 0.12124585707961846,
    "CUTR": 0.12093877542562567,
    "ECTE": 0.12001542065171736,
    "ITGR": 0.11909551287272493,
    "ABT": 0.1184775197725616,
    "ZYXI": 0.11813896104256502,
    "SOMNF": 0.11796394160544064,
    "INSP": 0.11723180466304921,
    "CSII": 0.11720079483631644,
    "VRAY": 0.1170454723098314,
    "FONR": 0.11630331411676573,
    "CTSO": 0.1162037505451726,
    "EMITF": 0.11541462024140574,
    "EDAP": 0.11475393742454568,
    "AVGR": 0.11324181454244364,
    "TMCI": 0.1128711191102455,
    "AVNS": 0.11285652133566788,
    "NTUS": 0.11230135962904834,
    "LPTI": 0.11211483933336658,
    "ATEC": 0.1109816295971309,
    "ITMMF": 0.11069661900473692,
    "ITMR": 0.11069661900473692,
    "EYES": 0.11052985374943565,
    "MDT": 0.11025910579566993,
    "ADMT": 0.11016261942501088,
    "VIVE": 0.10983677783452113,
    "HTLZF": 0.10968928257271957,
    "QTRX": 0.10833284102574631,
    "SRGA": 0.10765249650790462,
    "IRIX": 0.10678296953679031,
    "MYO": 0.1066413663712426,
    "NWCI": 0.10659299924291836,
    "AVTI": 0.10646526340088502,
    "ULGX": 0.10643516211934084,
    "DYNT": 0.10554348059189414,
    "SIEN": 0.10549820866793744,
    "CLPT": 0.10524109265199555,
    "CHFS": 0.10497143275591657,
    "MICR": 0.10455354372222586,
    "VICA": 0.10391127758025849,
    "LLIT": 0.10356114936112572,
    "DGWPF": 0.10308140302778138,
    "APEN": 0.1029846838670326,
    "HRTT": 0.10292798787443337,
    "WCUI": 0.10281634259493502,
    "MZEIQ": 0.10252923098989396,
    "NUWE": 0.10219786451093345,
    "MKEAF": 0.10200440321710803,
    "PLLWF": 0.10175813068933018,
    "ALGN": 0.10138311032815332,
    "SDC": 0.10117209307911026,
    "SWAV": 0.10023893239065677,
    "THRBF": 0.09998007986292885,
    "EW": 0.09989845788414138,
    "LLBO": 0.09955489514978684,
    "SEOVF": 0.09895116369485078,
    "NVRO": 0.09838927157336425,
    "SWNM": 0.0983785407655885,
    "LUNG": 0.0982021454704451,
    "THMO": 0.09789226457138632,
    "RSLS": 0.09786484116831606,
    "SIBN": 0.09784768010740706,
    "INMD": 0.09747464827496242,
    "ELMD": 0.0965479806524837,
    "TMDI": 0.09633252357723153,
    "PROF": 0.09631812470126669,
    "VAPO": 0.0961721700375954,
    "RWLK": 0.09595962965297129,
    "CFMS": 0.09584105315997127,
    "NVCN": 0.09568155500052349,
    "VERO": 0.09564263065112552,
    "WTKN": 0.09559814132636751,
    "KIDS": 0.09515241457510935,
    "IOBCF": 0.09450469083076087,
    "BRSF": 0.09375890289746115,
    "BIO": 0.0935361491939451,
    "AHPI": 0.0918822067280344,
    "FDMDF": 0.09157133858832148,
    "GMED": 0.09129770465885828,
    "PETV": 0.09129238959841725,
    "SMLR": 0.09049826173854901,
    "BSGM": 0.08989558473479506,
    "BIEL": 0.0898277459678792,
    "TCMD": 0.08975320605053629,
    "RFCS": 0.08973285877909346,
    "MMTC": 0.0896127919411527,
    "ABMD": 0.08958310531685104,
    "WLSI": 0.08845626578665604,
    "LCDX": 0.0883287202427523,
    "ALRT": 0.0881685054446265,
    "IVC": 0.08815178130048998,
    "PEN": 0.08814843922963164,
    "MSIU": 0.08795360734423252,
    "VMD": 0.08772708474569597,
    "QTVLF": 0.08769901927439434,
    "PODD": 0.08758448376457534,
    "ABMT": 0.08752830085493837,
    "KLYG": 0.08716324155708909,
    "PYNKF": 0.08711549752102686,
    "RMED": 0.08701330535305273,
    "NAOV": 0.08689602118408407,
    "GHST": 0.08655825321939216,
    "SNDD": 0.08572414723732985,
    "OCLG": 0.08537092810081981,
    "PAVM": 0.0852184610090183,
    "VYCO": 0.08493320144308085,
    "SOLY": 0.08422996434801076,
    "MASS": 0.08367282699905887,
    "CGHC": 0.0835948257237434,
    "VRSEF": 0.08331720622444398,
    "BBLG": 0.08305590078995263,
    "RMSL": 0.08300114348496873,
    "PBIO": 0.08245141702848321,
    "ENCW": 0.08229921411658134,
    "NHNKY": 0.0822449473062066,
    "SRTS": 0.08070945559817985,
    "SILK": 0.0806223924103343,
    "NSPR": 0.08004976272275405,
    "AHCO": 0.07975687248230266,
    "LXXGF": 0.07922368406072215,
    "DCTH": 0.0788852340531015,
    "MDGS": 0.0786327515337385,
    "TMDX": 0.07836741095017905,
    "CRRVF": 0.07825872764915572,
    "BIVWF": 0.07762934386330207,
    "STRR": 0.07751419442028261,
    "STRRP": 0.07751419442028261,
    "BTCY": 0.07740199455000375,
    "AFIB": 0.07729412191354751,
    "NARI": 0.07710689116765237,
    "PXMBF": 0.07671674311754613,
    "AEMD": 0.07669745429325663,
    "RHNMF": 0.07658225106141936,
    "KMLXF": 0.07629325346284307,
    "CYBQF": 0.07612942683989889,
    "CYBQY": 0.07612942683989889,
    "CLLKF": 0.07599496086166545,
    "CSSI": 0.07595685265909118,
    "AVMR": 0.0758744783417578,
    "STSEY": 0.07556470940934536,
    "BRKR": 0.07512304953915426,
    "ORTIF": 0.07438193866988738,
    "INGN": 0.07432061298524552,
    "TNDM": 0.07398984898067577,
    "VREX": 0.07371944722868366,
    "OBLN": 0.07304326656593277,
    "CYDX": 0.07292394133703288,
    "VVOS": 0.07189225665245438,
    "GTHP": 0.07175959033836332,
    "VPTDF": 0.07170973210475717,
    "LNSR": 0.07169678862137092,
    "XVIPF": 0.0715801215016898,
    "BRSYF": 0.07140083182251197,
    "BWAY": 0.07140083182251197,
    "PGUZ": 0.07090304930094787,
    "IPDQF": 0.07086263075680435,
    "SSUR": 0.07038079683765319,
    "ASAPF": 0.0701031487075774,
    "XENT": 0.06992029278022815,
    "UAHC": 0.06981488672771002,
    "IGNT": 0.06939278934955588,
    "IMEXF": 0.06921255467542771,
    "NMRD": 0.06893879126300435,
    "DIZTF": 0.06873618307354293,
    "FLURF": 0.06856461961775802,
    "PMEDF": 0.06811707875045274,
    "NPCE": 0.06808497958799244,
    "IRME": 0.06793911427229309,
    "SHOM": 0.06740105192499193,
    "BLOZF": 0.06698478611923937,
    "EAR": 0.06679321039384406,
    "IRMD": 0.06551006839432832,
    "VMTHF": 0.06539777788540926,
    "PMDL": 0.06466778632672858,
    "CKMTF": 0.0641248869223639,
    "VRSYF": 0.06399123198455342,
    "NUMD": 0.06394628839046819,
    "CKNTF": 0.06385760706393993,
    "SINT": 0.0636999603372431,
    "XAIR": 0.06364617650289059,
    "CTTC": 0.06330065921162949,
    "AMEUF": 0.06329650092172293,
    "INVO": 0.06289058898812637,
    "BIIO": 0.06280273171963377,
    "TCLIF": 0.06221996735500912,
    "IMPZY": 0.0606233025315262,
    "BFLY": 0.06058390567639656,
    "HYBT": 0.060418305119564586,
    "NMTC": 0.06031814374662825,
    "GGNDF": 0.05884655447407118,
    "GNNDY": 0.05884655447407118,
    "SNDZ": 0.057954257686086814,
    "GBS": 0.05766026788321117,
    "LXGTF": 0.05760851273677808,
    "DMTRF": 0.05730780448804007,
    "PECN": 0.05623113067181898,
    "MOVE": 0.05617484727564038,
    "MHTX": 0.05561602984160637,
    "TLIS": 0.05521272642912487,
    "PTQQF": 0.0547101552872097,
    "POSC": 0.0537074066331118,
    "IKMA": 0.053702297048194056,
    "MFST": 0.05348513691276002,
    "ZMSPF": 0.05326172538344277,
    "RTSL": 0.052457478672688046,