{
    "BFLY": 1.0000000000000002,
    "LPTI": 0.2131620891430524,
    "NAOV": 0.14213498416851086,
    "EDAP": 0.13995530847653365,
    "PLLWF": 0.13858305599825935,
    "STRR": 0.13742762720401847,
    "STRRP": 0.13742762720401847,
    "PYNKF": 0.13651123102526416,
    "NNOX": 0.12759824393551078,
    "ESMC": 0.12707847770744576,
    "LCDX": 0.1260844580076397,
    "IRIX": 0.12081993172480139,
    "WTKN": 0.11656214620445912,
    "NTUS": 0.11469343704662224,
    "TNDM": 0.1111616160243776,
    "SNDD": 0.10985099787569792,
    "MSIU": 0.10745662206169289,
    "VREX": 0.10601256643444229,
    "EMITF": 0.10500173519933745,
    "ARAY": 0.10361102794386091,
    "NVRO": 0.10255497171405832,
    "SNN": 0.1022585684054378,
    "SNNUF": 0.1022585684054378,
    "IART": 0.1004119555069935,
    "ELMD": 0.09998344077532322,
    "SNWV": 0.09990318316878334,
    "BIVWF": 0.09941351511435854,
    "ZBH": 0.09939229871502125,
    "AVNS": 0.09784424654800625,
    "MMTC": 0.09737885350079704,
    "VPTDF": 0.09729970270910816,
    "ALRT": 0.09708779654891524,
    "STSEY": 0.09684102218357092,
    "AFIB": 0.09646943563876625,
    "DGWPF": 0.09614610161873706,
    "MOVE": 0.0961302940956584,
    "VRAY": 0.09482446435173046,
    "ABT": 0.0946648918152016,
    "MKEAF": 0.09433682091250876,
    "SRTS": 0.09431775288691238,
    "TCLIF": 0.09419089816158584,
    "SMLR": 0.09371443305163032,
    "TLTFF": 0.09342293089796547,
    "FONR": 0.09322628444921685,
    "KLYG": 0.09296479889579981,
    "LLIT": 0.09237337228663914,
    "FDMDF": 0.09229076824615623,
    "BIOL": 0.09127091167052817,
    "CTTC": 0.0908488532440857,
    "CLPT": 0.0906104654700587,
    "WCUI": 0.08994174613443165,
    "CTSO": 0.08979062204975212,
    "MASS": 0.08977082627896141,
    "CSSI": 0.08955478054076123,
    "RFCS": 0.08808928933183179,
    "IOBCF": 0.08778733728013423,
    "SDC": 0.08764014332454169,
    "IRMD": 0.08725599295152771,
    "OFIX": 0.08714619755325287,
    "OCLG": 0.08644846497724834,
    "ADMT": 0.08642194144133629,
    "NUVA": 0.08639620948220048,
    "QTRX": 0.08615697505390552,
    "CUTR": 0.08602165209619968,
    "SRGA": 0.08565686431395682,
    "DYNT": 0.0855554269194783,
    "SNDZ": 0.08548238865983872,
    "BLOZF": 0.08433542260445318,
    "NARI": 0.0840319944059733,
    "CGHC": 0.08341351142812616,
    "LIVN": 0.08329526546829501,
    "THMO": 0.08295613904287054,
    "PODD": 0.08288870701314373,
    "BRKR": 0.08254250088826588,
    "AZYO": 0.08218711006289751,
    "IGNT": 0.08178501790654559,
    "WLSI": 0.08140033627510979,
    "ALGN": 0.08103864003207269,
    "SOLY": 0.08072650319914526,
    "OMRX": 0.08062765208682847,
    "BTCY": 0.08006285010697867,
    "SYK": 0.07935198956633756,
    "RSLS": 0.07897745690418621,
    "NHNKY": 0.07867351079832478,
    "CHFS": 0.07856099013234455,
    "FZMD": 0.07842680647698698,
    "MSON": 0.07839731088953546,
    "IPDQF": 0.07815683373659003,
    "MCRPF": 0.07813577161812435,
    "SSKN": 0.07781484281481957,
    "CLLKF": 0.07761200379292217,
    "ASXC": 0.07759518449026692,
    "GTHP": 0.07738164154739624,
    "VIVE": 0.07691541417369499,
    "AHPI": 0.07681499642240956,
    "LUNG": 0.0767412304993797,
    "ITGR": 0.07668270162143513,
    "AVGR": 0.07636165554912927,
    "AHCO": 0.07632257417891967,
    "NWCI": 0.0759573173685067,
    "MICR": 0.07592553593705545,
    "AVHHL": 0.07581502713190133,
    "RCEL": 0.07581502713190133,
    "SIEN": 0.07571907386092015,
    "XTNT": 0.07540577179168304,
    "EVARF": 0.07514052900741636,
    "POSC": 0.07511963014014081,
    "NVCN": 0.07469591029130784,
    "SRDX": 0.07466195358843535,
    "PGUZ": 0.07461910300768655,
    "HJLI": 0.07436724584048639,
    "TMCI": 0.07402055310312684,
    "SSUR": 0.07344810814502069,
    "VVOS": 0.073411540258259,
    "ITMMF": 0.073305781216852,
    "ITMR": 0.073305781216852,
    "TCMD": 0.07282337817202564,
    "RMED": 0.07281667272060001,
    "VMD": 0.07275450967617071,
    "CYDX": 0.07270108250769662,
    "VICA": 0.07256995504054849,
    "ATEC": 0.07244145162340741,
    "NUMD": 0.07243250116124927,
    "ECTE": 0.07239559638264075,
    "VRSYF": 0.07217732281015025,
    "VYCO": 0.07205359137155964,
    "GMED": 0.07194364177392772,
    "SIBN": 0.07187319257289013,
    "NUWE": 0.07157543994780419,
    "ZYXI": 0.07156764400341899,
    "HTLZF": 0.07148121272750563,
    "MYO": 0.07139569457771686,
    "APEN": 0.07090787940466739,
    "MDT": 0.0707794028756063,
    "BSGM": 0.07068321928792488,
    "SPNE": 0.07066643464016749,
    "ENCW": 0.07055414619583825,
    "KMLXF": 0.06989792688548467,
    "AVTI": 0.0696327750966674,
    "TMDI": 0.06924419231856803,
    "BIO": 0.06921426774274379,
    "MHTX": 0.06917919825564693,
    "LNSR": 0.06915893028338373,
    "CRRVF": 0.06903572739422269,
    "INSP": 0.06871990212336457,
    "SINT": 0.06831410714935804,
    "CNMD": 0.06822450341778573,
    "MZEIQ": 0.06697219741414659,
    "BIEL": 0.06668178630306758,
    "RWLK": 0.06601439459422064,
    "EAR": 0.06594966400525254,
    "APYX": 0.06589766088148051,
    "TMDX": 0.06588685791391713,
    "HRTT": 0.0657242609393642,
    "SWNM": 0.06569188381847632,
    "RHNMF": 0.06559679328234928,
    "ULGX": 0.06539068034196382,
    "PMDL": 0.06532966686261711,
    "VERO": 0.06511736892440768,
    "NPCE": 0.06438026014288627,
    "EPSFF": 0.06370380190714081,
    "CYBQF": 0.06318524518614722,
    "CYBQY": 0.06318524518614722,
    "CFMS": 0.06297747324707392,
    "KIDS": 0.06255065044354885,
    "IVC": 0.06244994097874349,
    "OM": 0.062126804848489835,
    "AXNX": 0.06205621169275294,
    "PMEDF": 0.061997329549867385,
    "PETV": 0.061925127200621606,
    "ZMSPF": 0.061321601380956874,
    "NSPR": 0.06116418474050599,
    "UAHC": 0.061087024877343035,
    "XENT": 0.06107876400229001,
    "BRSYF": 0.06079527484288789,
    "BWAY": 0.06079527484288789,
    "CRY": 0.060723837971572034,
    "AXGN": 0.06058390567639656,
    "SEOVF": 0.06057108357596602,
    "INMD": 0.06047316562894701,
    "PXMBF": 0.06037440922445284,
    "MDGS": 0.060336470898379124,
    "PEN": 0.05987037424813188,
    "IMEXF": 0.059696354763850094,
    "INVO": 0.059379942305400994,
    "VRSEF": 0.05931301713348161,
    "LBLTF": 0.05892468868714902,
    "ESTA": 0.058732035787262646,
    "NMRD": 0.05865620534415631,
    "GHST": 0.058529754797631416,
    "THRBF": 0.05845440542637047,
    "SWAV": 0.05732257202102808,
    "PBIO": 0.057146426239449204,
    "ABMD": 0.056977791397752955,
    "MDXG": 0.05655196700742276,
    "CSII": 0.05638238453565035,
    "EW": 0.056198446610923436,
    "RMSL": 0.05608349453761402,
    "AMEUF": 0.05592953961588141,
    "ODYY": 0.055725174276021805,
    "VAPO": 0.055488636856112605,
    "CKNTF": 0.05542548470981808,
    "INGN": 0.055274667184496376,
    "MFST": 0.05518303839377063,
    "ASAPF": 0.055144291226035216,
    "PROF": 0.05472661234894617,
    "PAVM": 0.054403550709627053,
    "TELA": 0.05392079227119247,
    "RDGL": 0.05330425182692039,
    "XAIR": 0.053271845257317124,
    "AVMR": 0.05301007273271581,
    "BRSF": 0.051740384452598036,
    "AEMD": 0.0517298983893165,
    "LXGTF": 0.051662744687403825,
    "LLBO": 0.051309548530979375,
    "FLURF": 0.05118197343438023,
    "ABMT": 0.051076481805394154,
    "GGNDF": 0.05098920827745605,
    "GNNDY": 0.05098920827745605,
    "OBLN": 0.05044074757090977,
    "NXNN": 0.049595838722216776,
    "TLIS": 0.04951793599218549,
    "HYBT": 0.04837598655434118,
    "IRME": 0.048067065210418425,
    "EYES": 0.047381947864256244,
    "PTQQF": 0.04674954718308986,
    "PECN": 0.04674409779010401,
    "CHEOF": 0.04643658485421145,
    "CHEOY": 0.04643658485421145,
    "CKMTF": 0.046337659713414366,
    "SHOM": 0.045604379857549046,
    "GBS": 0.045436654105468065,
    "SILK": 0.04539404240183268,
    "DCTH": 0.045062231077671086,
    "DIZTF": 0.04399685203181107,
    "VMTHF": 0.04381759380798154,
    "EMED": 0.04279794199392014,
    "SOMNF": 0.04266420014665621,
    "BIIO": 0.04265478703614073,
    "ORTIF": 0.04257290836938763,
    "ECGI": 0.04230789080152267,