{
    "BIIO": 1.0000000000000002,
    "CRRVF": 0.1889364957393651,
    "PTQQF": 0.17083600581970365,
    "SNDD": 0.16493219132967787,
    "ALRT": 0.153376698274144,
    "EQUR": 0.1521363082396549,
    "ODYY": 0.14390960006290143,
    "AMEUF": 0.14319450979758805,
    "THMO": 0.1353791791050158,
    "SEOVF": 0.13064713705041722,
    "NWCI": 0.13043814357563308,
    "ECTE": 0.1283026917840921,
    "CGHC": 0.12610788358708683,
    "NARI": 0.12170806635774616,
    "ABMT": 0.11900337828284932,
    "BSGM": 0.11884839959055425,
    "PROF": 0.1186504047724323,
    "NVCN": 0.11681520258362565,
    "ESMC": 0.11672875564098271,
    "SRDX": 0.1162376950280487,
    "TLTFF": 0.11446205443802178,
    "CHFS": 0.11316678617301094,
    "ARAY": 0.11303794386416732,
    "SNN": 0.11197686056012407,
    "SNNUF": 0.11197686056012407,
    "NVRO": 0.1112420676859376,
    "PMEDF": 0.11097823817905113,
    "KIDS": 0.11059663559982004,
    "AVHHL": 0.11056151533402347,
    "RCEL": 0.11056151533402347,
    "INMD": 0.11055695534835079,
    "CKNTF": 0.11038645340863307,
    "OFIX": 0.11020798607304015,
    "VICA": 0.10767058289987871,
    "OMRX": 0.10724293808258559,
    "MHTX": 0.1071103302289304,
    "ITMMF": 0.10652254512066381,
    "ITMR": 0.10652254512066381,
    "ENCW": 0.10547170029399919,
    "STSEY": 0.10447887644170921,
    "WCUI": 0.1042928084327538,
    "NUWE": 0.1035062732170057,
    "BLOZF": 0.1033305028236665,
    "OCLG": 0.10236934232124571,
    "BRSF": 0.10158094050517957,
    "EMITF": 0.10133524447833937,
    "MSIU": 0.1007458770343264,
    "ADMT": 0.10016002452941007,
    "CTTC": 0.09987196555448359,
    "SNWV": 0.09839016244915547,
    "APYX": 0.09789989777815093,
    "BIVWF": 0.09731886879326336,
    "DGWPF": 0.0972908358621639,
    "FDMDF": 0.09611336247057609,
    "CTSO": 0.096000650719375,
    "QTRX": 0.09522493534832913,
    "MMTC": 0.09502932646356452,
    "HTLZF": 0.0949475726591779,
    "STRR": 0.09473706860160847,
    "STRRP": 0.09473706860160847,
    "AVNS": 0.09463355321440538,
    "RWLK": 0.09318705161402792,
    "WLSI": 0.09317911361801882,
    "GTHP": 0.0924017657086979,
    "RHNMF": 0.0921776799308118,
    "ASXC": 0.09196762606726584,
    "MKEAF": 0.08990927021843402,
    "MZEIQ": 0.08972639273731062,
    "GBS": 0.08951604329304327,
    "RDGL": 0.08941966050845337,
    "SINT": 0.08919950778292512,
    "SWNM": 0.08887490315780681,
    "CLPT": 0.08847320351448312,
    "SSKN": 0.0880581604112845,
    "EAR": 0.0872708119693621,
    "RFCS": 0.08696093870051638,
    "LUNG": 0.086768161403578,
    "IART": 0.08661273122815692,
    "AEMD": 0.08655581929993829,
    "AXNX": 0.08650193888286355,
    "AVMR": 0.08647483711179264,
    "CNMD": 0.08637114272139577,
    "IGNT": 0.08634176494055675,
    "MICR": 0.0858593401437047,
    "LXXGF": 0.08544531705014155,
    "NTUS": 0.08543420182928556,
    "SYK": 0.08492696693522511,
    "NUVA": 0.08479122201959954,
    "KMLXF": 0.08477608496861713,
    "CUTR": 0.08476863618691878,
    "EPSFF": 0.08467537776455994,
    "AHCO": 0.08442747063542823,
    "LIVN": 0.0839472945118454,
    "AZYO": 0.08362608467597912,
    "WTKN": 0.08357373842285765,
    "XTNT": 0.08328526529535776,
    "KLYG": 0.08323171458568208,
    "BTCY": 0.08297438154356065,
    "EDAP": 0.08282574505379657,
    "ZBH": 0.08231685264014418,
    "SNDZ": 0.08188349472275647,
    "HJLI": 0.08145814352424635,
    "AVGR": 0.08098382933872589,
    "LNSR": 0.08094641959237009,
    "ABT": 0.08049597262702188,
    "ITGR": 0.0800323134603475,
    "NAOV": 0.0796998664957701,
    "HYBT": 0.07964449534410228,
    "LCDX": 0.07961576259725502,
    "BIOL": 0.07954131068674275,
    "UAHC": 0.0794405749821331,
    "NMRD": 0.07811065572225175,
    "SRGA": 0.07785725224064474,
    "OBLN": 0.07784316154967258,
    "APEN": 0.0778430646115149,
    "PODD": 0.07778982408053906,
    "NPCE": 0.07763912663541869,
    "CYDX": 0.07708189106121469,
    "FONR": 0.07692757502800508,
    "LLBO": 0.07685363508486286,
    "HRTT": 0.07684890401051735,
    "EMED": 0.07677723895181408,
    "FLURF": 0.07669963636242831,
    "XAIR": 0.07657097034081808,
    "MCRPF": 0.07656948127385435,
    "VERO": 0.07618368061154836,
    "IRIX": 0.07587416659703798,
    "RMSL": 0.07565728208671946,
    "CRY": 0.07535944472103755,
    "PLLWF": 0.07531972621713623,
    "SPNE": 0.07499614289886916,
    "LLIT": 0.07496305374905828,
    "RSLS": 0.07493614812546148,
    "TMDI": 0.07487484396676262,
    "ECGI": 0.07483051210591699,
    "NMTC": 0.074801586563378,
    "TCMD": 0.07354388997750659,
    "GMED": 0.0732018279355311,
    "GHST": 0.07308217395861745,
    "NHNKY": 0.07230667347645092,
    "CSII": 0.07229016430423274,
    "MOVE": 0.07226362232814204,
    "BIO": 0.07218345946552812,
    "OM": 0.0717801201646661,
    "BIEL": 0.07175602465284227,
    "BRSYF": 0.07165542048136744,
    "BWAY": 0.07165542048136744,
    "IMEXF": 0.07158975966064607,
    "POSC": 0.07149359199797696,
    "NSPR": 0.07149049351962146,
    "SIEN": 0.07147269410398113,
    "VIVE": 0.07147261414023119,
    "PAVM": 0.07145313538165239,
    "EVARF": 0.07138897321601353,
    "BRKR": 0.07038466077521166,
    "ATEC": 0.07000119644376256,
    "VAPO": 0.06981067649223258,
    "EYES": 0.0696672044370015,
    "VYCO": 0.06957075140282662,
    "THRBF": 0.06949145480983744,
    "INSP": 0.06928606154217833,
    "RMED": 0.06915938073807634,
    "PETV": 0.06891163525065248,
    "SOMNF": 0.06868699271781656,
    "MDXG": 0.06853162531644393,
    "EW": 0.06831436214670392,
    "ZYXI": 0.0681798405514024,
    "VRSEF": 0.06771452074629691,
    "LBLTF": 0.0674635661621006,
    "TMDX": 0.06741586149420331,
    "NNOX": 0.06693153552174946,
    "BBLG": 0.06655268516427526,
    "VMD": 0.06653671368311002,
    "ZMSPF": 0.06645240786751905,
    "TLIS": 0.06571825614249284,
    "CYBQF": 0.06559863761067049,
    "CYBQY": 0.06559863761067049,
    "MFST": 0.06548981621080596,
    "RTSL": 0.06532962068253277,
    "VPTDF": 0.06455066437691474,
    "VRAY": 0.06447293944146487,
    "MSON": 0.06397174974165284,
    "ABMD": 0.0638162479679384,
    "DCTH": 0.06376657847613351,
    "AVTI": 0.0634513916373556,
    "AXGN": 0.06280273171963377,
    "MDGS": 0.06264936178436868,
    "PEN": 0.06261099437643877,
    "ELMD": 0.0624349879280366,
    "SRTS": 0.06241174685435977,
    "CSSI": 0.06228165710114801,
    "LPTI": 0.06175044632676571,
    "MDT": 0.06163613145691054,
    "ALGN": 0.061445482648267116,
    "TNDM": 0.060739969463729074,
    "INGN": 0.060666439472852274,
    "TMCI": 0.06007887125024863,
    "FZMD": 0.060075863696983645,
    "XENT": 0.060063257613217465,
    "IOBCF": 0.05988374186390802,
    "IRME": 0.0596211168183466,
    "ASAPF": 0.059115631455653725,
    "INVO": 0.05909615918287124,
    "SOLY": 0.0585748621634449,
    "SDC": 0.058134623659024644,
    "SMLR": 0.058072109206408914,
    "AHPI": 0.058066880518341586,
    "CLLKF": 0.05796817482841339,
    "TELA": 0.057818423109216734,
    "MYO": 0.05780743658549977,
    "IVC": 0.0577362819085325,
    "DYNT": 0.0576286198859877,
    "IPDQF": 0.05736774688068947,
    "AFIB": 0.05719760435250821,
    "SIBN": 0.05698579723873201,
    "TCLIF": 0.056898888386154735,
    "PBIO": 0.05580836652972904,
    "ULGX": 0.05498991827032823,
    "SSUR": 0.05472106293696329,
    "QTVLF": 0.05463445034462266,
    "VRSYF": 0.05348647100117639,
    "ESTA": 0.05344623544416015,
    "NXNN": 0.05264397111817627,
    "SILK": 0.05222439225149161,
    "PECN": 0.052215061902276066,
    "SWAV": 0.051966847095264904,
    "PYNKF": 0.051909893865856614,
    "VVOS": 0.0516545166380319,
    "CKMTF": 0.05165276571299093,
    "VREX": 0.050803204601892096,
    "CFMS": 0.05069521965509933,
    "NUMD": 0.04892626445914212,
    "MODD": 0.04877191385241583,
    "ORTIF": 0.0485752047444713,
    "MASS": 0.048074964627086055,
    "DMTRF": 0.048002632250310893,
    "DIZTF": 0.04672817847754895,
    "PMDL": 0.04568575035494572,
    "PGUZ": 0.04543056024881058,
    "PXMBF": 0.04463567671563343,
    "BFLY": 0.04265478703614073,
    "GGNDF": 0.041000553515879355,