{
    "CFMS": 0.9999999999999997,
    "SNN": 0.24309037936889027,
    "SNNUF": 0.24309037936889027,
    "GMED": 0.18374994044893228,
    "ZBH": 0.18067894864216802,
    "NPCE": 0.1718721168168386,
    "SYK": 0.16792271022751926,
    "OFIX": 0.16484591237906576,
    "EW": 0.16298880907074825,
    "NUVA": 0.15890389929664744,
    "AZYO": 0.15780001399973892,
    "ARAY": 0.15452822235521743,
    "NUWE": 0.15101373786888103,
    "CHFS": 0.15017337038350276,
    "EVARF": 0.1457574952436988,
    "EPSFF": 0.14342403541017412,
    "ESMC": 0.14266593891322596,
    "IART": 0.14026988125637302,
    "LBLTF": 0.13695224854954158,
    "SWAV": 0.13501120565738492,
    "SRGA": 0.13274580179736767,
    "CNMD": 0.12995225396781648,
    "XTNT": 0.12935585385594883,
    "SNWV": 0.1287762479275678,
    "VRAY": 0.12873411613946967,
    "ABT": 0.12868536124397673,
    "VMTHF": 0.12779897439147808,
    "TLTFF": 0.1277368258169123,
    "FZMD": 0.1246733749520863,
    "LIVN": 0.1241618290792842,
    "ATEC": 0.12286767964264579,
    "MSON": 0.12088587412101569,
    "MDT": 0.12047274203831831,
    "VIVE": 0.1196837214904727,
    "NVRO": 0.11942271669828364,
    "ADMT": 0.11893395391590858,
    "ITGR": 0.11847328978318955,
    "EDAP": 0.11754519574688306,
    "OCLG": 0.11729826761794922,
    "KIDS": 0.11710292815975014,
    "ELMD": 0.11677133807390731,
    "MCRPF": 0.11660150317088706,
    "DYNT": 0.11535469527681215,
    "QTRX": 0.11525231237197248,
    "SDC": 0.11476158498799717,
    "MKEAF": 0.11264966199654083,
    "HTLZF": 0.11264760337130401,
    "MYO": 0.11124476775529997,
    "ESTA": 0.1106894036102005,
    "BRKR": 0.10969853932445975,
    "SPNE": 0.10929972521555809,
    "IRIX": 0.10879968264171572,
    "AVHHL": 0.10870816190541674,
    "RCEL": 0.10870816190541674,
    "VYCO": 0.10778888763223476,
    "SOLY": 0.10770020230730153,
    "IRMD": 0.10761659127639224,
    "ECTE": 0.10570927770002397,
    "IOBCF": 0.10562281257817206,
    "DGWPF": 0.10552867372707266,
    "SSKN": 0.1053080006386344,
    "CLPT": 0.10509656100218752,
    "MDXG": 0.1038523629416653,
    "ASXC": 0.10311887896972145,
    "BIO": 0.10295003641858977,
    "AVNS": 0.1029400401593261,
    "NTUS": 0.10286603444473841,
    "WCUI": 0.10284367854481197,
    "PLLWF": 0.10235550696963584,
    "ZYXI": 0.10176667910743259,
    "CRY": 0.10127012676386896,
    "AXNX": 0.10099708623876615,
    "AVTI": 0.10053713587252608,
    "CYDX": 0.1004648265713631,
    "BIOL": 0.10032257423801831,
    "APYX": 0.10018523711015459,
    "RMED": 0.09985298022348114,
    "SNDD": 0.09948774538017716,
    "STSEY": 0.09947591769762612,
    "FONR": 0.0993497054675759,
    "VICA": 0.0990867646109799,
    "SIEN": 0.09872409799587681,
    "APEN": 0.0987094168541135,
    "SRDX": 0.09865191564532307,
    "ALGN": 0.09658291393755244,
    "TMCI": 0.0961458979954259,
    "SIBN": 0.09601335927256797,
    "AXGN": 0.09584105315997127,
    "ALRT": 0.09494779155029845,
    "SSUR": 0.09448971627663903,
    "HJLI": 0.09406457326632525,
    "CSII": 0.09343156719642497,
    "OMRX": 0.09331954491167727,
    "RSLS": 0.0929641534475227,
    "LPTI": 0.09290112639582637,
    "EMITF": 0.09225237260957497,
    "PETV": 0.09167204078280801,
    "MICR": 0.09145331488665263,
    "NVCN": 0.09143605555385739,
    "NWCI": 0.09115226552618251,
    "HRTT": 0.0910698830002574,
    "MMTC": 0.09039880791191209,
    "TCMD": 0.09020889501834159,
    "SMLR": 0.09005337874194198,
    "AFIB": 0.08980992030533602,
    "PODD": 0.08959581200592996,
    "IVC": 0.089573235985348,
    "IMPZY": 0.08934761075608955,
    "RHNMF": 0.08932763864418805,
    "GHST": 0.08910847261456721,
    "CTSO": 0.08844382868044516,
    "FDMDF": 0.08837608770991567,
    "KLYG": 0.08815398079882183,
    "CYBQF": 0.08734571998249535,
    "CYBQY": 0.08734571998249535,
    "CUTR": 0.08731280217319995,
    "LLIT": 0.08718640459588999,
    "NAOV": 0.0869728458295386,
    "VMD": 0.08683134725973547,
    "KMLXF": 0.0867439191976188,
    "EAR": 0.0864108880145564,
    "LUNG": 0.08586702533998858,
    "CGHC": 0.08565481596875905,
    "INMD": 0.08504971236579861,
    "AHPI": 0.08486898110859588,
    "MSIU": 0.08461940705214006,
    "WTKN": 0.08427577102215682,
    "TMDI": 0.08411654836236342,
    "MZEIQ": 0.08409027428979574,
    "CSSI": 0.08392882700485545,
    "NSPR": 0.08342486355775768,
    "LNSR": 0.0833615215777538,
    "NARI": 0.0832399551034614,
    "AVGR": 0.08307001157764927,
    "PEN": 0.0819682178111885,
    "ITMMF": 0.08170716338923213,
    "ITMR": 0.08170716338923213,
    "ABMD": 0.08168185258551547,
    "ULGX": 0.08154531278184801,
    "PECN": 0.0814188209145795,
    "PGUZ": 0.08112265045719783,
    "VAPO": 0.08096247378258009,
    "STRR": 0.08076091466729778,
    "STRRP": 0.08076091466729778,
    "VREX": 0.08046015786854198,
    "THMO": 0.07958958214929407,
    "RWLK": 0.07949495050578026,
    "TELA": 0.0794454944635864,
    "AHCO": 0.07880394123933845,
    "RFCS": 0.07875434138896505,
    "AEMD": 0.07738305586973229,
    "XENT": 0.07738102333664239,
    "PBIO": 0.07715900828974365,
    "NHNKY": 0.07699270494897956,
    "ENCW": 0.07697460306909908,
    "SOMNF": 0.07635067684277899,
    "IGNT": 0.07624883219942014,
    "LLBO": 0.07604036895652673,
    "BSGM": 0.07582008153016696,
    "INSP": 0.07564503209179435,
    "MASS": 0.07558595780207147,
    "IPDQF": 0.07479790692047959,
    "SRTS": 0.07351808528107337,
    "SHOM": 0.07336743253135312,
    "UAHC": 0.07327325628476049,
    "VPTDF": 0.07324560043113405,
    "THRBF": 0.0732024257532054,
    "XAIR": 0.07314372152073138,
    "VRSEF": 0.07279625775982793,
    "PMDL": 0.07262018256988938,
    "EYES": 0.07235829914032864,
    "ASAPF": 0.07214330019600182,
    "INGN": 0.0721293175629547,
    "NMRD": 0.07204318673608366,
    "PROF": 0.07192956223394534,
    "BTCY": 0.07121739746371554,
    "BIEL": 0.07121542379656438,
    "BBLG": 0.07111706037887608,
    "SEOVF": 0.07095695455239705,
    "TMDX": 0.07035667284188316,
    "TNDM": 0.07002277206422275,
    "WLSI": 0.06970206705314838,
    "VRSYF": 0.06953127065535972,
    "PYNKF": 0.06948625472789302,
    "PAVM": 0.06930947127532283,
    "DCTH": 0.06908476561502397,
    "CRRVF": 0.06875484195742756,
    "OM": 0.06867894328994258,
    "SNDZ": 0.068380298329403,
    "INVO": 0.06756303473314632,
    "MDGS": 0.06749680930310101,
    "CTTC": 0.06732379027029793,
    "LXXGF": 0.06710816170191324,
    "VERO": 0.06686579740017919,
    "BIVWF": 0.0667529916456879,
    "RMSL": 0.0667274734324603,
    "AMEUF": 0.06621440876121461,
    "TCLIF": 0.06619632986804574,
    "LCDX": 0.06576429539933205,
    "SWNM": 0.06556702787688873,
    "CLLKF": 0.06545946371447477,
    "GTHP": 0.06520419214678473,
    "SILK": 0.06477133610451821,
    "IMEXF": 0.06458066624304926,
    "GGNDF": 0.06403537130678358,
    "GNNDY": 0.06403537130678358,
    "OBLN": 0.06397313121373296,
    "BFLY": 0.06297747324707392,
    "SINT": 0.06214824183164788,
    "BRSYF": 0.06211098355305392,
    "BWAY": 0.06211098355305392,
    "NXNN": 0.0618660326086129,
    "POSC": 0.06165078678075391,
    "MHTX": 0.06088975812395409,
    "HYBT": 0.060738858700777526,
    "ABMT": 0.06036604741918211,
    "IRME": 0.060262806423324815,
    "GBS": 0.058443641111443144,
    "FLURF": 0.058008542129146495,
    "MOVE": 0.057338947556602966,
    "PMEDF": 0.057146918770853476,
    "ODYY": 0.05643889894892793,
    "NUMD": 0.05640365819418075,
    "DIZTF": 0.05624428384194345,
    "AVMR": 0.0562258986226883,
    "PXMBF": 0.05550261708909595,
    "ZMSPF": 0.05527226717568053,
    "PTQQF": 0.05517494917629898,
    "BLOZF": 0.055053668741429716,
    "MFST": 0.054897071887726294,
    "DMTRF": 0.05409488796629527,
    "VVOS": 0.05374518209468633,
    "CKNTF": 0.05350041160254196,
    "CHEOF": 0.05134815488847783,
    "CHEOY": 0.05134815488847783,
    "BIIO": 0.05069521965509933,
    "NMTC": 0.05060508057530594,
    "QTVLF": 0.05002650827529147,
    "ECGI": 0.04979012112167332,
    "EMED": 0.049218804663263976,
    "RTSL": 0.04886640312466028,
    "RDGL": 0.048047881877265476,