{
    "EMITF": 1.0000000000000002,
    "PLLWF": 0.2516442108013565,
    "FONR": 0.24296230940910601,
    "ARAY": 0.21262687970627062,
    "STRR": 0.20426399174056886,
    "STRRP": 0.20426399174056886,
    "VRAY": 0.20415328590800305,
    "RFCS": 0.20399628805321912,
    "TLTFF": 0.20187387763069373,
    "PROF": 0.1977421568399985,
    "VICA": 0.19705807283571836,
    "NTUS": 0.19484100136373841,
    "MCRPF": 0.19235868352803878,
    "CLPT": 0.1895569830824314,
    "PYNKF": 0.18087470657099047,
    "MMTC": 0.18074679163782678,
    "GHST": 0.17955188843099584,
    "CTSO": 0.1793119812408997,
    "EDAP": 0.17778817157757887,
    "PXMBF": 0.17656371080446262,
    "VIVE": 0.17639264626687576,
    "WCUI": 0.17627171726000854,
    "ITMMF": 0.17571987835508623,
    "ITMR": 0.17571987835508623,
    "HTLZF": 0.17247079605564014,
    "SNN": 0.16957781802539756,
    "SNNUF": 0.16957781802539756,
    "SOMNF": 0.1677675247299459,
    "ADMT": 0.16768591875419087,
    "IOBCF": 0.1674871450121194,
    "BRSYF": 0.16727371021431214,
    "BWAY": 0.16727371021431214,
    "AVHHL": 0.16647532118686834,
    "RCEL": 0.16647532118686834,
    "ECTE": 0.16601974858143914,
    "SNWV": 0.1658174142116122,
    "VRSEF": 0.16562110938699753,
    "SYK": 0.16461142821591154,
    "PETV": 0.16415122601758822,
    "VREX": 0.16368248910298214,
    "TCMD": 0.16347137950014945,
    "NUWE": 0.16134650393913214,
    "NNOX": 0.16119490728622016,
    "MKEAF": 0.16103768357507567,
    "OMRX": 0.16062639832822867,
    "CHFS": 0.16044863625038164,
    "ESMC": 0.16040108517620333,
    "NAOV": 0.16022079053497734,
    "CUTR": 0.16018269105654323,
    "CKNTF": 0.15955939891149726,
    "BIVWF": 0.15863743230385127,
    "SNDD": 0.15845199612515676,
    "LPTI": 0.15830378911570453,
    "NVCN": 0.15772997714388615,
    "SRDX": 0.15723253675792256,
    "EVARF": 0.1564162574474395,
    "UAHC": 0.1562532095777089,
    "HJLI": 0.1550918221645426,
    "IART": 0.1547539034147733,
    "INMD": 0.15392736790879397,
    "FDMDF": 0.15349617843065919,
    "LLBO": 0.1528321327482696,
    "ABT": 0.15281660778882705,
    "MDGS": 0.15267089438428283,
    "QTRX": 0.1525689853268481,
    "NARI": 0.15234427213185395,
    "BIOL": 0.1522236680488851,
    "OFIX": 0.1516160463615532,
    "WLSI": 0.15158478269764086,
    "SSKN": 0.15069203707569792,
    "LCDX": 0.15000966201543603,
    "FLURF": 0.14999341659715668,
    "RWLK": 0.14848165148701267,
    "ASXC": 0.14801971289967183,
    "RMED": 0.14746190274077717,
    "NSPR": 0.14697135173884018,
    "LUNG": 0.14571958002614735,
    "IRMD": 0.1448118693720201,
    "BIO": 0.1436133955406805,
    "ZYXI": 0.14274799919046272,
    "IRIX": 0.1422583550456964,
    "LIVN": 0.14194569825254852,
    "MSON": 0.14179165376846717,
    "EPSFF": 0.14094790072261695,
    "ZBH": 0.14067266486164004,
    "BSGM": 0.14058452170676625,
    "SPNE": 0.13970240149755422,
    "VPTDF": 0.13960674170291987,
    "CNMD": 0.13878075348579771,
    "RHNMF": 0.138548162255445,
    "WTKN": 0.13845882950151653,
    "AVGR": 0.13714830480434442,
    "NVRO": 0.13694325251303152,
    "ITGR": 0.13635791899569008,
    "AEMD": 0.13621321546507784,
    "HRTT": 0.13606756047913027,
    "KLYG": 0.13498648227574594,
    "AXNX": 0.1334131736320102,
    "QTVLF": 0.13272056966927723,
    "DGWPF": 0.13262461737504766,
    "SDC": 0.13233803529465937,
    "SWNM": 0.1319692888564629,
    "POSC": 0.1318474205790312,
    "LLIT": 0.13170927523867762,
    "CSSI": 0.13159587592452168,
    "IMEXF": 0.1306228988206808,
    "SSUR": 0.13020013682436332,
    "NUVA": 0.1300695878904556,
    "BIEL": 0.12891546832747508,
    "PECN": 0.12888014668555903,
    "MDT": 0.12885032348033118,
    "TMCI": 0.12872532805338036,
    "INSP": 0.12821465663024542,
    "BRKR": 0.12726485825495862,
    "LNSR": 0.12561217320922446,
    "MSIU": 0.12547634075125844,
    "DCTH": 0.12490256121139015,
    "CYBQF": 0.12462716144423007,
    "CYBQY": 0.12462716144423007,
    "DIZTF": 0.12419286587914857,
    "KMLXF": 0.12416448083082493,
    "CRRVF": 0.12368259856457127,
    "NWCI": 0.12334611050711035,
    "VERO": 0.12329818488576127,
    "SIBN": 0.12313558926925532,
    "ABMD": 0.12288377289608295,
    "LXGTF": 0.12180410341100406,
    "AFIB": 0.12180076062421588,
    "RSLS": 0.1216506778164989,
    "VMD": 0.12120973381901622,
    "AVNS": 0.12119581934506667,
    "CSII": 0.12094314709776774,
    "MDXG": 0.1208876338624137,
    "AZYO": 0.12064281634948953,
    "GMED": 0.12008177639224832,
    "KIDS": 0.11961868981169602,
    "STSEY": 0.11935790250475464,
    "IPDQF": 0.11935281427595783,
    "SOLY": 0.11814082347900443,
    "CRY": 0.11800976941938794,
    "LBLTF": 0.11744781202298236,
    "AHCO": 0.11707776410404114,
    "FZMD": 0.11701963721110563,
    "XTNT": 0.11656522168504013,
    "APYX": 0.11616413330820734,
    "AXGN": 0.11541462024140574,
    "SMLR": 0.11535954249762007,
    "AMEUF": 0.1150778430311058,
    "NHNKY": 0.11484374251914319,
    "VYCO": 0.1147055548009222,
    "HYBT": 0.1143969698003435,
    "ABMT": 0.11437068380800987,
    "LXXGF": 0.11430603002027212,
    "ALRT": 0.1140054644581827,
    "SEOVF": 0.11350071193674563,
    "AVTI": 0.11246571024997934,
    "OCLG": 0.11222700879275996,
    "ZMSPF": 0.11200410811681219,
    "ALGN": 0.11142641577878361,
    "BTCY": 0.11123580683671874,
    "SIEN": 0.11119559228985719,
    "EW": 0.11117263440513073,
    "APEN": 0.11103602709076696,
    "DYNT": 0.11011014065587219,
    "ESTA": 0.11006124403060559,
    "OM": 0.10984036440814762,
    "ENCW": 0.1098105321276619,
    "IRME": 0.10970842908376215,
    "MICR": 0.10925767495385028,
    "CYDX": 0.10911251615081487,
    "CLLKF": 0.10896478441327453,
    "CTTC": 0.1085673882601264,
    "TELA": 0.10791098886919091,
    "ODYY": 0.10767520192313162,
    "SNDZ": 0.10689653281667054,
    "AVMR": 0.10618544519768652,
    "PODD": 0.10579557904107814,
    "IGNT": 0.10560877264880186,
    "BBLG": 0.10521300450778578,
    "BFLY": 0.10500173519933745,
    "SINT": 0.10473692195952614,
    "EAR": 0.10442764184763581,
    "NPCE": 0.10437851324242571,
    "GTHP": 0.10405577608692729,
    "AHPI": 0.10380184818974475,
    "VRSYF": 0.10363730096591775,
    "ELMD": 0.10344858771297882,
    "IVC": 0.1030211139392812,
    "CGHC": 0.10269231399720163,
    "PEN": 0.10237233875269078,
    "XAIR": 0.1019556648008603,
    "ULGX": 0.1019449035931301,
    "BIIO": 0.10133524447833937,
    "SWAV": 0.10095702763869623,
    "PBIO": 0.1007492019491196,
    "MYO": 0.10023488439392178,
    "MASS": 0.10015842462404875,
    "EMED": 0.09928330902998889,
    "MZEIQ": 0.09905217720060845,
    "ATEC": 0.0990353381492498,
    "VAPO": 0.09901636648727129,
    "TMDX": 0.09892454263199878,
    "CKMTF": 0.09880047953463864,
    "GBS": 0.09873598121453184,
    "SRGA": 0.09830168973352503,
    "TMDI": 0.09756698326033024,
    "TCLIF": 0.09607064284924034,
    "XENT": 0.09578507596028357,
    "RDGL": 0.09557855228722745,
    "DMTRF": 0.09476138114814364,
    "PAVM": 0.09371498274592466,
    "INVO": 0.0937023256942069,
    "VMTHF": 0.09344067236614985,
    "NMRD": 0.09317236102473246,
    "CFMS": 0.09225237260957497,
    "TNDM": 0.09186756537422684,
    "VVOS": 0.09144424251417735,
    "PTQQF": 0.09025688510431706,
    "MHTX": 0.08982152260172308,
    "SILK": 0.08980826413348482,
    "ORTIF": 0.08919227347121327,
    "GGNDF": 0.08891589983652068,
    "GNNDY": 0.08891589983652068,
    "NXNN": 0.08876569243059247,
    "SRTS": 0.0886356309306332,
    "THRBF": 0.08617769602093872,
    "RMSL": 0.08610428235449705,
    "ASAPF": 0.08592372531945691,
    "NUMD": 0.0856765644028813,
    "IKMA": 0.08490704653761287,
    "OBLN": 0.08482652892444786,
    "BRSF": 0.08447710467388095,
    "IMPZY": 0.08257827401232774,
    "PMDL": 0.07990064350521864,
    "THMO": 0.0778173014135151,
    "INGN": 0.07776157952653678,
    "MFST": 0.07728682687118028,
    "BLOZF": 0.07710430071311494,
    "MOVE": 0.07687212364670273,
    "PGUZ": 0.07359042634922056,
    "MODD": 0.07190010494653684,
    "EYES": 0.07144979236951506,