{
    "LXXGF": 0.9999999999999998,
    "QTRX": 0.24711892032881638,
    "BIO": 0.22068955568935872,
    "SWNM": 0.20342813633763843,
    "THMO": 0.1782346243605008,
    "ADMT": 0.17770173674411294,
    "STSEY": 0.17423856845908053,
    "SSUR": 0.1565822878863221,
    "BRKR": 0.15541328611416505,
    "NWCI": 0.15268102150186055,
    "VRSEF": 0.15185578868732807,
    "PETV": 0.14134804715605895,
    "BIVWF": 0.13612589064813244,
    "HTLZF": 0.13349724881224181,
    "MMTC": 0.12938439109096103,
    "SRDX": 0.12917057859198441,
    "SSKN": 0.12692274820445604,
    "RFCS": 0.1217936761839621,
    "ABT": 0.1215235615387188,
    "FONR": 0.12054502110766593,
    "TLTFF": 0.11993241471578443,
    "DGWPF": 0.11533529125754949,
    "EMITF": 0.11430603002027212,
    "WLSI": 0.11335359968778855,
    "VICA": 0.11169087864471604,
    "WCUI": 0.10977706232026961,
    "CTSO": 0.10832505868178899,
    "MKEAF": 0.10764925708227831,
    "AVHHL": 0.10744476031158876,
    "RCEL": 0.10744476031158876,
    "CYDX": 0.1072434834524415,
    "NHNKY": 0.1068042529239345,
    "ARAY": 0.1065369598551352,
    "LCDX": 0.10616686616831729,
    "SNWV": 0.10548249836096248,
    "MASS": 0.10514546466570426,
    "IART": 0.10489987233810835,
    "MCRPF": 0.10460184393053032,
    "ABMD": 0.1044132447118574,
    "NUVA": 0.10392218393478692,
    "SNDD": 0.10245575541302775,
    "GHST": 0.10031398272021427,
    "NTUS": 0.09921833834872101,
    "KMLXF": 0.09894971943826898,
    "GTHP": 0.09804138116502062,
    "SNN": 0.09774003369217685,
    "SNNUF": 0.09774003369217685,
    "TCMD": 0.09722083178816929,
    "ECTE": 0.09592218472700459,
    "CUTR": 0.09542590160470404,
    "EDAP": 0.09532598459113527,
    "OMRX": 0.09490477564794754,
    "PLLWF": 0.09438348204323835,
    "LIVN": 0.094189904628335,
    "ESMC": 0.09385641947342002,
    "OFIX": 0.0934054747135815,
    "FLURF": 0.09330552150557501,
    "ZBH": 0.09303021607203803,
    "GBS": 0.09152201650396367,
    "CKNTF": 0.0906609712022672,
    "LPTI": 0.09045293523806686,
    "HRTT": 0.09042567273868662,
    "SYK": 0.09038758587926143,
    "EVARF": 0.09022805062466074,
    "SPNE": 0.08928608560386453,
    "WTKN": 0.08908090483333718,
    "NSPR": 0.08736027660540722,
    "XTNT": 0.08658178300032333,
    "RHNMF": 0.08651231427325398,
    "PBIO": 0.0857342417083694,
    "BIIO": 0.08544531705014155,
    "MSON": 0.08453168157907388,
    "ITGR": 0.08333263141370012,
    "AVTI": 0.08283006974091231,
    "IRME": 0.08252818212786647,
    "AZYO": 0.08231774393090424,
    "ASXC": 0.08225061767902354,
    "CGHC": 0.08211085519382075,
    "AEMD": 0.08204879417801418,
    "IPDQF": 0.08204825754108115,
    "VIVE": 0.08203869235619186,
    "CNMD": 0.08196582032007409,
    "PAVM": 0.08171514881294371,
    "NVRO": 0.0813093510499467,
    "IRIX": 0.08088228701086324,
    "PMEDF": 0.08065970532123691,
    "HJLI": 0.08044512520170816,
    "RMED": 0.08037015684168095,
    "TMDX": 0.07968803612505562,
    "AXGN": 0.07922368406072215,
    "IOBCF": 0.07914872283145026,
    "VREX": 0.07887003516814824,
    "SOLY": 0.07875149883406538,
    "EPSFF": 0.07875149778850907,
    "SDC": 0.07843728344277054,
    "MZEIQ": 0.07802926024835947,
    "ESTA": 0.07800290348785952,
    "AVNS": 0.07772140401033753,
    "INVO": 0.0776387686760745,
    "VPTDF": 0.07741197167141083,
    "LBLTF": 0.07733969000494492,
    "VMD": 0.07663638218626823,
    "ZYXI": 0.07653831352581913,
    "TLIS": 0.07637976137567723,
    "IMEXF": 0.07587242205675661,
    "FZMD": 0.07574321189317161,
    "ENCW": 0.07558410870602394,
    "VERO": 0.0754406613910841,
    "RWLK": 0.0753258143144821,
    "SRGA": 0.07480894294239476,
    "CRY": 0.0746420047409362,
    "ALRT": 0.07441868766357249,
    "IKMA": 0.07432738596509497,
    "MDXG": 0.07379327095155079,
    "ODYY": 0.07348175937786183,
    "PECN": 0.07314964981780007,
    "MICR": 0.07290361818933883,
    "NUWE": 0.07263148279221203,
    "OBLN": 0.07260777201852406,
    "ALGN": 0.07256675666272408,
    "KLYG": 0.07251065773567153,
    "CHFS": 0.07222730011708095,
    "BBLG": 0.07218256565275606,
    "NVCN": 0.07202192189654673,
    "STRR": 0.0718382131430125,
    "STRRP": 0.0718382131430125,
    "LUNG": 0.07168715727565644,
    "BIOL": 0.07138500480075013,
    "VRAY": 0.07121576439058912,
    "LXGTF": 0.07072094622247692,
    "AXNX": 0.0707036926343013,
    "CRRVF": 0.07060404331981009,
    "PYNKF": 0.07058544214035391,
    "BIEL": 0.07044294235291633,
    "POSC": 0.07035179643391903,
    "XAIR": 0.06952512526562543,
    "BLOZF": 0.06882992005523522,
    "FDMDF": 0.06829921602709504,
    "LLIT": 0.06826689255494404,
    "ITMMF": 0.0680934394616732,
    "ITMR": 0.0680934394616732,
    "MYO": 0.06799433673901381,
    "APEN": 0.0679596250650824,
    "SEOVF": 0.06779748889403715,
    "NARI": 0.06740972487443868,
    "VYCO": 0.0671812187572223,
    "CLLKF": 0.06712523710762464,
    "CFMS": 0.06710816170191324,
    "VAPO": 0.06695261294011956,
    "BRSYF": 0.06672326938842606,
    "BWAY": 0.06672326938842606,
    "LLBO": 0.06620161819890108,
    "RMSL": 0.06611476166869984,
    "SIBN": 0.0657309371979073,
    "BSGM": 0.06554020221438883,
    "OM": 0.06535520527112539,
    "CLPT": 0.06503444903941712,
    "NUMD": 0.0649730184857687,
    "DYNT": 0.06416691080196305,
    "PODD": 0.0640787974961539,
    "AVGR": 0.06396328692366944,
    "CSSI": 0.06363394468042353,
    "BTCY": 0.06359412773097767,
    "ECGI": 0.06301974025996579,
    "MDGS": 0.06278436210915105,
    "DCTH": 0.06273674627372929,
    "MHTX": 0.06259193586614697,
    "NMRD": 0.06258737507583684,
    "SIEN": 0.0625824564390573,
    "KIDS": 0.06252131760245512,
    "LNSR": 0.062046199726749324,
    "SOMNF": 0.06186824445228032,
    "MSIU": 0.06156399669782316,
    "HYBT": 0.06117039253524448,
    "INSP": 0.061144129542761154,
    "SNDZ": 0.06112941189327058,
    "XENT": 0.06089790793370922,
    "GMED": 0.06069241580964444,
    "RSLS": 0.060632175079490036,
    "APYX": 0.060500011797403615,
    "ATEC": 0.06045030885806814,
    "TMCI": 0.06013993954899996,
    "AHPI": 0.060010374040019424,
    "AHCO": 0.059787858365757764,
    "BRSF": 0.05967400398858961,
    "THRBF": 0.05963200875533613,
    "ELMD": 0.05961980310602083,
    "PGUZ": 0.05907506650296683,
    "NMTC": 0.058865701451229324,
    "SMLR": 0.058850132321767196,
    "SRTS": 0.058761292622006626,
    "NPCE": 0.05850017889655793,
    "ORTIF": 0.05833177593108393,
    "TMDI": 0.05759261270848213,
    "AFIB": 0.05731109065991781,
    "TELA": 0.056847288897353576,
    "TNDM": 0.05673812368499857,
    "OCLG": 0.05664910692815496,
    "ULGX": 0.056572462173145606,
    "PROF": 0.056365867819332074,
    "PEN": 0.05613117847958397,
    "MDT": 0.05588636964115938,
    "PXMBF": 0.055582217839796104,
    "CYBQF": 0.054787404191585294,
    "CYBQY": 0.054787404191585294,
    "ABMT": 0.05450285662312946,
    "NAOV": 0.054104386427866365,
    "INGN": 0.05379333174257123,
    "NXNN": 0.053359766214698394,
    "SILK": 0.053239634529841796,
    "CTTC": 0.052453276416227115,
    "MODD": 0.05221501634310251,
    "EW": 0.05106485206686632,
    "IGNT": 0.051003517642421524,
    "SWAV": 0.05095727231353216,
    "IVC": 0.050908703077045876,
    "VVOS": 0.05071606122446045,
    "GGNDF": 0.05070011505222784,
    "GNNDY": 0.05070011505222784,
    "VRSYF": 0.05036336927611525,
    "TCLIF": 0.05033848170380788,
    "INMD": 0.049679718123783446,
    "ZMSPF": 0.04962368992757368,
    "AMEUF": 0.04950572668940516,
    "ASAPF": 0.049130420656617366,
    "AVMR": 0.04905134143010019,
    "EAR": 0.049005114149871215,
    "RDGL": 0.04890532133602652,
    "UAHC": 0.04812520258135696,
    "IRMD": 0.04791046624865758,
    "VMTHF": 0.047909501937128694,
    "MOVE": 0.04773609817701263,
    "DMTRF": 0.04703527129482257,
    "PMDL": 0.04618444570682162,
    "SINT": 0.045828047522716284,
    "QTVLF": 0.04581545250255794,
    "DIZTF": 0.04500493068415094,
    "EQUR": 0.04492303190438521,
    "MFST": 0.044197922293160344,
    "NNOX": 0.04373532584189062,
    "CSII": 0.04219136199120419,