{
    "RDGL": 1.0000000000000002,
    "ARAY": 0.21540334683662676,
    "VVOS": 0.215088993777625,
    "PECN": 0.1551377914094514,
    "RFCS": 0.14824127467353582,
    "ABMT": 0.14425162409733538,
    "PETV": 0.1431014229264807,
    "SRTS": 0.13635002006097666,
    "CTSO": 0.1355301609055356,
    "VRAY": 0.13113840883508787,
    "NVCN": 0.1279259980213786,
    "ADMT": 0.12764992497820282,
    "NARI": 0.12552619214862218,
    "TLTFF": 0.12539400577494145,
    "KLYG": 0.11741308128956177,
    "XAIR": 0.11662341199674757,
    "CTTC": 0.11653689102524126,
    "RMED": 0.1163660737761705,
    "EAR": 0.11532169214756606,
    "AVHHL": 0.1146234673080242,
    "RCEL": 0.1146234673080242,
    "ITMMF": 0.11438644557140679,
    "ITMR": 0.11438644557140679,
    "APYX": 0.11358699125667707,
    "LUNG": 0.11261116253065849,
    "CHFS": 0.11059675259052755,
    "MCRPF": 0.1096778835860613,
    "ITGR": 0.10922635002120014,
    "SOLY": 0.10722440303018553,
    "HYBT": 0.10704806479880312,
    "SNN": 0.1067162847245266,
    "SNNUF": 0.1067162847245266,
    "IMEXF": 0.10662360527604244,
    "OFIX": 0.10610933493963291,
    "MOVE": 0.10565265007867267,
    "IOBCF": 0.1051789735268424,
    "LNSR": 0.1045010217237973,
    "EVARF": 0.10403064502069562,
    "SIEN": 0.10371376610846046,
    "SSKN": 0.10338379538572133,
    "MMTC": 0.10321357231710446,
    "GTHP": 0.10305563299317248,
    "TCMD": 0.1029728490364363,
    "ASXC": 0.10289107456501959,
    "QTRX": 0.10171333683359214,
    "SRDX": 0.10059029928500944,
    "PAVM": 0.10008923805926584,
    "MSON": 0.09919024700040055,
    "VICA": 0.09877317685079358,
    "NUWE": 0.09848362855138394,
    "CLPT": 0.0979525923329517,
    "EDAP": 0.09787177636106766,
    "MSIU": 0.0977597491403953,
    "ZYXI": 0.09571041469250492,
    "EMITF": 0.09557855228722745,
    "RSLS": 0.09487756143212844,
    "BIOL": 0.09471160481587114,
    "OMRX": 0.09464905621568041,
    "VIVE": 0.09447863914376572,
    "GMED": 0.09440272673441825,
    "MICR": 0.09428333649552274,
    "SOMNF": 0.09427233172913908,
    "BLOZF": 0.0939343408519615,
    "CRRVF": 0.09204890970266007,
    "PYNKF": 0.09190325509474562,
    "SINT": 0.09142426703756946,
    "SWNM": 0.09140620545275893,
    "NVRO": 0.09093689225904306,
    "CUTR": 0.09090029175193542,
    "SYK": 0.09076218751327589,
    "HJLI": 0.09058685375123023,
    "WCUI": 0.09031574308393735,
    "KMLXF": 0.09025510427821044,
    "CYBQF": 0.09023652897592004,
    "CYBQY": 0.09023652897592004,
    "VERO": 0.08982088920117896,
    "BIIO": 0.08941966050845337,
    "RHNMF": 0.08936963671534852,
    "AVMR": 0.08933395117374686,
    "ALRT": 0.08919389894966848,
    "AVNS": 0.08901750717604588,
    "EPSFF": 0.08890667010175078,
    "IART": 0.0888282830376131,
    "OM": 0.08857859094889889,
    "VYCO": 0.08808115294927366,
    "NTUS": 0.0880277359705784,
    "NUVA": 0.08774570291098104,
    "HRTT": 0.08699143767172567,
    "SNDD": 0.08638630514808504,
    "CYDX": 0.0862434672471629,
    "IRIX": 0.0850932462999321,
    "ESTA": 0.08508702582394506,
    "TCLIF": 0.08506888617898092,
    "CNMD": 0.08501656608948746,
    "AZYO": 0.0846864027128088,
    "SIBN": 0.08460983010364016,
    "PLLWF": 0.08453634124477949,
    "OCLG": 0.0844401725275951,
    "INMD": 0.0844186775232952,
    "LIVN": 0.08440724517923173,
    "PROF": 0.08423982938368185,
    "ECTE": 0.08368422151774248,
    "UAHC": 0.08346783258526427,
    "CRY": 0.08331378701318305,
    "MKEAF": 0.08275854532575186,
    "MHTX": 0.08261264654526262,
    "PODD": 0.08245358160223588,
    "XTNT": 0.082268737232701,
    "TMCI": 0.08159230914729211,
    "DCTH": 0.08127679891076026,
    "PMEDF": 0.08119734238967484,
    "ABT": 0.08108147468284035,
    "VPTDF": 0.08078192902468517,
    "NPCE": 0.08059462602210347,
    "LLBO": 0.08058607553934571,
    "AMEUF": 0.08049975483787411,
    "BIEL": 0.08026109034210026,
    "FONR": 0.08019068673652154,
    "ZBH": 0.08017074612864379,
    "THRBF": 0.07913220055188844,
    "LLIT": 0.0789570932557654,
    "SPNE": 0.07893252863469978,
    "ENCW": 0.07883811498907399,
    "INSP": 0.07882805630414437,
    "SNWV": 0.07879279706861493,
    "CGHC": 0.0783692785416208,
    "IGNT": 0.07825718232633476,
    "TNDM": 0.07803924654745142,
    "AXNX": 0.07801064347101636,
    "VREX": 0.07800889868857991,
    "THMO": 0.07792738958820715,
    "VRSEF": 0.07731665874206342,
    "RWLK": 0.07722820349694101,
    "SNDZ": 0.07715201173911325,
    "IRME": 0.07672138961929309,
    "ESMC": 0.07589096466727348,
    "STSEY": 0.07579933340706471,
    "STRR": 0.07499701522336877,
    "STRRP": 0.07499701522336877,
    "AVTI": 0.07477218407922254,
    "WLSI": 0.07474363119069306,
    "MYO": 0.07467076319901068,
    "AFIB": 0.07464184318168758,
    "NMRD": 0.07449516644927999,
    "XENT": 0.07442451795382829,
    "FZMD": 0.0742271077338753,
    "MODD": 0.07388268303581227,
    "NSPR": 0.07380201338676949,
    "SRGA": 0.07343016244510134,
    "BSGM": 0.07269726119752665,
    "AVGR": 0.07217846019977768,
    "MDXG": 0.07213936240270252,
    "VMD": 0.07212310348083067,
    "ALGN": 0.07190861742537498,
    "LCDX": 0.07161542899490311,
    "SSUR": 0.07069191123845973,
    "ECGI": 0.07052717186140572,
    "NWCI": 0.07050635055949579,
    "MASS": 0.07012099288965573,
    "WTKN": 0.07009819791810207,
    "MDGS": 0.06985414910699547,
    "ODYY": 0.06936193931857462,
    "CKMTF": 0.06917459824307771,
    "MZEIQ": 0.06905584220557182,
    "NXNN": 0.06895902506344743,
    "PTQQF": 0.06888736176590848,
    "BTCY": 0.06835976099663088,
    "GBS": 0.06832140652178173,
    "RMSL": 0.06818057515292222,
    "GHST": 0.06816788626306379,
    "RTSL": 0.06783096457502426,
    "DGWPF": 0.06767479946932735,
    "BRSYF": 0.0674821713842634,
    "BWAY": 0.0674821713842634,
    "PGUZ": 0.06713604179516659,
    "SDC": 0.06706784245308758,
    "APEN": 0.06678740438646746,
    "HTLZF": 0.06645300379323131,
    "LBLTF": 0.0664099039156772,
    "IPDQF": 0.06629597157782091,
    "CSSI": 0.06625812560241848,
    "PEN": 0.06610187131045224,
    "BRKR": 0.066069777238337,
    "NAOV": 0.06595038257952626,
    "LXGTF": 0.06549287783741607,
    "INVO": 0.06529104741314748,
    "SWAV": 0.06519282290729858,
    "KIDS": 0.06509151367217936,
    "PBIO": 0.06506884410304377,
    "ORTIF": 0.06443028371962725,
    "NHNKY": 0.06429387513647127,
    "DIZTF": 0.06423875713724357,
    "ULGX": 0.06399670352392009,
    "AEMD": 0.0638797751359295,
    "ZMSPF": 0.06333144488891002,
    "SILK": 0.06313138712608543,
    "OBLN": 0.06311574540037583,
    "SEOVF": 0.06283207564544543,
    "ASAPF": 0.062419515153444835,
    "NUMD": 0.06210435649570993,
    "ABMD": 0.06148808499501135,
    "BIO": 0.061437262225932585,
    "EW": 0.06115464027606843,
    "ELMD": 0.060714379256616435,
    "PXMBF": 0.06065301237402554,
    "EMED": 0.06048741045408351,
    "BIVWF": 0.06040574530791548,
    "BBLG": 0.06036920521210153,
    "SMLR": 0.05980603383340362,
    "BRSF": 0.0592674810447011,
    "LPTI": 0.059032266829493404,
    "CSII": 0.058996769438717116,
    "DYNT": 0.05894438805872575,
    "QTVLF": 0.0580218096227372,
    "IRMD": 0.05750418677641552,
    "VRSYF": 0.057240515639304546,
    "MDT": 0.05638222745460498,
    "VMTHF": 0.05589057106908371,
    "DMTRF": 0.055747755257942046,
    "TELA": 0.05570330779620147,
    "FDMDF": 0.05478923273709754,
    "NNOX": 0.05473356963291267,
    "NMTC": 0.05465305920560602,
    "AHPI": 0.05438772446465811,
    "ATEC": 0.05367427723248646,
    "BFLY": 0.05330425182692039,
    "EYES": 0.05309388951544085,
    "TLIS": 0.05270225575652084,
    "INGN": 0.052563803265553155,
    "AHCO": 0.052303345504242336,
    "POSC": 0.052226139562817665,
    "AXGN": 0.051363284059409896,
    "IVC": 0.05097382597778765,
    "FLURF": 0.050462116423117286,
    "MFST": 0.0501234632806807,
    "PMDL": 0.049973011156715666,
    "CKNTF": 0.04948122534851621,
    "LXXGF": 0.04890532133602652,
    "SHOM": 0.0488429583858893,
    "CFMS": 0.048047881877265476,
    "CLLKF": 0.04760874590227139,
    "VAPO": 0.047548911817303384,