{
    "RWLK": 1.0000000000000002,
    "AVMR": 0.2169835867862241,
    "MYO": 0.2124187010812036,
    "ITMMF": 0.19686302052664048,
    "ITMR": 0.19686302052664048,
    "INMD": 0.18613476395037626,
    "EYES": 0.18472719501361315,
    "ARAY": 0.17109833287936954,
    "SYK": 0.16680427722788194,
    "OMRX": 0.1662435257661257,
    "IART": 0.16121251900840644,
    "ZBH": 0.16103731212575043,
    "VICA": 0.16072830502724744,
    "SNN": 0.1588535980968696,
    "SNNUF": 0.1588535980968696,
    "AHCO": 0.15624828966018336,
    "ADMT": 0.15537339065096858,
    "ECTE": 0.1538423792377444,
    "MKEAF": 0.15260163587195674,
    "OFIX": 0.1522407051564095,
    "AVNS": 0.15217713802345623,
    "MDGS": 0.1517292835202797,
    "EDAP": 0.15091997066093268,
    "OCLG": 0.1489834800131588,
    "NUVA": 0.14871281370539968,
    "VIVE": 0.14850536122270053,
    "EMITF": 0.14848165148701267,
    "PTQQF": 0.14828826814240267,
    "CNMD": 0.14828547365996358,
    "AMEUF": 0.1459533656234324,
    "TLTFF": 0.14534001357998752,
    "MOVE": 0.14356453725112886,
    "ASXC": 0.14186093558220694,
    "ZYXI": 0.1418557954245742,
    "CKNTF": 0.14106647468703531,
    "AZYO": 0.1385768173273335,
    "SNWV": 0.13655546618769604,
    "LIVN": 0.13565515772635672,
    "SRDX": 0.1348865869619419,
    "VMD": 0.13479538543519096,
    "CYBQF": 0.13435925316702121,
    "CYBQY": 0.13435925316702121,
    "SSKN": 0.1342883757271298,
    "MSIU": 0.1327933199242231,
    "QTRX": 0.13097661703873004,
    "WTKN": 0.1308113822915784,
    "DGWPF": 0.1294739534865927,
    "BRSYF": 0.1292904782399567,
    "BWAY": 0.1292904782399567,
    "MCRPF": 0.12914354658010868,
    "LLIT": 0.12901194058228518,
    "VYCO": 0.12874628717571415,
    "ABT": 0.12826044374517462,
    "NTUS": 0.1271216091126524,
    "ITGR": 0.12576435505109682,
    "WCUI": 0.12508732097326697,
    "PODD": 0.12481497667396571,
    "NSPR": 0.12390506222425042,
    "FZMD": 0.1233640818324816,
    "OM": 0.12300096643817626,
    "HTLZF": 0.12194932998265358,
    "ESMC": 0.12107908550338965,
    "BIOL": 0.12043573101147592,
    "ESTA": 0.1202608555799327,
    "LBLTF": 0.11962058166885105,
    "NAOV": 0.11954290468564047,
    "SOMNF": 0.1194852910074721,
    "LUNG": 0.11922892989014844,
    "AVTI": 0.11893654891662146,
    "MSON": 0.11849199905299017,
    "CTSO": 0.11812755861547897,
    "NUWE": 0.1179929866891196,
    "SRGA": 0.11767162536942055,
    "VREX": 0.1175462045357462,
    "CHFS": 0.11733637444366744,
    "BRKR": 0.11669565838362608,
    "AVHHL": 0.11644604217138761,
    "RCEL": 0.11644604217138761,
    "PMEDF": 0.11608996120935658,
    "KMLXF": 0.11603457844917407,
    "NVRO": 0.1151515033264305,
    "APYX": 0.11378777936706484,
    "BIO": 0.11363736295199638,
    "IPDQF": 0.11249509509314784,
    "VRSYF": 0.11243219193906234,
    "BIEL": 0.11201574400173193,
    "TCMD": 0.111636324305046,
    "SNDD": 0.11095406270392864,
    "INGN": 0.11074200953954225,
    "RHNMF": 0.11035420166957775,
    "EVARF": 0.10992297439117349,
    "DYNT": 0.10982498090960083,
    "IOBCF": 0.1097820331020185,
    "CLPT": 0.10968628234224734,
    "NMRD": 0.10962549088394835,
    "CUTR": 0.10948138464278702,
    "IVC": 0.10924364921861461,
    "BIVWF": 0.10921489119316474,
    "ALGN": 0.10914732747043064,
    "FONR": 0.10859826253478397,
    "XTNT": 0.10833845542214973,
    "NVCN": 0.10801334087046474,
    "SPNE": 0.10694555646200304,
    "ABMT": 0.10658705179532808,
    "MICR": 0.10654952511187228,
    "LPTI": 0.10620219736405169,
    "VERO": 0.10588406633364034,
    "IRIX": 0.10517567366771259,
    "NNOX": 0.10439673839168032,
    "MDT": 0.10423292253792733,
    "CSSI": 0.1030488440460309,
    "VRAY": 0.10251758353667985,
    "CTTC": 0.10250735682158325,
    "RMED": 0.10221419402273278,
    "AXNX": 0.10212359096271627,
    "SSUR": 0.10203158563594453,
    "STRR": 0.10165364423506848,
    "STRRP": 0.10165364423506848,
    "AHPI": 0.10154183974172593,
    "FLURF": 0.10126262140789181,
    "HJLI": 0.10125929031605242,
    "GMED": 0.10101148463430569,
    "VPTDF": 0.10031224241057482,
    "ALRT": 0.10029313507760498,
    "ELMD": 0.10007711811773093,
    "RFCS": 0.1000377181706992,
    "NWCI": 0.09997641408690136,
    "PLLWF": 0.09987145693178022,
    "TELA": 0.09968170334025919,
    "SIEN": 0.09920465645438108,
    "STSEY": 0.09886706567677406,
    "NARI": 0.09879476627791045,
    "NHNKY": 0.09862032516273765,
    "AEMD": 0.09834153820514017,
    "EAR": 0.09779040463582143,
    "THMO": 0.09686701342234394,
    "CRY": 0.09668724751575934,
    "AXGN": 0.09595962965297129,
    "PXMBF": 0.09546037441118041,
    "CYDX": 0.09538112396866492,
    "NPCE": 0.0953514954187275,
    "PEN": 0.0951261365655801,
    "MASS": 0.09489511250342464,
    "BLOZF": 0.0947028672914708,
    "FDMDF": 0.09420090599855221,
    "KIDS": 0.0940549112617421,
    "AVGR": 0.09397743943777825,
    "EPSFF": 0.09396287682988111,
    "SOLY": 0.09387868425224374,
    "AFIB": 0.09375146449200844,
    "SHOM": 0.09338620255215299,
    "CRRVF": 0.09323715835888477,
    "BIIO": 0.09318705161402792,
    "TMCI": 0.09308911034039624,
    "SINT": 0.09249282595200956,
    "ABMD": 0.09233066001761417,
    "GTHP": 0.0922436164316549,
    "PBIO": 0.09211017118944566,
    "CGHC": 0.09202872021014873,
    "SMLR": 0.09161191509646702,
    "SIBN": 0.09074501659263466,
    "RSLS": 0.09067564760486696,
    "MZEIQ": 0.09039317263714308,
    "KLYG": 0.08968759701282424,
    "MMTC": 0.08925935778103987,
    "PETV": 0.08885962784545046,
    "MDXG": 0.0886444017992306,
    "EW": 0.0883151017981842,
    "ULGX": 0.08820809728469087,
    "CSII": 0.08817785650214345,
    "THRBF": 0.08789525013719583,
    "LCDX": 0.0876832436336694,
    "IGNT": 0.08737682161654692,
    "BSGM": 0.08703235180501633,
    "HRTT": 0.08638018187625864,
    "APEN": 0.08629887625983006,
    "DMTRF": 0.0862444948127023,
    "ODYY": 0.08521311480220883,
    "ENCW": 0.08482613454858967,
    "MHTX": 0.08474199092229669,
    "RMSL": 0.08470548447976495,
    "XENT": 0.08372464968479972,
    "CLLKF": 0.08329504974178603,
    "SEOVF": 0.08304810991495087,
    "SDC": 0.08267365051023756,
    "ATEC": 0.0825550075458088,
    "VAPO": 0.08240660024516641,
    "WLSI": 0.08237350677753463,
    "HYBT": 0.0821568934358417,
    "SWNM": 0.08094327758386985,
    "SNDZ": 0.08093178884079989,
    "ASAPF": 0.08064506478321527,
    "GGNDF": 0.08007741832542287,
    "GNNDY": 0.08007741832542287,
    "NXNN": 0.07980519142458574,
    "GHST": 0.07964865615381912,
    "CFMS": 0.07949495050578026,
    "PYNKF": 0.07907818617691806,
    "NMTC": 0.07904058619085726,
    "BTCY": 0.07899967443795822,
    "TNDM": 0.07846059136808903,
    "VVOS": 0.07804038932819078,
    "INSP": 0.07747931306922592,
    "RDGL": 0.07722820349694101,
    "SWAV": 0.07688484001622657,
    "BRSF": 0.07656497776402346,
    "LLBO": 0.07632706094382637,
    "PAVM": 0.07599330824751747,
    "TCLIF": 0.07574136025335546,
    "IRMD": 0.0757057662826606,
    "LXXGF": 0.0753258143144821,
    "BBLG": 0.07499991886344427,
    "TMDX": 0.0749621776437196,
    "LNSR": 0.0748991231101358,
    "VRSEF": 0.07448245356540611,
    "PMDL": 0.0734019392275707,
    "PECN": 0.07286850161331819,
    "PROF": 0.07278393874278076,
    "TMDI": 0.07267513304954593,
    "CKMTF": 0.07236558637731749,
    "DCTH": 0.0722571694766084,
    "SILK": 0.0720810324930308,
    "GBS": 0.07135102420328299,
    "IRME": 0.07132608372957146,
    "ZMSPF": 0.07105718686057332,
    "XAIR": 0.0706086988295933,
    "IKMA": 0.06664244770431746,
    "INVO": 0.06654369826629879,
    "QTVLF": 0.06649954355442679,
    "BFLY": 0.06601439459422064,
    "UAHC": 0.06589130824507211,
    "DIZTF": 0.06558894824980346,
    "SRTS": 0.06468339352590483,
    "EMED": 0.06327892690997007,
    "EQUR": 0.06251389514488752,
    "XVIPF": 0.062148526620763665,
    "POSC": 0.061080390650217295,
    "OBLN": 0.060891682373648344,
    "ORTIF": 0.06000645039304181,
    "RTSL": 0.059028692465026844,
    "VMTHF": 0.058616146382324784,
    "PGUZ": 0.05829043915189941,