{
    "VVOS": 1.0000000000000002,
    "INSP": 0.3655913129792578,
    "RDGL": 0.215088993777625,
    "SOMNF": 0.172951858656447,
    "RMSL": 0.15661556487929557,
    "ITMMF": 0.14896164708637813,
    "ITMR": 0.14896164708637813,
    "AVHHL": 0.14598617822280782,
    "RCEL": 0.14598617822280782,
    "VMD": 0.14004817261341104,
    "AHCO": 0.13936063821813366,
    "SMLR": 0.13805464161357828,
    "LLIT": 0.13702233090145777,
    "GTHP": 0.1294930810670263,
    "CTTC": 0.1293670367055202,
    "AVNS": 0.1285771011947793,
    "CRRVF": 0.12855291482285255,
    "NTUS": 0.1260534323193514,
    "ZBH": 0.12458466705623121,
    "AXNX": 0.12338221662495087,
    "BTCY": 0.1224072533629597,
    "LIVN": 0.12188694881461194,
    "SNN": 0.11864280929906053,
    "SNNUF": 0.11864280929906053,
    "ADMT": 0.11732750593063893,
    "SYK": 0.11706891555516348,
    "TLTFF": 0.1165322165519959,
    "OCLG": 0.11583809809382153,
    "NUVA": 0.11485953227884237,
    "ALGN": 0.11471161132857353,
    "SNWV": 0.1135289111869746,
    "AZYO": 0.11266358320049079,
    "ALRT": 0.1117017130393176,
    "CHFS": 0.11146247091358225,
    "RHNMF": 0.10821059752904617,
    "RFCS": 0.10808380799269651,
    "SEOVF": 0.10793217353970629,
    "ELMD": 0.10790171738406927,
    "CTSO": 0.10658588294581814,
    "NVRO": 0.10573173728788617,
    "WCUI": 0.10451234426999126,
    "SRGA": 0.10386458481587185,
    "NUWE": 0.10350115973487933,
    "SDC": 0.1032043382913964,
    "BIOL": 0.103190992161508,
    "HJLI": 0.10282016903709316,
    "LUNG": 0.10276537224520002,
    "OMRX": 0.1014051122125696,
    "STRR": 0.10108933663579106,
    "STRRP": 0.10108933663579106,
    "WTKN": 0.10098949859712988,
    "VICA": 0.10060069018480094,
    "SRTS": 0.10041576929268602,
    "NARI": 0.10032459377648244,
    "PMEDF": 0.09999309500355115,
    "EDAP": 0.099843069825752,
    "IART": 0.09949373020643304,
    "ECTE": 0.09947061271938853,
    "GMED": 0.09634574537075727,
    "ESMC": 0.0951355014506076,
    "ARAY": 0.09487161235881869,
    "VYCO": 0.0945173755529349,
    "CNMD": 0.09445985660131886,
    "OFIX": 0.09435850943102142,
    "SRDX": 0.09382367601386726,
    "NVCN": 0.09360403748128021,
    "KLYG": 0.09329937623392129,
    "MMTC": 0.09263468212447185,
    "ZYXI": 0.09200179010735947,
    "OBLN": 0.0914720823595436,
    "EMITF": 0.09144424251417735,
    "MDXG": 0.09042260337202812,
    "NPCE": 0.09041176182381692,
    "AVTI": 0.09037297424345027,
    "QTRX": 0.09008157685295572,
    "VAPO": 0.09007431775258802,
    "VRSYF": 0.0900120812797003,
    "AVGR": 0.08999367306641191,
    "SPNE": 0.08983161401188157,
    "VIVE": 0.08958190451011967,
    "VRAY": 0.08950168913182359,
    "HRTT": 0.08890562207853228,
    "MICR": 0.08857631758868162,
    "MCRPF": 0.0885069298630768,
    "MSIU": 0.08809191341559604,
    "INGN": 0.08789860974633176,
    "SHOM": 0.08766995120569535,
    "NMRD": 0.08763549799273244,
    "ASXC": 0.08720907767484211,
    "ABMD": 0.08697278917651062,
    "UAHC": 0.08578189764248154,
    "SSKN": 0.08557301914683595,
    "CUTR": 0.08539219078062862,
    "NWCI": 0.08527385291791618,
    "MYO": 0.08526992954248182,
    "MSON": 0.08525292499838784,
    "VERO": 0.0852361666876868,
    "PECN": 0.08517386802465213,
    "SWAV": 0.08511252616377289,
    "DGWPF": 0.0849040134245755,
    "TCMD": 0.08488955859606075,
    "EVARF": 0.08466188123419167,
    "SWNM": 0.08448737014880087,
    "NSPR": 0.08427520405645472,
    "XTNT": 0.08416990026045136,
    "IRIX": 0.08387053052088496,
    "ITGR": 0.0837356056054072,
    "IGNT": 0.08361606095926363,
    "ASAPF": 0.08340138172089978,
    "TNDM": 0.08338319019877191,
    "BSGM": 0.08324006714960919,
    "SNDZ": 0.08312049830460953,
    "FONR": 0.08247355222625913,
    "NMTC": 0.08230611791254458,
    "APYX": 0.08227628971168938,
    "APEN": 0.08220075813748118,
    "ABT": 0.08176082445963584,
    "CSII": 0.08140890582875396,
    "CLPT": 0.08134015463940034,
    "KMLXF": 0.08133241051842269,
    "PETV": 0.08096162527724186,
    "MOVE": 0.08067619945798422,
    "CRY": 0.08039001789637533,
    "XAIR": 0.08019331106503641,
    "FDMDF": 0.07927441647709771,
    "POSC": 0.07912100182617392,
    "CYBQF": 0.07885555376515055,
    "CYBQY": 0.07885555376515055,
    "ATEC": 0.07868139590490895,
    "GHST": 0.07843487665672033,
    "TMCI": 0.07810175054075409,
    "RWLK": 0.07804038932819078,
    "SOLY": 0.07758351948828669,
    "MKEAF": 0.07746932213606002,
    "NAOV": 0.07737508695594424,
    "SNDD": 0.07701939341780539,
    "PROF": 0.07657727053269228,
    "PLLWF": 0.07646419786933066,
    "BIEL": 0.076431773460981,
    "THMO": 0.07631987202908037,
    "AHPI": 0.07572332329390376,
    "CYDX": 0.0755328309493692,
    "IOBCF": 0.0754706716120402,
    "VRSEF": 0.07546618465851147,
    "DCTH": 0.07501027213267139,
    "TMDX": 0.07477749463891879,
    "FZMD": 0.07450164069087285,
    "ENCW": 0.07440869643082579,
    "XENT": 0.07366079284392386,
    "BFLY": 0.073411540258259,
    "ULGX": 0.07336583953224983,
    "PTQQF": 0.0732082570904075,
    "DYNT": 0.0727922425896365,
    "INVO": 0.07270480832467283,
    "AXGN": 0.07189225665245438,
    "RSLS": 0.07169734037851848,
    "BRKR": 0.07158375927819374,
    "IKMA": 0.07149343712116517,
    "EAR": 0.07051483994333659,
    "SILK": 0.07041806277202278,
    "VPTDF": 0.07022888640816213,
    "CGHC": 0.06998192546599634,
    "EPSFF": 0.0699046328857057,
    "SIEN": 0.06986686766606576,
    "FLURF": 0.06932003231929003,
    "SSUR": 0.0689110946877984,
    "ABMT": 0.06889136498944777,
    "BBLG": 0.06875288495391693,
    "OM": 0.06870860290661697,
    "BIO": 0.0684114818088995,
    "PEN": 0.06836579127311473,
    "AFIB": 0.06811226306318646,
    "THRBF": 0.06781832383642028,
    "HTLZF": 0.0676009909499419,
    "IRME": 0.06713361100730458,
    "MDT": 0.06677286053848214,
    "AEMD": 0.06654551109736027,
    "IMEXF": 0.06605800534098023,
    "IVC": 0.06567383294980045,
    "MFST": 0.0654612815506943,
    "LLBO": 0.06516967508922823,
    "RMED": 0.06516438704477324,
    "ODYY": 0.06500954193558517,
    "TMDI": 0.06458804860300761,
    "ESTA": 0.06439287262586164,
    "PBIO": 0.06365159026486256,
    "BRSF": 0.0634973658267655,
    "LCDX": 0.063458297869248,
    "SIBN": 0.06333077191358885,
    "PAVM": 0.06313656798760352,
    "NHNKY": 0.06294335877037614,
    "MODD": 0.06281199093043141,
    "RTSL": 0.0627585615864523,
    "IPDQF": 0.06237136857345495,
    "AVMR": 0.06216782186510649,
    "TELA": 0.062157677303094655,
    "PYNKF": 0.06207362209885917,
    "BRSYF": 0.06174656224240687,
    "BWAY": 0.06174656224240687,
    "WLSI": 0.06170046313236881,
    "NXNN": 0.06128951974256301,
    "EW": 0.06128467474274873,
    "CSSI": 0.06128375213531311,
    "BLOZF": 0.06115264354093462,
    "STSEY": 0.060564546912115796,
    "HYBT": 0.06040612192170583,
    "LPTI": 0.059169816719872426,
    "EYES": 0.05911256777592481,
    "INMD": 0.059009192427375526,
    "CLLKF": 0.05897120294832266,
    "QTVLF": 0.0587525288131638,
    "MZEIQ": 0.05857687479158752,
    "MASS": 0.0585226258349895,
    "CKNTF": 0.058260209748203624,
    "ZMSPF": 0.05794521647808757,
    "ORTIF": 0.05783040771016436,
    "LXGTF": 0.05758605900590645,
    "PODD": 0.05754170723386195,
    "EQUR": 0.057316386829981344,
    "TCLIF": 0.05715748492120412,
    "PXMBF": 0.056076612685143655,
    "SINT": 0.055933219654552495,
    "VREX": 0.055929289446958394,
    "LBLTF": 0.05560108039137433,
    "PMDL": 0.055418351703880944,
    "BIVWF": 0.055169535054789755,
    "DIZTF": 0.05456807064327107,
    "CFMS": 0.05374518209468633,
    "KIDS": 0.053702047184188494,
    "PGUZ": 0.05328122121722394,
    "AMEUF": 0.053054293205913206,
    "MDGS": 0.05218254173269109,
    "LNSR": 0.05211700850208864,
    "IRMD": 0.05200301117222738,
    "BIIO": 0.0516545166380319,
    "EMED": 0.05148371155800059,
    "CKMTF": 0.050994111723833085,
    "LXXGF": 0.05071606122446045,
    "MHTX": 0.05047109280372934,
    "GBS": 0.04955358461197856,
    "XVIPF": 0.047876400711213477,
    "NUMD": 0.047848373224151336,