{
    "ITVI": 1.0000000000000004,
    "YVR": 0.3780003081850455,
    "RNWK": 0.28660046633581376,
    "EA": 0.27600961821627545,
    "UBSFF": 0.26297580770702,
    "UBSFY": 0.26297580770702,
    "MSGM": 0.26101360121095724,
    "KSFTF": 0.2600750717978219,
    "SQNNY": 0.2414464453106509,
    "SQNXF": 0.2414464453106509,
    "ATVI": 0.23412150226865464,
    "CCOEF": 0.23342102658019237,
    "CCOEY": 0.23342102658019237,
    "RDML": 0.2322076456411714,
    "AVID": 0.22792938145649866,
    "ZNGA": 0.22386968854007133,
    "TTWO": 0.2236805976097078,
    "ADTR": 0.22249206919324196,
    "PLGC": 0.2184539879659181,
    "ATIG": 0.2177511697004605,
    "STIE": 0.21562981430372966,
    "NTEK": 0.21506409063887366,
    "KYYWY": 0.21431471672581584,
    "SGAMF": 0.21215265181011597,
    "SGAMY": 0.21215265181011597,
    "PLTK": 0.20065688097152642,
    "SCR": 0.2005646846130929,
    "AXNVF": 0.19930346682461925,
    "NGMS": 0.19398864748290293,
    "IPUB": 0.19270652215798417,
    "SLGG": 0.19195807403434373,
    "OTGLF": 0.19042225921277603,
    "OTGLY": 0.19042225921277603,
    "WINR": 0.19029026191533718,
    "KNAMF": 0.1896134941130353,
    "KONMY": 0.1896134941130353,
    "MLLLF": 0.18677136650580833,
    "ARLUF": 0.18564372193779557,
    "SE": 0.18535621111257583,
    "TAPM": 0.1834753878507829,
    "SOPK": 0.18217796825746968,
    "SCFR": 0.18062998745305825,
    "EGLX": 0.17978457228621345,
    "IGGGF": 0.1774586084862921,
    "NTDOF": 0.17589648818620335,
    "NTDOY": 0.17589648818620335,
    "EPYFF": 0.17164785597773594,
    "IENT": 0.1688086761153991,
    "MIXIF": 0.1647355579848807,
    "GMGT": 0.16359809134795195,
    "GMGI": 0.1624124042106765,
    "BILI": 0.15534321122490016,
    "GIGM": 0.15374009657936624,
    "THQQF": 0.14913428153708527,
    "HTSF": 0.14843483786632564,
    "ENDRF": 0.14672517855917733,
    "KDOZF": 0.14644331968024013,
    "FRZT": 0.14600609072067433,
    "SPYR": 0.14504009865542394,
    "GBNW": 0.14478876908949212,
    "NCTY": 0.143020112509861,
    "BCDMF": 0.1408222499484238,
    "INSE": 0.13854944306578412,
    "MKTDD": 0.1373427783403508,
    "PONGF": 0.13719717355171182,
    "NEXOF": 0.13660834664279395,
    "NEXOY": 0.13660834664279395,
    "RBLX": 0.13390679096505828,
    "PLGNF": 0.1334565838800003,
    "CLIS": 0.1330566716649293,
    "KSMRF": 0.1301172629520167,
    "LUSI": 0.12619306468430536,
    "VSQTF": 0.12441990096797294,
    "IMGX": 0.124039554177175,
    "SPLY": 0.12329973602461428,
    "GRVY": 0.12266699722890673,
    "BHAT": 0.12140502802964057,
    "SRVTF": 0.11914210379391563,
    "SMPBF": 0.11828542921068899,
    "BLKCF": 0.1166772440310029,
    "VRVR": 0.11540525147220886,
    "RIVX": 0.11124206299269665,
    "GENTF": 0.11044879163048128,
    "SCPL": 0.10212935787523603,
    "NVNT": 0.098667696986471,
    "STLFF": 0.09252617895975629,
    "POPRF": 0.09151278164886494,
    "EARI": 0.09020695161777886,
    "VS": 0.08831049632038773,
    "SKLZ": 0.08012369397638998,
    "SGNI": 0.0787387771038866,
    "FASDF": 0.053079249966206624,
    "LEMLF": 0.040729400934709
}