{
    "MLLLF": 1.0,
    "RNWK": 0.2773334613863846,
    "MSGM": 0.27729596707389864,
    "EPYFF": 0.26851371758900516,
    "SCR": 0.2664406571646447,
    "GMGI": 0.26053503636064246,
    "WINR": 0.25905193036293944,
    "EGLX": 0.2572756485717944,
    "KSMRF": 0.25478744394256964,
    "AVID": 0.24305261469562134,
    "SLGG": 0.2352750144956429,
    "ATVI": 0.22866481093548724,
    "SE": 0.2239061443506688,
    "ADTR": 0.22302517620572324,
    "KNAMF": 0.22087782467218606,
    "KONMY": 0.22087782467218606,
    "SCFR": 0.22062310046669537,
    "ZNGA": 0.22027638809265837,
    "PLGC": 0.21837673679622832,
    "ARLUF": 0.21456152082244645,
    "EA": 0.21375934022862783,
    "SKLZ": 0.21358304962210137,
    "BLKCF": 0.21095291320336812,
    "IGGGF": 0.20792767218709293,
    "NTEK": 0.2035130271772312,
    "KSFTF": 0.20341149367232908,
    "YVR": 0.20216492554857615,
    "GMGT": 0.20210029748133337,
    "SGAMF": 0.198113427311538,
    "SGAMY": 0.198113427311538,
    "AXNVF": 0.19660300177532905,
    "IENT": 0.19565834911910823,
    "NGMS": 0.19351951398638634,
    "KYYWY": 0.19190763510690853,
    "UBSFF": 0.1911147118195611,
    "UBSFY": 0.1911147118195611,
    "ITVI": 0.18677136650580833,
    "PLGNF": 0.18663240972503126,
    "TAPM": 0.17933944962667797,
    "TTWO": 0.17735607758326954,
    "MKTDD": 0.1762466340708709,
    "BCDMF": 0.17577755087944952,
    "MIXIF": 0.1755465511703131,
    "IPUB": 0.1747854418476486,
    "STIE": 0.17465144764031967,
    "SQNNY": 0.1725252282106985,
    "SQNXF": 0.1725252282106985,
    "BILI": 0.17244173122911904,
    "CCOEF": 0.1715047836107848,
    "CCOEY": 0.1715047836107848,
    "SPLY": 0.1698992760934705,
    "KDOZF": 0.16687857353089217,
    "NEXOF": 0.1643175223233529,
    "NEXOY": 0.1643175223233529,
    "ATIG": 0.1606978375401008,
    "SPYR": 0.15803112053574242,
    "PLTK": 0.15795824678615775,
    "SOPK": 0.15697554679857895,
    "GBNW": 0.15401329401300123,
    "RBLX": 0.15373907311731153,
    "VSQTF": 0.15188109178325207,
    "NTDOF": 0.15047311758289544,
    "NTDOY": 0.15047311758289544,
    "NCTY": 0.149586061953109,
    "INSE": 0.14616601007304295,
    "RDML": 0.146141532849229,
    "RIVX": 0.14606871284446596,
    "FASDF": 0.14004127145610773,
    "PONGF": 0.13524110883161755,
    "HTSF": 0.1343276889634877,
    "SMPBF": 0.13398746526536998,
    "OTGLF": 0.13356801654822117,
    "OTGLY": 0.13356801654822117,
    "VRVR": 0.13351184483733358,
    "THQQF": 0.13188436162342407,
    "SGNI": 0.13183881941689152,
    "GIGM": 0.1317240710272575,
    "ENDRF": 0.1310571518373638,
    "GRVY": 0.12898197097899441,
    "LUSI": 0.12272156322764954,
    "BHAT": 0.11781906291996118,
    "FRZT": 0.1156993492101611,
    "SCPL": 0.11535059060920476,
    "POPRF": 0.11450490708442237,
    "NVNT": 0.11319090332017394,
    "CLIS": 0.11200158889011055,
    "VS": 0.11070539023373369,
    "EARI": 0.1080969140140648,
    "SRVTF": 0.10259783965462548,
    "STLFF": 0.1005295423274279,
    "IMGX": 0.09865491616737282,
    "GENTF": 0.08403768525977857,
    "LEMLF": 0.0649295561386412
}