{
    "SRVTF": 1.0000000000000002,
    "THQQF": 0.2726384884472524,
    "GENTF": 0.23795828442540667,
    "STIE": 0.2233703742551427,
    "GIGM": 0.19132118103955173,
    "SOPK": 0.1790843689417819,
    "GRVY": 0.16393664285496296,
    "NEXOF": 0.16202827535969225,
    "NEXOY": 0.16202827535969225,
    "IGGGF": 0.1619798086560297,
    "EA": 0.15170685447914267,
    "IENT": 0.14253371497605077,
    "UBSFF": 0.14252268148446112,
    "UBSFY": 0.14252268148446112,
    "TTWO": 0.1399324773587392,
    "CCOEF": 0.13671082995526043,
    "CCOEY": 0.13671082995526043,
    "PLGC": 0.13570329169175724,
    "MSGM": 0.13090557613780368,
    "STLFF": 0.12642834093661084,
    "SCFR": 0.12476491367614131,
    "AXNVF": 0.1209749404117203,
    "NTDOF": 0.12057758814697815,
    "NTDOY": 0.12057758814697815,
    "YVR": 0.12025271328011768,
    "ZNGA": 0.11980273098293698,
    "NCTY": 0.11941016451261131,
    "ITVI": 0.11914210379391563,
    "RDML": 0.11507310122327166,
    "SQNNY": 0.11383805283482928,
    "SQNXF": 0.11383805283482928,
    "KSFTF": 0.1134063021842377,
    "KYYWY": 0.11325695521263607,
    "RNWK": 0.11082862447648395,
    "BCDMF": 0.1098946823767396,
    "SCR": 0.10984117255215797,
    "ATVI": 0.10821637433143462,
    "SGAMF": 0.10784969646872737,
    "SGAMY": 0.10784969646872737,
    "SE": 0.10698696900948525,
    "MLLLF": 0.10259783965462548,
    "PLTK": 0.10214639746241283,
    "GMGI": 0.10161387656643403,
    "NGMS": 0.10148273117997643,
    "SCPL": 0.10110000213098226,
    "WINR": 0.10037012750386948,
    "GMGT": 0.0973136871645829,
    "ADTR": 0.09680627843881343,
    "MIXIF": 0.09636201519511499,
    "ENDRF": 0.09560997949252514,
    "VRVR": 0.09433287235311497,
    "AVID": 0.0905764754409442,
    "ATIG": 0.09049492239295856,
    "SGNI": 0.08895304839563382,
    "FRZT": 0.088796198007526,
    "POPRF": 0.08802485450040114,
    "SKLZ": 0.0866243479863798,
    "SLGG": 0.08659699405327773,
    "BLKCF": 0.08589618423597936,
    "KNAMF": 0.08554264216109833,
    "KONMY": 0.08554264216109833,
    "ARLUF": 0.08547987381997654,
    "GBNW": 0.08466143668111324,
    "NTEK": 0.08195390661112524,
    "OTGLF": 0.08161881348780552,
    "OTGLY": 0.08161881348780552,
    "PONGF": 0.08097275727923678,
    "EGLX": 0.07801451049534888,
    "TAPM": 0.07786276815102876,
    "MKTDD": 0.07721318282386351,
    "SPLY": 0.07670343336561283,
    "EPYFF": 0.0759578942370712,
    "BILI": 0.07331392056558902,
    "IPUB": 0.07310791798237272,
    "RIVX": 0.07219152882996428,
    "SPYR": 0.07177774344829183,
    "RBLX": 0.0706256796569833,
    "KSMRF": 0.06742864605198849,
    "KDOZF": 0.06704469319935571,
    "PLGNF": 0.06624753045121597,
    "BHAT": 0.06305740905981018,
    "HTSF": 0.06152556730997448,
    "LUSI": 0.060597788205629916,
    "NVNT": 0.06040583832310319,
    "VSQTF": 0.059071598912162085,
    "VS": 0.05665771638629625,
    "INSE": 0.0535530193435405,
    "SMPBF": 0.052863358325470955,
    "IMGX": 0.050766749434216316,
    "CLIS": 0.04922555416540663,
    "EARI": 0.04438028068289556,
    "FASDF": 0.03371478503403308,
    "LEMLF": 0.027346180082704796
}