{
    "WINR": 1.0000000000000002,
    "EGLX": 0.33679652598905474,
    "INSE": 0.3264751515137283,
    "SLGG": 0.2796519832267278,
    "MSGM": 0.2796487571334434,
    "GMGI": 0.265789376715309,
    "BLKCF": 0.26346177974563817,
    "PLGC": 0.2633759669526565,
    "MLLLF": 0.25905193036293944,
    "GMGT": 0.25866688925220593,
    "SCR": 0.2554472210659688,
    "KNAMF": 0.2498735317475094,
    "KONMY": 0.2498735317475094,
    "VSQTF": 0.23005448014176114,
    "ARLUF": 0.2251488502897519,
    "SE": 0.22411974190064812,
    "IPUB": 0.22235346297138162,
    "EPYFF": 0.22023597148480129,
    "EA": 0.21741856190223743,
    "ZNGA": 0.21640129127729174,
    "AVID": 0.2160662157262744,
    "RDML": 0.21506752267898205,
    "SOPK": 0.21401652969093168,
    "UBSFF": 0.21324558402438262,
    "UBSFY": 0.21324558402438262,
    "ATVI": 0.21169534650357266,
    "IENT": 0.20199886385680227,
    "SGAMF": 0.20190765828487842,
    "SGAMY": 0.20190765828487842,
    "KSFTF": 0.19918813476646846,
    "PLTK": 0.19881905892189208,
    "RNWK": 0.1981213207127551,
    "TTWO": 0.19218240666870873,
    "ITVI": 0.19029026191533718,
    "KSMRF": 0.1895245106451117,
    "PLGNF": 0.18758872087832712,
    "STIE": 0.1870106233139894,
    "CCOEF": 0.1851476884664528,
    "CCOEY": 0.1851476884664528,
    "IGGGF": 0.18379169821178296,
    "RBLX": 0.1817212282113159,
    "ATIG": 0.18085898564664168,
    "SPYR": 0.1749549033093222,
    "ADTR": 0.1708256151130996,
    "SQNNY": 0.17021271568678323,
    "SQNXF": 0.17021271568678323,
    "BHAT": 0.169029971640406,
    "SCFR": 0.16745275201376253,
    "KYYWY": 0.16479624512687743,
    "NTDOF": 0.16370573403650873,
    "NTDOY": 0.16370573403650873,
    "LUSI": 0.16365543755397324,
    "YVR": 0.16281868250132792,
    "SPLY": 0.16013867259255193,
    "MIXIF": 0.15991268276429654,
    "KDOZF": 0.15758493631562218,
    "CLIS": 0.15540888358195082,
    "THQQF": 0.15491861830841308,
    "NEXOF": 0.15363702691166492,
    "NEXOY": 0.15363702691166492,
    "AXNVF": 0.15276292969611355,
    "GBNW": 0.152283593646167,
    "BCDMF": 0.15123414574216473,
    "TAPM": 0.14784585563644603,
    "MKTDD": 0.14618150166529076,
    "NTEK": 0.14519821514949383,
    "NGMS": 0.1443004120072367,
    "ENDRF": 0.14195715779769988,
    "PONGF": 0.14187526933000796,
    "HTSF": 0.14116515482727737,
    "SKLZ": 0.14052783968351878,
    "GIGM": 0.13794841031058366,
    "FRZT": 0.13772254346522947,
    "SMPBF": 0.13631387808925302,
    "NCTY": 0.13379866422292874,
    "SCPL": 0.13140085459871226,
    "IMGX": 0.12744372419714523,
    "OTGLF": 0.12587429099631145,
    "OTGLY": 0.12587429099631145,
    "EARI": 0.11723606417975646,
    "NVNT": 0.11451672878647273,
    "GENTF": 0.11193802183723837,
    "GRVY": 0.11010849182172258,
    "BILI": 0.10830438396404607,
    "VRVR": 0.10390047126755339,
    "SRVTF": 0.10037012750386948,
    "VS": 0.09831470301843964,
    "POPRF": 0.09758440939227281,
    "SGNI": 0.09534754888126092,
    "RIVX": 0.08757170432553146,
    "STLFF": 0.08060011681693267,
    "FASDF": 0.06602269835714242,
    "LEMLF": 0.04671226656811512
}