{
    "AMKAF": 0.9999999999999998,
    "AMKBF": 0.9999999999999998,
    "AMKBY": 0.9999999999999998,
    "GTMAF": 0.3622476341992112,
    "GTMAY": 0.3622476341992112,
    "NM-PG": 0.3549891598495387,
    "MATX": 0.3512220319061803,
    "NM-PH": 0.35109857287710167,
    "NM": 0.35109857287710167,
    "DLPTF": 0.35095688100325767,
    "SEMUF": 0.3415810220382666,
    "KAIKY": 0.3388236116117023,
    "NPNYY": 0.32753305225424345,
    "NYUKF": 0.32753305225424345,
    "BSEAF": 0.31484058429499856,
    "CICOF": 0.30916364132317065,
    "CICOY": 0.30916364132317065,
    "MSLOY": 0.2957671364507501,
    "ULTRF": 0.2904616752672588,
    "CHDGF": 0.27715555093280525,
    "IRCUF": 0.27240881453585153,
    "OROVF": 0.26377232670159617,
    "OROVY": 0.26377232670159617,
    "KEX": 0.2521639769708822,
    "HLAGF": 0.24207494477496388,
    "HPGLY": 0.24207494477496388,
    "ZIM": 0.2373308634312849,
    "SMHI": 0.23253601821051237,
    "HHULY": 0.22898730264018122,
    "PCFBF": 0.22680425612408836,
    "PCFBY": 0.22680425612408836,
    "CSPKF": 0.2252391360140149,
    "SFL": 0.2211177477872027,
    "GRIN": 0.21611712866545754,
    "PANL": 0.20906888849952912,
    "TJIPF": 0.2050154394169143,
    "GLBS": 0.2045154227994559,
    "BWLLF": 0.2034210713354939,
    "BWLLY": 0.2034210713354939,
    "CMHHY": 0.203210389872393,
    "NMM": 0.19907716943052614,
    "KNOP": 0.1989681074021063,
    "CPLP": 0.19110579735581115,
    "CSDXF": 0.18917080798685537,
    "SOIEF": 0.18888938045951847,
    "INSW": 0.18772603302269622,
    "ESEA": 0.18536992108387593,
    "NETI": 0.18139966573092678,
    "ASCJF": 0.17177408871442063,
    "ASC": 0.17065695549000462,
    "HOFSQ": 0.16999255877078667,
    "AGMJF": 0.16867553510281577,
    "GASS": 0.16832169790852672,
    "PXS": 0.16388796979960726,
    "PXSAP": 0.16388796979960726,
    "SBLK": 0.15995433080314295,
    "BBLKF": 0.15857242848513997,
    "DSX-PB": 0.15792128561866686,
    "DSX": 0.15792128561866686,
    "GOGL": 0.15772213511195526,
    "SEAOF": 0.15390917979601015,
    "GNK": 0.15088045031110928,
    "PRGNF": 0.15072721220797908,
    "EGLE": 0.14752373306980307,
    "EDRY": 0.14644485887833478,
    "CMRE-PB": 0.143297244609767,
    "CMRE-PC": 0.143297244609767,
    "CMRE-PD": 0.143297244609767,
    "CMRE-PE": 0.143297244609767,
    "CMRE": 0.143297244609767,
    "MPZZF": 0.1429930410447759,
    "FREEF": 0.13961793608826428,
    "OKENF": 0.13581986363374018,
    "OYIEF": 0.13501464663247556,
    "PSHG": 0.1314375326572251,
    "BSTN": 0.1312763269224641,
    "TEUCF": 0.13088400002607978,
    "TEUFF": 0.13088400002607978,
    "DAC": 0.13009476979116222,
    "SB-PC": 0.12929855994730183,
    "SB-PD": 0.12929855994730183,
    "SB": 0.12929855994730183,
    "CTRM": 0.1258722263048349,
    "TOPS": 0.1225531752778248,
    "WTSHF": 0.1136782673178257,
    "GSL-PB": 0.11048208266723324,
    "GSL": 0.11048208266723324,
    "SHIP": 0.10551088920257223,
    "NAT": 0.09708785983050788,
    "SHWK": 0.08437226034040479,
    "ADCUF": 0.07751671991525597
}