{
    "CICOF": 1.0000000000000002,
    "CICOY": 1.0000000000000002,
    "CSPKF": 0.4785261838850181,
    "CSDXF": 0.4083787155534873,
    "CHDGF": 0.40607666635552975,
    "CMHHY": 0.35051408201523016,
    "DLPTF": 0.34077561586270233,
    "OROVF": 0.334007734129916,
    "OROVY": 0.334007734129916,
    "NM-PG": 0.33280522565894427,
    "NM-PH": 0.3311710195679801,
    "NM": 0.3311710195679801,
    "MATX": 0.31904589778673365,
    "AMKAF": 0.30916364132317065,
    "AMKBF": 0.30916364132317065,
    "AMKBY": 0.30916364132317065,
    "PCFBF": 0.28858836783534925,
    "PCFBY": 0.28858836783534925,
    "MSLOY": 0.2882285475229299,
    "GTMAF": 0.2826522691856645,
    "GTMAY": 0.2826522691856645,
    "HLAGF": 0.2808850425521957,
    "HPGLY": 0.2808850425521957,
    "SEMUF": 0.2674993948789401,
    "KAIKY": 0.26603149439187873,
    "ULTRF": 0.25971415426547917,
    "ZIM": 0.2536807660781778,
    "IRCUF": 0.24988088246420653,
    "NPNYY": 0.24781377492256662,
    "NYUKF": 0.24781377492256662,
    "SFL": 0.24397572103114537,
    "TJIPF": 0.2390716202255479,
    "GLBS": 0.23495910749421497,
    "DSX-PB": 0.23164289022926993,
    "DSX": 0.23164289022926993,
    "ASCJF": 0.22996269869715555,
    "BSEAF": 0.22953995840659125,
    "GRIN": 0.21922125947091825,
    "BBLKF": 0.21511999752633465,
    "INSW": 0.2103380008585172,
    "CPLP": 0.20975530431674103,
    "PANL": 0.20440082340630966,
    "MPZZF": 0.20272237291568654,
    "HHULY": 0.20226277122050193,
    "KEX": 0.20038185992981566,
    "PRGNF": 0.20018675553726165,
    "NETI": 0.19866004200956475,
    "DAC": 0.1984080829099574,
    "OYIEF": 0.1960380138948388,
    "NMM": 0.1921536770607636,
    "ESEA": 0.19087975343028982,
    "HOFSQ": 0.1862144774657098,
    "PSHG": 0.18471683438822947,
    "GNK": 0.1844277116667313,
    "SEAOF": 0.183905837826745,
    "SHIP": 0.18281504459484665,
    "SMHI": 0.18210929979873608,
    "BWLLF": 0.1816878313804584,
    "BWLLY": 0.1816878313804584,
    "FREEF": 0.18125112470742497,
    "EGLE": 0.17885382626532986,
    "SOIEF": 0.17808891990061054,
    "KNOP": 0.16673021972046145,
    "SBLK": 0.1663163104635185,
    "EDRY": 0.16483178982138572,
    "AGMJF": 0.1622593341024589,
    "ASC": 0.16029587764069061,
    "PXS": 0.15992732625834785,
    "PXSAP": 0.15992732625834785,
    "CMRE-PB": 0.15941988251659517,
    "CMRE-PC": 0.15941988251659517,
    "CMRE-PD": 0.15941988251659517,
    "CMRE-PE": 0.15941988251659517,
    "CMRE": 0.15941988251659517,
    "GOGL": 0.15177548909574215,
    "GASS": 0.15125778671028609,
    "OKENF": 0.14965982343762127,
    "TEUCF": 0.14605424194686473,
    "TEUFF": 0.14605424194686473,
    "GSL-PB": 0.14547996000590674,
    "GSL": 0.14547996000590674,
    "BSTN": 0.13161343482320847,
    "SB-PC": 0.13132505562530544,
    "SB-PD": 0.13132505562530544,
    "SB": 0.13132505562530544,
    "CTRM": 0.12062543314055287,
    "TOPS": 0.1204768312191929,
    "NAT": 0.12044635747848484,
    "SHWK": 0.11893772973491346,
    "WTSHF": 0.11683448275659637,
    "ADCUF": 0.11577506055163941
}