{
    "CPLP": 1.0,
    "NMM": 0.40460757847724993,
    "KNOP": 0.32372078501048374,
    "OKENF": 0.2942208499119277,
    "SBLK": 0.2846478275802959,
    "DSX-PB": 0.27513588915441706,
    "DSX": 0.27513588915441706,
    "GNK": 0.25406534772473466,
    "GOGL": 0.2478496382920327,
    "NM-PH": 0.24136504545849133,
    "NM": 0.24136504545849133,
    "GLBS": 0.23756411194543167,
    "SB-PC": 0.23193586194200033,
    "SB-PD": 0.23193586194200033,
    "SB": 0.23193586194200033,
    "NM-PG": 0.22944303349417683,
    "KAIKY": 0.227986603504937,
    "NETI": 0.2275718665015314,
    "SFL": 0.224928391870365,
    "MATX": 0.2217144565301302,
    "EGLE": 0.2147926467897132,
    "OYIEF": 0.213281702749114,
    "ESEA": 0.21177489525813845,
    "CICOF": 0.20975530431674103,
    "CICOY": 0.20975530431674103,
    "GRIN": 0.20786580889125286,
    "PSHG": 0.207179940179722,
    "FREEF": 0.19910917598929823,
    "INSW": 0.1987453538404426,
    "ULTRF": 0.19595119955168216,
    "HLAGF": 0.19586518653257468,
    "HPGLY": 0.19586518653257468,
    "AMKAF": 0.19110579735581115,
    "AMKBF": 0.19110579735581115,
    "AMKBY": 0.19110579735581115,
    "PCFBF": 0.18763524334833648,
    "PCFBY": 0.18763524334833648,
    "CHDGF": 0.18673158379089907,
    "GTMAF": 0.18648464134268172,
    "GTMAY": 0.18648464134268172,
    "ASCJF": 0.17827731343460795,
    "SEMUF": 0.17752681764595624,
    "GASS": 0.17431678621259517,
    "BSEAF": 0.16625363902024579,
    "PXS": 0.16289859245664315,
    "PXSAP": 0.16289859245664315,
    "MPZZF": 0.16177305522751523,
    "MSLOY": 0.16078714690855153,
    "CMRE-PB": 0.1599310267831152,
    "CMRE-PC": 0.1599310267831152,
    "CMRE-PD": 0.1599310267831152,
    "CMRE-PE": 0.1599310267831152,
    "CMRE": 0.1599310267831152,
    "CTRM": 0.15838507017496065,
    "EDRY": 0.15800084534796804,
    "KEX": 0.15715836602807207,
    "NPNYY": 0.15618994121710908,
    "NYUKF": 0.15618994121710908,
    "GSL-PB": 0.15483763851097673,
    "GSL": 0.15483763851097673,
    "DLPTF": 0.15116252160353022,
    "CSDXF": 0.14964305972911965,
    "AGMJF": 0.146749342514818,
    "OROVF": 0.14658146720911858,
    "OROVY": 0.14658146720911858,
    "SMHI": 0.1450762356590872,
    "DAC": 0.145014833183182,
    "ASC": 0.14238102592315546,
    "PRGNF": 0.1414046684247858,
    "SHIP": 0.13979890156013258,
    "TEUCF": 0.13914491270351287,
    "TEUFF": 0.13914491270351287,
    "BWLLF": 0.13891903116083065,
    "BWLLY": 0.13891903116083065,
    "ZIM": 0.13872816348023875,
    "PANL": 0.13850626094651985,
    "BBLKF": 0.1375801208619031,
    "CSPKF": 0.13693043073622624,
    "CMHHY": 0.13691331614342606,
    "TOPS": 0.13094377519048098,
    "IRCUF": 0.12914316972534326,
    "HHULY": 0.12668204968618496,
    "TJIPF": 0.11948165123224534,
    "SHWK": 0.10870242892985474,
    "HOFSQ": 0.10850032900427964,
    "SOIEF": 0.10670715976204898,
    "BSTN": 0.09989198616335995,
    "SEAOF": 0.09770213581945708,
    "NAT": 0.07934538062129,
    "WTSHF": 0.06146831528099256,
    "ADCUF": 0.055819630875833734
}