{
    "SMHI": 0.9999999999999998,
    "SEMUF": 0.275778835905554,
    "KAIKY": 0.26728289799939503,
    "GTMAF": 0.26529906992868235,
    "GTMAY": 0.26529906992868235,
    "KEX": 0.24238443527759487,
    "AMKAF": 0.23253601821051237,
    "AMKBF": 0.23253601821051237,
    "AMKBY": 0.23253601821051237,
    "NM-PG": 0.2277515153401644,
    "BSEAF": 0.22772601032154183,
    "NM-PH": 0.2264188067947449,
    "NM": 0.2264188067947449,
    "NETI": 0.2218129520820532,
    "ULTRF": 0.21832014844581896,
    "NPNYY": 0.21797473699515238,
    "NYUKF": 0.21797473699515238,
    "CHDGF": 0.20770135903896964,
    "MATX": 0.20747601859056689,
    "MSLOY": 0.19453743175101648,
    "HOFSQ": 0.1922284780103804,
    "SFL": 0.18900773820047126,
    "DLPTF": 0.18842765876525733,
    "HLAGF": 0.18351637677456573,
    "HPGLY": 0.18351637677456573,
    "CICOF": 0.18210929979873608,
    "CICOY": 0.18210929979873608,
    "GRIN": 0.17444167950508846,
    "INSW": 0.17093272232533344,
    "BWLLF": 0.1640186119524974,
    "BWLLY": 0.1640186119524974,
    "GLBS": 0.16390158645588393,
    "AGMJF": 0.1625460357437221,
    "IRCUF": 0.1527595502904466,
    "OROVF": 0.15181073374578039,
    "OROVY": 0.15181073374578039,
    "NMM": 0.15076174636462725,
    "KNOP": 0.14838668594761117,
    "GASS": 0.1472038590666441,
    "CSDXF": 0.1470394336171156,
    "CPLP": 0.1450762356590872,
    "SOIEF": 0.14352963627549914,
    "CMHHY": 0.14010427233534162,
    "CSPKF": 0.14006975484751272,
    "PCFBF": 0.13886460413890542,
    "PCFBY": 0.13886460413890542,
    "ESEA": 0.13542429645038812,
    "BBLKF": 0.13494312966089567,
    "EGLE": 0.1344388394362466,
    "ASC": 0.1333878132612154,
    "HHULY": 0.1330122243896729,
    "CMRE-PB": 0.1322738998312289,
    "CMRE-PC": 0.1322738998312289,
    "CMRE-PD": 0.1322738998312289,
    "CMRE-PE": 0.1322738998312289,
    "CMRE": 0.1322738998312289,
    "ZIM": 0.13087926811051903,
    "PXS": 0.12828596954597932,
    "PXSAP": 0.12828596954597932,
    "ASCJF": 0.12345354643329308,
    "FREEF": 0.12157461005129855,
    "SB-PC": 0.12015182017786116,
    "SB-PD": 0.12015182017786116,
    "SB": 0.12015182017786116,
    "DSX-PB": 0.11980851949419839,
    "DSX": 0.11980851949419839,
    "GNK": 0.11956158152930045,
    "EDRY": 0.11944816865769213,
    "GOGL": 0.11902764471055373,
    "SHWK": 0.11681022024758039,
    "PSHG": 0.11305234511646173,
    "SBLK": 0.11296481961273208,
    "MPZZF": 0.11266517811776428,
    "PANL": 0.10822413155224743,
    "DAC": 0.10758943388234335,
    "OKENF": 0.10699462610630661,
    "TEUCF": 0.1036610904267209,
    "TEUFF": 0.1036610904267209,
    "OYIEF": 0.10356856171168191,
    "TJIPF": 0.10297451765754566,
    "PRGNF": 0.10205800593135461,
    "TOPS": 0.10181304071655214,
    "SHIP": 0.09708681435046557,
    "CTRM": 0.09142777672508803,
    "SEAOF": 0.08024905598629851,
    "BSTN": 0.0796016278823426,
    "GSL-PB": 0.07833879327921715,
    "GSL": 0.07833879327921715,
    "NAT": 0.07054363008386366,
    "WTSHF": 0.06664857086502025,
    "ADCUF": 0.06301585944997296
}