{
    "ZIM": 1.0,
    "CICOF": 0.2536807660781778,
    "CICOY": 0.2536807660781778,
    "AMKAF": 0.2373308634312849,
    "AMKBF": 0.2373308634312849,
    "AMKBY": 0.2373308634312849,
    "HLAGF": 0.23678859503419505,
    "HPGLY": 0.23678859503419505,
    "DLPTF": 0.23016149991709473,
    "KAIKY": 0.22182181600393003,
    "SEMUF": 0.2181310139817053,
    "MATX": 0.2151187739376419,
    "GLBS": 0.21048870266473885,
    "NPNYY": 0.20478511313595543,
    "NYUKF": 0.20478511313595543,
    "GTMAF": 0.1925803903086864,
    "GTMAY": 0.1925803903086864,
    "MSLOY": 0.19052306266277885,
    "NM-PG": 0.18854087980986747,
    "NM-PH": 0.18761919863552132,
    "NM": 0.18761919863552132,
    "BSEAF": 0.1869076590731634,
    "PCFBF": 0.1845848113050986,
    "PCFBY": 0.1845848113050986,
    "PANL": 0.17859080302302868,
    "HOFSQ": 0.17714749048153908,
    "NMM": 0.17264632334050045,
    "CHDGF": 0.16803665409652968,
    "CSDXF": 0.1678894423686024,
    "EDRY": 0.16723566691852487,
    "PSHG": 0.16678137504821292,
    "OROVF": 0.1667099786622748,
    "OROVY": 0.1667099786622748,
    "CSPKF": 0.16574374378961412,
    "ESEA": 0.16403962980760234,
    "GRIN": 0.16302082041304303,
    "SFL": 0.1614433724635055,
    "KEX": 0.16029075025861067,
    "EGLE": 0.15805239714097255,
    "OKENF": 0.15354505264478166,
    "DSX-PB": 0.15333332789530055,
    "DSX": 0.15333332789530055,
    "GNK": 0.14954884280683836,
    "ULTRF": 0.14652326184278144,
    "IRCUF": 0.14523979610301213,
    "CPLP": 0.13872816348023875,
    "NETI": 0.13657064986527145,
    "SMHI": 0.13087926811051903,
    "PRGNF": 0.12933495783153143,
    "TJIPF": 0.12657356591983288,
    "SEAOF": 0.1255503977795323,
    "GASS": 0.12497680973604904,
    "ASCJF": 0.12357560131845255,
    "MPZZF": 0.12330549943413466,
    "INSW": 0.12208847596603876,
    "OYIEF": 0.1207611532753497,
    "ASC": 0.12040781402417976,
    "SBLK": 0.11943372614190347,
    "HHULY": 0.11736456281946916,
    "CMHHY": 0.1147723964922239,
    "CTRM": 0.11456197139756694,
    "TEUCF": 0.11455090561992715,
    "TEUFF": 0.11455090561992715,
    "GOGL": 0.11408022498182792,
    "BBLKF": 0.11221499483181703,
    "SHIP": 0.11189639633894026,
    "DAC": 0.11187452130453666,
    "SB-PC": 0.10437754075223851,
    "SB-PD": 0.10437754075223851,
    "SB": 0.10437754075223851,
    "BWLLF": 0.10401604698924491,
    "BWLLY": 0.10401604698924491,
    "KNOP": 0.1024215592180422,
    "AGMJF": 0.09611003691031124,
    "CMRE-PB": 0.0928932122305171,
    "CMRE-PC": 0.0928932122305171,
    "CMRE-PD": 0.0928932122305171,
    "CMRE-PE": 0.0928932122305171,
    "CMRE": 0.0928932122305171,
    "FREEF": 0.0923201315908399,
    "PXS": 0.09088286315403402,
    "PXSAP": 0.09088286315403402,
    "BSTN": 0.0898209034081823,
    "SOIEF": 0.08780864854484875,
    "TOPS": 0.08013595368260241,
    "GSL-PB": 0.07577118055742761,
    "GSL": 0.07577118055742761,
    "NAT": 0.07136325802089835,
    "ADCUF": 0.061434797513694024,
    "SHWK": 0.05797646063791122,
    "WTSHF": 0.05062068226502624
}