{
    "CQP": 1.0000000000000002,
    "LNG": 0.43645812887851815,
    "DLNG-PB": 0.2957276662494158,
    "DLNG": 0.2957276662494158,
    "ENBL": 0.27178795951920215,
    "GLOP-PA": 0.2568993025685087,
    "GLOP-PB": 0.2568993025685087,
    "GLOP-PC": 0.2568993025685087,
    "GLOP": 0.2568993025685087,
    "TCANF": 0.2534348004629886,
    "TRP": 0.2534348004629886,
    "CEQP-P": 0.23912882734477464,
    "CEQP": 0.23912882734477464,
    "GLNG": 0.2288920267679032,
    "PBA": 0.21783820961890313,
    "PBNAF": 0.21783820961890313,
    "PMBPF": 0.21783820961890313,
    "LNGLY": 0.20924021132984919,
    "HMLP": 0.20020590381012515,
    "MPLX": 0.19580251500125462,
    "ET": 0.19381847855868353,
    "TGP": 0.1895854932717692,
    "PAGP": 0.18886500313847532,
    "GEL": 0.1850694814292878,
    "HESM": 0.17952120800608956,
    "SNMP": 0.17482775002376674,
    "EURN": 0.1746211639914879,
    "GLOG-PA": 0.17416645732068212,
    "GLOG": 0.17416645732068212,
    "VNOM": 0.17219835864867178,
    "NS-PB": 0.17138105433694265,
    "NS": 0.17138105433694265,
    "PAA": 0.1711306582282091,
    "MMP": 0.17095795072947276,
    "BKEP": 0.17079905976278348,
    "BKEPP": 0.17079905976278348,
    "MMLP": 0.16299198279795085,
    "WES": 0.1619939589360567,
    "EBBNF": 0.15922115588249058,
    "EBGEF": 0.15922115588249058,
    "ENB": 0.15922115588249058,
    "ENBBF": 0.15922115588249058,
    "ENBFF": 0.15922115588249058,
    "OSG": 0.15817350078704717,
    "SHLX": 0.15808088577080312,
    "BPMP": 0.15639775200607064,
    "KMI": 0.15478090973085984,
    "EPD": 0.15334193979239494,
    "HEP": 0.1513852221553296,
    "FLNG": 0.15106230888417785,
    "WMB": 0.1500093509242994,
    "TRGP": 0.14949603991431368,
    "OKE": 0.14899524447707366,
    "OMP": 0.14787631269842727,
    "PBFX": 0.14669177215197762,
    "TK": 0.14500203020950006,
    "KEYUF": 0.1438511670076215,
    "RTLR": 0.1405841198541071,
    "BROG": 0.13994702954560112,
    "ALTM": 0.13736130852462194,
    "IPPLF": 0.13711371054413396,
    "SMLP": 0.13469813736673522,
    "ETRN": 0.13367135317783888,
    "NBLX": 0.13007441737189557,
    "DHT": 0.12985117192945103,
    "GBNXF": 0.12858244409983854,
    "DCP": 0.1254069637740292,
    "GPP": 0.12305026513177074,
    "DKL": 0.12087938991219735,
    "GLP": 0.12081088694795944,
    "FRO": 0.11837467072336046,
    "TRMD": 0.11489936371551394,
    "NVGS": 0.11483734615083177,
    "USWS": 0.11162303720764416,
    "MRGE": 0.10878282179708613,
    "TGS": 0.10582015585816114,
    "TNP-PD": 0.10417063131992232,
    "TNP-PE": 0.10417063131992232,
    "TNP-PF": 0.10417063131992232,
    "TNP": 0.10417063131992232,
    "LPG": 0.10413647399967514,
    "TWMIF": 0.10299576635049143,
    "ENLC": 0.10276415875937318,
    "TPZEF": 0.09852130886690905,
    "STNG": 0.09523322199324086,
    "AM": 0.09094038613230329,
    "PSXP": 0.09066897000380578,
    "TNK": 0.09037518772232749,
    "SGU": 0.08737629164162558,
    "SPKOY": 0.08269928144930475,
    "TDGDF": 0.07504462497668958,
    "DSSI": 0.07334049539084898,
    "LOGL": 0.07109880134263659,
    "NNA": 0.07004951464117104,
    "FLST": 0.053413118552848304,
    "CWPE": 0.05117547749103939
}