{
    "DKL": 1.0,
    "PAGP": 0.4170101159355095,
    "MPLX": 0.3856923012607627,
    "CEQP-P": 0.3694638650538821,
    "CEQP": 0.3694638650538821,
    "PAA": 0.3540093909465727,
    "GEL": 0.35085024113150803,
    "EPD": 0.34458728328412275,
    "SHLX": 0.34458161195534287,
    "TRGP": 0.33024074031891,
    "EBBNF": 0.32700670389680064,
    "EBGEF": 0.32700670389680064,
    "ENB": 0.32700670389680064,
    "ENBBF": 0.32700670389680064,
    "ENBFF": 0.32700670389680064,
    "MMLP": 0.3266226779205728,
    "DCP": 0.3203708174247204,
    "MMP": 0.31315355968422526,
    "TWMIF": 0.3090557925493753,
    "ENBL": 0.30531709390676504,
    "NS-PB": 0.2995357291093337,
    "NS": 0.2995357291093337,
    "KMI": 0.2963749494113841,
    "ET": 0.28514058089102456,
    "IPPLF": 0.2814674816767914,
    "OMP": 0.28014883809177704,
    "PBFX": 0.279563723458076,
    "OKE": 0.27663389488405615,
    "GBNXF": 0.2729890656335427,
    "HEP": 0.27098264109515985,
    "WES": 0.27097957905813463,
    "GLP": 0.2679612410647984,
    "SNMP": 0.26546690148968016,
    "HESM": 0.26442894287782964,
    "KEYUF": 0.25845040694969346,
    "BPMP": 0.2567224196308776,
    "PBA": 0.2551224879843022,
    "PBNAF": 0.2551224879843022,
    "PMBPF": 0.2551224879843022,
    "GPP": 0.24784859187973962,
    "SPKOY": 0.23712895893791935,
    "WMB": 0.2236866199611143,
    "TNK": 0.2229762103385336,
    "AM": 0.21751171536587455,
    "USWS": 0.21345085293203006,
    "RTLR": 0.21042040708108098,
    "NBLX": 0.20590137279854573,
    "ENLC": 0.2058477606742597,
    "VNOM": 0.20284323646680244,
    "LOGL": 0.2028034638307239,
    "ETRN": 0.20034234470556167,
    "TGS": 0.19917938451445,
    "PSXP": 0.19891711163848455,
    "TRMD": 0.19140744137629712,
    "OSG": 0.18792124805191673,
    "FRO": 0.18380626894412494,
    "SMLP": 0.18077269094046083,
    "DSSI": 0.1804869402672043,
    "BKEP": 0.1768333883668479,
    "BKEPP": 0.1768333883668479,
    "TCANF": 0.1755268028586927,
    "TRP": 0.1755268028586927,
    "BROG": 0.16505700274771404,
    "SGU": 0.16188588664557743,
    "TGP": 0.1577385313287285,
    "DLNG-PB": 0.15620510633131793,
    "DLNG": 0.15620510633131793,
    "TNP-PD": 0.15547142492604918,
    "TNP-PE": 0.15547142492604918,
    "TNP-PF": 0.15547142492604918,
    "TNP": 0.15547142492604918,
    "EURN": 0.15521638008907812,
    "DHT": 0.15020478680968694,
    "TK": 0.1482221834376149,
    "NVGS": 0.14623543785182994,
    "GLNG": 0.1354978646173082,
    "GLOG-PA": 0.13323019000216613,
    "GLOG": 0.13323019000216613,
    "ALTM": 0.132513594357925,
    "HMLP": 0.12578640994532495,
    "FLST": 0.1257027878220397,
    "CQP": 0.12087938991219735,
    "CWPE": 0.120699058203662,
    "GLOP-PA": 0.11828137663561689,
    "GLOP-PB": 0.11828137663561689,
    "GLOP-PC": 0.11828137663561689,
    "GLOP": 0.11828137663561689,
    "LNG": 0.1133679559741339,
    "LNGLY": 0.11302935130272929,
    "TPZEF": 0.1071347230898146,
    "MRGE": 0.1032819540384132,
    "STNG": 0.10207287479702834,
    "NNA": 0.10022079019472827,
    "TDGDF": 0.09904521628516685,
    "FLNG": 0.09025548346585723,
    "LPG": 0.08567706883374829
}