{
    "DSSI": 1.0000000000000002,
    "NNA": 0.36846940655998645,
    "FRO": 0.33576193521654046,
    "STNG": 0.3292256339533086,
    "TNP-PD": 0.2417603444721961,
    "TNP-PE": 0.2417603444721961,
    "TNP-PF": 0.2417603444721961,
    "TNP": 0.2417603444721961,
    "TRMD": 0.24097733856247594,
    "GLNG": 0.23003758357441634,
    "EURN": 0.2270252576414328,
    "OSG": 0.22564238806484407,
    "DHT": 0.2178009524943521,
    "PAGP": 0.21068884573682647,
    "NVGS": 0.20480640336226352,
    "KMI": 0.20401782854957048,
    "MPLX": 0.20379885247210525,
    "NS-PB": 0.20188872501240088,
    "NS": 0.20188872501240088,
    "GEL": 0.19928477592677907,
    "PAA": 0.19526053244411262,
    "GBNXF": 0.19286961114701126,
    "TWMIF": 0.19055937223130748,
    "EBBNF": 0.18986582663460203,
    "EBGEF": 0.18986582663460203,
    "ENB": 0.18986582663460203,
    "ENBBF": 0.18986582663460203,
    "ENBFF": 0.18986582663460203,
    "TNK": 0.1893328077601535,
    "TK": 0.18891809890104905,
    "SHLX": 0.18567182210722982,
    "TRGP": 0.18304693766809949,
    "MMP": 0.18260387229228683,
    "DKL": 0.1804869402672043,
    "GLOP-PA": 0.17983135726201388,
    "GLOP-PB": 0.17983135726201388,
    "GLOP-PC": 0.17983135726201388,
    "GLOP": 0.17983135726201388,
    "CEQP-P": 0.17944996135292676,
    "CEQP": 0.17944996135292676,
    "EPD": 0.179147825842021,
    "HEP": 0.17813594764398324,
    "GLOG-PA": 0.17560649590888186,
    "GLOG": 0.17560649590888186,
    "ET": 0.1728931530261911,
    "PBFX": 0.1648085611413041,
    "LPG": 0.1629501322354388,
    "SPKOY": 0.16206533315699456,
    "FLNG": 0.15851184759142148,
    "GPP": 0.1573680260900516,
    "ENBL": 0.1550328500567207,
    "RTLR": 0.15270591707134126,
    "OKE": 0.15099047529610166,
    "HESM": 0.15047895162042735,
    "TGP": 0.14990988497709204,
    "IPPLF": 0.1490312881619948,
    "SNMP": 0.14722059033075807,
    "MMLP": 0.14409731224720754,
    "BPMP": 0.14297674329741394,
    "LOGL": 0.14239605178911344,
    "USWS": 0.14022134487439342,
    "GLP": 0.1401702349795362,
    "NBLX": 0.13917564137398836,
    "PBA": 0.13710626457830924,
    "PBNAF": 0.13710626457830924,
    "PMBPF": 0.13710626457830924,
    "DLNG-PB": 0.13636524989498428,
    "DLNG": 0.13636524989498428,
    "WMB": 0.13636022817960777,
    "OMP": 0.13249800474361717,
    "VNOM": 0.1310295330334238,
    "ENLC": 0.12894010188691363,
    "WES": 0.12843014981713785,
    "DCP": 0.12614227188120575,
    "KEYUF": 0.12491382160455873,
    "PSXP": 0.12336079419418003,
    "TGS": 0.11795566448734414,
    "SGU": 0.11164481616741355,
    "AM": 0.11161623219682079,
    "TCANF": 0.10678637575387974,
    "TRP": 0.10678637575387974,
    "FLST": 0.10579343199527205,
    "SMLP": 0.1054703020512838,
    "BKEP": 0.10405074929232055,
    "BKEPP": 0.10405074929232055,
    "BROG": 0.10108529362476272,
    "ETRN": 0.08856965446091807,
    "HMLP": 0.08457483119637153,
    "MRGE": 0.08219611281211608,
    "LNGLY": 0.07979948988149022,
    "ALTM": 0.07791492279099275,
    "CWPE": 0.07509790897676667,
    "CQP": 0.07334049539084898,
    "TPZEF": 0.07274843032849573,
    "LNG": 0.07219948221905641,
    "TDGDF": 0.07101151779804005
}