{
    "EBBNF": 1.0,
    "EBGEF": 1.0,
    "ENB": 1.0,
    "ENBBF": 1.0,
    "ENBFF": 1.0,
    "OKE": 0.4529700024564818,
    "ET": 0.4508726395097792,
    "KMI": 0.44713494626976336,
    "ENBL": 0.4385147678559624,
    "EPD": 0.4297710613119244,
    "CEQP-P": 0.4261624929008209,
    "CEQP": 0.4261624929008209,
    "KEYUF": 0.4159005713506678,
    "PAGP": 0.4080255734920664,
    "TCANF": 0.4049034169802237,
    "TRP": 0.4049034169802237,
    "GEL": 0.4025495566412857,
    "DCP": 0.40133806465043426,
    "MPLX": 0.39885344151682056,
    "TWMIF": 0.39092732016092774,
    "TGS": 0.38830498989585,
    "GBNXF": 0.38314093853559,
    "PAA": 0.37410421239086644,
    "WMB": 0.3727929058525025,
    "IPPLF": 0.362711579850971,
    "TRGP": 0.34869560224718343,
    "PBA": 0.3465711974797194,
    "PBNAF": 0.3465711974797194,
    "PMBPF": 0.3465711974797194,
    "SHLX": 0.3442291435678262,
    "MMLP": 0.3416803260569899,
    "USWS": 0.33642920813221056,
    "SNMP": 0.3346475969168522,
    "GLP": 0.3343825920167558,
    "NS-PB": 0.33222734649748037,
    "NS": 0.33222734649748037,
    "HESM": 0.3273513924836034,
    "DKL": 0.32700670389680064,
    "WES": 0.3211966246484437,
    "MMP": 0.3126481377765613,
    "AM": 0.3112723568857416,
    "OMP": 0.2996425198372067,
    "ENLC": 0.2984965121116831,
    "NBLX": 0.29832053825920385,
    "HEP": 0.2915609600027001,
    "LOGL": 0.2798496742479326,
    "RTLR": 0.2776124250670225,
    "GPP": 0.2751376383561515,
    "BKEP": 0.26884862697515993,
    "BKEPP": 0.26884862697515993,
    "TNK": 0.2653034007780091,
    "ETRN": 0.26144614985790693,
    "MRGE": 0.25520786857809524,
    "VNOM": 0.2543984190014969,
    "SMLP": 0.2531388083308722,
    "BPMP": 0.24865554347028226,
    "SGU": 0.24749373568768182,
    "TPZEF": 0.245336569479147,
    "TK": 0.24366293504230307,
    "NVGS": 0.23832855409288153,
    "PBFX": 0.23768962929579554,
    "SPKOY": 0.2353389300433453,
    "BROG": 0.23254104122989308,
    "LNG": 0.22888170307507177,
    "OSG": 0.22641300594901606,
    "ALTM": 0.21909550792829735,
    "FLST": 0.21739429742065022,
    "TNP-PD": 0.2147824242305639,
    "TNP-PE": 0.2147824242305639,
    "TNP-PF": 0.2147824242305639,
    "TNP": 0.2147824242305639,
    "LNGLY": 0.21086843180132986,
    "GLNG": 0.20951475626893828,
    "TGP": 0.20840211498327615,
    "DSSI": 0.18986582663460203,
    "TRMD": 0.1894604428656769,
    "FRO": 0.18227087717981225,
    "GLOG-PA": 0.18037715672128607,
    "GLOG": 0.18037715672128607,
    "PSXP": 0.178826635019345,
    "CWPE": 0.17800169773359847,
    "EURN": 0.17033437313449185,
    "TDGDF": 0.1666273953964502,
    "DHT": 0.1633409272055674,
    "FLNG": 0.16039416795174022,
    "CQP": 0.15922115588249058,
    "DLNG-PB": 0.1447328894572478,
    "DLNG": 0.1447328894572478,
    "LPG": 0.14038745469787606,
    "GLOP-PA": 0.13546944004453423,
    "GLOP-PB": 0.13546944004453423,
    "GLOP-PC": 0.13546944004453423,
    "GLOP": 0.13546944004453423,
    "HMLP": 0.1229477382336613,
    "STNG": 0.12010507774022865,
    "NNA": 0.09742703312677634
}