{
    "MRGE": 1.0000000000000002,
    "EBBNF": 0.25520786857809524,
    "EBGEF": 0.25520786857809524,
    "ENB": 0.25520786857809524,
    "ENBBF": 0.25520786857809524,
    "ENBFF": 0.25520786857809524,
    "TCANF": 0.24346588005598982,
    "TRP": 0.24346588005598982,
    "BKEP": 0.20263326351610467,
    "BKEPP": 0.20263326351610467,
    "MPLX": 0.19909839036279464,
    "ET": 0.19612633670173538,
    "WES": 0.18696615752754964,
    "NS-PB": 0.18538308252267935,
    "NS": 0.18538308252267935,
    "GBNXF": 0.18176207110551384,
    "USWS": 0.1778662422885766,
    "KMI": 0.17651321403338666,
    "LOGL": 0.17588410352321984,
    "OKE": 0.1748655551414912,
    "DCP": 0.17304647156581487,
    "TPZEF": 0.1685599098906169,
    "ENBL": 0.16501881779942723,
    "TWMIF": 0.16095398818019915,
    "TK": 0.16092020716840724,
    "GEL": 0.16034707620104216,
    "CEQP-P": 0.15709429908200787,
    "CEQP": 0.15709429908200787,
    "BROG": 0.1549761048226268,
    "NBLX": 0.15336121134100716,
    "WMB": 0.15098681746524864,
    "KEYUF": 0.14948073186554034,
    "SMLP": 0.14940249950829074,
    "PBFX": 0.14865759236756726,
    "PBA": 0.14717744243854916,
    "PBNAF": 0.14717744243854916,
    "PMBPF": 0.14717744243854916,
    "SNMP": 0.14415816527851252,
    "IPPLF": 0.14377000469662557,
    "VNOM": 0.13906172261761965,
    "PAGP": 0.13805639060578484,
    "SHLX": 0.13780909386067589,
    "HESM": 0.13689094986359138,
    "OSG": 0.13648134902126746,
    "PAA": 0.13521195180335285,
    "TRGP": 0.13358358983933927,
    "EPD": 0.13346417639789898,
    "AM": 0.1317440080694698,
    "ENLC": 0.1292897048820915,
    "LNG": 0.12711140483551137,
    "MMLP": 0.12453676803376999,
    "TNP-PD": 0.12421876963120992,
    "TNP-PE": 0.12421876963120992,
    "TNP-PF": 0.12421876963120992,
    "TNP": 0.12421876963120992,
    "RTLR": 0.12352691532995846,
    "ETRN": 0.1232701663920306,
    "MMP": 0.12184669297928143,
    "GLP": 0.12145679018865219,
    "FLST": 0.1178496391366521,
    "SGU": 0.11185565374028901,
    "TGS": 0.11178345511175541,
    "OMP": 0.11158532024288262,
    "HEP": 0.11060543150574545,
    "CQP": 0.10878282179708613,
    "GPP": 0.1087271622947369,
    "LNGLY": 0.10689319607347163,
    "DHT": 0.10567902419865621,
    "DKL": 0.1032819540384132,
    "LPG": 0.10234565288647826,
    "GLOG-PA": 0.10058348761321109,
    "GLOG": 0.10058348761321109,
    "NVGS": 0.09804693615080272,
    "EURN": 0.09742309158995696,
    "GLOP-PA": 0.09740474208324316,
    "GLOP-PB": 0.09740474208324316,
    "GLOP-PC": 0.09740474208324316,
    "GLOP": 0.09740474208324316,
    "DLNG-PB": 0.09733765687634077,
    "DLNG": 0.09733765687634077,
    "NNA": 0.09663382466041191,
    "BPMP": 0.0961495729621709,
    "TRMD": 0.09320501813432552,
    "TNK": 0.09175610071290827,
    "SPKOY": 0.09057656079885229,
    "TGP": 0.08733112006022321,
    "GLNG": 0.08561191142090308,
    "HMLP": 0.08524722290437456,
    "ALTM": 0.08388268956709242,
    "DSSI": 0.08219611281211608,
    "PSXP": 0.08219054139670176,
    "CWPE": 0.08206622550125518,
    "FLNG": 0.0802133762690919,
    "STNG": 0.07664113505631463,
    "TDGDF": 0.07455551554904345,
    "FRO": 0.07326521969365074
}