{
    "FCRIF": 1.0000000000000002,
    "LEGIF": 0.12614580228260538,
    "SURDF": 0.1026815253616372,
    "VNNVF": 0.07591111751156258,
    "VONOY": 0.07591111751156258,
    "TYTMF": 0.0677128540378793,
    "ESRCF": 0.04077675885281966,
    "OBAS": 0.039180267574299765,
    "ASPZ": 0.03372153966940014,
    "SDAD": 0.03168195549149276,
    "MGAG": 0.030949776323134563,
    "GORL": 0.03082959059517279,
    "PACQF": 0.02631240969347918,
    "WETH": 0.026142677379486754,
    "DLMI": 0.02613554978227224,
    "TPRP": 0.026060412229390276,
    "AZLCZ": 0.02543563001810621,
    "TAYO": 0.024914957152426885,
    "MAYS": 0.024818931618609347,
    "MSPC": 0.024264313632388027,
    "PGCG": 0.02402044612827244,
    "AOXY": 0.02354528749608443,
    "BVERS": 0.02349908369331144,
    "STHC": 0.023471964838545658,
    "MCAP": 0.023459175520599458,
    "GBR": 0.02268703857684229,
    "ACAN": 0.02217608827311946,
    "CBRE": 0.021897716332277915,
    "FGNV": 0.021831436910271538,
    "PGAI": 0.021612491441423312,
    "WCHS": 0.021528318438423198,
    "PRRE": 0.02124974420967246,
    "RDCO": 0.021099800840004776,
    "SWPFF": 0.021011245096858033,
    "VTNA": 0.020292173781678934,
    "RLHPF": 0.020077922057213017,
    "MEDH": 0.01978463832231797,
    "USTC": 0.019474119858971472,
    "RNHEF": 0.01936710977390769,
    "MBHCF": 0.019019419722788936,
    "USNL": 0.018828441973309913,
    "PCPDF": 0.018371040111705303,
    "AQQSQ": 0.018334785985239577,
    "FSV": 0.018189354082279844,
    "QK": 0.018088336944262866,
    "HLPPF": 0.018013334002017732,
    "HLPPY": 0.018013334002017732,
    "SOHOF": 0.01734828173854133,
    "FUTL": 0.01734712477845637,
    "XMEX": 0.016894650150719094,
    "EXPI": 0.016756287816164374,
    "CPTP": 0.016641480293870584,
    "KW": 0.016640148471618293,
    "SWPRF": 0.016420576877785968,
    "CRSS": 0.016057370654904833,
    "WARFF": 0.015592819899993076,
    "WARFY": 0.015592819899993076,
    "OPEN": 0.015422200852444896,
    "MHPC": 0.015097696118658441,
    "ABCP": 0.014899952648678862,
    "TCI": 0.014863213653858795,
    "FTHM": 0.014854678188611473,
    "DPWW": 0.014259411412508095,
    "KWLGF": 0.014196824231706782,
    "FRPH": 0.013948269338681821,
    "BRST": 0.013929513460477798,
    "IRCP": 0.013649917584515076,
    "AXR": 0.01337800626645778,
    "NOXL": 0.013222142838891402,
    "RDFN": 0.013175047638975442,
    "LVSDF": 0.012899326499470965,
    "LMRK": 0.012861150012859437,
    "HLDCY": 0.012773005017511094,
    "CRXPF": 0.012422812763020947,
    "BREUF": 0.012331095791614505,
    "HHBT": 0.012260955287386034,
    "REAC": 0.0121088339472128,
    "ACNDF": 0.011956673778863459,
    "UK": 0.0116705293626649,
    "FXTGY": 0.011288829459938097,
    "NMRK": 0.011166143178488512,
    "BEKE": 0.011120848242943626,
    "RMR": 0.011051309247328315,
    "MSTO": 0.010961248556453305,
    "NTP": 0.01071559159401567,
    "AGGHF": 0.01067596199957889,
    "MNGGF": 0.010512906297832773,
    "BPY": 0.01042794165339652,
    "BPYPN": 0.01042794165339652,
    "BPYPO": 0.01042794165339652,
    "BPYPP": 0.01042794165339652,
    "AGTK": 0.010327354855766569,
    "MLP": 0.010282342451185447,
    "BRMSY": 0.009818912751847113,
    "NMEHF": 0.009781043468291298,
    "WRFRF": 0.00964240637332028,
    "HYSNY": 0.008807099455387964,
    "LSLPF": 0.008768623816958433,
    "LEJU": 0.008367318990145945,
    "LODE": 0.00824351015490823,
    "MDJH": 0.007826687705965125,
    "MMI": 0.007653296460051196,
    "JLL": 0.0076192356350877595,
    "RMAX": 0.007574971437518506,
    "SVLPF": 0.006969542716438612,
    "TNHDF": 0.006614227798999251,
    "REAXF": 0.006500229282913835,
    "DUO": 0.006237960663584632,
    "CTRGF": 0.006057365883419928,
    "XXFPL": 0.005741221833356924,
    "RLGY": 0.004698117507913641,
    "CWK": 0.0046768531276947115,
    "CIGI": 0.004589055198539196,
    "CSR-PC": 0.004259286906480182,
    "CSR": 0.004259286906480182,
    "CSGP": 0.003589478830028274,
    "GYRO": 0.002704211842005977,
    "UBYH": 0.0
}