{
    "LSLPF": 1.0,
    "SVLPF": 0.4385289823993047,
    "FXTGY": 0.41552989385166544,
    "FSV": 0.37730743001799366,
    "CBRE": 0.35872651717339915,
    "CIGI": 0.3574881233688314,
    "NMEHF": 0.3570138166465513,
    "JLL": 0.35018156360199265,
    "CTRGF": 0.3452122095735577,
    "CWK": 0.3368232823119515,
    "LVSDF": 0.30112385284173354,
    "SWPFF": 0.29821170095478555,
    "BRST": 0.29627261833348667,
    "RLGY": 0.2817616363833788,
    "TNHDF": 0.28082858537017746,
    "HLPPF": 0.2789722212430353,
    "HLPPY": 0.2789722212430353,
    "NMRK": 0.27170468644903617,
    "UK": 0.26909624910015084,
    "PCPDF": 0.2632767581776264,
    "BREUF": 0.26237990784404247,
    "MLP": 0.25645186353529753,
    "HLDCY": 0.2561218197255124,
    "MMI": 0.2541850255245852,
    "XMEX": 0.25407547761806365,
    "MDJH": 0.2490245552946363,
    "BEKE": 0.2465263762404542,
    "VNNVF": 0.2452457364920289,
    "VONOY": 0.2452457364920289,
    "EXPI": 0.24307458099750087,
    "SWPRF": 0.2421726408985471,
    "FTHM": 0.2421592778669893,
    "FRPH": 0.24126768281172828,
    "SURDF": 0.23090057413964116,
    "KWLGF": 0.22237500581327668,
    "RDFN": 0.22143610023559968,
    "RMAX": 0.2193099556024754,
    "DUO": 0.21850452818358626,
    "LEGIF": 0.2127148329653265,
    "LEJU": 0.21262637776113053,
    "MBHCF": 0.2035049350610562,
    "IRCP": 0.20129370960196044,
    "ESRCF": 0.19916597433234332,
    "RMR": 0.1990619553286632,
    "TYTMF": 0.1856515603559916,
    "KW": 0.1852599068995897,
    "RDCO": 0.18441395006034128,
    "CSGP": 0.18255749398657167,
    "REAXF": 0.1803104729372526,
    "WRFRF": 0.1760311823956071,
    "AGGHF": 0.17229426858023258,
    "NOXL": 0.17118157121565314,
    "TAYO": 0.1702353860068949,
    "WARFF": 0.16854008051638789,
    "WARFY": 0.16854008051638789,
    "LODE": 0.1674100818833818,
    "AGTK": 0.1638912389967621,
    "QK": 0.1579459629276922,
    "AQQSQ": 0.14531639469054802,
    "REAC": 0.14404470466506622,
    "OBAS": 0.14210489507135438,
    "FGNV": 0.13807063625264937,
    "UBYH": 0.1371393021477861,
    "MSTO": 0.13672260235580397,
    "AXR": 0.13654965817577924,
    "GORL": 0.1360147717073826,
    "PGCG": 0.13217742437045632,
    "HYSNY": 0.12891526992525573,
    "PGAI": 0.12831149074860498,
    "PRRE": 0.1280419770097161,
    "PACQF": 0.12341615624877025,
    "LMRK": 0.1223467758957361,
    "TPRP": 0.11937398750980971,
    "MAYS": 0.11909608415097606,
    "SOHOF": 0.11851066661941854,
    "OPEN": 0.11847641786116465,
    "STHC": 0.11756520795076951,
    "AZLCZ": 0.11740520933724838,
    "BPY": 0.11542906227121393,
    "BPYPN": 0.11542906227121393,
    "BPYPO": 0.11542906227121393,
    "BPYPP": 0.11542906227121393,
    "WETH": 0.11215590067528805,
    "MGAG": 0.1077273082923699,
    "NTP": 0.10752673390093051,
    "ACAN": 0.10218240618680717,
    "TCI": 0.10076589606120555,
    "WCHS": 0.10030625012411654,
    "RLHPF": 0.10005979535695564,
    "BRMSY": 0.09909057465677318,
    "DPWW": 0.0989663680484227,
    "VTNA": 0.09512996626890916,
    "CPTP": 0.09512798996621188,
    "MNGGF": 0.09486980788016836,
    "USTC": 0.09380287649232608,
    "CRXPF": 0.09317081369602619,
    "ASPZ": 0.09025097263371049,
    "RNHEF": 0.09018959063039272,
    "HHBT": 0.0884574333805939,
    "MCAP": 0.08511609338793912,
    "ACNDF": 0.08413826070032951,
    "CRSS": 0.0838260921603353,
    "AOXY": 0.08130977350700032,
    "MEDH": 0.08087234012687705,
    "MHPC": 0.0781180631980144,
    "ABCP": 0.07784141993689153,
    "DLMI": 0.07090271280274055,
    "GBR": 0.06789225826908063,
    "CSR-PC": 0.06752068320149501,
    "CSR": 0.06752068320149501,
    "BVERS": 0.06595977385143233,
    "USNL": 0.06487909602347543,
    "XXFPL": 0.05689685283836871,
    "GYRO": 0.055384867413018145,
    "FUTL": 0.053107734951577695,
    "SDAD": 0.043965494639325475,
    "MSPC": 0.043740556012686865,
    "FCRIF": 0.008768623816958433
}