{
    "MHPC": 0.9999999999999999,
    "NMEHF": 0.173743994331773,
    "FTHM": 0.16319981008176135,
    "BEKE": 0.14452457938606422,
    "MMI": 0.14346676593619112,
    "AXR": 0.14249196226302174,
    "BPY": 0.14247802081052205,
    "BPYPN": 0.14247802081052205,
    "BPYPO": 0.14247802081052205,
    "BPYPP": 0.14247802081052205,
    "LEGIF": 0.13095021558966263,
    "RLHPF": 0.12811973544801789,
    "TAYO": 0.12654824321323135,
    "FRPH": 0.11905464791856352,
    "BRST": 0.11796552450018409,
    "WRFRF": 0.11092768478425981,
    "DLMI": 0.1103492873064112,
    "KW": 0.11011711737146349,
    "SWPFF": 0.10677530937578894,
    "MAYS": 0.10462817014002102,
    "FSV": 0.10380680152609577,
    "PACQF": 0.10226398998108177,
    "CSR-PC": 0.10220720997269457,
    "CSR": 0.10220720997269457,
    "XMEX": 0.09964927785221342,
    "LVSDF": 0.09836977772776727,
    "CPTP": 0.09784519458044993,
    "ESRCF": 0.09754240038160966,
    "RDFN": 0.09726642538200728,
    "TPRP": 0.09712392421778693,
    "MEDH": 0.09691545566420882,
    "HLPPF": 0.09609473709726331,
    "HLPPY": 0.09609473709726331,
    "LODE": 0.09182237003285015,
    "EXPI": 0.09112934667149628,
    "TCI": 0.08916278651797464,
    "CBRE": 0.08885738370716315,
    "GBR": 0.08825775255842842,
    "TYTMF": 0.08780735428662068,
    "PGAI": 0.08754086377313215,
    "IRCP": 0.08636835619726367,
    "SVLPF": 0.08620482949300753,
    "PGCG": 0.08529209236620894,
    "NMRK": 0.0846584626087971,
    "UK": 0.08447735836998582,
    "TNHDF": 0.0836132043131436,
    "AGTK": 0.08300353485354815,
    "DUO": 0.08257294028887553,
    "SURDF": 0.08210876869556157,
    "FGNV": 0.08201951814182035,
    "AQQSQ": 0.08172246672331754,
    "JLL": 0.08011670011895505,
    "VNNVF": 0.07991266773576322,
    "VONOY": 0.07991266773576322,
    "RDCO": 0.07973323900354261,
    "MLP": 0.07960009599354999,
    "ACAN": 0.07926300659725519,
    "SWPRF": 0.07922367781704817,
    "HLDCY": 0.07813758304707874,
    "LSLPF": 0.0781180631980144,
    "GORL": 0.07780311197437081,
    "ASPZ": 0.07773085153355028,
    "BVERS": 0.07733145022497627,
    "CWK": 0.07730016443314774,
    "STHC": 0.07725475279892986,
    "DPWW": 0.07707624750149028,
    "MCAP": 0.07697681973000743,
    "MBHCF": 0.07697597334984606,
    "RMAX": 0.07684649654723302,
    "CIGI": 0.07578801364682314,
    "WARFF": 0.07413054125633523,
    "WARFY": 0.07413054125633523,
    "CSGP": 0.07301019273316638,
    "RMR": 0.07291228730542784,
    "RLGY": 0.07259271056729945,
    "NOXL": 0.07163426248205934,
    "LMRK": 0.07071980548674675,
    "MNGGF": 0.07069458464289104,
    "PCPDF": 0.07014671231280678,
    "CTRGF": 0.06927125281787698,
    "PRRE": 0.06878864160957379,
    "BRMSY": 0.06872841941084208,
    "HHBT": 0.06819096266721889,
    "WCHS": 0.0667932166368326,
    "NTP": 0.06594710804131886,
    "OBAS": 0.06582435342737145,
    "SOHOF": 0.06386222475512025,
    "WETH": 0.06274435736590579,
    "MDJH": 0.06252247086269166,
    "OPEN": 0.06195613102101114,
    "RNHEF": 0.061839085901526716,
    "UBYH": 0.06104865755557993,
    "CRXPF": 0.060106887426120345,
    "USTC": 0.05891827167552147,
    "QK": 0.058804508456376664,
    "BREUF": 0.05850861363492358,
    "REAXF": 0.05803356244184228,
    "VTNA": 0.05754611328786913,
    "AZLCZ": 0.057265054536104816,
    "AGGHF": 0.056935435305050415,
    "FXTGY": 0.056896261296675535,
    "AOXY": 0.05683359573719857,
    "KWLGF": 0.05509319106363769,
    "LEJU": 0.05466334525784796,
    "ABCP": 0.0543976908773658,
    "MSTO": 0.051770685529384526,
    "USNL": 0.05167608066359904,
    "CRSS": 0.05102138638068953,
    "XXFPL": 0.04704342815210902,
    "SDAD": 0.04573372644951941,
    "REAC": 0.04520515058764405,
    "MGAG": 0.04476159121968376,
    "FUTL": 0.043521707465149106,
    "HYSNY": 0.04242132250652057,
    "ACNDF": 0.03965067059142346,
    "MSPC": 0.037256681890743944,
    "GYRO": 0.03078506564320934,
    "FCRIF": 0.015097696118658441
}