{
    "SWPRF": 1.0000000000000002,
    "NMEHF": 0.2770108128311243,
    "PGCG": 0.27033030407465886,
    "PACQF": 0.2678032872862941,
    "SURDF": 0.24918186414939164,
    "JLL": 0.24244114695065472,
    "LSLPF": 0.2421726408985471,
    "TYTMF": 0.24127846208761972,
    "TAYO": 0.2378034457685994,
    "SVLPF": 0.23602772853812523,
    "CBRE": 0.23532505494900352,
    "LVSDF": 0.22650761074972886,
    "ESRCF": 0.21934717876420035,
    "BRST": 0.21836415689711616,
    "FXTGY": 0.21797469888284618,
    "HLPPF": 0.2172983225363587,
    "HLPPY": 0.2172983225363587,
    "FSV": 0.2136083472784335,
    "LEGIF": 0.21308243965348442,
    "WRFRF": 0.20945253660712954,
    "HLDCY": 0.20914958602044784,
    "FRPH": 0.20786495904572613,
    "RLGY": 0.20575461306402,
    "MDJH": 0.20530162397595098,
    "RMAX": 0.2050790334150045,
    "CWK": 0.2049821598811121,
    "RDFN": 0.20178762214534882,
    "XMEX": 0.20134075999525528,
    "CIGI": 0.20019199050621117,
    "MMI": 0.19969903935814245,
    "MLP": 0.19930699943664934,
    "DUO": 0.19682257412824877,
    "BREUF": 0.19539413761603572,
    "NMRK": 0.19180023821994102,
    "KW": 0.18970013145896797,
    "SWPFF": 0.18484179535617717,
    "TCI": 0.18421324816454093,
    "BEKE": 0.1839954900769036,
    "NOXL": 0.18314085240500078,
    "WCHS": 0.18221402294144984,
    "LODE": 0.1791429702648745,
    "OBAS": 0.17714366996941688,
    "USTC": 0.1722027075110218,
    "CTRGF": 0.1682536410304502,
    "PGAI": 0.16809646918197427,
    "GORL": 0.1679612843463675,
    "RDCO": 0.16500507320995292,
    "VNNVF": 0.16194062212890897,
    "VONOY": 0.16194062212890897,
    "TPRP": 0.16001120178636333,
    "LEJU": 0.15994236115400504,
    "REAXF": 0.15677801963451435,
    "RMR": 0.1554660821041562,
    "UK": 0.15334992251206145,
    "TNHDF": 0.15246246995366333,
    "PCPDF": 0.1480601855249408,
    "WARFF": 0.14782522537704468,
    "WARFY": 0.14782522537704468,
    "AGTK": 0.14745175802385546,
    "MSPC": 0.14673106910787936,
    "DPWW": 0.14665933877128895,
    "ASPZ": 0.14662363369307152,
    "FTHM": 0.1452836044720201,
    "SOHOF": 0.14415848089261957,
    "IRCP": 0.14204660633468544,
    "MAYS": 0.14031267195085448,
    "EXPI": 0.1399133594786288,
    "KWLGF": 0.13918388173567223,
    "CSGP": 0.1367861968254165,
    "FGNV": 0.1362356116498242,
    "HYSNY": 0.13582129264646367,
    "MCAP": 0.13464753875682473,
    "AXR": 0.12856933376896867,
    "MBHCF": 0.1244847518330038,
    "OPEN": 0.12379993883193136,
    "ACNDF": 0.12076700349591109,
    "AGGHF": 0.11555816837745653,
    "CPTP": 0.11509049668700963,
    "STHC": 0.11351835823459269,
    "RLHPF": 0.11294440383769967,
    "LMRK": 0.11252042121785194,
    "AQQSQ": 0.11236487147344584,
    "RNHEF": 0.11188809604745117,
    "MGAG": 0.11054441431656248,
    "MNGGF": 0.11026715477780503,
    "CRXPF": 0.10926840526315618,
    "PRRE": 0.1082750963444997,
    "BRMSY": 0.10568890633336625,
    "GBR": 0.1049395676092726,
    "BPY": 0.10421812979506613,
    "BPYPN": 0.10421812979506613,
    "BPYPO": 0.10421812979506613,
    "BPYPP": 0.10421812979506613,
    "ACAN": 0.09909060108025994,
    "QK": 0.09708722350432891,
    "USNL": 0.09702772493065284,
    "HHBT": 0.0957798477266146,
    "WETH": 0.09366802774904737,
    "AZLCZ": 0.09316537206686595,
    "ABCP": 0.09292891745497345,
    "AOXY": 0.09205344168645913,
    "MSTO": 0.09143383944655374,
    "MEDH": 0.0885001099071632,
    "NTP": 0.08133678485100913,
    "MHPC": 0.07922367781704817,
    "VTNA": 0.07727083053483119,
    "DLMI": 0.07634037158082801,
    "REAC": 0.07110196284898075,
    "BVERS": 0.07003942987919436,
    "XXFPL": 0.06780793601292394,
    "CRSS": 0.06639081015345143,
    "SDAD": 0.065762573344592,
    "UBYH": 0.06302103125710617,
    "GYRO": 0.06071116761024339,
    "CSR-PC": 0.05712105218748662,
    "CSR": 0.05712105218748662,
    "FUTL": 0.056363029554014746,
    "FCRIF": 0.016420576877785968
}