{
    "AAUGF": 1.0000000000000002,
    "TDRRF": 0.22117623704816605,
    "FSXLF": 0.21468522801960516,
    "YGTFF": 0.21070512504663583,
    "EGMLF": 0.2092973741343247,
    "ATADF": 0.20787896389400373,
    "CTCGF": 0.20715168875851023,
    "TRRFF": 0.20439322350621342,
    "MRIRF": 0.20223190816226466,
    "QCXGF": 0.19894365862814384,
    "AGGFF": 0.19855877375571895,
    "AUGG": 0.19762211398806379,
    "RNGTF": 0.19574393403740242,
    "GRYCF": 0.19502370846255124,
    "MRTMF": 0.19455167259589784,
    "GTGDF": 0.19388365121200513,
    "GRCAF": 0.19365147121899956,
    "BLTMF": 0.19285539758598888,
    "AVGDF": 0.19273028683982962,
    "KPZIF": 0.19118081500600145,
    "RDEMF": 0.1902198097006111,
    "CLGCF": 0.19018446750752815,
    "DCHRF": 0.18999218619136082,
    "GCFFF": 0.1894275384214251,
    "LRDJF": 0.1887473811099399,
    "EGO": 0.18874217335718732,
    "PACXF": 0.18732666508838033,
    "MCDMF": 0.18713377015100116,
    "WLRMF": 0.187102521444092,
    "RDUFF": 0.1870805101684933,
    "WKGFF": 0.18643791025889317,
    "TETOF": 0.18617681825347404,
    "LADFF": 0.18574255747002263,
    "NRGOF": 0.18454109423979867,
    "GPTRF": 0.18396086643065052,
    "TGLDF": 0.18386145207553295,
    "XNDRF": 0.18293886938856954,
    "GGISF": 0.1819093909028783,
    "SGCPF": 0.1816298122724269,
    "FMANF": 0.18074432920447217,
    "STVGF": 0.18068178790326214,
    "GAYMF": 0.18051426260511041,
    "MGDPF": 0.17999808740238335,
    "KSTBF": 0.1798051769263838,
    "MMTMF": 0.17968337161686995,
    "EQTRF": 0.17962832072106077,
    "SMAGF": 0.17945111909503794,
    "SICNF": 0.17881304700214318,
    "BVTEF": 0.17859095013287477,
    "BGADF": 0.17775978269514242,
    "RTMFF": 0.17746220044719402,
    "YNGFF": 0.17729927405670148,
    "NFGFF": 0.17692018899253872,
    "ALLXF": 0.1769099655021869,
    "DGDCF": 0.17674433612137894,
    "KDKGF": 0.17610336092125983,
    "USAU": 0.1758606592187713,
    "CNMVF": 0.17584593705287124,
    "FIEIF": 0.17572015692288298,
    "ARBTF": 0.17528650058872927,
    "CCRRF": 0.1751330081691686,
    "GGXXF": 0.17506180353285886,
    "CMMMF": 0.17496648509563015,
    "NVDEF": 0.1749103143816236,
    "AMMPF": 0.17453770770286162,
    "IAG": 0.17428376384602323,
    "VAUCF": 0.17373566403068197,
    "RMETF": 0.17347924245980925,
    "FFMGF": 0.17287640962389383,
    "OZBKF": 0.1724003091828502,
    "CXBMF": 0.17185620118465408,
    "LGDTF": 0.17181853684858764,
    "NPDCF": 0.17098277954795899,
    "ALDVF": 0.17039746888022492,
    "TGMR": 0.16987566864926612,
    "BONXF": 0.1698131276934356,
    "AAU": 0.16875204287602377,
    "TPRFF": 0.16836306247597183,
    "NKOSF": 0.16798510430662564,
    "FDVXF": 0.16584133344150168,
    "OCGSF": 0.16576645209108481,
    "NVGLF": 0.16572881014972,
    "PNCKF": 0.16497449824359461,
    "HCHDF": 0.1638328670393949,
    "CDELF": 0.16357672723922934,
    "CGOL": 0.1632727867959148,
    "AURQD": 0.16295120060797502,
    "AURQF": 0.16295120060797502,
    "XXMMF": 0.16288267755633093,
    "WGMCF": 0.16263426612200035,
    "ETHOF": 0.1622616454634766,
    "TGGDF": 0.16189592186809815,
    "ORZCF": 0.16146381637215979,
    "MAUTF": 0.16139063463451533,
    "EDWZF": 0.16126871593748096,
    "VGZ": 0.16053249160228536,
    "RUPRF": 0.1604865409869694,
    "CGAU": 0.16038877708823726,
    "NTGSF": 0.16008652201443513,
    "WTHVF": 0.1599965705601623,
    "LMGDF": 0.15979060093319092,
    "GGAZF": 0.15952398942465165,
    "ADGCF": 0.1594714957470812,
    "SRLTF": 0.15943049955980382,
    "OREAF": 0.15890082827163327,
    "THXPF": 0.15837834892589653,
    "GBRCF": 0.1581798667660036,
    "HSTXF": 0.1580038561529814,
    "ROGFF": 0.1579479144584065,
    "EQX": 0.1578341935657715,
    "PVG": 0.15708193011666002,
    "IEGCF": 0.15683446135100518,
    "JSHG": 0.15522118439573088,
    "MMRGF": 0.1550991814581768,
    "CFGMF": 0.15478032575631218,
    "HUMRF": 0.15475522516088974,
    "SXNTF": 0.15472194015699425,
    "KSSRF": 0.15470853988352073,
    "MAKOF": 0.15447628624860782,
    "SGGDF": 0.15408727733584604,
    "VVCVF": 0.1540149010187416,
    "NESRF": 0.15312463977458937,
    "WFRSF": 0.15282402718753216,
    "FGLDF": 0.15262453901524242,
    "MSGCF": 0.15254485779912585,
    "MNGG": 0.15247686457741783,
    "SIREF": 0.1519788181979968,
    "WARGF": 0.1518883459405229,
    "SGGTF": 0.15178344048694253,
    "WRRZF": 0.15156895411842422,
    "SNWGF": 0.15121503937632974,
    "ARGTF": 0.15101987567990469,
    "PROBF": 0.15096737342753114,
    "RHRYF": 0.15092185127639884,
    "MNDJF": 0.15017091413281528,
    "TRII": 0.15014967816268063,
    "GLDG": 0.15004336089973586,
    "HGGOF": 0.1499730355571175,
    "CRCUF": 0.14994884356226532,
    "AGI": 0.1497242646867257,
    "CNMXF": 0.14955106185859254,
    "NCAUF": 0.1492612228894345,
    "QDROF": 0.1491202818376739,
    "USGDF": 0.1489171034975693,
    "RMIOF": 0.14877232074798738,
    "BMGCF": 0.1485142282692261,
    "FFOXF": 0.14849700559774193,
    "RDEXF": 0.14827036819137537,
    "TRYRF": 0.1479005923420645,
    "CANWF": 0.14772933974895291,
    "AAMMF": 0.14759441830033332,
    "AUXXF": 0.14756109929637762,
    "SITKF": 0.1465787156785084,
    "RMRDF": 0.14636463381823225,
    "GGCPF": 0.14635704737527272,
    "CJCFF": 0.14619944714785765,
    "FRERF": 0.146066995598475,
    "NSGCF": 0.14503797982896177,
    "SLMXF": 0.14500426915175998,
    "CGLCF": 0.14499723734413775,
    "AEM": 0.14498441004415155,
    "PLYN": 0.14444534875233322,
    "BNAUF": 0.14416033180054044,
    "ROVMF": 0.14403085364952062,
    "SGSVF": 0.14394847364392394,
    "GYGC": 0.14369568410489442,
    "EFRGF": 0.14358916826148171,
    "RFHRF": 0.14340080777322928,
    "SLMZF": 0.14338265500293548,
    "RCTFF": 0.14217431737004171,
    "KSKGF": 0.1419295716921736,
    "GLDXF": 0.14176026401695502,
    "SMPEF": 0.14161904149253013,
    "AGRDF": 0.1410302911330194,
    "NSRPF": 0.14093742283434016,
    "KTGDF": 0.1408914542352705,
    "BYAGF": 0.1408788616081239,
    "NFLDF": 0.14080490672935697,
    "LBHRF": 0.14078642442535536,
    "EGMCF": 0.1394479060434165,
    "AMXEF": 0.1393081233245724,
    "HRTFF": 0.13925656572610032,
    "ORFDF": 0.13918219322929792,
    "VLCJF": 0.138936146557686,
    "PZG": 0.13868362200796133,
    "SROYF": 0.13816420124400583,
    "VGMIF": 0.13792768067440075,
    "ABMBF": 0.1376749990514796,
    "BTUMF": 0.13761452691120998,
    "RVNG": 0.13733886868919323,
    "PREIF": 0.13721847504861656,
    "SADMF": 0.1370408549911372,
    "MGLQF": 0.1367606712296026,
    "RMLFF": 0.1366998784611738,
    "TRGGF": 0.1366838228109267,
    "MJGCF": 0.13666381142127262,
    "RVLGF": 0.13665844962571763,
    "KL": 0.13661294702049487,
    "FTBYF": 0.13645326876640354,
    "AGAUF": 0.13642229160609426,
    "DTARF": 0.1350149884821157,
    "NCMGF": 0.13499387124319168,
    "NCMGY": 0.13499387124319168,
    "SSRM": 0.13478409557188786,
    "PUCCF": 0.13468737069416017,
    "KOGMD": 0.13390875716868259,
    "OMMSF": 0.13385649198956417,
    "SPAZF": 0.13364909331197913,
    "MOJGF": 0.1333042382447246,
    "ANGVF": 0.13290216183293987,
    "USCS": 0.13289288515248301,
    "WHGOF": 0.13270572016482618,
    "AUMBF": 0.13238893042540414,
    "BLAGF": 0.13230613107639239,
    "OSIIF": 0.1321915233119606,
    "PGOL": 0.13163608174911334,
    "RGDFF": 0.13126896612764977,
    "BARUF": 0.1311117828437269,
    "ECRFF": 0.13095259884559832,
    "TBGPF": 0.1306328438078407,
    "NGLD": 0.13022366614229497,
    "PGRCF": 0.13003617320971617,
    "JAGGF": 0.1297297319218665,
    "SUIFF": 0.12952415208247642,
    "SRCRF": 0.12937046638679384,
    "RGRNF": 0.12895673751577763,
    "RIOFF": 0.12893018914933596,
    "ASWRF": 0.12886293467357565,
    "NXXGF": 0.12867736288974496,
    "LONCF": 0.12845881434987863,
    "CBGZF": 0.12841546613384222,
    "BTG": 0.12824321780273257,
    "JNCCF": 0.12792639053002075,
    "SBSW": 0.12765348458174197,
    "SBYSF": 0.12765348458174197,
    "GSV": 0.1274413369440368,
    "MIMZF": 0.12738083564113714,
    "CQRLF": 0.1273374574278356,