{
    "ASWRF": 1.0000000000000002,
    "SIREF": 0.28989553311588756,
    "PACXF": 0.2848175421238024,
    "KRRGF": 0.2787660480697607,
    "AIRRF": 0.2726241043718732,
    "RMIOF": 0.2638677734020369,
    "TRARF": 0.25823104335944663,
    "JSHG": 0.2566662351316966,
    "RFHRF": 0.2565371023373819,
    "TORXF": 0.2555166923177066,
    "MRIRF": 0.24872508767439264,
    "PVG": 0.24721622959352393,
    "RUPRF": 0.24405445934869857,
    "SADMF": 0.2434030790874722,
    "BONXF": 0.2416711719499295,
    "WFRSF": 0.23922993900823997,
    "ABNAF": 0.2377786404661083,
    "TSRMF": 0.23756071251815486,
    "RMETF": 0.2346257133304391,
    "NG": 0.23323627608116043,
    "BTKRF": 0.23323595703747768,
    "ALDVF": 0.23273349650645384,
    "AMXEF": 0.2323955681877323,
    "XNDRF": 0.23055435641672445,
    "LONCF": 0.22709481920656513,
    "PNCKF": 0.22676445421124705,
    "RDEXF": 0.2258645777313372,
    "KSTBF": 0.2253420421054002,
    "ATADF": 0.22478735538290492,
    "TETOF": 0.22448252854969372,
    "MAIFF": 0.22327321667478262,
    "JNCCF": 0.22287671668575357,
    "AGI": 0.2217114152556424,
    "DCHRF": 0.2208948054607441,
    "MNGG": 0.21801590706935972,
    "TRII": 0.21730606099723346,
    "UGDIF": 0.2172377902316833,
    "HUMRF": 0.21608608681894476,
    "AAU": 0.21546314742357023,
    "VMNGF": 0.21351671643451714,
    "CFGMF": 0.21268164776920354,
    "GTGDF": 0.21267827905598813,
    "KPZIF": 0.21178288510018245,
    "ELRRF": 0.21151022692037424,
    "AURQD": 0.20998854354099813,
    "AURQF": 0.20998854354099813,
    "ALRGF": 0.20968821957756653,
    "MGDPF": 0.20962152028585349,
    "GYNAF": 0.20913277908291192,
    "KTGDF": 0.20833603920240962,
    "CJCFF": 0.20790621613480417,
    "GLDG": 0.20768453723823688,
    "BLAGF": 0.20743811206048088,
    "MMRGF": 0.20720466162594606,
    "EGMLF": 0.20699785809959484,
    "LMEFF": 0.206737161424746,
    "WARGF": 0.2059837392375416,
    "SSRM": 0.20548343889899806,
    "CRCUF": 0.20493551045167216,
    "GGXXF": 0.2047612523337603,
    "TRRFF": 0.20462293581952737,
    "NTGSF": 0.20317907205160207,
    "PRRVF": 0.20317174252799172,
    "SGGDF": 0.2031327075115509,
    "HGGOF": 0.20254551337042864,
    "NOMNF": 0.2022797098301477,
    "SUPGF": 0.2019484090018009,
    "WKGFF": 0.20185953416871272,
    "NSRPF": 0.20163225160881318,
    "TGLDF": 0.19790747786960772,
    "NRGOF": 0.19716109671321994,
    "SA": 0.19687356675505996,
    "MRTMF": 0.1964405576942474,
    "TLRS": 0.1947815916635078,
    "APRAF": 0.19320195711099641,
    "FIEIF": 0.1930331312664356,
    "THXPF": 0.1925477908410165,
    "WRRZF": 0.19097131250994673,
    "GAYMF": 0.1908528071711922,
    "GXSFF": 0.19066362729789993,
    "AVGDF": 0.19062055471949235,
    "BLTMF": 0.1902336833980343,
    "ARBTF": 0.19006651167343486,
    "STRRF": 0.1899395982771929,
    "ECRFF": 0.1893167716361984,
    "MDSMF": 0.1888017262845761,
    "PROBF": 0.18851061588926127,
    "PLYN": 0.18814285401529757,
    "QCXGF": 0.18759115726382541,
    "MGVMF": 0.1873725149049764,
    "XMTTF": 0.1870267708700427,
    "RMRDF": 0.18686575717938375,
    "LMGDF": 0.1857682364923446,
    "RTMFF": 0.1856530472044424,
    "PUCCF": 0.18505552284004373,
    "KAMRF": 0.1850411322108471,
    "TRYRF": 0.18475086871209748,
    "AGGFF": 0.1842252526916727,
    "AUGG": 0.18409231911626392,
    "FFOXF": 0.18407056408058795,
    "OMMSF": 0.1838696119625207,
    "GCFFF": 0.18338920228528016,
    "EQTRF": 0.18311078938933925,
    "KDKGF": 0.18283970692780174,
    "PREIF": 0.18255727039417832,
    "HSTXF": 0.18215038465851038,
    "RVNG": 0.18189890396598069,
    "NULGF": 0.1818497792942405,
    "ANGVF": 0.1817740662939739,
    "RVLGF": 0.18136628934123186,
    "RCTFF": 0.1813515781127272,
    "GMVMF": 0.18111057289949442,
    "ATLDF": 0.18101978483940323,
    "NCMGF": 0.18101135119250408,
    "NCMGY": 0.18101135119250408,
    "NFGFF": 0.18056447547236096,
    "SRLTF": 0.1803714764024133,
    "MCDMF": 0.1795339018747543,
    "RCCMF": 0.17871364186531966,
    "PMCCF": 0.1779503543795875,
    "XXMMF": 0.17784030376624155,
    "FSXLF": 0.17771028907314754,
    "LGDTF": 0.17695998394649232,
    "GORO": 0.17677898856155672,
    "EMRRF": 0.17667966103315674,
    "CLGCF": 0.1760653575666337,
    "MNDJF": 0.17535614172127803,
    "CMMMF": 0.1751192557966785,
    "GPTRF": 0.17408661219482024,
    "MNRLF": 0.17402927012679484,
    "AEM": 0.1726865088741207,
    "MSGCF": 0.17256894738324444,
    "MAKOF": 0.1719256658328383,
    "SGMNF": 0.17126285775927355,
    "FRERF": 0.17122640349785165,
    "ELYGF": 0.17117122736878068,
    "OBNNF": 0.17116896785978983,
    "GGISF": 0.17069547409307811,
    "TBGPF": 0.17068390363659375,
    "VVCVF": 0.17040552796382727,
    "MPUCF": 0.1702046033789824,
    "QDROF": 0.17008372964570437,
    "MWSNF": 0.17006530945593407,
    "KNTNF": 0.16955174941595016,
    "CCRRF": 0.16944266795960602,
    "RHRYF": 0.169275267500105,
    "STVGF": 0.16876683004608012,
    "NVGLF": 0.16873574152784956,
    "GBBFF": 0.16815807960523158,
    "YNGFF": 0.1677349784940193,
    "CBLRF": 0.16771204971767478,
    "BVTEF": 0.16738892418424298,
    "SGGTF": 0.16726735756527797,
    "BTLLF": 0.1671532564606685,
    "RDUFF": 0.16686353315750105,
    "LBHRF": 0.1664630822975727,
    "TGMR": 0.16634508790207111,
    "SLMXF": 0.16626215263145705,
    "ROVMF": 0.16604815080498894,
    "BGADF": 0.16602921187296477,
    "ANKOF": 0.16602276291542056,
    "ARMZF": 0.16600707417369676,
    "CGAU": 0.16582586250339867,
    "GAU": 0.1658077268538345,
    "FDVXF": 0.16559406365107673,
    "NGD": 0.1653146711185503,
    "YGTFF": 0.1649267236413399,
    "CDELF": 0.1648399782869543,
    "WVMDF": 0.16460224748446226,
    "OCGSF": 0.16450112494234928,
    "KOGMD": 0.1643788457737985,
    "ALLXF": 0.16429057225399543,
    "CTGO": 0.16425025907695737,
    "GRCAF": 0.1641893221364564,
    "LADFF": 0.16382279495004876,
    "EQX": 0.16375729242268958,
    "KSSRF": 0.16364323441036976,
    "FTMNF": 0.16341942040778537,
    "WLRMF": 0.1633313220275788,
    "GBRCF": 0.1630982250226984,
    "RSRBF": 0.16289415800725782,
    "NXXGF": 0.16282353796145024,
    "SGSVF": 0.16274702142025824,
    "SITKF": 0.16182996556285686,
    "CXBMF": 0.16170634238833745,
    "CANWF": 0.1613470978911625,
    "CCHI": 0.16074080744994787,
    "SMAGF": 0.16059783157182556,
    "NGLD": 0.16042264243082738,
    "USCS": 0.16028475256130303,
    "DTARF": 0.16026293465182154,
    "ELKMF": 0.1600675382062475,
    "NSUPF": 0.16005800174569174,
    "GFGSF": 0.159800233386759,
    "CDE": 0.1596666410950516,
    "RRDMF": 0.1594538136443931,
    "CPNFF": 0.15886545831974042,
    "SRCRF": 0.1588140778029496,
    "DGDCF": 0.15858950555405718,
    "RYES": 0.15841238432140747,
    "ROGFF": 0.15835382020564717,
    "DNGDF": 0.15808093627446326,
    "VAUCF": 0.1575361275664003,
    "VRDR": 0.15703584875036306,
    "NESRF": 0.15676200273663604,
    "SLMZF": 0.15632395193411394,
    "RGRNF": 0.1555125274697815,
    "IEGCF": 0.1549975898882026,
    "AAMMF": 0.1549053138915129,
    "AUY": 0.15459418723087573,
    "AIVN": 0.15423276946600817,
    "ORFDF": 0.152939545842852,
    "FFMGF": 0.15282941484618537,
    "AGRDF": 0.15279991541925525,
    "EGMCF": 0.15254626068457355,
    "TDRRF": 0.1524994240327965,
    "AXMIF": 0.15159878355621306,
    "ETHOF": 0.15158254523298587,
    "FGLDF": 0.1514432396183496,
    "CNMVF": 0.15114300774950412,
    "GALKF": 0.15008177734604874,
    "HCHDF": 0.15007576229661818,
    "GSS": 0.15005558481696932,
    "IAG": 0.14990643944740942,
    "NCAUF": 0.14967306835240252,
    "FMANF": 0.14913814758460509,
    "ABMBF": 0.14875984413609777,
    "AGAUF": 0.14865813434454142,
    "MJGCF": 0.1484799877540679,
    "RNGTF": 0.14828326435787798,
    "NPDCF": 0.148265157126245,
    "BNAUF": 0.14814495590927285,
    "CQRLF": 0.14802913367797277,
    "GRYCF": 0.14791394660896376,
    "ARGTF": 0.14779302809697134,
    "NVDEF": 0.1477323139490232,
    "CYNXF": 0.14755173140539893,
    "GDRZF": 0.14649870231068254,
    "VLCJF": 0.14646658448168076,