{
    "BARUF": 1.0000000000000002,
    "QCXGF": 0.22998182621071775,
    "LRDJF": 0.22510779532701833,
    "ETHOF": 0.22083287905656607,
    "WLRMF": 0.2203789793777555,
    "OREAF": 0.21504540177995252,
    "CLGCF": 0.2133733815710954,
    "RCTFF": 0.2117944797137289,
    "SMAGF": 0.2083748373258767,
    "EQTRF": 0.20836980242632447,
    "YGTFF": 0.2082649196688377,
    "RMRDF": 0.2058470732267977,
    "TDRRF": 0.20507156401064597,
    "OCGSF": 0.20486209704138966,
    "AVGDF": 0.20234786164621257,
    "FFMGF": 0.2021809303527677,
    "SITKF": 0.20207226795203362,
    "OCANF": 0.2011280532010315,
    "OGDCF": 0.2011280532010315,
    "KPZIF": 0.20099921916586297,
    "TOGOF": 0.2006360839375809,
    "BNAUF": 0.19938831755402278,
    "WKGFF": 0.1987306925444767,
    "LADFF": 0.1981569518983829,
    "AURQD": 0.1981251645420924,
    "AURQF": 0.1981251645420924,
    "DGDCF": 0.19763891239910827,
    "GGCPF": 0.1975932597223979,
    "TGGDF": 0.19644500242487364,
    "DCHRF": 0.1958841741779414,
    "GLDG": 0.1958772177236679,
    "USGDF": 0.1945133168062277,
    "CTCGF": 0.19412864984960604,
    "FTMNF": 0.19397611591462083,
    "EFRGF": 0.19368264179308428,
    "AMMPF": 0.19361486972206554,
    "NRGOF": 0.19352911422873706,
    "AUGG": 0.1935183353151111,
    "TRGGF": 0.1932276896063777,
    "IEGCF": 0.19314596913129503,
    "SGCPF": 0.19247014260044193,
    "TRRFF": 0.19148695956381612,
    "YNGFF": 0.19121785325567875,
    "GBRCF": 0.1909079565053105,
    "GAYMF": 0.19063352378480594,
    "GCFFF": 0.19062450537669448,
    "PUCCF": 0.18997443267968944,
    "VVCVF": 0.1884567811733672,
    "MMRGF": 0.18799923549864428,
    "USAU": 0.1875826299626891,
    "WHGOF": 0.1875785204441368,
    "MRTMF": 0.18726931010074313,
    "FFOXF": 0.18660475352429787,
    "FTCO": 0.1865602791924841,
    "CERRF": 0.18632103160301489,
    "MRIRF": 0.18611367410332721,
    "RTMFF": 0.18597573326463032,
    "CTGO": 0.18585117088572833,
    "SRCRF": 0.18581096279830991,
    "GGXXF": 0.18427158093492804,
    "RDEXF": 0.1842001528058461,
    "SNWGF": 0.18398974650591768,
    "GFGSF": 0.18340908102751377,
    "MCDMF": 0.18259469145065946,
    "LMGDF": 0.18248699804642654,
    "FDVXF": 0.1818487837876115,
    "NVGLF": 0.18150176166811377,
    "NSGCF": 0.1811292656153748,
    "BGADF": 0.18091953441907901,
    "APRAF": 0.1806733443942308,
    "GTGDF": 0.18026698171571934,
    "NXXGF": 0.1801230415723182,
    "GRCAF": 0.18009154521533652,
    "ADGCF": 0.1782335788072979,
    "PNCKF": 0.17818868970879354,
    "VNNHF": 0.17786757448275164,
    "CCRRF": 0.1775657952568486,
    "AGCZ": 0.17720224483164995,
    "FIOGF": 0.17675854926454196,
    "HSTXF": 0.1764191493024881,
    "NFGFF": 0.17600986993542644,
    "FGLDF": 0.17527102758883376,
    "KAMRF": 0.17513080258753339,
    "EGMCF": 0.1750081274622345,
    "FMANF": 0.17460905110869443,
    "PVG": 0.17454225526748965,
    "NKOSF": 0.1740741071705258,
    "MSGCF": 0.17406030161527725,
    "SRLTF": 0.17391473687034398,
    "GGISF": 0.17381574418702592,
    "PGOL": 0.17379128003036437,
    "SGSVF": 0.17378203174602957,
    "AMXEF": 0.1735071971176466,
    "BLTMF": 0.17350595941412983,
    "WTHVF": 0.1734439823919625,
    "TORXF": 0.1731094762605043,
    "NPDCF": 0.172908102453948,
    "KDKGF": 0.17273676688955364,
    "PMCCF": 0.1726784804829379,
    "KTGDF": 0.1722170706888899,
    "RDUFF": 0.17215262880514898,
    "BVTEF": 0.17195843144996747,
    "EGMLF": 0.17102907634820022,
    "LGDTF": 0.17073421153949422,
    "ROGFF": 0.17072200001702065,
    "BMGCF": 0.17033417072918045,
    "SIREF": 0.17014155385643676,
    "HCHDF": 0.16979168092304675,
    "GLDXF": 0.16939718139578736,
    "QDROF": 0.16933825842763572,
    "RNGTF": 0.16886253320838213,
    "PACXF": 0.16880158769554876,
    "GRYCF": 0.1683034712430078,
    "NGLD": 0.16780500275414745,
    "KSTBF": 0.16733268660911005,
    "MJGCF": 0.16732596601152844,
    "MIMZF": 0.1673048092846371,
    "ANXGF": 0.1671696555072902,
    "EQX": 0.1670461476824931,
    "PROBF": 0.16699220468420173,
    "CJCFF": 0.1667386886325262,
    "NVDEF": 0.1665412237821076,
    "FIEIF": 0.16617978806212821,
    "SMPEF": 0.16608858122920103,
    "CXBMF": 0.1660680269266705,
    "RDGMF": 0.16563474010026322,
    "VGMIF": 0.16556687830128095,
    "LBHRF": 0.1653808501661099,
    "BYAGF": 0.16512648940230099,
    "VAUCF": 0.16472575562901492,
    "WDOFF": 0.16436260657341048,
    "FRERF": 0.1639612417246041,
    "AGCBF": 0.16348664236865276,
    "ATADF": 0.16327413157275128,
    "IAG": 0.16314136929423126,
    "NTGSF": 0.16309549762942713,
    "CNMVF": 0.16300281822070511,
    "XXMMF": 0.16289509693746881,
    "CDELF": 0.1622248733596111,
    "AGAUF": 0.16200842328596454,
    "WARGF": 0.16184945347875393,
    "VLCJF": 0.16162045956082716,
    "ARGTF": 0.1614826398441226,
    "AAU": 0.16117816884824146,
    "FTBYF": 0.16062614922667676,
    "CANWF": 0.16032779762309624,
    "GMVMF": 0.15995297279358187,
    "VITFF": 0.1589824917242045,
    "RUPRF": 0.1587514618578009,
    "SXNTF": 0.15866177143476345,
    "MGMLF": 0.1580600759091424,
    "STRRF": 0.15799262783168402,
    "MGLQF": 0.15745024152153267,
    "NOMNF": 0.15713313971623133,
    "BLAGF": 0.1566490634752622,
    "CGAU": 0.15663493004475035,
    "MAUTF": 0.1565833407435029,
    "ALDVF": 0.15657807008555846,
    "OZBKF": 0.15625033410407865,
    "AGI": 0.15620090665587727,
    "SPAZF": 0.15605098497862646,
    "TPRFF": 0.15572693176350308,
    "CGLCF": 0.15557518655922922,
    "AEM": 0.15540454229370962,
    "TLRS": 0.15531170194299435,
    "ALLXF": 0.15456693030224203,
    "XMTTF": 0.15421054406735724,
    "ORLA": 0.15396374663427684,
    "KSSRF": 0.15391481524652517,
    "GRXMF": 0.1533556247852556,
    "ORFDF": 0.15301578503486868,
    "AGGFF": 0.15257389599277102,
    "MNGG": 0.1525301788589427,
    "CFGMF": 0.15144688504505016,
    "CRCUF": 0.1514136243311478,
    "CNMXF": 0.15123032927766022,
    "DTARF": 0.15115136184222472,
    "NFLDF": 0.15109941918061445,
    "MNDJF": 0.15098406878214604,
    "RDEMF": 0.15091545759107775,
    "CQRLF": 0.1506048326077727,
    "GBARF": 0.15052120273595931,
    "EGO": 0.15048861720055212,
    "PLYN": 0.1503715969498505,
    "SSTT": 0.15016627912322011,
    "SUIFF": 0.15000298321249803,
    "HGGOF": 0.14997639609727145,
    "LMEFF": 0.14994742845043807,
    "HUMRF": 0.1491615188860469,
    "MGVMF": 0.14903070923105075,
    "KOREF": 0.14883001667035503,
    "WHGDF": 0.14824558256523865,
    "RVLGF": 0.14820923252891754,
    "XNDRF": 0.148037866737686,
    "BTUMF": 0.1475379257396459,
    "AUXXF": 0.14753707387332332,
    "SICNF": 0.14745655997401255,
    "NCMGF": 0.14736081648600713,
    "NCMGY": 0.14736081648600713,
    "ARMZF": 0.14665538643355155,
    "HRTFF": 0.14638678223754598,
    "RIOFF": 0.14627295514965985,
    "TSGZF": 0.1462148010488381,
    "OBNNF": 0.1458512512180454,
    "GSV": 0.14558771361803866,
    "GBGD": 0.14556010598764754,
    "CGOL": 0.14546926855597897,
    "JSHG": 0.14542451593746455,
    "RMETF": 0.1453930227620996,
    "CMMMF": 0.14511175326963183,
    "RMLRF": 0.14486961909058121,
    "TRYRF": 0.14479188647425717,
    "TETOF": 0.14473886978854725,
    "FSXLF": 0.14467301377123956,
    "RSRBF": 0.14467004761477895,
    "ANGVF": 0.14433812954262407,
    "BRYYF": 0.14423797457471327,
    "NWGC": 0.14382800574635768,
    "RYES": 0.14356193705359013,
    "GPTRF": 0.14322765682149322,
    "JAGGF": 0.14315188850814087,
    "GPXM": 0.142995136105681,
    "GORO": 0.14287809460753728,
    "SROYF": 0.14260242277183435,
    "TGLDF": 0.14248887874114585,
    "WGMCF": 0.14243587403914704,
    "MDSMF": 0.1423394080941752,
    "PGRCF": 0.14220254864237067,
    "RCGCF": 0.14208514415320428,
    "BTKRF": 0.14177024245665634,
    "NSAUF": 0.1415126496535273,
    "AUMBF": 0.14138238821244772,
    "KSKGF": 0.14115811015013396,
    "LOMLF": 0.14080451370542701,
    "AAMMF": 0.140711749723492,
    "RGDFF": 0.14062442824549282,
    "CAHPF": 0.14057414397046689,
    "KGC": 0.14032616791366465,