{
    "CANWF": 1.0000000000000002,
    "TRRFF": 0.3504015792922329,
    "AUXXF": 0.27062450631197266,
    "AGGFF": 0.270428423646379,
    "HUMRF": 0.2690817803230955,
    "GCFFF": 0.25718692062521487,
    "NVDEF": 0.25693939338993244,
    "KAMRF": 0.25594629922038237,
    "NKOSF": 0.2545106654569927,
    "ATADF": 0.2504370202489569,
    "GFGSF": 0.25009141312092237,
    "PACXF": 0.24769327552711828,
    "YGTFF": 0.2461087706276982,
    "MRIRF": 0.243821551878783,
    "ETHOF": 0.24281078377633464,
    "MAUTF": 0.23947851473485637,
    "RTMFF": 0.23875183718028647,
    "EGMLF": 0.23862205972097023,
    "KDKGF": 0.23661508636871972,
    "ORZCF": 0.23632044304576047,
    "PVG": 0.2355120714990467,
    "CGOL": 0.2349852278420274,
    "CJCFF": 0.23462856157369352,
    "GGGOF": 0.23341122742551995,
    "TDRRF": 0.23338700949226593,
    "TETOF": 0.2312255257704399,
    "CNDGF": 0.22956916943152678,
    "FRERF": 0.22898576005994944,
    "IAG": 0.22882831013839816,
    "CGAU": 0.2282843566130771,
    "AURQD": 0.2282087443583766,
    "AURQF": 0.2282087443583766,
    "CBGZF": 0.22742515697383137,
    "ORFDF": 0.22551197106592713,
    "SGCPF": 0.22533416743468712,
    "MMRGF": 0.22520504960126345,
    "XTGRF": 0.22428751082592946,
    "STVGF": 0.22401485180195532,
    "LONCF": 0.22341213966080908,
    "RUPRF": 0.22281270537783876,
    "ANGVF": 0.22225298149823675,
    "BNAUF": 0.22167278501572857,
    "RMGGF": 0.22156216564940348,
    "RMGGY": 0.22156216564940348,
    "AVGDF": 0.22072932184776511,
    "WHGDF": 0.22019360502829688,
    "FFOXF": 0.2201602494023795,
    "GTGDF": 0.21878095597126151,
    "SIREF": 0.2185089871681642,
    "FSXLF": 0.21850668516035182,
    "VVCVF": 0.21788617779487401,
    "GLDG": 0.2178014421058582,
    "KSTBF": 0.2175533738480306,
    "RCTFF": 0.21737783799847912,
    "SXNTF": 0.21480805522632251,
    "CTCGF": 0.2143004664843951,
    "SGGDF": 0.21289891268358588,
    "PREIF": 0.2128098571161657,
    "MRTMF": 0.21273302341303224,
    "SADMF": 0.21262814257276316,
    "GPTRF": 0.2125908756730146,
    "PROBF": 0.21243708557881497,
    "LADFF": 0.21240075650256102,
    "RMETF": 0.21223569579749454,
    "CFGMF": 0.21114807551956777,
    "WARGF": 0.21113185562390097,
    "VGMIF": 0.21058510818661905,
    "NXXGF": 0.21056500433519992,
    "WFRSF": 0.20991023316703822,
    "MGDPF": 0.20930897550165947,
    "LBHRF": 0.20892638776773187,
    "MDSMF": 0.20873234563887855,
    "HNDI": 0.20850113137129042,
    "DGDCF": 0.20836640363745934,
    "GAYMF": 0.20756703866524695,
    "UGDIF": 0.20689332424048154,
    "ARGTF": 0.20618888715675848,
    "EFRGF": 0.20611713322967326,
    "CLGCF": 0.20605256351464635,
    "ALDVF": 0.20578252924721413,
    "ROGFF": 0.20521711857036187,
    "SITKF": 0.20519753806338817,
    "SRCRF": 0.20517336176602002,
    "BGADF": 0.20488333597967162,
    "CRCUF": 0.20433798853406235,
    "ELYGF": 0.20431279875964103,
    "GRCAF": 0.20375442270421618,
    "MGMLF": 0.2036643253622809,
    "PNCKF": 0.20349169403262818,
    "BRYYF": 0.2034337700291344,
    "SUPGF": 0.20327992557906807,
    "OREAF": 0.20316162677865976,
    "AUGG": 0.20270537072692624,
    "ALLXF": 0.20155255400187827,
    "CNMVF": 0.20135024560682135,
    "AAU": 0.20128804774960662,
    "NG": 0.20128153878957122,
    "GGISF": 0.2008803637725891,
    "SRLTF": 0.20054952171564036,
    "SGGTF": 0.19980602277077741,
    "DCHRF": 0.1996749688385097,
    "MSGCF": 0.19923860054139472,
    "IEGCF": 0.19912492715618474,
    "TGLDF": 0.199108675052998,
    "RVLGF": 0.19853240544885978,
    "QCXGF": 0.19768457015787305,
    "LRDJF": 0.19723616687668985,
    "LGDTF": 0.19673223629432238,
    "NVGLF": 0.1966674859338628,
    "EQX": 0.1962577651135188,
    "RDEXF": 0.1959644129367841,
    "JSHG": 0.19593723771246555,
    "MNDJF": 0.1959314401707671,
    "BLAGF": 0.19582995862831398,
    "KNTNF": 0.1953846217900377,
    "RFHRF": 0.19536061166421517,
    "TPRFF": 0.1953253573367147,
    "XMTTF": 0.19468634660061235,
    "ARBTF": 0.19412191578639115,
    "RMRDF": 0.19404408752894353,
    "SSRM": 0.19391112313709521,
    "AXMIF": 0.19345614049786172,
    "GOLD": 0.19339810521885378,
    "RMIOF": 0.19304284408169922,
    "GAU": 0.19294467627519657,
    "RDUFF": 0.19286400345157267,
    "HCHDF": 0.19279261913556947,
    "AGI": 0.1923120169528502,
    "USCS": 0.1915870702543684,
    "GXSFF": 0.19145677087087568,
    "KPZIF": 0.19113805974241663,
    "CMMMF": 0.19020824765826216,
    "FGLDF": 0.19001638775726803,
    "BVTEF": 0.18913044458572587,
    "BTKRF": 0.18854885940472052,
    "XNDRF": 0.18823521193454731,
    "GGAZF": 0.1880866082675935,
    "WKGFF": 0.18798061549203726,
    "NCMGF": 0.18759060101029118,
    "NCMGY": 0.18759060101029118,
    "STRRF": 0.18711923320520088,
    "GMVMF": 0.1869099163364436,
    "RDEMF": 0.1864719109110971,
    "MNGG": 0.1864398857203481,
    "NTGSF": 0.18632252035787844,
    "FTMNF": 0.18544582649135197,
    "VLCJF": 0.18495610054270653,
    "RCGCF": 0.18470319782836228,
    "PMCCF": 0.1846823146142767,
    "PRRVF": 0.1842518233252935,
    "OBNNF": 0.1841519924918306,
    "LMEFF": 0.18391500548899525,
    "RNDXF": 0.18389314224240524,
    "HSTXF": 0.18383140292574135,
    "TRYRF": 0.1834358969637016,
    "ALRGF": 0.18336951840636062,
    "CDE": 0.1823330418355279,
    "PLYN": 0.18186132994301282,
    "NRGOF": 0.18170063322310273,
    "GBARF": 0.18161750200035837,
    "NGD": 0.18157700095540605,
    "HMY": 0.18142611873147216,
    "BLTMF": 0.18110920717137174,
    "GYNAF": 0.18071860271787762,
    "SLMXF": 0.18062152823237962,
    "ORLA": 0.18052609444650353,
    "TROIF": 0.1803038273970078,
    "KGC": 0.18018780547857643,
    "SMAGF": 0.17922380961710246,
    "MCDMF": 0.17917014367885828,
    "FMANF": 0.17912507489521873,
    "YNGFF": 0.17893605500615414,
    "VMNGF": 0.17859912442918102,
    "FIEIF": 0.17816452836536,
    "GGCPF": 0.17789199217838378,
    "KRRGF": 0.17771640528836533,
    "CERRF": 0.17741945100608963,
    "ADGCF": 0.17737052319084312,
    "AMMPF": 0.17713386331765438,
    "SBSW": 0.17712598369682786,
    "SBYSF": 0.17712598369682786,
    "AGDXF": 0.17700720357380645,
    "AMXEF": 0.17677139414735343,
    "CCRRF": 0.1766041827791889,
    "EGDD": 0.1762960035018034,
    "GRXMF": 0.1761932759618019,
    "SA": 0.17617405947154097,
    "RNGTF": 0.17564334468676787,
    "KSKGF": 0.17549933059226977,
    "CDELF": 0.17529326604958523,
    "NSGCF": 0.1752479957760987,
    "WLRMF": 0.1751838294176719,
    "AIRRF": 0.1750910176207123,
    "DNGDF": 0.17450073634181407,
    "TORXF": 0.173707366194522,
    "RGRNF": 0.1736246669555062,
    "TGGDF": 0.17354066752511,
    "RHRYF": 0.17315556593672168,
    "USGDF": 0.17313416097225015,
    "MNRLF": 0.1723924866347469,
    "GORO": 0.17229283285730776,
    "OMMSF": 0.17167612781470243,
    "ARMZF": 0.17141672828105442,
    "GYPHQ": 0.1710224682243533,
    "MJGCF": 0.1706141014652718,
    "HGGOF": 0.17049146735612952,
    "JNCCF": 0.1700455503364114,
    "VAUCF": 0.1697951901765423,
    "TRX": 0.1693386238462778,
    "BONXF": 0.16814302737085907,
    "WDOFF": 0.16806074671789123,
    "NEM": 0.16802000649209264,
    "VITFF": 0.1679349491455329,
    "CCHI": 0.1678646591012072,
    "LMGDF": 0.16773817193650595,
    "KTGDF": 0.16771880805850914,
    "LRTNF": 0.16737281289135036,
    "EGMCF": 0.16687425020491875,
    "GSV": 0.16549171373120686,
    "SSTT": 0.16501694476763873,
    "OCGSF": 0.1646252255611283,
    "PGOL": 0.1641736569664188,
    "CBLRF": 0.1639455161027989,
    "USAU": 0.16382177168698134,
    "DTARF": 0.16372932742973498,
    "TSGZF": 0.16318497099432913,
    "CXBMF": 0.1629952193058256,
    "GRYCF": 0.16294359721789808,
    "APRAF": 0.16263810898200076,
    "AGCBF": 0.1620657733459879,
    "CTGO": 0.16176034129603536,
    "WHGOF": 0.1617526318067616,
    "NFGFF": 0.16174330519523242,
    "DRD": 0.16160753524155919,
    "MIMZF": 0.16147008388071452,
    "ASWRF": 0.1613470978911625,
    "PLMNF": 0.16102007327950843,
    "NULGF": 0.1608976455809746,
    "RMLRF": 0.16086170107897246,