{
    "EDVMF": 1.0000000000000002,
    "ROGFF": 0.3108735221548447,
    "IAG": 0.2881083396769283,
    "PMNXF": 0.25196504198313185,
    "ORZCF": 0.24506957532993032,
    "BTG": 0.23616320683426928,
    "BNAUF": 0.23343889193846531,
    "WFRSF": 0.232097196360099,
    "HUMRF": 0.2286819163946296,
    "RGDFF": 0.22802508991111564,
    "GOLD": 0.22570117024862216,
    "AGGFF": 0.2237692240669874,
    "PMCCF": 0.21629251793341164,
    "AGCZ": 0.21563035668021802,
    "GBGD": 0.21376060625932636,
    "HCHDF": 0.21091503104306722,
    "EGO": 0.2092512310618894,
    "RMGGF": 0.20918560545146248,
    "RMGGY": 0.20918560545146248,
    "CELTF": 0.20874857204696304,
    "RCGCF": 0.20817978638996903,
    "RDEMF": 0.20495354087889914,
    "SUIFF": 0.2041465527868617,
    "MAUTF": 0.20287879747318108,
    "NULGF": 0.1997402975306508,
    "KTGDF": 0.19836161793327894,
    "CMCL": 0.1975764421569661,
    "SGRCF": 0.19526135156755153,
    "GCFFF": 0.19511890297136575,
    "AUMBF": 0.19485713016855769,
    "CJCFF": 0.19426949193673243,
    "EGMCF": 0.1895861110389443,
    "TRX": 0.18904657724269472,
    "TLRS": 0.18811930105033337,
    "TETOF": 0.18781718650081874,
    "OCANF": 0.18748470690198749,
    "OGDCF": 0.18748470690198749,
    "MGDPF": 0.1832047381051472,
    "PACXF": 0.1823872640265183,
    "CGAU": 0.17911164629174414,
    "WHGOF": 0.1787012128421588,
    "ALLXF": 0.17867881292882073,
    "EQX": 0.17778607173127609,
    "NVGLF": 0.17745453111127538,
    "GRXMF": 0.17696274338890983,
    "GGCPF": 0.17570928532420083,
    "MNDJF": 0.1756708860162092,
    "SBSW": 0.17513684445363503,
    "SBYSF": 0.17513684445363503,
    "AVGDF": 0.17452393311547013,
    "VVCVF": 0.17391194435697585,
    "SITKF": 0.17387718338951402,
    "NXXGF": 0.17321984140822205,
    "KSTBF": 0.17206110496103574,
    "PUCCF": 0.17026996871068387,
    "NRGOF": 0.17024269117154678,
    "MOJGF": 0.16849202847838526,
    "HL-PB": 0.1680956044460121,
    "HL": 0.1680956044460121,
    "RSRBF": 0.16803880487196468,
    "CDE": 0.16743099766154593,
    "GORO": 0.1664964142328565,
    "NWGC": 0.16641037025688618,
    "YGTFF": 0.16577674017276772,
    "NCMGF": 0.1651195607430098,
    "NCMGY": 0.1651195607430098,
    "SRCRF": 0.164215733422267,
    "MDSMF": 0.16368852310965215,
    "GSS": 0.16349653349046345,
    "MGMLF": 0.16322699642615335,
    "GALKF": 0.16269989586578662,
    "SSRM": 0.1625569806151028,
    "TOGOF": 0.16215452982151168,
    "GGGOF": 0.16210692952845876,
    "OBNNF": 0.16159261551445925,
    "WKGFF": 0.16082819647240498,
    "MMTMF": 0.15971546175233797,
    "RFHRF": 0.15927405878327303,
    "ARGTF": 0.15916433316036502,
    "KPZIF": 0.15907575111075115,
    "GLDG": 0.15894868497577147,
    "EGMLF": 0.1585240547836504,
    "AMXEF": 0.15823385938501958,
    "TRYRF": 0.1581096168746051,
    "FSXLF": 0.15808530208323404,
    "QCXGF": 0.15789957140537106,
    "PRRVF": 0.15781128938422165,
    "TRRFF": 0.15762553720763,
    "FTCO": 0.15735401351422135,
    "CNMVF": 0.15686877286062875,
    "RDEXF": 0.15634091498580194,
    "WVMDF": 0.15592316494594882,
    "GPTRF": 0.15580596296583737,
    "RNDXF": 0.15516548553178217,
    "ORFDF": 0.15383880423573656,
    "BVTEF": 0.15350481166954727,
    "KL": 0.1534408140866976,
    "YNGFF": 0.1528220173015638,
    "CLGCF": 0.15247369222944873,
    "AFYG": 0.1524719466800146,
    "VGMIF": 0.15230415039831072,
    "CFGMF": 0.1521155014916331,
    "CHSO": 0.15208312460385517,
    "THXPF": 0.151265550027893,
    "FFMGF": 0.1512072508087425,
    "SRBIF": 0.15100658876534154,
    "NTGSF": 0.1509332147918896,
    "SRLTF": 0.1509327052928034,
    "ETHOF": 0.15074596614701208,
    "MAKOF": 0.15074026659796702,
    "AURQD": 0.15065940731067615,
    "AURQF": 0.15065940731067615,
    "BGADF": 0.15005601350926379,
    "GYPHQ": 0.15005568293102192,
    "ADGCF": 0.15003965530596416,
    "MMRGF": 0.1497816997211932,
    "HGGOF": 0.14975767058261322,
    "RNGTF": 0.14969518154613237,
    "TGLDF": 0.14960268893468345,
    "PVG": 0.1485355076970929,
    "FGLDF": 0.1479763964279856,
    "AEM": 0.14777748183980643,
    "MRTMF": 0.1476188809761022,
    "RMIOF": 0.1476165913375821,
    "ARNGF": 0.14759578570493564,
    "AGI": 0.14743746851545253,
    "FNV": 0.14740544911354772,
    "DGDCF": 0.14690596010949225,
    "NESRF": 0.1454453885804832,
    "ALKEF": 0.14544308705401351,
    "KRRGF": 0.1453097780712146,
    "KSKGF": 0.1452935749841092,
    "MNGG": 0.14517567663104272,
    "CDELF": 0.14510220729860251,
    "CQRLF": 0.14500795568137967,
    "XNDRF": 0.14486414544541404,
    "AUGG": 0.14442642948456227,
    "RUPRF": 0.1443035336671656,
    "USAU": 0.14425161849626078,
    "CCHI": 0.14412419640989807,
    "MCDMF": 0.1437476839435348,
    "GRYCF": 0.14373339480133274,
    "WARGF": 0.14364416580878503,
    "USCS": 0.14355934575033352,
    "CCRRF": 0.14307856370097163,
    "GTGDF": 0.14297698209462067,
    "TORXF": 0.1429258013793952,
    "ANGVF": 0.14286011106980134,
    "KAMRF": 0.14277503074974882,
    "KSSRF": 0.14264343703932109,
    "TPRFF": 0.14252581830566718,
    "RMLFF": 0.14234082769882805,
    "CXBMF": 0.1420832727527536,
    "EFRGF": 0.14148919150985315,
    "TSRMF": 0.14133775169023965,
    "NGUGF": 0.1410269202103151,
    "SSTT": 0.1408525540644634,
    "ATADF": 0.14050937139848374,
    "MGVMF": 0.14000004398188848,
    "WLRMF": 0.1396447225045485,
    "GBRCF": 0.13958972298058855,
    "HMY": 0.1393695295101369,
    "ABMBF": 0.13920206096683363,
    "FIEIF": 0.13915129398796885,
    "ANXGF": 0.13894238453755783,
    "XXMMF": 0.13884253804921262,
    "IEGCF": 0.1388143287531365,
    "SGGDF": 0.13868841148796235,
    "THM": 0.13855896794084177,
    "ARMZF": 0.1383074521576193,
    "ATLDF": 0.1382865759094145,
    "LBHRF": 0.13725715089427257,
    "CTCGF": 0.13719201442271847,
    "SA": 0.13702024696572418,
    "FDVXF": 0.13659655160304976,
    "LGDTF": 0.13612716259008795,
    "VITFF": 0.13606480869667453,
    "PNCKF": 0.13575983756053028,
    "LKAI": 0.13571674058135652,
    "RVLGF": 0.13545584296016486,
    "FIOGF": 0.1354358573024436,
    "LADFF": 0.1353632586181819,
    "BYAGF": 0.135019990747194,
    "WDOFF": 0.13438358879223417,
    "CRCUF": 0.13391861865633017,
    "FFOXF": 0.13366506223647504,
    "SIREF": 0.1335730181787192,
    "KGC": 0.13353041766971943,
    "AUXXF": 0.13326120374702638,
    "RMLRF": 0.13295427704627708,
    "TDRRF": 0.1326837134033671,
    "OMMSF": 0.13260510498749883,
    "NSGCF": 0.13241741245514344,
    "GGAZF": 0.13240527019478804,
    "MSGCF": 0.13217678246868178,
    "RCTFF": 0.13216833283535565,
    "VNNHF": 0.13189389386727698,
    "CAHPF": 0.13149006732158564,
    "DTARF": 0.1314839700056921,
    "GAU": 0.13146641650816004,
    "PGOL": 0.13140379354913995,
    "GGISF": 0.13125907707445827,
    "GFGSF": 0.13104183521798082,
    "NGD": 0.1309895616900983,
    "SMAGF": 0.13093704247895457,
    "CGOL": 0.13067379024594808,
    "SUPGF": 0.13067131610610674,
    "EQTRF": 0.13066511922715787,
    "DNGDF": 0.1304175240955294,
    "KDKGF": 0.13029869419338783,
    "SROYF": 0.12993776750080166,
    "SXNTF": 0.12970350867127262,
    "RGRNF": 0.12948296265423356,
    "GRCAF": 0.12937412295995288,
    "SGCPF": 0.12919012560868295,
    "UGDIF": 0.12902922332925437,
    "NCAUF": 0.12838103718102684,
    "AAU": 0.1283024585274415,
    "NKOSF": 0.12828197632352814,
    "LONCF": 0.1282188902893013,
    "PROBF": 0.12799720333229236,
    "RRDMF": 0.12749727593923435,
    "RMETF": 0.12748996028397636,
    "JSHG": 0.12731811336584323,
    "RMRDF": 0.1272571188765498,
    "RTMFF": 0.1269018899751836,
    "GAYMF": 0.1268676557226712,
    "BLAGF": 0.12681750089176308,
    "GBARF": 0.12672094166760178,
    "AXMIF": 0.12635293697083644,
    "EGDD": 0.12624438185439443,
    "ALRGF": 0.12566832412713755,
    "SAND": 0.12554750499290152,
    "ARBTF": 0.12520035542432037,
    "RHRYF": 0.12474783463015644,
    "FRERF": 0.12446348216326106,
    "AMMPF": 0.12444707905308716,
    "MPUCF": 0.12427622990800409,
    "BARUF": 0.12426120317197367,