{
    "EVLLF": 1.0000000000000002,
    "RNDXF": 0.2111977721885793,
    "PVG": 0.16791397004118588,
    "MGDPF": 0.16167972732728658,
    "AGI": 0.16140257827826937,
    "RCCMF": 0.15741542341697035,
    "CJCFF": 0.15560948307617864,
    "TETOF": 0.14581944767690805,
    "ZHAOF": 0.14413784451644232,
    "HL-PB": 0.14312578715422763,
    "HL": 0.14312578715422763,
    "NRGOF": 0.14235835388253132,
    "SGGDF": 0.14182911820026955,
    "SSRM": 0.14107561856546205,
    "CDE": 0.13825811536557375,
    "RMETF": 0.1377908716431489,
    "TRRFF": 0.13640688713819454,
    "SUPGF": 0.13304596088783716,
    "PACXF": 0.13156126189804232,
    "AUXXF": 0.1310483483424347,
    "JSHG": 0.13060572241582283,
    "CGCO": 0.12883702499527125,
    "AGGFF": 0.12866726919718333,
    "OMMSF": 0.1286004099429544,
    "KPZIF": 0.1279738248839139,
    "MNDJF": 0.12783262436223813,
    "RMIOF": 0.1271957920996872,
    "IAG": 0.12598066029927651,
    "GORO": 0.12473546341009951,
    "GTGDF": 0.12460945494928757,
    "TSRMF": 0.12441883070586862,
    "CGAU": 0.12440876328818834,
    "HCHDF": 0.12353303734265224,
    "BONXF": 0.12271373163158343,
    "USCS": 0.12269362915692282,
    "LRTNF": 0.12264125956018658,
    "SGMNF": 0.12143132111564572,
    "WARGF": 0.12117098191123768,
    "CRCUF": 0.1210874731660627,
    "LMGDF": 0.12077250715359658,
    "AUGG": 0.12023377979095841,
    "KGC": 0.1201272737201939,
    "PNCKF": 0.12011289876333227,
    "PREIF": 0.11993675671761951,
    "RDEXF": 0.11940392049120997,
    "AIRRF": 0.11910708868294033,
    "LONCF": 0.11888305920893506,
    "GGXXF": 0.11842693655361251,
    "KAMRF": 0.117986159897446,
    "ALLXF": 0.11798439325883553,
    "CMCL": 0.11775512044570535,
    "ATADF": 0.11773735423913742,
    "YNGFF": 0.11736852211609583,
    "SIREF": 0.1173556058061998,
    "HUMRF": 0.11720923392199921,
    "KTGDF": 0.11704959925096066,
    "BLTMF": 0.11700420544783847,
    "EGMLF": 0.11617514283792442,
    "AMXEF": 0.11595369747121818,
    "BYAGF": 0.11592596467009579,
    "MMRGF": 0.11543014096178973,
    "CMMMF": 0.11530909992263322,
    "KSTBF": 0.11523986220846948,
    "STRRF": 0.11493380357196988,
    "WPM": 0.11489748354268298,
    "AVGDF": 0.11376467722658112,
    "ORFDF": 0.11370116209454313,
    "MAUTF": 0.1134767082462874,
    "GCFFF": 0.11341801467202249,
    "OBNNF": 0.11307965545551214,
    "PMCCF": 0.11291648562915842,
    "EQX": 0.11277057805186262,
    "RFHRF": 0.11265944815892523,
    "AAU": 0.11245973231903382,
    "FSXLF": 0.11213818670671431,
    "ARBTF": 0.11202083356708152,
    "MNGG": 0.11173012158611484,
    "GGISF": 0.11167525915862062,
    "ALDVF": 0.11150657650421694,
    "NULGF": 0.11093435736393427,
    "BNAUF": 0.11084086282569475,
    "WDOFF": 0.11070760007930128,
    "MGVMF": 0.11023815561678328,
    "GAU": 0.11022927812637595,
    "SBSW": 0.11016755549505801,
    "SBYSF": 0.11016755549505801,
    "TSGZF": 0.11012027924322543,
    "DCHRF": 0.1101165387774354,
    "ALRGF": 0.1100563777511779,
    "CNMVF": 0.10991821574332851,
    "FNV": 0.10989068303441686,
    "GFGSF": 0.10984438705649383,
    "MAKOF": 0.10970820963114632,
    "ARNGF": 0.10956542139390875,
    "MRIRF": 0.10942415384154366,
    "SXNTF": 0.10935134926632593,
    "GRYCF": 0.10904060194257971,
    "LGDTF": 0.1090026466327149,
    "QCXGF": 0.10899908413433737,
    "AUMBF": 0.10893953507782905,
    "VVCVF": 0.10885523869330105,
    "RNGTF": 0.10882649405029741,
    "CDELF": 0.10863880079475811,
    "NVGLF": 0.10860036718310179,
    "GPTRF": 0.1083410519469663,
    "FFMGF": 0.1078949569163784,
    "HGGOF": 0.10785306511357581,
    "XMTTF": 0.10772996093904078,
    "ROVMF": 0.10768847661311726,
    "TGLDF": 0.10719735053121746,
    "GAYMF": 0.1071626224245416,
    "HSTXF": 0.10705386695706907,
    "LMEFF": 0.10686525815934246,
    "HMY": 0.10686406633981192,
    "DPMLF": 0.10665254319142856,
    "GLDG": 0.10618198615402741,
    "GGGOF": 0.10561767776508858,
    "MAIFF": 0.10531756196286168,
    "ECRFF": 0.10521703248397116,
    "MRTMF": 0.10482495754287705,
    "LBHRF": 0.10472179811658996,
    "CXBMF": 0.10471675875563624,
    "IEGCF": 0.10467892966712428,
    "AURQD": 0.10449620209686801,
    "AURQF": 0.10449620209686801,
    "BTKRF": 0.10448526106375589,
    "CFGMF": 0.10439275205230668,
    "YGTFF": 0.1041005143424792,
    "PROBF": 0.10388909687633283,
    "BGADF": 0.1038652272395618,
    "RVLGF": 0.10346109849089584,
    "OR": 0.10344472368110215,
    "AIVN": 0.10335051818261469,
    "WFRSF": 0.10321412747315163,
    "PRRVF": 0.10276652694209687,
    "OCANF": 0.10274244417833914,
    "OGDCF": 0.10274244417833914,
    "NPDCF": 0.10253347904009694,
    "KRRGF": 0.10236091092555857,
    "NOMNF": 0.10232421665464451,
    "FDVXF": 0.10229807930740731,
    "AEM": 0.10224035717899661,
    "RIOFF": 0.10211249150924305,
    "UGDIF": 0.10199603211285652,
    "BVTEF": 0.1017133889523982,
    "TNGL": 0.10149656246681346,
    "NCMGF": 0.1012768617900885,
    "NCMGY": 0.1012768617900885,
    "ASWRF": 0.10120303883619726,
    "NXXGF": 0.10107840392568644,
    "ETHOF": 0.10107713220189365,
    "WKGFF": 0.10076746054834226,
    "JUPGF": 0.10063892244635642,
    "BRYYF": 0.10032616633281108,
    "KSKGF": 0.10030981857727336,
    "ARMZF": 0.10019501132906011,
    "SA": 0.09998523452178713,
    "KDKGF": 0.09990853293481139,
    "SLMXF": 0.09983217972273897,
    "VAUCF": 0.09978812747609672,
    "CANWF": 0.09973436241152579,
    "DRD": 0.09969958483090087,
    "TRARF": 0.09936585497539506,
    "EGMCF": 0.0993430490298537,
    "MDSMF": 0.09920411754735141,
    "RUPRF": 0.09912552067637806,
    "RDEMF": 0.09890104220903753,
    "ORZCF": 0.09883802275833908,
    "CCRRF": 0.0987129833254615,
    "NFGFF": 0.0985423303672955,
    "GRCAF": 0.09802819561212867,
    "RCGCF": 0.09779252119457171,
    "GBBFF": 0.09775140144000756,
    "SRBIF": 0.09759366249323573,
    "GSS": 0.09759337730483714,
    "STVGF": 0.09755625921342413,
    "GGAZF": 0.09748454344123735,
    "XXMMF": 0.09729916455968217,
    "VITFF": 0.0972495178848149,
    "VGMIF": 0.09697531622787571,
    "NESRF": 0.09697466819765843,
    "SROYF": 0.09695990907579102,
    "TPRFF": 0.09678488047853957,
    "CCHI": 0.09667863627463313,
    "WVMDF": 0.09665088689779347,
    "ANGVF": 0.09620688781110931,
    "KL": 0.0961434019185839,
    "RTMFF": 0.09614172505848953,
    "TRII": 0.09597358309459217,
    "MCDMF": 0.09582832357197014,
    "RMRDF": 0.09558716007091675,
    "CLGCF": 0.09553414723305453,
    "EMRRF": 0.09543073976867503,
    "RMGGF": 0.09541517299981203,
    "RMGGY": 0.09541517299981203,
    "AXMIF": 0.09531220647444978,
    "WLRMF": 0.09525013773029267,
    "OPYGY": 0.0952019070757167,
    "KNTNF": 0.09516164520654327,
    "NGD": 0.09513255314188125,
    "PZG": 0.09512053251149684,
    "TGMR": 0.09506657353311998,
    "FRERF": 0.0949670328501877,
    "SITKF": 0.0948045679111275,
    "FTMNF": 0.09460066755340815,
    "NG": 0.09458253516831662,
    "SRLTF": 0.09440443802446014,
    "TRYRF": 0.09438826122227002,
    "EQTRF": 0.09424576125356592,
    "ROGFF": 0.09423669677999856,
    "NTGSF": 0.09414266895782046,
    "EGO": 0.09395813836936193,
    "CTCGF": 0.09378879959788844,
    "FIEIF": 0.0933520343549463,
    "GRMC": 0.09331000218128743,
    "SSTT": 0.09316977371350955,
    "THXPF": 0.09313629642150047,
    "ARGTF": 0.09309454095242937,
    "CQRLF": 0.09298274794508109,
    "RMLFF": 0.09295497808911148,
    "FGLDF": 0.0927709251989424,
    "GMVMF": 0.09270203455925065,
    "ORLA": 0.09266179033112996,
    "RGRNF": 0.09215279031833132,
    "GBGD": 0.09214305807554747,
    "MNRLF": 0.09209600168032149,
    "VMNGF": 0.09209277643366287,
    "CBGZF": 0.09206933791270891,
    "CPNFF": 0.0919970466316047,
    "RMLRF": 0.09177031570240492,
    "MWSNF": 0.09171427130169355,
    "CELTF": 0.09154133898433432,
    "PLYN": 0.09145658032030643,
    "USAU": 0.09136658121630453,
    "SGGTF": 0.09124334538006672,
    "MMTMF": 0.09102916832135852,
    "RCTFF": 0.09098955631713529,
    "STPGF": 0.09063971046361494,