{
    "GBBFF": 1.0,
    "EQX": 0.2704860689476764,
    "AMXEF": 0.2591164500451449,
    "PVG": 0.2566842094504666,
    "CGAU": 0.24770293671332613,
    "NGD": 0.2458468427049427,
    "AGI": 0.24182196630443856,
    "ABMBF": 0.23943246804602325,
    "ARMZF": 0.23588598432773267,
    "MRIRF": 0.22912264682590952,
    "SSRM": 0.2285605519942182,
    "MNDJF": 0.22766053149506063,
    "RMIOF": 0.2265056704783536,
    "HL-PB": 0.22572044083019832,
    "HL": 0.22572044083019832,
    "EGMLF": 0.2207345690708394,
    "PACXF": 0.22027199429849864,
    "VGMIF": 0.21829434963208075,
    "ARNGF": 0.21580280385851264,
    "XMTTF": 0.21531455833739788,
    "CDE": 0.21290355136822567,
    "IAG": 0.21264889319853458,
    "KDKGF": 0.21191148076849808,
    "PROBF": 0.21158625707844328,
    "SUPGF": 0.21112884483509978,
    "GGXXF": 0.2089246420911816,
    "WDOFF": 0.2062625059373131,
    "UGDIF": 0.20383778708250141,
    "YNGFF": 0.20375731484718654,
    "RMRDF": 0.20278883602208572,
    "WARGF": 0.2026402654310888,
    "AURQD": 0.20203770515351493,
    "AURQF": 0.20203770515351493,
    "ALRGF": 0.20092109973240369,
    "CFGMF": 0.20056987658059044,
    "STRRF": 0.19947165331830538,
    "KTGDF": 0.19838902623410754,
    "FFMGF": 0.19749573141218557,
    "AUXXF": 0.19741414658359585,
    "GRCAF": 0.19698217346620958,
    "NCMGF": 0.19683370899858524,
    "NCMGY": 0.19683370899858524,
    "GAYMF": 0.1959731151184723,
    "AUGG": 0.19543278076854884,
    "OCANF": 0.19230087424345393,
    "OGDCF": 0.19230087424345393,
    "CCHI": 0.1922880964414567,
    "FTCO": 0.19197994235449534,
    "JAGGF": 0.1916300379421857,
    "NG": 0.19128633857358796,
    "GFGSF": 0.19111996417375654,
    "AGGFF": 0.1903484680362423,
    "WHGDF": 0.18982277243763207,
    "RDEXF": 0.1894819087414273,
    "SGMNF": 0.1890290821069177,
    "MJGCF": 0.1887725047890637,
    "SIREF": 0.18868303652669544,
    "ETHOF": 0.18846795760035023,
    "RCTFF": 0.1877167222598726,
    "NXXGF": 0.18762804426397417,
    "SXNTF": 0.18693196317386085,
    "GAU": 0.1868188305387144,
    "QCXGF": 0.1866048361903469,
    "JSHG": 0.1859658241820189,
    "ARBTF": 0.18595002958997656,
    "LRTNF": 0.18570501638669945,
    "KSTBF": 0.1855909054474249,
    "CLGCF": 0.1846788391186883,
    "NOMNF": 0.18467466388404666,
    "MGDPF": 0.1845207744618736,
    "VITFF": 0.1839530985374393,
    "RMLFF": 0.18373962220012985,
    "GTGDF": 0.1836282679825869,
    "CJCFF": 0.18333633015915676,
    "NULGF": 0.183129770382631,
    "ARGTF": 0.18184381157739662,
    "LMEFF": 0.18147238903564092,
    "LADFF": 0.18087452184890354,
    "TGLDF": 0.1806669792643748,
    "FRERF": 0.1806028195178983,
    "KRRGF": 0.18038710518832685,
    "GLDG": 0.18034884480409197,
    "ATLDF": 0.17918055351545767,
    "TSRMF": 0.17913590537721938,
    "MAIFF": 0.17896728849077614,
    "PNCKF": 0.1788133016416661,
    "SGCPF": 0.1787938682057777,
    "CRCUF": 0.17860578208970282,
    "OBNNF": 0.17859724590554535,
    "MIMZF": 0.178426730053159,
    "RLGMF": 0.17778556762500114,
    "DGDCF": 0.17769253135680363,
    "XNDRF": 0.17768568134810625,
    "KL": 0.17762284921778604,
    "YGTFF": 0.17755348845248695,
    "WLRMF": 0.17735812969583034,
    "MMRGF": 0.17682702298340416,
    "NRGOF": 0.17669026032458335,
    "EGMCF": 0.17658297693963868,
    "GORO": 0.17591352564965304,
    "SMAGF": 0.1757337743787951,
    "NSAUF": 0.17487357808141574,
    "WKGFF": 0.1747653468541866,
    "LMGDF": 0.17402324019508775,
    "HRTFF": 0.17362135781672583,
    "RMGGF": 0.17342127147801567,
    "RMGGY": 0.17342127147801567,
    "BLTMF": 0.17323400028452246,
    "ECRFF": 0.1730588162983607,
    "SGGDF": 0.1729944219093072,
    "PMCCF": 0.17276552622642294,
    "SGRCF": 0.1726956962501403,
    "ALDVF": 0.17260886474966167,
    "RVLGF": 0.1725928414008912,
    "ATADF": 0.17251380948249864,
    "AEM": 0.17243017867258134,
    "MNGG": 0.17221074893616095,
    "TNGL": 0.17199229498471458,
    "LGDTF": 0.17173819775750773,
    "TETOF": 0.17123264641767355,
    "RFHRF": 0.17079727173300874,
    "ORFDF": 0.1707107103617797,
    "TORXF": 0.16985898370913016,
    "RMETF": 0.16976255094244644,
    "ANGVF": 0.16966424332868485,
    "OSTO": 0.16964978040432144,
    "AGRDF": 0.16959667325557923,
    "PGOL": 0.16923111718696127,
    "CTCGF": 0.16920029950827553,
    "DCHRF": 0.169193217193823,
    "MSGCF": 0.16889934261501088,
    "GDRZF": 0.16888897654697965,
    "GPTRF": 0.1686206175290363,
    "EFRGF": 0.1685880920434309,
    "FIEIF": 0.16858719144441686,
    "CMCL": 0.16816438059818145,
    "ASWRF": 0.16815807960523158,
    "TRRFF": 0.16803176826870583,
    "KSKGF": 0.16763782688079204,
    "USGDF": 0.16718720167574927,
    "GALKF": 0.16679997719031223,
    "LRDJF": 0.16656853646432218,
    "TBGPF": 0.16648734217607158,
    "ADGCF": 0.16640677095105547,
    "CCRRF": 0.1663441425405995,
    "WVMDF": 0.16626922902672417,
    "KPZIF": 0.16624168327493935,
    "TOGOF": 0.16623931892875127,
    "MGMLF": 0.16616456504256757,
    "GLDXF": 0.16584372292733754,
    "PRRVF": 0.16541532889450436,
    "SITKF": 0.16527787880542857,
    "NPDCF": 0.1645719748591685,
    "EQTRF": 0.16375579421943715,
    "BGADF": 0.1637280413984557,
    "IEGCF": 0.16363121315133436,
    "OREAF": 0.16344883049527056,
    "VAUCF": 0.16310444695331644,
    "FMANF": 0.1630421792840062,
    "FDVXF": 0.16277013120777076,
    "NKOSF": 0.16265035040024312,
    "SPAZF": 0.1623980818488983,
    "GGCPF": 0.1615664356081119,
    "OCGSF": 0.16151793947747195,
    "GYNAF": 0.1612537880065906,
    "NTGSF": 0.16112279416140426,
    "CNMVF": 0.16102367882463944,
    "CXBMF": 0.16083308395520993,
    "CQRLF": 0.16072077615506775,
    "HCHDF": 0.16013076097094728,
    "IMII": 0.16004411866183696,
    "MGLQF": 0.15997007649903947,
    "ORLA": 0.15982919079728425,
    "XXMMF": 0.15975159995134994,
    "WGMCF": 0.15952835073700078,
    "GSS": 0.15924440641958215,
    "TGGDF": 0.15903306211664323,
    "GMVMF": 0.15900082088673043,
    "FTMNF": 0.15891837183640692,
    "USCS": 0.1589143743481902,
    "VMNGF": 0.1588562370555869,
    "ROVMF": 0.15872371025365636,
    "TDRRF": 0.15839724993098578,
    "AAU": 0.1582224259882085,
    "NVDEF": 0.15803412868131977,
    "NFGFF": 0.15773114934427207,
    "MPUCF": 0.15751301273493162,
    "CGOL": 0.1571543100017226,
    "NJMC": 0.15715407272613519,
    "NGLD": 0.156905888065457,
    "BTKRF": 0.1566165289085184,
    "THXPF": 0.1564758758512524,
    "AVGDF": 0.15644724141773347,
    "HMY": 0.15639820876498833,
    "CANWF": 0.15618333637221077,
    "FIOGF": 0.1561586802434142,
    "PCRAF": 0.15591638113038894,
    "OMMSF": 0.15590273074272343,
    "RYES": 0.15575798203163052,
    "GCFFF": 0.15562936158355553,
    "BNAUF": 0.15535264803452328,
    "LONCF": 0.15504701958636838,
    "HGGOF": 0.15452872406853552,
    "CNMXF": 0.15449709717426252,
    "CERRF": 0.15440202676732187,
    "LBHRF": 0.1543972018891198,
    "SA": 0.15328080951716883,
    "KAMRF": 0.1532154006762388,
    "CBLRF": 0.15314380926351032,
    "NVGLF": 0.15288242486903772,
    "SGSVF": 0.15274275287336986,
    "RNGTF": 0.1526223316544128,
    "GPXM": 0.15239100586267437,
    "BLAGF": 0.1523882835152853,
    "WTHVF": 0.15218718966455025,
    "MCDMF": 0.15213055190995475,
    "FGLDF": 0.15188540593530034,
    "BYAGF": 0.15183476661482745,
    "HUMRF": 0.15167491809222866,
    "NCAUF": 0.15149708660899128,
    "TRARF": 0.15146657094275523,
    "DTARF": 0.15087308699762358,
    "RUPRF": 0.15069203319215102,
    "ELYGF": 0.15023058286416524,
    "GBARF": 0.15022452219430554,
    "RDUFF": 0.15005543012928788,
    "SRCRF": 0.1495100955538743,
    "BONXF": 0.1494613499335355,
    "ANXGF": 0.1493642170931941,
    "AGAUF": 0.14902623975426746,
    "VVCVF": 0.1489199977245792,
    "AUMBF": 0.14877074597476017,
    "MGVMF": 0.14825603370508664,
    "ABNAF": 0.14798698390606385,
    "CMMMF": 0.14771294468208335,
    "NSRPF": 0.14770316601810116,
    "MRTMF": 0.14654033965698277,
    "GXSFF": 0.14572281871758652,
    "BTG": 0.14567805791629918,