{
    "GDRZF": 1.0000000000000002,
    "MAIFF": 0.26486596983828853,
    "PVG": 0.2393408820887114,
    "EGMLF": 0.2363354735548273,
    "MCDMF": 0.23085625507009688,
    "GORO": 0.22823208912582507,
    "FMANF": 0.2245486646751734,
    "GLDG": 0.21921763347134055,
    "MNGG": 0.21908744862401403,
    "AAU": 0.2159252062056484,
    "XMTTF": 0.21157587197520156,
    "AMXEF": 0.20929795509703855,
    "GFGSF": 0.2091372297946082,
    "EGMCF": 0.20691114005931732,
    "VVCVF": 0.206303037413432,
    "MMRGF": 0.20603773376064463,
    "LGDTF": 0.2036093054336337,
    "RCTFF": 0.19543750613690117,
    "RMLFF": 0.19511493063739044,
    "AGGFF": 0.19506844503522736,
    "CERRF": 0.19387334116226373,
    "GTGDF": 0.19083101895120672,
    "ALRGF": 0.18996287295539202,
    "ATADF": 0.18981308655134152,
    "MRIRF": 0.18953549948302825,
    "GRMC": 0.18864683441411864,
    "ARGTF": 0.1886317232677227,
    "AUGG": 0.18851317813834526,
    "QCXGF": 0.1881036861506005,
    "AURQD": 0.18690187513582243,
    "AURQF": 0.18690187513582243,
    "MNRLF": 0.18528110760336922,
    "KAMRF": 0.18524153858890524,
    "IEGCF": 0.18478008113741204,
    "NXXGF": 0.1845737335491281,
    "SIREF": 0.18441098250530782,
    "LKAI": 0.18205990545100592,
    "LMGDF": 0.18163898666086936,
    "FIOGF": 0.18026016696869387,
    "PNCKF": 0.18017392003074034,
    "PGOL": 0.17888265757214844,
    "CJCFF": 0.17796995703563062,
    "STRRF": 0.1777541810158621,
    "SITKF": 0.1766948102231119,
    "KTGDF": 0.17641051070550384,
    "MRLLF": 0.17633480013918867,
    "THMG": 0.17600349774790566,
    "GPXM": 0.1756808720325284,
    "TRRFF": 0.17565488998071446,
    "PUCCF": 0.17304814731344875,
    "GAYMF": 0.17275275196214898,
    "RTMFF": 0.17187992607712432,
    "SGGTF": 0.1718271044967981,
    "PLYN": 0.17151961867029047,
    "MGVMF": 0.1712809684513616,
    "USCS": 0.1707294730536092,
    "LMEFF": 0.1703539344707383,
    "NRGOF": 0.1698432997715003,
    "RMETF": 0.168904243304295,
    "GBBFF": 0.16888897654697965,
    "SRLTF": 0.1688514887795228,
    "AVGDF": 0.16879327939275665,
    "AUXXF": 0.16803892822261346,
    "KSTBF": 0.1674249410786542,
    "MDSMF": 0.16739633634027673,
    "MRTMF": 0.16707648603117656,
    "ORFDF": 0.16687203159623118,
    "CDE": 0.1668379070441118,
    "ANXGF": 0.16656553878894545,
    "ORLA": 0.1660716657140712,
    "SGGDF": 0.16599210983047472,
    "TGGDF": 0.16579336729431013,
    "TDRRF": 0.16570113892980423,
    "FTCO": 0.1655408299925455,
    "USGDF": 0.1655051252291637,
    "GGXXF": 0.16493047506446085,
    "WLRMF": 0.16488233078115777,
    "SRCRF": 0.16436154901150357,
    "LBHRF": 0.16430936023213744,
    "GCFFF": 0.16343153161925766,
    "SLMXF": 0.16304049177109975,
    "WHGDF": 0.16268467156449742,
    "PACXF": 0.16255562093527245,
    "TNGL": 0.16254643000223587,
    "NGD": 0.162466446511308,
    "EQTRF": 0.16185823836529056,
    "BLTMF": 0.1618013192954456,
    "GPTRF": 0.16163403391798845,
    "SGSVF": 0.16152863945003615,
    "ARBTF": 0.16098104189120344,
    "TSGZF": 0.16081945031195,
    "CTGO": 0.1605154401577949,
    "BLAGF": 0.1603851943359161,
    "RDEXF": 0.16027398700042816,
    "NVGLF": 0.1602067108752673,
    "AEM": 0.15971181343238258,
    "BGADF": 0.15952099427062827,
    "HGGOF": 0.15873383176163194,
    "USAU": 0.1585196941739091,
    "SGMNF": 0.15849721014400564,
    "NVDEF": 0.15784172462296953,
    "OREAF": 0.15773990178205513,
    "CLGCF": 0.1576770476052413,
    "RDUFF": 0.15761577038169455,
    "RMIOF": 0.15741690263376315,
    "WARGF": 0.15733236213693086,
    "FRERF": 0.15731764362060965,
    "LRTNF": 0.1571680327840453,
    "PLMNF": 0.15684064778551743,
    "FFMGF": 0.15681770665755868,
    "HUMRF": 0.15665877512542833,
    "FTBYF": 0.15655159583880207,
    "AIRRF": 0.1558354018961936,
    "CXBMF": 0.15563431680491188,
    "YGTFF": 0.1554658298005175,
    "TETOF": 0.15519622579209855,
    "OR": 0.15515596315963054,
    "MSGCF": 0.15473266960168153,
    "SGCPF": 0.1544692672175619,
    "RGLD": 0.1540747109804277,
    "PGRCF": 0.1534289090438484,
    "KOREF": 0.15336812410595155,
    "ETHOF": 0.15324239016453645,
    "TOGOF": 0.15320051832085524,
    "VMNGF": 0.15297122981445632,
    "BTKRF": 0.15222652048732616,
    "PROBF": 0.15154067341781363,
    "IAG": 0.15151994904088165,
    "NULGF": 0.15143843334682422,
    "KSKGF": 0.15143729167515904,
    "DTARF": 0.1511123776241828,
    "EFRGF": 0.15102596008634453,
    "TORXF": 0.150751587957303,
    "PCRAF": 0.1504718763660532,
    "VGMIF": 0.15028777010771463,
    "CGOL": 0.1498477757441173,
    "RMRDF": 0.14940622550361832,
    "GMVMF": 0.14935001381718738,
    "AMMPF": 0.1493173266539776,
    "CNMVF": 0.14922521852763432,
    "MJGCF": 0.1492105931417076,
    "LRDJF": 0.14915727740973356,
    "CGAU": 0.14906620936696308,
    "JSHG": 0.14899473846455338,
    "ANGVF": 0.14858123197134313,
    "NTGSF": 0.14853823795521925,
    "TSRMF": 0.14801713583748694,
    "UGDIF": 0.14789997359491477,
    "OCANF": 0.14758756975481446,
    "OGDCF": 0.14758756975481446,
    "TRII": 0.1472985336475989,
    "FGLDF": 0.1472427855202075,
    "PMCCF": 0.14719308986801027,
    "APRAF": 0.14707087861141036,
    "BYAGF": 0.14674868051912585,
    "ASWRF": 0.14649870231068254,
    "SXNTF": 0.14643232509293122,
    "GSV": 0.1463283043207721,
    "WKGFF": 0.1461520671038284,
    "SADMF": 0.14607891774896886,
    "NFGFF": 0.14559416998742034,
    "HCHDF": 0.1455350505343186,
    "RRDMF": 0.1454087856707026,
    "ABNAF": 0.1453845860227166,
    "ATOR": 0.14536633746315356,
    "NOMNF": 0.14533811476873898,
    "XNDRF": 0.14529406272397982,
    "KDKGF": 0.14509257039844808,
    "BONXF": 0.14507581047216925,
    "CCRRF": 0.1447961921737214,
    "PRRVF": 0.14437975539488068,
    "GRCAF": 0.14361828591558976,
    "GXSFF": 0.14344960099187243,
    "DGMLF": 0.14316868205338473,
    "PREIF": 0.14297463874179844,
    "NSAUF": 0.14287111253926552,
    "FTMNF": 0.14236533803339063,
    "GGAZF": 0.14211004439712546,
    "AGDXF": 0.14179407276835168,
    "NSUPF": 0.14166538453986027,
    "CNDGF": 0.1416523243143165,
    "OMMSF": 0.1412873286716888,
    "VITFF": 0.14048486972651192,
    "OBNNF": 0.14034993390158856,
    "OCGSF": 0.13984179440036934,
    "GYNAF": 0.1397733283047414,
    "MGLQF": 0.13944142584443642,
    "RUPRF": 0.13930606520034877,
    "CFGMF": 0.13929001492807538,
    "CMMMF": 0.13927901083722438,
    "NGLD": 0.13917573747816275,
    "MNDJF": 0.13894191927873692,
    "AGCBF": 0.13864196258051584,
    "YNGFF": 0.13844563030393228,
    "STPGF": 0.13819670438508422,
    "GGCPF": 0.1380564436854681,
    "DGDCF": 0.13805363613851815,
    "KNTNF": 0.13788089973482526,
    "BNAUF": 0.13765631522480165,
    "CRCUF": 0.13753233139145818,
    "GYPHQ": 0.13739818391671432,
    "ARSN": 0.13722956108465292,
    "RLGMF": 0.13718329568518572,
    "ARNGF": 0.1371686295412081,
    "WFRSF": 0.13692046327810908,
    "WVMDF": 0.13688689981119798,
    "IAUFF": 0.13652441809057744,
    "SUPGF": 0.1364978709537112,
    "SSRM": 0.13610760477159237,
    "ARMZF": 0.135907582595298,
    "CANWF": 0.13586721357796078,
    "CDELF": 0.13493557727474173,
    "ALDVF": 0.13434434540882612,
    "CBGZF": 0.1335900135486961,
    "TRYRF": 0.13309809970397282,
    "HL-PB": 0.13305213982959324,
    "HL": 0.13305213982959324,
    "NG": 0.13294312814629372,
    "AGAUF": 0.13291767598223042,
    "ELRRF": 0.13290086381801539,
    "DPMLF": 0.13241849608254314,
    "CGCO": 0.13216173822210667,
    "NCMGF": 0.13205715096214787,
    "NCMGY": 0.13205715096214787,
    "TPRFF": 0.13166569667696007,
    "NSGCF": 0.13157738720706197,
    "EQX": 0.13117503711268624,
    "ROGFF": 0.1311635203253618,
    "TROIF": 0.1305161561141053,
    "AGI": 0.130325599343099,
    "SMAGF": 0.13029766336057041,
    "TBGPF": 0.13021244085526665,
    "NKOSF": 0.1299936524759381,
    "GRYCF": 0.1298274683425869,
    "RYES": 0.12955595323036356,
    "TGLDF": 0.12925545932507226,
    "FSXLF": 0.12921485001048985,
    "CQRLF": 0.12919680180670498,
    "MMTMF": 0.12913179718286294,