{
    "GXSFF": 1.0,
    "GYNAF": 0.3961733308587644,
    "EGMLF": 0.28006821235927143,
    "TRYRF": 0.28000675962707666,
    "PRRVF": 0.2716311721170802,
    "MGMLF": 0.26933639362655887,
    "GLDXF": 0.2693234127079486,
    "GYGC": 0.2578582327891174,
    "TGLDF": 0.25078555566985294,
    "MNRLF": 0.24574955134845927,
    "ALDVF": 0.24564883328590761,
    "LBHRF": 0.24559077492692624,
    "THM": 0.2448816117500228,
    "MCDMF": 0.24351069377458479,
    "SPAZF": 0.23713544148717838,
    "MRIRF": 0.23244016170290613,
    "GLDG": 0.23220996102119051,
    "AURQD": 0.23077005569515147,
    "AURQF": 0.23077005569515147,
    "WARGF": 0.22871112498328872,
    "AEM": 0.2240428578739395,
    "DNGDF": 0.22361152261607556,
    "AAU": 0.22270067529969326,
    "GGGOF": 0.2222325807715931,
    "PACXF": 0.22153014134362312,
    "NRGOF": 0.21943716195531213,
    "FSXLF": 0.2192368024077209,
    "GPTRF": 0.21687134861492827,
    "SADMF": 0.21450188713426943,
    "MMRGF": 0.21405704511481205,
    "GAYMF": 0.21340160070605146,
    "LRDJF": 0.2129493042656668,
    "KSTBF": 0.2127580094710229,
    "WLRMF": 0.21119228896541056,
    "RDEMF": 0.20998159642141023,
    "TLRS": 0.20880771234015,
    "ABNAF": 0.20872332978294747,
    "BVTEF": 0.20837116650955637,
    "WDOFF": 0.208012387078507,
    "RMRDF": 0.20731009039006304,
    "RVLGF": 0.2072781268663781,
    "EGO": 0.20720609582743382,
    "TDRRF": 0.206645953626367,
    "TRRFF": 0.20534115853618712,
    "ALRGF": 0.20484684433996878,
    "QCXGF": 0.2043689814827814,
    "YGTFF": 0.20391710897522164,
    "BLAGF": 0.20383361254434795,
    "SRLTF": 0.20217508012233884,
    "AGGFF": 0.20073435005990137,
    "PVG": 0.20031181818888205,
    "ATADF": 0.19945812503797095,
    "SUPGF": 0.19871219396494402,
    "RMETF": 0.1977982500260382,
    "FRERF": 0.19768110154552854,
    "VVCVF": 0.19744327500903897,
    "GCFFF": 0.1972411589548519,
    "PROBF": 0.19698422022991527,
    "AUXXF": 0.1967818620546792,
    "TPRFF": 0.19587972441122498,
    "MPUCF": 0.1954636374959167,
    "HSTXF": 0.194789695042843,
    "GTGDF": 0.19413819598355744,
    "SIREF": 0.19410232562320565,
    "AGI": 0.19398156476145315,
    "FIOGF": 0.19267076537524974,
    "CFGMF": 0.19228674174795177,
    "CRCUF": 0.19209939444195334,
    "RLGMF": 0.19165381853585672,
    "CANWF": 0.19145677087087568,
    "ASWRF": 0.19066362729789993,
    "JSHG": 0.19037270796814706,
    "VGMIF": 0.1902696308647063,
    "ANGVF": 0.19022887693170898,
    "KTGDF": 0.18983506688646645,
    "IAG": 0.18959295629021097,
    "TORXF": 0.18858103740521065,
    "APRAF": 0.18855058803747213,
    "CLGCF": 0.18832940471356635,
    "DTARF": 0.18826683321394336,
    "GMVMF": 0.18805179105971734,
    "RDEXF": 0.1879676381381112,
    "FGLDF": 0.18753182452032813,
    "LONCF": 0.18751147028314885,
    "RGDFF": 0.18715165066542672,
    "BGADF": 0.18623305443708144,
    "CERRF": 0.18600635610849645,
    "SUIFF": 0.1849667861228402,
    "DGDCF": 0.18407285229808218,
    "SITKF": 0.1833008774167549,
    "RIOFF": 0.1829868492176042,
    "AIRRF": 0.18293351308163308,
    "MNGG": 0.18265605455616324,
    "OBNNF": 0.18263849946483887,
    "NKOSF": 0.1825991561122906,
    "RFHRF": 0.18195854655086907,
    "AGAUF": 0.18146546079866635,
    "ARGTF": 0.18144612804031807,
    "AMXEF": 0.18124568805405322,
    "RUPRF": 0.18085203478189318,
    "MIMZF": 0.18060380344923466,
    "JNCCF": 0.18053117724188664,
    "NCAUF": 0.18034386630426236,
    "GRCAF": 0.17966897612719623,
    "AVGDF": 0.17913549208339488,
    "GGISF": 0.17899882164641728,
    "SSRM": 0.1789358536579299,
    "GOLD": 0.17888454686450106,
    "PAFRF": 0.17799564946435475,
    "PAFRY": 0.17799564946435475,
    "CDE": 0.17779571951833997,
    "RMIOF": 0.17770223680420158,
    "KSSRF": 0.17710962340449027,
    "SA": 0.1770926172793889,
    "TGMGF": 0.1769959916641328,
    "PLYN": 0.17698360709133507,
    "WHGOF": 0.17692814059648107,
    "CXBMF": 0.17684724276097155,
    "KRRGF": 0.17648985192331806,
    "SMAGF": 0.1764295011857263,
    "BMGCF": 0.1762584084362233,
    "IEGCF": 0.17601520807133322,
    "XNDRF": 0.17549835723440166,
    "GFGSF": 0.17511285207004537,
    "AXMIF": 0.17508396583043714,
    "GGXXF": 0.17465248358538313,
    "TSRMF": 0.17453760270837335,
    "LGDTF": 0.17442953450774995,
    "CGAU": 0.1739230156098081,
    "AAMMF": 0.1736847116738938,
    "CMMMF": 0.1734229930093894,
    "RCTFF": 0.17302047763567416,
    "PUCCF": 0.17283102326872973,
    "MRTMF": 0.17263064713382803,
    "NG": 0.17253342645443426,
    "KDKGF": 0.1724755587765874,
    "UGDIF": 0.17247420951858963,
    "TRARF": 0.17230798240000883,
    "RTMFF": 0.17223286680618768,
    "QDROF": 0.1719820115191248,
    "TETOF": 0.17135659662475855,
    "CPNFF": 0.17082573478985225,
    "AIVN": 0.17039780987896788,
    "RMLFF": 0.1703419203241287,
    "LMGDF": 0.1702701407370561,
    "CCRRF": 0.1700588422927269,
    "KPZIF": 0.169875312590201,
    "LYDIF": 0.16974255385188236,
    "FTMNF": 0.16903128174481746,
    "BTKRF": 0.16895025617562687,
    "CYNXF": 0.16883640940209574,
    "BONXF": 0.1688271495675672,
    "STVGF": 0.1686205659229071,
    "SRCRF": 0.16824701799569827,
    "XMTTF": 0.16814694817350348,
    "WKGFF": 0.1681357601592765,
    "ARBTF": 0.16785705568667383,
    "MDSMF": 0.1678212385246737,
    "LMEFF": 0.16771929744855402,
    "NCMGF": 0.1676379872409122,
    "NCMGY": 0.1676379872409122,
    "SGGTF": 0.16686516384769365,
    "SLMXF": 0.16675793351652385,
    "NVDEF": 0.1666105794089162,
    "VITFF": 0.16634278951381468,
    "STRRF": 0.16629576323256892,
    "NTGSF": 0.16585813017294423,
    "GAU": 0.16577534677380748,
    "ELRRF": 0.16573173517803494,
    "MGDPF": 0.16555157105897905,
    "DCHRF": 0.16541279490679459,
    "CTCGF": 0.16531964852433373,
    "HGGOF": 0.16484626203009314,
    "IAUFF": 0.16472047159864844,
    "RDUFF": 0.16462451849724324,
    "AMMPF": 0.16461263632390907,
    "ORFDF": 0.16437773858145677,
    "VMNGF": 0.1643259076496536,
    "ETHOF": 0.1639494059915712,
    "ORLA": 0.163854169972592,
    "MAKOF": 0.1631112225361072,
    "CNMVF": 0.16277961573590052,
    "WRRZF": 0.16268892741723684,
    "EDWZF": 0.16265877084926053,
    "NSAUF": 0.16255788005782681,
    "SGCPF": 0.16238445422946143,
    "SXNTF": 0.16219009948290483,
    "PNCKF": 0.16210067949734355,
    "OSCI": 0.1620294620869896,
    "EFRGF": 0.1617111022471158,
    "CTGO": 0.16161479736797255,
    "ATLDF": 0.1613989766470749,
    "RGRNF": 0.16137315762788276,
    "OCGSF": 0.16132275801847296,
    "ADGCF": 0.16117555740228084,
    "USCS": 0.1607348694353171,
    "CDELF": 0.16066016023260188,
    "SGSVF": 0.15993822999156226,
    "RHRYF": 0.15989638675198098,
    "VLCJF": 0.15977358672929412,
    "SGGDF": 0.15973420620039067,
    "OMMSF": 0.15903069418847263,
    "FIEIF": 0.158933944243594,
    "ANXGF": 0.1586827340229311,
    "ABMBF": 0.1586672870932036,
    "SNWGF": 0.15854098207729544,
    "ROGFF": 0.15841694603137793,
    "BNAUF": 0.15841167473909779,
    "NSUPF": 0.15825202038759104,
    "NFGFF": 0.15794846054090708,
    "KAMRF": 0.1579060697809548,
    "TGGDF": 0.15745483936095026,
    "NXXGF": 0.15723857862167392,
    "PGOL": 0.15711054592468326,
    "EQX": 0.15691289691053303,
    "ORZCF": 0.15671172205664471,
    "KOREF": 0.15652998909615803,
    "TRII": 0.15651220619467637,
    "LADFF": 0.1561864457675345,
    "MNDJF": 0.15615542081604683,
    "NOMNF": 0.15598889340224711,
    "MAIFF": 0.15547925978573,
    "KSKGF": 0.15538445835351467,
    "VAUCF": 0.15527396196761167,
    "WVMDF": 0.1552128474439657,
    "SAND": 0.15465306531328965,
    "KNTNF": 0.15444370640099725,
    "BTLLF": 0.15441055412510454,
    "IAUCF": 0.15403587979573907,
    "USGDF": 0.15399808120350725,
    "MSGCF": 0.1539797982111567,
    "AUGG": 0.15397599565190703,
    "ELYGF": 0.15355648109363806,
    "GGCPF": 0.1535189963820935,
    "YNGFF": 0.1532162698616986,
    "GRYCF": 0.15303792730781146,
    "CJCFF": 0.15301662801538785,
    "HUMRF": 0.1526716121199694,
    "MGIDF": 0.15240444005527504,