{
    "LVXFF": 1.0,
    "FSXLF": 0.27894834073857133,
    "BTLLF": 0.2734378808734984,
    "NCAUF": 0.2634581746881475,
    "GGGOF": 0.2469405952899737,
    "CYNXF": 0.24474279498992468,
    "KL": 0.23420414214671892,
    "AAMMF": 0.22867748060189325,
    "APRAF": 0.2266681596518567,
    "HSTXF": 0.2222629682029347,
    "FRERF": 0.21697609944795923,
    "KOGMD": 0.21188205959289502,
    "CRCUF": 0.20960351929279958,
    "RMLFF": 0.2043705050065735,
    "ABNAF": 0.20185687751530634,
    "MGMLF": 0.20060858057363082,
    "MNRLF": 0.19774839936847904,
    "CMMMF": 0.19671423072498173,
    "SPAZF": 0.19599166536504475,
    "GSS": 0.18698206332039163,
    "SRLTF": 0.18555648359568835,
    "RNDXF": 0.17920207160025045,
    "RHRYF": 0.17731819104286017,
    "SLMXF": 0.17599303068549674,
    "GPTRF": 0.17313344061865346,
    "EDWZF": 0.17261298664028168,
    "PCRAF": 0.16710127356413995,
    "ATADF": 0.16638812320076452,
    "ZPHYF": 0.164438319946773,
    "EGMLF": 0.16295440125525018,
    "OZBKF": 0.16189525419523654,
    "SAND": 0.15977169572285405,
    "THM": 0.15941698628796094,
    "BVTEF": 0.1587504519098023,
    "TRYRF": 0.15871108142575518,
    "ELRRF": 0.1583794439028253,
    "AGCZ": 0.15773541886044318,
    "KSSRF": 0.15760793766745979,
    "ORLA": 0.15603430532586954,
    "AUXXF": 0.155745956616997,
    "VLCJF": 0.15328975447137255,
    "SGGTF": 0.15279696611788018,
    "AAU": 0.15263401723069758,
    "TLLZF": 0.15108717379115058,
    "SXNTF": 0.15082433702548806,
    "GLDXF": 0.15011729213532254,
    "MCDMF": 0.14985949464350978,
    "LMGDF": 0.14688090727722133,
    "CLGCF": 0.14567368241564438,
    "WDOFF": 0.1450422348952932,
    "AEM": 0.14179033533407084,
    "AIRRF": 0.14111190515506897,
    "TRRFF": 0.13980983752116333,
    "THXPF": 0.13600717827421588,
    "OCANF": 0.13592380149972902,
    "OGDCF": 0.13592380149972902,
    "MMRGF": 0.1353130042615015,
    "NVDEF": 0.13503127171744006,
    "IAG": 0.1339499907266804,
    "TORXF": 0.1317140001505328,
    "LRDJF": 0.13132779629069546,
    "TGLDF": 0.13128288950712524,
    "ARGTF": 0.13030981727007898,
    "GXSFF": 0.13026847565104685,
    "AGGFF": 0.128923555146773,
    "FIOGF": 0.12873060749255244,
    "CDELF": 0.12709051932760995,
    "CGLCF": 0.12631420612994895,
    "BNAUF": 0.12612588108316547,
    "QDROF": 0.12572765704701158,
    "OMMSF": 0.1250838243106278,
    "MAKOF": 0.12381730261374733,
    "GGISF": 0.12369134896071801,
    "GAU": 0.12337553844645252,
    "EGO": 0.12327114518074608,
    "ANTMF": 0.12308698100379034,
    "QCXGF": 0.12277371701821642,
    "GRYCF": 0.11934560883382349,
    "GRXMF": 0.11914093786656832,
    "GFI": 0.11877377916537941,
    "GFIOF": 0.11877377916537941,
    "GBRCF": 0.11822729478266666,
    "AURQD": 0.11808767489150612,
    "AURQF": 0.11808767489150612,
    "TSRMF": 0.11773102771077569,
    "RUPRF": 0.11747541452121188,
    "CTCGF": 0.11736078078744694,
    "YGTFF": 0.11725727233460762,
    "IDAM": 0.11724927313160938,
    "MRIRF": 0.11631024709201317,
    "SMAGF": 0.11622989799794486,
    "MRTMF": 0.11611497892804225,
    "NEM": 0.11543575114312773,
    "KGC": 0.11487243498950708,
    "BGADF": 0.11468458644192049,
    "SBSW": 0.11452475074940366,
    "SBYSF": 0.11452475074940366,
    "AUGG": 0.11452321597154688,
    "CCRRF": 0.11431096180550629,
    "AU": 0.11424476736134503,
    "AULGF": 0.11424476736134503,
    "KPZIF": 0.11344655298985756,
    "KRRGF": 0.11304683027541827,
    "KDKGF": 0.11252829926144574,
    "ELKMF": 0.11175116525959536,
    "EQTRF": 0.11148441495724347,
    "NKOSF": 0.11064953380942598,
    "MGDPF": 0.11038104011686001,
    "RMGGF": 0.10966776415444765,
    "RMGGY": 0.10966776415444765,
    "FDVXF": 0.10887614210948167,
    "MDSMF": 0.10872280845938175,
    "GTGDF": 0.10828813997287506,
    "MPUCF": 0.10810182057257553,
    "KOREF": 0.10793739457156239,
    "NESRF": 0.10744081577652533,
    "CERRF": 0.10743258523249583,
    "GGXXF": 0.10736277195785031,
    "CGAU": 0.1073230811305863,
    "RCTFF": 0.10725068136735466,
    "AGAUF": 0.10715717195188265,
    "RMLRF": 0.10709847137894644,
    "SGGDF": 0.10699307320167681,
    "TRGGF": 0.10693539256935308,
    "PLMNF": 0.10691334278428544,
    "EGDD": 0.1068248730969241,
    "RNGTF": 0.10660182389392973,
    "MGVMF": 0.10659066410187253,
    "KTGDF": 0.10649558781336338,
    "SIREF": 0.10625904811506075,
    "HMY": 0.1061784258887138,
    "HCHDF": 0.1061123398484227,
    "KAMRF": 0.10593019880654389,
    "EMRRF": 0.10574646762120055,
    "CAHPF": 0.10571949022784276,
    "SSTT": 0.10512685382972008,
    "RSRBF": 0.10486412447067195,
    "CTGO": 0.10473342076295256,
    "NRGOF": 0.10452785884448665,
    "BARUF": 0.10452622124300966,
    "RDEXF": 0.10451676627811653,
    "GRCAF": 0.10403434192975757,
    "ALLXF": 0.1037176453598727,
    "RGDFF": 0.10312919754175098,
    "ORFDF": 0.10300145468555237,
    "DNGDF": 0.10248244106891988,
    "CNMVF": 0.1023716482073145,
    "DRD": 0.10221735648900424,
    "SUPGF": 0.10205998989518622,
    "AGDXF": 0.102017842388231,
    "MAUTF": 0.10193912501573067,
    "GAYMF": 0.10181103518132158,
    "KSKGF": 0.10179431011037787,
    "GLDG": 0.10171773391708347,
    "PACXF": 0.10171136137681441,
    "USAU": 0.10148010369741768,
    "GYPHQ": 0.10139506270999234,
    "WHGDF": 0.1012012379181285,
    "PAFRF": 0.10113150558419753,
    "PAFRY": 0.10113150558419753,
    "ANGVF": 0.10085227809106292,
    "OREAF": 0.10082806457662379,
    "YNGFF": 0.10066471320991122,
    "RGRNF": 0.10032441242237275,
    "NGD": 0.10018597127126493,
    "LADFF": 0.09983368983004039,
    "GGCPF": 0.09968054634765466,
    "MSGCF": 0.09912813509410616,
    "CFGMF": 0.09906611482476144,
    "NCMGF": 0.09776524164363848,
    "NCMGY": 0.09776524164363848,
    "AGLAF": 0.09759043130277553,
    "ALKEF": 0.09744200424921101,
    "VVCVF": 0.09731083252421087,
    "HUMRF": 0.09719649162284372,
    "WFRSF": 0.09667949230540353,
    "TGMGF": 0.0966547106329656,
    "EFRGF": 0.09660393393023188,
    "PNCKF": 0.09602227732607128,
    "NPDCF": 0.09601301655982583,
    "ORZCF": 0.09598991429320257,
    "WTHVF": 0.09575824182022885,
    "WVMDF": 0.09573532557535906,
    "CANWF": 0.09564951648164208,
    "RDEMF": 0.09547039681039954,
    "WKGFF": 0.0953638106482422,
    "TGGDF": 0.09527775222230186,
    "LONCF": 0.09511934965603892,
    "KSTBF": 0.09509734476357252,
    "NXXGF": 0.09490233669683268,
    "LMEFF": 0.09485613823647983,
    "WHGOF": 0.09480466968454773,
    "ARBTF": 0.09477707901560023,
    "FGLDF": 0.09470518170497728,
    "BLTMF": 0.09469281393586151,
    "TDRRF": 0.09468764721296236,
    "MWSNF": 0.09468604333456085,
    "EQX": 0.09465027755003314,
    "ALDVF": 0.09410418295030894,
    "TROIF": 0.09394580189606525,
    "XMTTF": 0.09379574156762124,
    "MNGG": 0.09376714836438216,
    "MGIDF": 0.0937311890736134,
    "AMXEF": 0.09360050178975331,
    "FIEIF": 0.09348542412030468,
    "SITKF": 0.09343619027258385,
    "ATLDF": 0.09329732076593995,
    "ADGCF": 0.09326159294588462,
    "SGCPF": 0.09325210194623287,
    "SVLKF": 0.0928786354450041,
    "RMRDF": 0.09285214425653325,
    "JSHG": 0.09263533601525575,
    "AGI": 0.09249228666537584,
    "ROGFF": 0.0924591656683926,
    "GBARF": 0.09229346896279345,
    "FTCO": 0.09224061118036958,
    "ARMZF": 0.09223426557642153,
    "HGGOF": 0.09198844635353706,
    "FMANF": 0.0918837046783798,
    "OSCI": 0.09180091895096283,
    "RMIOF": 0.09167792280928559,
    "LBHRF": 0.09161909702133998,
    "PUCCF": 0.09136739022086413,
    "RIOFF": 0.091324913402727,
    "STPGF": 0.09117902367953984,
    "STVGF": 0.09104715752751241,
    "BYAGF": 0.09062107109848279,
    "RTMFF": 0.09002520076121209,
    "AVGDF": 0.08999880873027517,
    "ALRGF": 0.08981173516280438,
    "GCFFF": 0.0896693837763165,
    "NSGCF": 0.0895912033142956,
    "CJCFF": 0.08959003160108417,
    "BRYYF": 0.08933291219261488,
    "TETOF": 0.08925947616817198,
    "CNMXF": 0.0892323563341471,
    "FNV": 0.08890257121594083,
    "AXMIF": 0.08861458185879892,