{
    "MAUTF": 1.0000000000000007,
    "PMNXF": 0.3575185575577065,
    "ROGFF": 0.341348816360368,
    "AGGFF": 0.292087247290917,
    "NXXGF": 0.28239025855006633,
    "ORZCF": 0.2698277552415092,
    "GTGDF": 0.26934695854742013,
    "PNCKF": 0.2692587594198542,
    "CJCFF": 0.2675828844803161,
    "CELTF": 0.26750858310305353,
    "AUXXF": 0.2658941505461274,
    "CLGCF": 0.264072571166744,
    "KDKGF": 0.26323000809301617,
    "ATADF": 0.26265776114097467,
    "KAMRF": 0.2587323181796713,
    "RNGTF": 0.25500720408722477,
    "IAG": 0.25255994583932956,
    "GGISF": 0.25232276603242054,
    "RMGGF": 0.2517064473916134,
    "RMGGY": 0.2517064473916134,
    "NRGOF": 0.2507200820601755,
    "NKOSF": 0.2496215949064487,
    "XTGRF": 0.24957860786087038,
    "TRRFF": 0.24817380636151873,
    "MGDPF": 0.24743546032161556,
    "LADFF": 0.24574382367506195,
    "FFOXF": 0.2439669295420449,
    "AUGG": 0.2436752487966914,
    "DCHRF": 0.24038298198250935,
    "CANWF": 0.23947851473485637,
    "HUMRF": 0.23947280889616485,
    "YGTFF": 0.2383713533543376,
    "OCGSF": 0.2375289604509913,
    "MRTMF": 0.23632860629510308,
    "WFRSF": 0.23531399577480927,
    "GOLD": 0.2347174339070254,
    "BYAGF": 0.23421849923249632,
    "CGOL": 0.234009436016022,
    "OREAF": 0.23250749970285461,
    "CTCGF": 0.23158261439719094,
    "NVDEF": 0.2313857962317748,
    "SGCPF": 0.23110768074131888,
    "YNGFF": 0.23059713320111416,
    "AMMPF": 0.22793808019014528,
    "WHGDF": 0.22770415571630875,
    "EGMLF": 0.22715228068523668,
    "TETOF": 0.2269432780429985,
    "RMETF": 0.2269358848744683,
    "QCXGF": 0.22682978190960432,
    "EFRGF": 0.22536562589356082,
    "FSXLF": 0.22463457534331138,
    "TDRRF": 0.22434245242216994,
    "GFGSF": 0.22377346887712934,
    "AAU": 0.22356504931739896,
    "LMGDF": 0.22329558147713433,
    "HSTXF": 0.22237956861058425,
    "FRERF": 0.21914631232631895,
    "AVGDF": 0.21907922724158027,
    "ADGCF": 0.2190675876374639,
    "BGADF": 0.21545765760832575,
    "MRIRF": 0.21485003467800695,
    "BNAUF": 0.21425793498037454,
    "GRCAF": 0.21339621642720277,
    "KPZIF": 0.21302029046649132,
    "FDVXF": 0.21292402557402956,
    "VVCVF": 0.2124934361304248,
    "TGGDF": 0.21200605409597867,
    "WKGFF": 0.21198898621407555,
    "SIREF": 0.2114650587446461,
    "VITFF": 0.21126001352865528,
    "AIRRF": 0.21018830044295878,
    "FGLDF": 0.21011757522517774,
    "HGGOF": 0.20948220128262066,
    "WLRMF": 0.20942237033948416,
    "PACXF": 0.208841417922821,
    "CNDGF": 0.2083534209147144,
    "BTUMF": 0.20732340672531932,
    "ROVMF": 0.20711595813597358,
    "AURQD": 0.20621548526162278,
    "AURQF": 0.20621548526162278,
    "ETHOF": 0.20577657482209702,
    "LGDTF": 0.20503192849635846,
    "NULGF": 0.2042978791080526,
    "NTGSF": 0.2041038193413968,
    "SITKF": 0.20402009485724787,
    "GSV": 0.2038128503491767,
    "LRDJF": 0.2035758830389019,
    "NPDCF": 0.20312139673059398,
    "EDVMF": 0.20287879747318108,
    "DGDCF": 0.20287106936446167,
    "EQTRF": 0.20233726095955984,
    "FIEIF": 0.20222001153474617,
    "GPTRF": 0.20221279887950844,
    "FMANF": 0.2019936863082758,
    "CGAU": 0.20170943851037637,
    "CMMMF": 0.2016087904378017,
    "SGSVF": 0.20133348599243053,
    "CNMVF": 0.20103774179184153,
    "MSGCF": 0.20060906508061285,
    "ARGTF": 0.2001958705765916,
    "NSGCF": 0.1997172073981486,
    "PVG": 0.19941086568508334,
    "EQX": 0.19913350769662025,
    "AGAUF": 0.19840106264133384,
    "MDSMF": 0.19819827594909248,
    "ALLXF": 0.19768038115857256,
    "AGI": 0.19744326792436587,
    "SNWGF": 0.19731321477521158,
    "GGGOF": 0.19730412544411532,
    "CRCUF": 0.19702155224553236,
    "ARBTF": 0.196928877707906,
    "VAUCF": 0.1964459664538667,
    "RTMFF": 0.1963902016228386,
    "MGMLF": 0.19612102455676964,
    "TGMR": 0.19611738553980407,
    "NFGFF": 0.19496859704688127,
    "GLDG": 0.19370522786597005,
    "VGZ": 0.19354062756548365,
    "HCHDF": 0.19338677891671674,
    "TROIF": 0.19321073988534943,
    "EGMCF": 0.19312419187562013,
    "IEGCF": 0.19295768341247085,
    "RMRDF": 0.1929022232092936,
    "RMIOF": 0.19267631017083878,
    "BLTMF": 0.19205382206085253,
    "GBRCF": 0.19194327944568515,
    "VLCJF": 0.19167194469899268,
    "CXBMF": 0.19112017042039037,
    "STVGF": 0.19107775390679801,
    "SLMXF": 0.19100856346098646,
    "KSTBF": 0.19054118662289563,
    "RNDXF": 0.1903140961388878,
    "SRCRF": 0.19024419584347618,
    "KTGDF": 0.18969484635731426,
    "SGGDF": 0.18966553165772337,
    "USGDF": 0.1896535653112406,
    "PROBF": 0.18947121838975114,
    "KNTNF": 0.1894399858294404,
    "WPM": 0.1892789353968293,
    "BRYYF": 0.1882698609022162,
    "GBARF": 0.1882571195667196,
    "LONCF": 0.18779829018786426,
    "MMRGF": 0.18767642497875245,
    "CNMXF": 0.18740266929281052,
    "CDELF": 0.1871501814517499,
    "TRYRF": 0.18700456133824406,
    "SMAGF": 0.1862299685431006,
    "PREIF": 0.18618549677925414,
    "SBSW": 0.1858936195174771,
    "SBYSF": 0.1858936195174771,
    "CCRRF": 0.18582066044255893,
    "SICNF": 0.18476095139314994,
    "RUPRF": 0.18465834635704276,
    "GAYMF": 0.18431788556169051,
    "USAU": 0.18430232482978212,
    "MNRLF": 0.18397879936693518,
    "RCTFF": 0.18391612257699994,
    "WVMDF": 0.1838745341791938,
    "WARGF": 0.1833571734927488,
    "GLDXF": 0.1831696354524828,
    "THXPF": 0.18279862183593112,
    "RDEXF": 0.18269850792440812,
    "GGXXF": 0.18267108907293708,
    "ORFDF": 0.18250324827028258,
    "LRTNF": 0.18247877735747298,
    "XMTTF": 0.1824141471940747,
    "NVGLF": 0.18217842546400792,
    "NSRPF": 0.18191352071171396,
    "MAKOF": 0.18175124202707202,
    "USCS": 0.18130018742830367,
    "PCRAF": 0.1809581408180339,
    "GCFFF": 0.17939977905080984,
    "CFGMF": 0.17893541157549397,
    "XNDRF": 0.17892855811317226,
    "MCDMF": 0.178791729298618,
    "TPRFF": 0.1786381911351179,
    "TSGZF": 0.17793879816270333,
    "FFMGF": 0.1778939191205556,
    "MGLQF": 0.17788524861748692,
    "JSHG": 0.1776420773058417,
    "WHGOF": 0.17749317725004163,
    "BTKRF": 0.1774267372560352,
    "GRXMF": 0.17597751493824856,
    "WRRZF": 0.1756180000593932,
    "NFLDF": 0.17559801324031848,
    "GORO": 0.17532385673560336,
    "AUMBF": 0.17477761286570628,
    "RFHRF": 0.17447817928050421,
    "RIOFF": 0.1741930500015636,
    "PLYN": 0.1740639452143232,
    "SXNTF": 0.17372171644160825,
    "ALDVF": 0.17368315875139356,
    "CGCO": 0.1733446567053778,
    "MNGG": 0.172924786107587,
    "AGCBF": 0.17285395428927225,
    "KSKGF": 0.17284200831282676,
    "RVNG": 0.17251176884718555,
    "BVTEF": 0.1723499036653792,
    "SADMF": 0.17232461378810038,
    "KGC": 0.17179465520722814,
    "XXMMF": 0.17148643642861933,
    "ANKOF": 0.17108645920892596,
    "STRRF": 0.17065239651773906,
    "GGCPF": 0.17028874814074774,
    "ANGVF": 0.17000563125862914,
    "GAU": 0.16997848500111956,
    "APRAF": 0.1699778479131751,
    "WTHVF": 0.16926622241998107,
    "TBGPF": 0.16919098074780253,
    "MJGCF": 0.16897951383960608,
    "MIMZF": 0.1688627811721248,
    "BMGCF": 0.16881880878983666,
    "AXMIF": 0.16872343128661588,
    "AEM": 0.16872150007451736,
    "VGMIF": 0.16857726599249553,
    "NCAUF": 0.16853377305509298,
    "SGGTF": 0.16750695791443165,
    "LMEFF": 0.16734578264563144,
    "LBHRF": 0.16679188427173272,
    "OMMSF": 0.1658453425107595,
    "PGRCF": 0.16568763239009807,
    "MNDJF": 0.16561668889856057,
    "OZBKF": 0.1651202849616456,
    "RDEMF": 0.16496412484543246,
    "TGLDF": 0.1646070451086122,
    "AMXEF": 0.16454407434136953,
    "HMY": 0.164341334842017,
    "RDGMF": 0.16411293864297727,
    "SLMZF": 0.1638993497446535,
    "SRLTF": 0.16389831024771337,
    "VMNGF": 0.16371184425537388,
    "NGLD": 0.16351184646497016,
    "TOGOF": 0.1631170464023749,
    "NOMNF": 0.1630261380875565,
    "DTARF": 0.1629902175806131,
    "FTCO": 0.16282178812724096,
    "AGRDF": 0.16246151797466704,
    "MGVMF": 0.16227139994257828,