{
    "MCDMF": 1.0000000000000002,
    "EGMLF": 0.39660002154046625,
    "RDEXF": 0.3325026559689174,
    "QCXGF": 0.3299196342386715,
    "RTMFF": 0.32273194517869574,
    "BGADF": 0.31648445367270567,
    "TRRFF": 0.3120615008020789,
    "TRII": 0.30918915141189124,
    "RCTFF": 0.30639201353680157,
    "CNMVF": 0.30573848578414803,
    "AURQD": 0.30524404255629506,
    "AURQF": 0.30524404255629506,
    "WDOFF": 0.30487334221085227,
    "SITKF": 0.3035977771823198,
    "MRIRF": 0.3020803888709531,
    "GAYMF": 0.29934814001552784,
    "SRLTF": 0.2963737260037757,
    "ORFDF": 0.295710037789075,
    "AAU": 0.29560870699719455,
    "GCFFF": 0.29503026904094676,
    "LRDJF": 0.29293663601435943,
    "NKOSF": 0.2927769688742132,
    "IEGCF": 0.29237825015047264,
    "XNDRF": 0.29047981073547585,
    "AVGDF": 0.2863413943405228,
    "AMMPF": 0.28605477371588506,
    "VVCVF": 0.285875674103125,
    "PACXF": 0.28449095699639104,
    "GPTRF": 0.2816552476405843,
    "ATADF": 0.27886433105313474,
    "MMRGF": 0.2783626557812182,
    "ETHOF": 0.2771570331316692,
    "QDROF": 0.27584943649525395,
    "TDRRF": 0.27567327937911856,
    "BVTEF": 0.2741547583441769,
    "BLTMF": 0.27408985827923177,
    "EGMCF": 0.27313570615168153,
    "KSSRF": 0.2727520906460427,
    "MGMLF": 0.27232725719455847,
    "VGMIF": 0.27220981891371593,
    "CQRLF": 0.27181566941064494,
    "CLGCF": 0.2715505900006501,
    "GLDG": 0.2715281467323455,
    "TOGOF": 0.2713709874555084,
    "GFGSF": 0.2705995412829596,
    "TETOF": 0.27054434921004283,
    "XMTTF": 0.26878034041664073,
    "PNCKF": 0.2681358626217425,
    "FGLDF": 0.2669358073486116,
    "KSTBF": 0.2663289168050188,
    "DTARF": 0.2662095818118307,
    "PVG": 0.2656679676692594,
    "NSUPF": 0.26422336913500527,
    "GTGDF": 0.26405885192380907,
    "SXNTF": 0.26269211880555415,
    "NXXGF": 0.26191198030380647,
    "SIREF": 0.2615969317618347,
    "TROIF": 0.2600548049932021,
    "USGDF": 0.25957316530893415,
    "SRCRF": 0.25886254378416795,
    "PGOL": 0.25498000702112705,
    "MRTMF": 0.2540605685726007,
    "SGGTF": 0.2517137373658321,
    "GRYCF": 0.25104412671802434,
    "NRGOF": 0.25100070054226464,
    "RMIOF": 0.25047417191620913,
    "APRAF": 0.2504540030308501,
    "ANXGF": 0.25040303418521015,
    "KPZIF": 0.24859233274064876,
    "GORO": 0.2480807881767762,
    "ALDVF": 0.24761501141743517,
    "NVDEF": 0.24694276605613358,
    "GGGOF": 0.2448257257748987,
    "EFRGF": 0.24460526150473105,
    "MNGG": 0.24450543187648918,
    "RMETF": 0.24450104244507054,
    "VLCJF": 0.2444032994959061,
    "FIOGF": 0.24412520255868228,
    "GXSFF": 0.24351069377458479,
    "NSGCF": 0.24326435398128582,
    "LMEFF": 0.24299251834714983,
    "MDSMF": 0.2428072421754616,
    "PUCCF": 0.2425019547081115,
    "TGLDF": 0.24214535098196754,
    "GPXM": 0.2419632677258719,
    "LGDTF": 0.24154329523947635,
    "WARGF": 0.2415154941208512,
    "PLYN": 0.240923318917329,
    "YGTFF": 0.24070051736372064,
    "DGDCF": 0.24027050148239162,
    "GGCPF": 0.24013628963596076,
    "LBHRF": 0.2396366307714656,
    "CMMMF": 0.23930470351045546,
    "AGGFF": 0.23745923480014425,
    "FMANF": 0.23701886189689866,
    "RMRDF": 0.23599612244054402,
    "HSTXF": 0.23485965273086437,
    "CJCFF": 0.23413057549815766,
    "ABMBF": 0.2337605353691532,
    "NGD": 0.23221642813920956,
    "AIRRF": 0.23203689372245778,
    "HCHDF": 0.23185322138338452,
    "KTGDF": 0.23176970539443792,
    "KSKGF": 0.23167121353999037,
    "FSXLF": 0.23106177531894406,
    "GDRZF": 0.23085625507009688,
    "RUPRF": 0.2302704445557492,
    "TGGDF": 0.22996066671700255,
    "WLRMF": 0.22958105333435683,
    "FRERF": 0.2293781778413498,
    "GGISF": 0.2286545658484487,
    "SGGDF": 0.22830210847174862,
    "PLMNF": 0.22716401552437238,
    "NFGFF": 0.22668061715882387,
    "ALLXF": 0.22666516685649402,
    "OBNNF": 0.22643327453736484,
    "CRCUF": 0.2263047646300159,
    "GBARF": 0.2262823730036206,
    "NVGLF": 0.22597738919100577,
    "BLAGF": 0.2257767073441307,
    "AUXXF": 0.22565243984676958,
    "CNDGF": 0.22513093036256554,
    "SPAZF": 0.22458971810278855,
    "PROBF": 0.22375595107551377,
    "SLMXF": 0.22374992142776334,
    "MGDPF": 0.223323099031792,
    "SGCPF": 0.2232406116243802,
    "IAG": 0.22301816354068718,
    "AMXEF": 0.22171856741506904,
    "MNDJF": 0.22150639762264812,
    "KAMRF": 0.22126201250415783,
    "CGAU": 0.22106997653449492,
    "STRRF": 0.2210675414105368,
    "THMG": 0.22075335961397513,
    "CTGO": 0.2207001675540844,
    "AGI": 0.22067193533657845,
    "ROGFF": 0.2189495713982218,
    "LADFF": 0.2186703445328847,
    "CDE": 0.2186410664840096,
    "CGOL": 0.2182134717456909,
    "AEM": 0.21678192589698106,
    "EGO": 0.21662422648052718,
    "ORLA": 0.21650068867923225,
    "LRTNF": 0.21639838873751152,
    "RDUFF": 0.21512916648978053,
    "AGCBF": 0.2146472270694199,
    "TPRFF": 0.21390825889530096,
    "JAGGF": 0.21349521255103085,
    "LMGDF": 0.21281411678150206,
    "WKGFF": 0.2127489988614843,
    "ZPHYF": 0.21198493953705771,
    "BNAUF": 0.21189311965747593,
    "USCS": 0.21087773954261763,
    "SMPEF": 0.21018846679944658,
    "MPUCF": 0.21017539935349472,
    "AAMMF": 0.21007386948522902,
    "SUIFF": 0.2097013109920254,
    "PRRVF": 0.2092930845256021,
    "NCMGF": 0.20891212274927148,
    "NCMGY": 0.20891212274927148,
    "RHRYF": 0.20838610271756974,
    "FTBYF": 0.20835982220854501,
    "KOREF": 0.20830545370710649,
    "ARGTF": 0.20771722961259226,
    "ABNAF": 0.2068315978488292,
    "RDGMF": 0.206815102117293,
    "CERRF": 0.20673718664804652,
    "DCHRF": 0.20632706055751965,
    "KNTNF": 0.20629617257892519,
    "CDELF": 0.20584446501615025,
    "BYAGF": 0.20521653186310768,
    "VMNGF": 0.20503950362280637,
    "MNRLF": 0.20497937638455027,
    "AUGG": 0.2046758026846229,
    "GRCAF": 0.20456471318400188,
    "NCAUF": 0.20394294788857195,
    "HUMRF": 0.20379164293187085,
    "EQX": 0.20358819291238298,
    "FFOXF": 0.20245363241403683,
    "NTGSF": 0.20230831689359127,
    "CXBMF": 0.20212165595075482,
    "KOGMD": 0.2014456846090597,
    "PREIF": 0.2013014159594382,
    "TSRMF": 0.20126890286358204,
    "ALRGF": 0.20067977861751843,
    "CCRRF": 0.20041100659556166,
    "EDWZF": 0.19982550671074603,
    "KL": 0.19979731138627715,
    "RDEMF": 0.19977883604994862,
    "CBGZF": 0.19972113306289874,
    "CYNXF": 0.19892625362383162,
    "JNCCF": 0.19798534910953833,
    "HL-PB": 0.19752245968906113,
    "HL": 0.19752245968906113,
    "FFMGF": 0.1970911455277921,
    "ANGVF": 0.19687093578299245,
    "SMAGF": 0.19624063938277508,
    "TRYRF": 0.1958630465757864,
    "ARBTF": 0.1955148572019615,
    "THM": 0.19548034137549514,
    "SGSVF": 0.195472405883081,
    "AUMBF": 0.19507563206772896,
    "MGLQF": 0.19488036403770298,
    "USAU": 0.19439878126763752,
    "GYPHQ": 0.19409572604730568,
    "TORXF": 0.19360400258020768,
    "YNGFF": 0.19350980217066727,
    "SADMF": 0.1922108360294319,
    "SNWGF": 0.19220427154417505,
    "RLGMF": 0.19098420306565775,
    "BTKRF": 0.19088554628562213,
    "SSRM": 0.1904222485661299,
    "NFLDF": 0.19032788190982075,
    "EQTRF": 0.19025013619765058,
    "GMVMF": 0.18993713389768535,
    "MSGCF": 0.1897765281701127,
    "NJMC": 0.18876608002256834,
    "OMMSF": 0.18743153469912655,
    "AAUGF": 0.18713377015100116,
    "GOLD": 0.1867784650069376,
    "ELRRF": 0.18582194947984845,
    "IAUFF": 0.18556422663389857,
    "MGVMF": 0.18527540486974386,
    "CTCGF": 0.18506524783722933,
    "RIOFF": 0.1849913521625115,
    "VAUCF": 0.1849377049334884,
    "DPMLF": 0.18490240474032443,
    "PCRAF": 0.18473511783538304,
    "RMLFF": 0.1846574670752703,
    "BONXF": 0.1845973404429915,
    "OREAF": 0.18459574837106899,
    "RFHRF": 0.18385108550213386,
    "RNGTF": 0.1833853394023109,
    "JSHG": 0.18305827738350994,
    "TSGZF": 0.1830040361880091,
    "TNGL": 0.18267284801948283,
    "BARUF": 0.18259469145065946,
    "OCGSF": 0.18192751118858552,
    "BMGCF": 0.18095740143437633,