{
    "MGMLF": 1.0000000000000002,
    "AEM": 0.3195856000405429,
    "AURQD": 0.3052912489445637,
    "AURQF": 0.3052912489445637,
    "EFRGF": 0.30233370374267815,
    "AUXXF": 0.2920781734351048,
    "FRERF": 0.2764692811093902,
    "TETOF": 0.2738105210386202,
    "TRRFF": 0.27360823973111414,
    "MCDMF": 0.27232725719455847,
    "FFOXF": 0.27216636044850295,
    "GGGOF": 0.27188968366695176,
    "NKOSF": 0.2715425481256633,
    "TGLDF": 0.2700663701573762,
    "GXSFF": 0.26933639362655887,
    "ATADF": 0.26595410865797786,
    "PRRVF": 0.265284610806267,
    "GGISF": 0.26493592509878705,
    "KAMRF": 0.2638089159235633,
    "MRIRF": 0.2628097128697615,
    "VGMIF": 0.2621578446375045,
    "CJCFF": 0.2608139740696438,
    "GRYCF": 0.2592422754910555,
    "GFGSF": 0.2582630908206168,
    "GGCPF": 0.2582496994554937,
    "SGCPF": 0.2546193736037269,
    "WDOFF": 0.25364120200147483,
    "NVDEF": 0.25355135080255886,
    "ELKMF": 0.2534607183351576,
    "LRDJF": 0.25276038896809483,
    "EGMLF": 0.25222455419406503,
    "CLGCF": 0.25040526179773315,
    "APRAF": 0.2462238070938654,
    "GBARF": 0.2460703391731565,
    "YGTFF": 0.24484961735653088,
    "BNAUF": 0.24422887085640516,
    "THM": 0.24280713747672747,
    "PROBF": 0.2424294120621119,
    "QCXGF": 0.24125939266272947,
    "EGO": 0.23849191419840582,
    "MMRGF": 0.23840203594246598,
    "TROIF": 0.2382209856039778,
    "GCFFF": 0.2365996418919287,
    "HSTXF": 0.23643542315960925,
    "DTARF": 0.2355599967793355,
    "WHGOF": 0.23539608616742905,
    "GAYMF": 0.2336179431777342,
    "DNGDF": 0.23263187120276915,
    "SPAZF": 0.23193183882338123,
    "NCAUF": 0.2304246427662929,
    "BVTEF": 0.22968591739949548,
    "IAUFF": 0.22886343133449835,
    "ETHOF": 0.22772329985755765,
    "AIRRF": 0.22391485010528062,
    "RDEMF": 0.22222798604756777,
    "LADFF": 0.2214974927603278,
    "VVCVF": 0.22004669985018196,
    "KSTBF": 0.21928651953224496,
    "IEGCF": 0.21846971164930598,
    "KDKGF": 0.21836669438414616,
    "MDSMF": 0.21715966348771795,
    "SIREF": 0.21656707634385106,
    "CNDGF": 0.21630214343636572,
    "CTCGF": 0.21604124474102207,
    "TDRRF": 0.21599607258592474,
    "GLDG": 0.21566927789762108,
    "NRGOF": 0.21540330591317347,
    "VLCJF": 0.21525023995066286,
    "XNDRF": 0.21519951668334464,
    "XTGRF": 0.21517824468696745,
    "CRCUF": 0.21489828823967005,
    "PACXF": 0.21472259757946474,
    "AGGFF": 0.2136492282023578,
    "WARGF": 0.213226956631498,
    "RUPRF": 0.2119609482421719,
    "OBNNF": 0.2117977858841601,
    "KL": 0.21162562151179837,
    "LONCF": 0.21063307541235593,
    "TGMGF": 0.20954219222655338,
    "SITKF": 0.20887304348086352,
    "CGOL": 0.20762825915606056,
    "IAG": 0.20753097387831496,
    "KTGDF": 0.20704117403157551,
    "HL-PB": 0.20610391266212166,
    "HL": 0.20610391266212166,
    "VITFF": 0.20548175223003298,
    "AVGDF": 0.2052703990929233,
    "EGMCF": 0.2052577935383116,
    "CMMMF": 0.2045624072711221,
    "AAMMF": 0.2042103531035496,
    "ANGVF": 0.20406694159225486,
    "CANWF": 0.2036643253622809,
    "RMLFF": 0.20331313506710874,
    "AAU": 0.20325135428786467,
    "TORXF": 0.20115710673108836,
    "LVXFF": 0.20060858057363082,
    "GYPHQ": 0.19952218992770518,
    "MRTMF": 0.19908017696802985,
    "GPTRF": 0.19771754502474914,
    "NXXGF": 0.197410930426638,
    "MNRLF": 0.19732943347631207,
    "GRXMF": 0.19725135305511265,
    "LBHRF": 0.19710450490812215,
    "OREAF": 0.1963555568010683,
    "MAUTF": 0.19612102455676964,
    "SRCRF": 0.1959677089808444,
    "MGDPF": 0.19561267044480266,
    "SXNTF": 0.19556054102309361,
    "LGDTF": 0.19507730325479286,
    "FSXLF": 0.19457691220008771,
    "NVGLF": 0.19422690040969834,
    "CYNXF": 0.19349789359989875,
    "BRYYF": 0.19339858628501164,
    "SGGTF": 0.19226570236830665,
    "LMGDF": 0.1919443558272336,
    "GTGDF": 0.19183073260394465,
    "BLTMF": 0.19159817885182262,
    "WHGDF": 0.19086766127704163,
    "ABNAF": 0.19057722340078218,
    "FIOGF": 0.1902774990750574,
    "PVG": 0.18953237745921606,
    "NCMGF": 0.18945007448830364,
    "NCMGY": 0.18945007448830364,
    "AMMPF": 0.18940397449310853,
    "SLMXF": 0.18893888344719356,
    "AMXEF": 0.18843483503893407,
    "CTGO": 0.1880641528336495,
    "EQX": 0.1879595692577917,
    "TPRFF": 0.18791208076071753,
    "CDE": 0.1878633372010871,
    "ORFDF": 0.18753973982060215,
    "ZPHYF": 0.18706116178133037,
    "XMTTF": 0.18658915027093279,
    "RTMFF": 0.1864322271333783,
    "MPUCF": 0.18638739046196928,
    "RHRYF": 0.1862564149970411,
    "ALDVF": 0.18608370831887977,
    "DGDCF": 0.18591858301370856,
    "AGI": 0.18584226877691556,
    "WKGFF": 0.18583067580569076,
    "KSSRF": 0.18491482396324818,
    "AFYG": 0.1847134042551567,
    "RIOFF": 0.18467627643019519,
    "BGADF": 0.18449181028551018,
    "ABMBF": 0.18410760556158168,
    "EQTRF": 0.18371946380164128,
    "SRLTF": 0.18360394500212812,
    "MPJFF": 0.1835793532315413,
    "MSGCF": 0.18269556913503954,
    "EDWZF": 0.18199610909924294,
    "PUCCF": 0.18171805577220068,
    "BTLLF": 0.18075414338414578,
    "TOGOF": 0.18048915094790455,
    "CXBMF": 0.1803990916183381,
    "RDEXF": 0.1800954070032328,
    "FGLDF": 0.1800692275094311,
    "TGGDF": 0.17975346484000101,
    "RCTFF": 0.17905970340970837,
    "ALLXF": 0.17876523893318677,
    "PGOL": 0.17859209782541569,
    "CCRRF": 0.1785361475876522,
    "USGDF": 0.178510907864394,
    "PCRAF": 0.17836974403350708,
    "ROGFF": 0.17824526102000704,
    "ORLA": 0.17807075860656862,
    "TLRS": 0.1779841844383638,
    "KPZIF": 0.1777399494496316,
    "AGAUF": 0.1771944980987834,
    "RMLRF": 0.17705868451808715,
    "RRDMF": 0.17690763155232264,
    "CFGMF": 0.17657676116616824,
    "GRCAF": 0.1760405236898538,
    "GOLD": 0.17538038980134724,
    "DCHRF": 0.1753388118711701,
    "AGCZ": 0.17525805451260704,
    "RMRDF": 0.17482156030930343,
    "RMIOF": 0.17463311133500956,
    "NTGSF": 0.1741496903988206,
    "CNMVF": 0.17345709466600415,
    "SGSVF": 0.1730469761522662,
    "PNCKF": 0.17297350317497295,
    "KOGMD": 0.17249988933298366,
    "AUMBF": 0.17232868773930976,
    "YNGFF": 0.17230848261876,
    "SADMF": 0.1722436491290068,
    "AUGG": 0.17216951126916497,
    "TRYRF": 0.17194799427370963,
    "HUMRF": 0.17172515721557177,
    "QDROF": 0.17163046613974212,
    "FTMNF": 0.17156132220174147,
    "STRRF": 0.1708000379531001,
    "GLDXF": 0.17044628966372735,
    "OCGSF": 0.16987172033078238,
    "TRX": 0.16983752057046408,
    "VAUCF": 0.1697580527272125,
    "RVLGF": 0.16928643911424185,
    "RLGMF": 0.16905522939814122,
    "KSKGF": 0.16851916716386062,
    "SMAGF": 0.16847602818082508,
    "CGAU": 0.16831644739819504,
    "FMANF": 0.16825227581423913,
    "ARGTF": 0.16824772108565159,
    "OMMSF": 0.1681327623538706,
    "CBLRF": 0.16796980922156393,
    "ELRRF": 0.16686943252986192,
    "CDELF": 0.16671750980143532,
    "PZG": 0.1662320294977733,
    "GBBFF": 0.16616456504256757,
    "ARBTF": 0.16565298000691753,
    "HCHDF": 0.16533670553468757,
    "CERRF": 0.16530007307775224,
    "RGDFF": 0.16503708820088733,
    "BYAGF": 0.16484855987468852,
    "OSCI": 0.16461220331770976,
    "GSS": 0.16410727729915991,
    "RNGTF": 0.1640995445293099,
    "NFGFF": 0.16397220031366677,
    "GBGD": 0.16387553972460783,
    "SA": 0.163860115130365,
    "KOREF": 0.16361962047170286,
    "ALRGF": 0.16340785272080083,
    "EDVMF": 0.16322699642615335,
    "SNWGF": 0.1631117529137724,
    "GBRCF": 0.1630148244355504,
    "FIEIF": 0.16295816366337842,
    "SUIFF": 0.1627313448702895,
    "ANTMF": 0.16269524129830282,
    "BLAGF": 0.16261877991108872,
    "CQRLF": 0.1625626338078351,
    "RDUFF": 0.16248059355668235,
    "BGFGF": 0.16243682671510704,
    "CAHPF": 0.16133297104982852,
    "WLRMF": 0.1613260957623715,
    "SSRM": 0.16127318046274178,
    "MAKOF": 0.16093211681930972,
    "SGGDF": 0.16077786664467372,
    "BTKRF": 0.16073424502064942,
    "FDVXF": 0.16069789910293464,
    "GFI": 0.16055514268303767,