{
    "NGD": 1.0000000000000002,
    "CGAU": 0.39439603725839906,
    "ARNGF": 0.3521378835499431,
    "NCMGF": 0.3394755617238833,
    "NCMGY": 0.3394755617238833,
    "EQX": 0.3299540721107861,
    "RMIOF": 0.3139463871349727,
    "ARMZF": 0.31094546193075134,
    "SGRCF": 0.3090476865285302,
    "OCANF": 0.30584978435180304,
    "OGDCF": 0.30584978435180304,
    "MNDJF": 0.3009240610621733,
    "HCHDF": 0.29883780988946923,
    "CCRRF": 0.2949608887370863,
    "YNGFF": 0.29398820446151064,
    "EGMLF": 0.28917013824807475,
    "IAG": 0.28883687853212175,
    "GTGDF": 0.2876521783742097,
    "MGLQF": 0.28325128304827896,
    "AAU": 0.2777923356485853,
    "PVG": 0.27673719066156455,
    "ALLXF": 0.2759985113531875,
    "NGUGF": 0.2752389151534294,
    "TRRFF": 0.27297305672673355,
    "GGAZF": 0.27279051965198,
    "CDE": 0.27253155871788715,
    "LADFF": 0.27184869087894475,
    "HL-PB": 0.27135272042226327,
    "HL": 0.27135272042226327,
    "BGADF": 0.2707111837626998,
    "GAYMF": 0.2704169924633754,
    "SGGDF": 0.26972069934668064,
    "SSRM": 0.2663548958148312,
    "AGI": 0.2644015974726285,
    "DPMLF": 0.26433149610805745,
    "TORXF": 0.26077466858255793,
    "CLGCF": 0.2537990316721091,
    "NXXGF": 0.2528313931940143,
    "GCFFF": 0.2520543294179563,
    "RNGTF": 0.25084193541468597,
    "WDOFF": 0.2506348026020553,
    "HMY": 0.2504278296434197,
    "ETHOF": 0.24818233453819422,
    "PACXF": 0.2478911303564237,
    "NPDCF": 0.24756312333160585,
    "WHGDF": 0.24591894579227702,
    "GBBFF": 0.2458468427049427,
    "RUPRF": 0.24500530289301048,
    "KSTBF": 0.2444286806898697,
    "CRCUF": 0.24106527567621078,
    "KSKGF": 0.23970359046766238,
    "SUPGF": 0.23958493696299643,
    "KL": 0.2358305517635677,
    "SGSVF": 0.2351989008349663,
    "KNTNF": 0.23373601339547792,
    "FIEIF": 0.23347547366984112,
    "AEM": 0.2327705162372193,
    "GORO": 0.23240947951572516,
    "MCDMF": 0.23221642813920956,
    "AVGDF": 0.2320501210750917,
    "JAGGF": 0.2316553377462553,
    "AGGFF": 0.23122470017556873,
    "XXMMF": 0.23062067926710564,
    "TETOF": 0.23050664467913196,
    "NFGFF": 0.2301073648096721,
    "MGDPF": 0.22901334834834,
    "GSS": 0.22731213669236727,
    "SROYF": 0.22663682027230825,
    "WKGFF": 0.22657333048052208,
    "CDELF": 0.22387165565822528,
    "MMRGF": 0.22346322764452223,
    "MJGCF": 0.22273368909513633,
    "IEGCF": 0.22197593526313644,
    "HUMRF": 0.22171330561450553,
    "STBMF": 0.22108270732422158,
    "STBMY": 0.22108270732422158,
    "RCTFF": 0.2208426528093347,
    "CAHPF": 0.21975251594227835,
    "ARGTF": 0.21918265914869403,
    "OMMSF": 0.2181720488241861,
    "TPRFF": 0.2168871217329344,
    "PLMNF": 0.21597972115830802,
    "GGXXF": 0.21478706744820206,
    "CXBMF": 0.2145915211202851,
    "QCXGF": 0.21447124820706293,
    "SIREF": 0.21437185765807532,
    "SA": 0.2136780197498832,
    "SITKF": 0.2136388528650467,
    "STRRF": 0.21344470828203643,
    "RMGGF": 0.2126249659411045,
    "RMGGY": 0.2126249659411045,
    "ATADF": 0.21251039999895743,
    "XMTTF": 0.21221335962653087,
    "TGLDF": 0.20928703303300722,
    "CNMVF": 0.2091455545574847,
    "MRTMF": 0.20831776151575582,
    "VVCVF": 0.20797639996150408,
    "ADGCF": 0.20703447004935696,
    "EGMCF": 0.20651081182229927,
    "CCHI": 0.2058502511811038,
    "FTCO": 0.20562014777827575,
    "MDSMF": 0.20516984586050657,
    "CMMMF": 0.20509425700081207,
    "MRIRF": 0.2050249558266479,
    "RTMFF": 0.20487307768835464,
    "FFMGF": 0.2048413844891702,
    "EGDD": 0.20437168692364627,
    "BTG": 0.2040635059682291,
    "HGGOF": 0.20328968529271896,
    "RDEXF": 0.20310870563538483,
    "FIOGF": 0.2030576177575198,
    "WARGF": 0.2024780636598044,
    "GRCAF": 0.20205569422685848,
    "BNAUF": 0.20178499629703328,
    "FGLDF": 0.20167494508275016,
    "ORFDF": 0.20162622548476616,
    "RMLFF": 0.20158282179212275,
    "GGGOF": 0.20153337762387494,
    "GFGSF": 0.2015252955374705,
    "TDRRF": 0.20071277204359775,
    "SRLTF": 0.20035160063435667,
    "BONXF": 0.20029352093770958,
    "ABMBF": 0.20015109918289606,
    "NSGCF": 0.20012685103353717,
    "SRCRF": 0.19959953447947265,
    "JSHG": 0.1993821034026193,
    "JNCCF": 0.19909458255448875,
    "PNCKF": 0.1990337214744724,
    "GOLD": 0.1988388612115246,
    "KPZIF": 0.19873448539098224,
    "AURQD": 0.19835068277984838,
    "AURQF": 0.19835068277984838,
    "BLAGF": 0.19823720192869623,
    "NWGC": 0.197415895226894,
    "MGVMF": 0.19725639926023963,
    "FSXLF": 0.19720660556767927,
    "NRGOF": 0.19664944028847517,
    "KRRGF": 0.1961616650376129,
    "AUGG": 0.19594657460044626,
    "FMANF": 0.1954531065664921,
    "BLTMF": 0.19497538650250423,
    "NJMC": 0.19485448908351952,
    "SGMNF": 0.19407318743563517,
    "RDEMF": 0.19397720135153054,
    "NTGSF": 0.1936642925833793,
    "KTGDF": 0.19322782469501915,
    "SMAGF": 0.19308710694926687,
    "WRRZF": 0.1929026160211586,
    "ORLA": 0.19283730773224597,
    "SLMXF": 0.19259158282562286,
    "MAKOF": 0.19244027849641615,
    "WLRMF": 0.1918716417751532,
    "ANGVF": 0.19072419861899445,
    "BVTEF": 0.19052887537106908,
    "ALRGF": 0.19001211352117642,
    "NULGF": 0.18984975059216905,
    "LGDTF": 0.1896408005726489,
    "WTHVF": 0.189550014521453,
    "ABNAF": 0.1893324726449266,
    "TRII": 0.18928227447219842,
    "MAIFF": 0.1891945431866014,
    "RGDFF": 0.18833717123558638,
    "MMTMF": 0.18825216176628606,
    "YGTFF": 0.18785389203254502,
    "ROGFF": 0.18772198639653723,
    "ARBTF": 0.18752033074305796,
    "CERRF": 0.18733393355356606,
    "LRTNF": 0.18637070654648452,
    "PREIF": 0.18615773185434242,
    "GPTRF": 0.18585355804293502,
    "AUXXF": 0.1858249845642267,
    "CFGMF": 0.18548071700086496,
    "MSGCF": 0.18485338112073665,
    "DGDCF": 0.18474286749142213,
    "OCGSF": 0.18386070555036976,
    "CTCGF": 0.18353032615321677,
    "GPXM": 0.18347862702875897,
    "RLGMF": 0.18312964347745161,
    "GLDG": 0.1828701288366417,
    "NVGLF": 0.18286370176457498,
    "STVGF": 0.1826958730602543,
    "RMLRF": 0.18262126031857054,
    "MNGG": 0.1825141835237199,
    "WFRSF": 0.1817047005190223,
    "CANWF": 0.18157700095540605,
    "PMCCF": 0.1814007507245138,
    "RVLGF": 0.18118523193333153,
    "AGCZ": 0.1809846046108183,
    "SXNTF": 0.18073467060607273,
    "KGC": 0.18051842453315925,
    "KAMRF": 0.18042432126377853,
    "RFHRF": 0.1795987503072029,
    "XNDRF": 0.17952051146566483,
    "GRYCF": 0.17916667369979702,
    "GALKF": 0.17839214063294362,
    "LRDJF": 0.17829706765773168,
    "RMETF": 0.17798792352329942,
    "FRERF": 0.17796332771153436,
    "ALDVF": 0.1777485120921485,
    "USAU": 0.1774680213844356,
    "AAMMF": 0.17692882196373877,
    "TSRMF": 0.176844936160924,
    "EFRGF": 0.17661731011298057,
    "USGDF": 0.1765971652980701,
    "RDUFF": 0.17594894672190492,
    "CJCFF": 0.17580673079348264,
    "NOMNF": 0.17546750197058614,
    "HSTXF": 0.1754187781575625,
    "FTBYF": 0.17540918802601577,
    "CQRLF": 0.1751201525808861,
    "SGCPF": 0.1749334914983033,
    "CMCL": 0.1747967138794503,
    "GAU": 0.17477634453407329,
    "PLYN": 0.1746315040756459,
    "BYAGF": 0.17393140241194943,
    "NCAUF": 0.17386596225020118,
    "FDVXF": 0.17331627540462358,
    "KDKGF": 0.17310257645849275,
    "VLCJF": 0.17282461855869127,
    "VITFF": 0.17254438967884822,
    "EQTRF": 0.17244573100611785,
    "EGO": 0.17229145093377923,
    "IMII": 0.17073369447144576,
    "CGOL": 0.170382409490678,
    "LMEFF": 0.17036075420996558,
    "DNGDF": 0.16987649755019651,
    "PCRAF": 0.169537874619277,
    "ECRFF": 0.16953121312116387,
    "CGLCF": 0.16873552220331142,
    "GBGD": 0.168565103345467,
    "BTKRF": 0.1684169078540117,
    "SSTT": 0.16779058690266224,
    "LMGDF": 0.16766539972270977,
    "THXPF": 0.16763899152982845,
    "PRRVF": 0.16746248289944954,
    "SADMF": 0.16690421897730895,
    "NVDEF": 0.16656287313208118,
    "RGRNF": 0.16653948875271124,
    "MOJGF": 0.16640067182787738,