{
    "NJMC": 1.0,
    "THMG": 0.38183704832177306,
    "CDE": 0.3522603163500488,
    "HL-PB": 0.3231168797764481,
    "HL": 0.3231168797764481,
    "TLRS": 0.3082982523800089,
    "EGMCF": 0.288308661025144,
    "PGOL": 0.26082481009180436,
    "USGDF": 0.2592968510181484,
    "FMANF": 0.2543247911494326,
    "ORFDF": 0.24407245352541773,
    "USCS": 0.2400662403391381,
    "CQRLF": 0.23648740666353324,
    "SIREF": 0.23481617074739683,
    "IEGCF": 0.22991063534901512,
    "PGRCF": 0.22882994473040444,
    "ARSN": 0.22844243169253883,
    "AMMPF": 0.22664409243131825,
    "TOGOF": 0.22446123824164335,
    "GAYMF": 0.2242297582351341,
    "PVG": 0.2239372774443551,
    "KSSRF": 0.2224359761701445,
    "LRDJF": 0.2199406174976178,
    "BGADF": 0.21752787925698244,
    "NVDEF": 0.21464468272715692,
    "WDOFF": 0.2129644650935595,
    "DTARF": 0.21108412603145543,
    "KPZIF": 0.20871018329584112,
    "EGMLF": 0.2075936243780514,
    "MRIRF": 0.20670126197869054,
    "GPTRF": 0.2063002095259245,
    "OSTO": 0.2054262413112747,
    "GFGSF": 0.2051976629437685,
    "AVGDF": 0.2044650254359528,
    "CRCUF": 0.20297098006132577,
    "ATADF": 0.20282066760705883,
    "SLMXF": 0.20275082996776975,
    "SRLTF": 0.20204524556603123,
    "TDRRF": 0.2011801230686602,
    "FTCO": 0.20108754005372603,
    "RTMFF": 0.20094710245900912,
    "SXNTF": 0.20050882896168115,
    "LGDTF": 0.20039407171053245,
    "VVCVF": 0.19894722706687648,
    "GLDG": 0.1989189912310791,
    "KOREF": 0.19817562643426515,
    "MNGG": 0.19781244924500713,
    "SGGTF": 0.19702557623807215,
    "SITKF": 0.19696302804277543,
    "GYPHQ": 0.1966420602492234,
    "KAMRF": 0.1961684215409617,
    "RCTFF": 0.1957270731730111,
    "VGMIF": 0.1953290324396264,
    "NGD": 0.19485448908351952,
    "RDEXF": 0.19452134520718115,
    "FGLDF": 0.1945000764932013,
    "NCMGF": 0.1928098759912085,
    "NCMGY": 0.1928098759912085,
    "CGAU": 0.192448387595807,
    "CTGO": 0.19192479125526987,
    "NGLD": 0.19164266817975034,
    "CNMVF": 0.19147369839761688,
    "LRTNF": 0.191145120781207,
    "STRRF": 0.1910019028604767,
    "PZG": 0.18974518325365813,
    "PNCKF": 0.18911887883887227,
    "MCDMF": 0.18876608002256834,
    "RYES": 0.18826187258698773,
    "AUGG": 0.18824692708589,
    "ETHOF": 0.18817292735553728,
    "NVGLF": 0.18789765171135295,
    "RDGMF": 0.18709672359875396,
    "RMETF": 0.18653564772665382,
    "WGMCF": 0.1846733614074696,
    "TNGL": 0.18304832180349964,
    "NTGSF": 0.18271427441931232,
    "PREIF": 0.1818989867411587,
    "GBARF": 0.18157242796466402,
    "RMIOF": 0.18133541538247466,
    "GRMC": 0.1804144548933162,
    "YGTFF": 0.17929528761170616,
    "BNAUF": 0.17926538420399846,
    "TROIF": 0.17903615957337532,
    "RGRNF": 0.17889998686170241,
    "EQX": 0.17837031012193777,
    "SRCRF": 0.17732472129577148,
    "TRRFF": 0.17730404790892154,
    "GSS": 0.1771862502602045,
    "AURQD": 0.17687984086386307,
    "AURQF": 0.17687984086386307,
    "ANXGF": 0.17661687241352061,
    "BVTEF": 0.17629860799147434,
    "NKOSF": 0.175962749418829,
    "ZPHYF": 0.1755471800252411,
    "MNDJF": 0.17493391411221854,
    "QCXGF": 0.1748428658887975,
    "USAU": 0.17424269600370293,
    "HCHDF": 0.17397685969763485,
    "OCANF": 0.17384382459912495,
    "OGDCF": 0.17384382459912495,
    "MMRGF": 0.172817444917734,
    "IAG": 0.1728171530750727,
    "MNRLF": 0.17268843429863767,
    "NPDCF": 0.17202784202862523,
    "GPXM": 0.17143925192624807,
    "WLRMF": 0.17000668276927222,
    "VAUCF": 0.1690618368917896,
    "KSKGF": 0.16883749469400708,
    "RDUFF": 0.16852777006674896,
    "DCHRF": 0.16840742015451515,
    "RMGGF": 0.16775435198409722,
    "RMGGY": 0.16775435198409722,
    "TETOF": 0.16773778913518111,
    "BYAGF": 0.16756983338350975,
    "DGDCF": 0.16688998526062254,
    "ATLDF": 0.16657195654244772,
    "ARNGF": 0.16628573783536535,
    "QDROF": 0.16624412440801353,
    "CNDGF": 0.16614055150588733,
    "XNDRF": 0.1659758887312015,
    "BLAGF": 0.16562016012539527,
    "LADFF": 0.1651689147052326,
    "FIOGF": 0.16483363382391075,
    "NFLDF": 0.16462709828525637,
    "MGDPF": 0.1641160101452955,
    "BLTMF": 0.16393458233950448,
    "RVLGF": 0.1637949348969211,
    "RMRDF": 0.16358531901050638,
    "WARGF": 0.16329683937325754,
    "NFGFF": 0.1629592277969392,
    "NG": 0.16277620006922644,
    "PLYN": 0.16207162496704883,
    "GCFFF": 0.1612562375586072,
    "SSRM": 0.16061776612110398,
    "FSXLF": 0.16029099142137548,
    "GLDXF": 0.15973205342691307,
    "CELTF": 0.15935034234130194,
    "WFRSF": 0.1590981990046908,
    "OBNNF": 0.15883074317179013,
    "HMY": 0.15869698572957816,
    "MRTMF": 0.15866641799446307,
    "CGOL": 0.15835704248875737,
    "AMXEF": 0.15729097107233014,
    "JAGGF": 0.157272961652522,
    "GBBFF": 0.15715407272613519,
    "PACXF": 0.15714178114006871,
    "GMVMF": 0.15682962560695832,
    "NRGOF": 0.1565426015172554,
    "NXXGF": 0.15620199275875352,
    "AIRRF": 0.15600905779719124,
    "MGVMF": 0.15592788110385286,
    "PMCCF": 0.15582378441181807,
    "WKGFF": 0.15567091105933217,
    "NSUPF": 0.15557219527261681,
    "VMNGF": 0.15485322268183713,
    "KNTNF": 0.1547730429211649,
    "ORZCF": 0.1542059528420507,
    "RUPRF": 0.15416960438950314,
    "AAU": 0.1541420724710839,
    "GTGDF": 0.15399841699300665,
    "RMLRF": 0.15379809893353016,
    "IMII": 0.15378845899587867,
    "LKAI": 0.153674735369304,
    "NSRPF": 0.15247987262673854,
    "AGGFF": 0.1521657897594608,
    "RMLFF": 0.15212275399902747,
    "APRAF": 0.15201837989881556,
    "AUXXF": 0.15123410541522353,
    "TPRFF": 0.15112160776302763,
    "SMPEF": 0.15107396857837807,
    "MDSMF": 0.15050664437858072,
    "ORLA": 0.1503841628162531,
    "CFGMF": 0.1501096046610818,
    "CDELF": 0.1496847032630276,
    "LMEFF": 0.14931004131189762,
    "BMGCF": 0.1492627824094607,
    "HUMRF": 0.14913383940279323,
    "CANWF": 0.1489040608474691,
    "KDKGF": 0.14888424395598104,
    "RDEMF": 0.14858358199351557,
    "PROBF": 0.14832911731446266,
    "CNMXF": 0.1481280065132123,
    "ARMZF": 0.14766137453350023,
    "CAHPF": 0.1474165199697171,
    "GORO": 0.1468462364343923,
    "NGUGF": 0.14663986192216533,
    "CLGCF": 0.14621440214623402,
    "CCHI": 0.14580216183461964,
    "SUIFF": 0.14572347395019636,
    "UGDIF": 0.1453866409822994,
    "LONCF": 0.14518429221999757,
    "FRERF": 0.14438582522340482,
    "AGI": 0.14403009737792508,
    "LBHRF": 0.14401961343583636,
    "HGGOF": 0.14396323805004882,
    "SGCPF": 0.14265528869353256,
    "KRRGF": 0.1424304370397353,
    "TSRMF": 0.14203471085816616,
    "AUMBF": 0.14168847699752696,
    "GRYCF": 0.14167622291399498,
    "PUCCF": 0.14093199457566694,
    "SMAGF": 0.14057257684845528,
    "LMGDF": 0.14023057005937067,
    "OREAF": 0.14013761500754116,
    "SNWGF": 0.14006950805730004,
    "OCGSF": 0.13998535382491975,
    "KSTBF": 0.13961914125338543,
    "AEM": 0.13955697216877874,
    "ARGTF": 0.13938239228967556,
    "HRTFF": 0.13934527999282526,
    "CMCL": 0.13933664774202476,
    "TSGZF": 0.13922102642862308,
    "RIOFF": 0.13896621247291557,
    "NSGCF": 0.13892554145520866,
    "CJCFF": 0.13850276870982078,
    "EFRGF": 0.1383581567476174,
    "YNGFF": 0.13812957375345225,
    "FFOXF": 0.1379414853687833,
    "SGGDF": 0.13792640944885412,
    "TRYRF": 0.13772884034574992,
    "CXBMF": 0.13760506319738466,
    "CMMMF": 0.1375530320713621,
    "ALDVF": 0.13713293577727867,
    "GGCPF": 0.1371188704495461,
    "GRCAF": 0.13700112866678468,
    "CERRF": 0.13696778419518832,
    "EQTRF": 0.136853854836248,
    "PLMNF": 0.1364018535564068,
    "SPAZF": 0.13624017623135856,
    "EGO": 0.13600913392216915,
    "ROGFF": 0.13570485681123115,
    "WHGDF": 0.13565710196060077,
    "VRDR": 0.13561125322183928,
    "SGRCF": 0.13511353836850887,
    "FIEIF": 0.13474592100358476,
    "RNGTF": 0.13460984915182014,
    "NESRF": 0.13429790500748257,
    "CTCGF": 0.13412826377944162,
    "TGGDF": 0.13400946951575113,