{
    "NSUPF": 1.0,
    "VGMIF": 0.38108346114988334,
    "RMRDF": 0.33863151280376375,
    "TOGOF": 0.30881906100368967,
    "IEGCF": 0.28111606292514413,
    "AURQD": 0.2776279556965014,
    "AURQF": 0.2776279556965014,
    "ORFDF": 0.27237967915721467,
    "SUIFF": 0.2701137900723498,
    "FGLDF": 0.26864782117975294,
    "CQRLF": 0.26460982165057045,
    "MCDMF": 0.26422336913500527,
    "GLDG": 0.26005815326204385,
    "NXXGF": 0.25958017665610006,
    "CNMVF": 0.2538099554511118,
    "VVCVF": 0.25186379098201145,
    "GTGDF": 0.25047005681293477,
    "RCTFF": 0.24139825597919795,
    "MRIRF": 0.23535631731471704,
    "AVGDF": 0.23429961037225064,
    "RSRBF": 0.2338086053845835,
    "PVG": 0.23359468916805623,
    "EGMCF": 0.23338592371389585,
    "SITKF": 0.23284619676536325,
    "KOREF": 0.23274489840107596,
    "XMTTF": 0.23166833865666017,
    "RTMFF": 0.23051861720602873,
    "PGOL": 0.2295732070562109,
    "SIREF": 0.22854282909519247,
    "AMMPF": 0.22705496665933725,
    "DCHRF": 0.22588298399473702,
    "SUPGF": 0.22587311525590553,
    "XNDRF": 0.22525050248786865,
    "EGMLF": 0.2213759394292703,
    "APRAF": 0.22006230302652338,
    "BGADF": 0.21761974493817018,
    "GFGSF": 0.21681830755782808,
    "ATADF": 0.214953118425644,
    "SLMXF": 0.21396314130878838,
    "SRLTF": 0.2101726291268262,
    "TDRRF": 0.20981359632804072,
    "PNCKF": 0.2081355550380599,
    "NKOSF": 0.20724536389052778,
    "RDEXF": 0.20689485570613775,
    "NOMNF": 0.20553410245985956,
    "PACXF": 0.20552481667350223,
    "DTARF": 0.20541973789663923,
    "AAU": 0.20479692359456306,
    "RMETF": 0.2047333769713451,
    "GBARF": 0.2022620183826569,
    "AMXEF": 0.20041400794501085,
    "THMG": 0.1995170692664038,
    "NFLDF": 0.19869875907290172,
    "STRRF": 0.19841632004924606,
    "KSSRF": 0.19811415674003996,
    "NVDEF": 0.19730047063524322,
    "PLYN": 0.19725152695989576,
    "TROIF": 0.1960383793758739,
    "WDOFF": 0.19535367415693816,
    "RDUFF": 0.19444228063166816,
    "RUPRF": 0.19318156835939607,
    "VMNGF": 0.19125075013044618,
    "SGGTF": 0.19114629616596862,
    "LRDJF": 0.19013365896069875,
    "KAMRF": 0.18994980169811077,
    "QCXGF": 0.1896231209621886,
    "CTGO": 0.18931911242592547,
    "GGCPF": 0.18918709037938602,
    "GAYMF": 0.18911849588237387,
    "RMIOF": 0.18833432167899494,
    "AIRRF": 0.1882108373814497,
    "LRTNF": 0.18767459025502337,
    "USGDF": 0.1868692271311356,
    "PUCCF": 0.1865504900225735,
    "SRCRF": 0.18587486962780458,
    "BLAGF": 0.18512631469137703,
    "MMRGF": 0.18300438883708348,
    "RFHRF": 0.18201985251646757,
    "WARGF": 0.1810308425340269,
    "FIOGF": 0.18078185179833914,
    "LMEFF": 0.18076216155493313,
    "QDROF": 0.17972706448732936,
    "SNWGF": 0.17942143687002035,
    "FMANF": 0.17903332201938726,
    "PROBF": 0.17873888261525067,
    "TRRFF": 0.17869473932007754,
    "FRERF": 0.17825177990546986,
    "MRTMF": 0.17800940468712467,
    "ALDVF": 0.1776508440670788,
    "OBNNF": 0.17740771564078986,
    "CDE": 0.17720426966940103,
    "NTGSF": 0.17654520094168077,
    "FFOXF": 0.17618445999504934,
    "NSGCF": 0.17611675366719026,
    "TETOF": 0.1760900121483692,
    "SXNTF": 0.17543393034678656,
    "CGOL": 0.1747450679082064,
    "ETHOF": 0.17458984111328654,
    "RLGMF": 0.1742309895162757,
    "LGDTF": 0.1738186144814946,
    "MNGG": 0.17324100473743248,
    "RDGMF": 0.17296317060061253,
    "GPTRF": 0.17085683077248573,
    "NRGOF": 0.17075795920845846,
    "LBHRF": 0.17072231926832254,
    "CBGZF": 0.17033230285547438,
    "FTBYF": 0.1701771859607371,
    "BONXF": 0.1688021331033995,
    "AXMIF": 0.16788372561628562,
    "ANXGF": 0.1673309226206317,
    "WFRSF": 0.16719320100172247,
    "CERRF": 0.1665799076134918,
    "HRTFF": 0.16630975517039528,
    "MDSMF": 0.16548352429237856,
    "AGCBF": 0.1648947078957217,
    "YGTFF": 0.1648271719848571,
    "WVMDF": 0.16392287996909527,
    "KSTBF": 0.16376699900512862,
    "AGDXF": 0.16368936941637757,
    "DGDCF": 0.1636376862257278,
    "CNDGF": 0.16353050788828372,
    "TORXF": 0.16320873694716292,
    "KTGDF": 0.16271051483345186,
    "ABMBF": 0.16260484343975226,
    "WLRMF": 0.16219007922264872,
    "JAGGF": 0.16204317769904455,
    "SGGDF": 0.16183953965300255,
    "CTCGF": 0.16175621584624605,
    "FTMNF": 0.16134225824675544,
    "AGI": 0.16130960990581497,
    "GYPHQ": 0.1607221655279337,
    "BYAGF": 0.16019486763351515,
    "KPZIF": 0.16014782482878887,
    "GORO": 0.1601415099301389,
    "ASWRF": 0.16005800174569174,
    "BLTMF": 0.15976523531681694,
    "PGRCF": 0.15961486490986754,
    "AGGFF": 0.15910590052378315,
    "GRYCF": 0.158868510300103,
    "NVGLF": 0.1586944892043794,
    "GXSFF": 0.15825202038759104,
    "FSXLF": 0.15766705631799874,
    "TSRMF": 0.15669516292959926,
    "AUXXF": 0.1561323412058557,
    "NJMC": 0.15557219527261681,
    "MGLQF": 0.1551532312309289,
    "MNDJF": 0.15512991557972258,
    "SADMF": 0.1548583555742856,
    "SPAZF": 0.1543439454812726,
    "USCS": 0.15428397413481457,
    "LOMLF": 0.1538287321040423,
    "TGGDF": 0.15382752511918188,
    "CLGCF": 0.15351340287130308,
    "CGAU": 0.15299885122945125,
    "NFGFF": 0.1525177028937099,
    "CBLRF": 0.15234234711212347,
    "SA": 0.15189635386225572,
    "LONCF": 0.15164468113187357,
    "EFRGF": 0.1515427366161426,
    "ABNAF": 0.15065498055994164,
    "NGD": 0.15057831445652542,
    "ARBTF": 0.15037082243808872,
    "TSGZF": 0.15017228593015558,
    "CRCUF": 0.14969504885680318,
    "WRRZF": 0.14938474425808526,
    "BTKRF": 0.14930233358669312,
    "ALRGF": 0.14907632577974358,
    "ORZCF": 0.1489920671309923,
    "LADFF": 0.14826235464739757,
    "ALLXF": 0.14811980012530682,
    "TNGL": 0.14804388058792872,
    "OCGSF": 0.14793414164603702,
    "TRII": 0.14732433403103287,
    "WKGFF": 0.1471757099694358,
    "ALKEF": 0.1468041374427782,
    "KSKGF": 0.1465552139299615,
    "LMGDF": 0.1459617971288142,
    "CFGMF": 0.14513897655595648,
    "ROGFF": 0.14512069458650542,
    "MPUCF": 0.14508938779476088,
    "MGDPF": 0.14508116386899464,
    "KNTNF": 0.14482795274746232,
    "VITFF": 0.14415274181680726,
    "NGLD": 0.14409637854174476,
    "TGLDF": 0.14407376568118213,
    "AUGG": 0.14375623800285342,
    "MAUTF": 0.1435962019821411,
    "PREIF": 0.14238064928424765,
    "ORLA": 0.14222334707228831,
    "HUMRF": 0.14200747676234501,
    "IAG": 0.14197315798103863,
    "GDRZF": 0.14166538453986027,
    "SGCPF": 0.1414122026547164,
    "PLMNF": 0.14134898859586845,
    "SMPEF": 0.14107375950798015,
    "UGDIF": 0.1410032059373115,
    "GMVMF": 0.14062619020463854,
    "BMGCF": 0.14018331314998403,
    "GCFFF": 0.14013767484377396,
    "RCCMF": 0.13976947761362518,
    "VLCJF": 0.13957223357310605,
    "CANWF": 0.13931586041614616,
    "AUMBF": 0.13926351074977725,
    "MNRLF": 0.13821572113741384,
    "BVTEF": 0.13758252790678646,
    "GBBFF": 0.13753088902372912,
    "NG": 0.13732791347742815,
    "MGMLF": 0.13729222716347464,
    "GPXM": 0.13704336987111082,
    "ANGVF": 0.13698690722573026,
    "MAIFF": 0.13658496564700273,
    "CJCFF": 0.13620559679688232,
    "ARGTF": 0.13612980359515728,
    "GSV": 0.13579134051032885,
    "GGXXF": 0.13568121811765133,
    "SRBIF": 0.13547424342189182,
    "MSGCF": 0.13470211059304235,
    "JSHG": 0.13424530596150008,
    "SGSVF": 0.1340829180869694,
    "GLDXF": 0.13384650110855564,
    "FTCO": 0.13371920071560206,
    "HGGOF": 0.13351265748440738,
    "SMAGF": 0.13337642278551626,
    "AEM": 0.13324896192033195,
    "FFMGF": 0.13324543996251456,
    "RGRNF": 0.1324587705525957,
    "KDKGF": 0.1323739324843582,
    "HCHDF": 0.13231800537762659,
    "JNCCF": 0.1314026780550049,
    "TRYRF": 0.13102593898023088,
    "GBRCF": 0.13101192921162796,
    "CCRRF": 0.13033818639940722,
    "OREAF": 0.13009310825581158,
    "WGMCF": 0.1293365100648267,
    "CNMXF": 0.12893809591573804,
    "BARUF": 0.1285610574388533,
    "WHGDF": 0.12849453653494336,
    "CMMMF": 0.1284615818204667,