{
    "PGRCF": 1.0000000000000004,
    "THMG": 0.39265193708589907,
    "PGOL": 0.34930799831559156,
    "EGMCF": 0.34379015643383487,
    "PZG": 0.3341594177546517,
    "FMANF": 0.3182493912403003,
    "GRMC": 0.3127672686953287,
    "RDGMF": 0.29962315794692995,
    "ZPHYF": 0.2857034867744903,
    "GPXM": 0.2823202426632004,
    "GFGSF": 0.2776271210792785,
    "USCS": 0.27710741478941514,
    "CQRLF": 0.27324284768829765,
    "ARSN": 0.26938665991146066,
    "NVGLF": 0.2664147549949424,
    "MNRLF": 0.26532130885954663,
    "NPDCF": 0.2651875079061345,
    "SGGTF": 0.2636046080788361,
    "BMGCF": 0.26312252389107915,
    "NGLD": 0.26281093418725826,
    "NVDEF": 0.2615729189590165,
    "ORFDF": 0.25989829681584453,
    "AUGG": 0.25874102092961254,
    "MNGG": 0.25662570246798894,
    "WGMCF": 0.2506335929944491,
    "USGDF": 0.24666726546011675,
    "GYPHQ": 0.24657558560071005,
    "FIOGF": 0.246565714287853,
    "SIREF": 0.24638444359685852,
    "IAUCF": 0.24204088235922075,
    "LGDTF": 0.24161311364912183,
    "SRCRF": 0.24132183913240698,
    "DCHRF": 0.2373162041987628,
    "ATADF": 0.23376750231957127,
    "SITKF": 0.233482787100944,
    "RTMFF": 0.23314251980980252,
    "QDROF": 0.23241800390215953,
    "CNMXF": 0.22995767453302318,
    "PLYN": 0.22960512465829092,
    "NJMC": 0.22882994473040444,
    "LRDJF": 0.22793690591714796,
    "RCTFF": 0.2271039833827281,
    "CRCUF": 0.2239167580003909,
    "BVTEF": 0.22356637649229338,
    "KOREF": 0.2219693428212623,
    "SRLTF": 0.2213272586132828,
    "GMVMF": 0.22044779413573024,
    "WDOFF": 0.21970637500037538,
    "BNAUF": 0.21874751422908523,
    "OSTO": 0.21821613992096148,
    "TOGOF": 0.2181807448593007,
    "CDE": 0.21798954151247052,
    "CGOL": 0.217344434319765,
    "PVG": 0.216826701853609,
    "VVCVF": 0.21324304425299093,
    "VAUCF": 0.2124455304510593,
    "GPTRF": 0.21108344151062455,
    "PNCKF": 0.2096905409321596,
    "AVGDF": 0.20960851792261037,
    "KSSRF": 0.20940735378696515,
    "GBRCF": 0.20937250213638087,
    "NKOSF": 0.2083806435903642,
    "ETHOF": 0.20783555003070325,
    "MRIRF": 0.20666084165738802,
    "SXNTF": 0.2059865037439614,
    "IEGCF": 0.20570114261408876,
    "RDUFF": 0.20554128310801437,
    "BGADF": 0.20498896955956264,
    "CTGO": 0.2045430103783114,
    "SMPEF": 0.20315503305462726,
    "APRAF": 0.2027106391369512,
    "CNMVF": 0.2021322583896572,
    "NFLDF": 0.20073992396331122,
    "MRTMF": 0.2002942089789672,
    "NULGF": 0.1999167391894985,
    "EGO": 0.1994875909748744,
    "AURQD": 0.1988599943100419,
    "AURQF": 0.1988599943100419,
    "NG": 0.19842739382446672,
    "GTGDF": 0.19779403894567515,
    "TRRFF": 0.19724407529572985,
    "GLDG": 0.19675318167262476,
    "STRRF": 0.19369608796966617,
    "SNWGF": 0.19338360098418259,
    "TETOF": 0.1928572496532523,
    "NRGOF": 0.19264852375815708,
    "NOMNF": 0.19191748763897973,
    "FTCO": 0.19178714839632027,
    "AGAUF": 0.19139094979539126,
    "AMMPF": 0.19105147510120923,
    "RDEXF": 0.19067584970654208,
    "FGLDF": 0.19016503021308562,
    "YNGFF": 0.18889655685634738,
    "TNGL": 0.18805802103338734,
    "RYES": 0.1874138258129686,
    "SGCPF": 0.18709780170581125,
    "WARGF": 0.18686110898073577,
    "KPZIF": 0.1863842172222613,
    "VGMIF": 0.18616710325311933,
    "GSV": 0.18468340669827904,
    "FRERF": 0.1845096098610371,
    "DGDCF": 0.18431985838731632,
    "YGTFF": 0.1839662533567524,
    "WLRMF": 0.18316646638509676,
    "KDKGF": 0.18215604500411012,
    "KAMRF": 0.1811642237516168,
    "PUCCF": 0.17906481471779204,
    "BTKRF": 0.17906231999733935,
    "NXXGF": 0.17892653514065732,
    "AUXXF": 0.17868596216485577,
    "STVGF": 0.17821462487508977,
    "VMNGF": 0.1781474697491484,
    "MIMZF": 0.1778722791172396,
    "RUPRF": 0.17675798725203432,
    "NSRPF": 0.1765063499960974,
    "GCFFF": 0.17616490516494537,
    "XNDRF": 0.17587272653979985,
    "LADFF": 0.17570706091981886,
    "WKGFF": 0.17545565988254358,
    "DTARF": 0.17534990267543993,
    "TDRRF": 0.17429889533778437,
    "GRCAF": 0.1734811298902581,
    "SLMXF": 0.17255979471931918,
    "OREAF": 0.17252226874722557,
    "AUMBF": 0.17251736209200472,
    "HCHDF": 0.17185300118278474,
    "TGGDF": 0.17136211232617626,
    "EGMLF": 0.17125558153280196,
    "GGXXF": 0.1712286868880679,
    "VITFF": 0.17071239082022382,
    "QCXGF": 0.1702527400330501,
    "GORO": 0.16985713919753262,
    "AIRRF": 0.16917224044928586,
    "HL-PB": 0.1688772814484208,
    "HL": 0.1688772814484208,
    "BLTMF": 0.1684873776348821,
    "GBARF": 0.16846907384087395,
    "BLAGF": 0.16846584305903067,
    "NTGSF": 0.16790017073337699,
    "FFMGF": 0.16779711785760792,
    "TLRS": 0.16718025782551296,
    "CLGCF": 0.16637098862996158,
    "MAUTF": 0.16568763239009807,
    "XMTTF": 0.16551235291785674,
    "SPAZF": 0.16530887172333997,
    "NFGFF": 0.16483202308858702,
    "BONXF": 0.16452380830638488,
    "MCDMF": 0.16439387256925275,
    "CTCGF": 0.1641404002925527,
    "CFGMF": 0.16399778840910456,
    "AAU": 0.16317593636643216,
    "TSRMF": 0.16311644020056307,
    "AMXEF": 0.1630787460957835,
    "HUMRF": 0.16307258104811542,
    "RMRDF": 0.1630489764301831,
    "SSRM": 0.16291623695492913,
    "TROIF": 0.16290919786415534,
    "USAU": 0.16172061482107652,
    "GAYMF": 0.16146304911983253,
    "JSHG": 0.16136303860471685,
    "LMGDF": 0.16122820179673722,
    "LMEFF": 0.16034688438856157,
    "LKAI": 0.1602558705854748,
    "MMRGF": 0.160153782634069,
    "RMIOF": 0.16004340290443858,
    "MGDPF": 0.1599216961301354,
    "NSUPF": 0.15961486490986754,
    "RMETF": 0.15895439343206227,
    "EQX": 0.1588319702490529,
    "MDSMF": 0.1583533549812733,
    "HGGOF": 0.1583169928975121,
    "FSXLF": 0.15808236849793011,
    "ANXGF": 0.15772846597564533,
    "LBHRF": 0.15749321276713601,
    "RFHRF": 0.1569780553707776,
    "TORXF": 0.15692012074482886,
    "BYAGF": 0.15677127988006115,
    "MSGCF": 0.15653151969902201,
    "EQTRF": 0.15616347728081215,
    "JNCCF": 0.15586160213041925,
    "MAKOF": 0.15583332094579327,
    "OCGSF": 0.15479608301969439,
    "HRTFF": 0.15431024329725695,
    "WHGDF": 0.15429712813251878,
    "PACXF": 0.15423579589109204,
    "FDVXF": 0.15421677480355164,
    "FFOXF": 0.1535041324280033,
    "GDRZF": 0.1534289090438484,
    "RHRYF": 0.15325364213948126,
    "PMCCF": 0.1529134995454451,
    "WRRZF": 0.1527619918650936,
    "CXBMF": 0.15245193999008214,
    "CDELF": 0.1519590644219152,
    "NSGCF": 0.15192243782921053,
    "LRTNF": 0.15167996167490674,
    "GLDXF": 0.15163989419262397,
    "RNGTF": 0.15091729831285552,
    "LONCF": 0.15084533596042896,
    "WHGOF": 0.15024663546522266,
    "ATLDF": 0.14999833218055703,
    "JUPGF": 0.14910803098829256,
    "ROVMF": 0.14859395229765748,
    "SMAGF": 0.148040817758547,
    "ORLA": 0.14727327672820073,
    "GRYCF": 0.14625084458043064,
    "EFRGF": 0.14482617570772918,
    "AGRDF": 0.1446506249959886,
    "MNDJF": 0.14441683761750368,
    "MGLQF": 0.14388471714922105,
    "AGGFF": 0.14380641858174095,
    "KOGMD": 0.14377174726336756,
    "VRDR": 0.14266166483455398,
    "BARUF": 0.14220254864237067,
    "ALDVF": 0.14213854812460244,
    "OBNNF": 0.14167720432815728,
    "KTGDF": 0.14136357196529753,
    "CNDGF": 0.14120158646885186,
    "AEM": 0.14110290145472693,
    "SROYF": 0.14040634404943675,
    "RVLGF": 0.1402896699184614,
    "RDEMF": 0.13982601642953166,
    "TPRFF": 0.13973304596963582,
    "TGMR": 0.13972829157019323,
    "PREIF": 0.1393781884107657,
    "MGMLF": 0.13931637286285964,
    "GGCPF": 0.13916566201435626,
    "CCHI": 0.13902867339007463,
    "RCCMF": 0.138883125148432,
    "FTBYF": 0.13879557670475748,
    "PROBF": 0.13848524829581907,
    "NESRF": 0.13833529461876742,
    "MJGCF": 0.1380398184731684,
    "SGGDF": 0.13795319459906996,
    "TRARF": 0.1378120355548959,
    "GGGOF": 0.1377397687259638,
    "AGCBF": 0.13725393242161726,
    "CANWF": 0.13712622911511999,
    "KNTNF": 0.13689664251265524,
    "KSTBF": 0.13679480433109506,