{
    "RDUFF": 0.9999999999999999,
    "NVGLF": 0.2956276094823059,
    "NVDEF": 0.2905182387543062,
    "VVCVF": 0.28244636659102934,
    "SRCRF": 0.27877115729814594,
    "PGOL": 0.27799999044341733,
    "CFGMF": 0.2760291257311533,
    "KOREF": 0.27556980928234864,
    "ATADF": 0.27269078561830423,
    "TRRFF": 0.26413037984244875,
    "MRIRF": 0.26381622091251017,
    "SRLTF": 0.262721343186546,
    "PVG": 0.25957971495687027,
    "EGMCF": 0.25853642695930057,
    "FTBYF": 0.2571222108312276,
    "FMANF": 0.25550541029199786,
    "GCFFF": 0.25528988041412437,
    "GLDG": 0.2540170896957551,
    "AVGDF": 0.2516362450650019,
    "IEGCF": 0.249711188996313,
    "BGADF": 0.2483160183315674,
    "PZG": 0.24828604564500703,
    "CGOL": 0.24605072334491046,
    "AAU": 0.24394914072917565,
    "AURQD": 0.24374713308132223,
    "AURQF": 0.24374713308132223,
    "USCS": 0.2436089496879935,
    "MMRGF": 0.24286267179266413,
    "RCTFF": 0.2412813523110441,
    "TOGOF": 0.24115557724621567,
    "SIREF": 0.24103541489315902,
    "THMG": 0.24065273197982012,
    "TDRRF": 0.24039460603568916,
    "BLTMF": 0.2355123829472763,
    "NGLD": 0.23535725558077258,
    "STVGF": 0.23444611608650395,
    "SITKF": 0.2339822727262106,
    "BVTEF": 0.23305413146314405,
    "FRERF": 0.22861880025691078,
    "GFGSF": 0.22840545443312207,
    "USGDF": 0.22671360100625185,
    "EGMLF": 0.2266874283282629,
    "ORFDF": 0.22666786375025183,
    "RTMFF": 0.22594266467166313,
    "MNGG": 0.22532578142394832,
    "GPXM": 0.22417844483601143,
    "GAYMF": 0.2240800800989665,
    "NXXGF": 0.22288834978933159,
    "MRTMF": 0.22024681753684014,
    "SGCPF": 0.21968238609631163,
    "RDEXF": 0.21861768006937557,
    "RMETF": 0.2184279146534515,
    "GRCAF": 0.21833885623388316,
    "QCXGF": 0.21787849139802365,
    "RDEMF": 0.21704187886297446,
    "YGTFF": 0.21689271273370103,
    "DCHRF": 0.2161686490985436,
    "STRRF": 0.21584017763207078,
    "GTGDF": 0.2154247179357846,
    "MCDMF": 0.21512916648978053,
    "SMPEF": 0.2150655941938651,
    "CNMVF": 0.21480911291071955,
    "ANXGF": 0.21432574391275458,
    "FGLDF": 0.2139961773450998,
    "CLGCF": 0.21153949873797,
    "PACXF": 0.21151295596204875,
    "AMMPF": 0.2109760551867009,
    "PUCCF": 0.21030304392454052,
    "APRAF": 0.2098908875053342,
    "LGDTF": 0.2081944100495854,
    "FIOGF": 0.20739573550619553,
    "SLMXF": 0.20717281636068433,
    "GMVMF": 0.20691167956648565,
    "SROYF": 0.20646277084808834,
    "VGMIF": 0.20645334601548967,
    "KAMRF": 0.206172422595212,
    "AUXXF": 0.2059294970292602,
    "CDE": 0.2058362313525871,
    "PNCKF": 0.2056779075821434,
    "NRGOF": 0.20560771914504403,
    "PGRCF": 0.20554128310801437,
    "CQRLF": 0.20546011808235726,
    "ETHOF": 0.20543485330032474,
    "RVLGF": 0.2049156814985311,
    "WDOFF": 0.20484224300209858,
    "IAG": 0.20461084086098522,
    "WARGF": 0.20445706551323165,
    "RUPRF": 0.2044057424389092,
    "TRARF": 0.2043284958513008,
    "HSTXF": 0.2036669855336992,
    "WLRMF": 0.20358170897772934,
    "NKOSF": 0.20354473411729232,
    "RMRDF": 0.20294283112790948,
    "LRDJF": 0.20284231147719045,
    "NULGF": 0.20281621116852572,
    "TETOF": 0.2025607087955718,
    "PLYN": 0.2023902281718101,
    "KSTBF": 0.20236181381818638,
    "XNDRF": 0.20211055273527798,
    "BLAGF": 0.20107559585090565,
    "NFGFF": 0.19968768728436848,
    "USAU": 0.19962730942542833,
    "RDGMF": 0.1995725559986335,
    "TNGL": 0.19943190816271267,
    "AMXEF": 0.19938530618589356,
    "CERRF": 0.19933979100511884,
    "NOMNF": 0.19834397727494757,
    "LMEFF": 0.1974413764268642,
    "KTGDF": 0.1972139380754487,
    "TORXF": 0.1971722668445395,
    "ALDVF": 0.19694391598045324,
    "HCHDF": 0.19683947601215462,
    "TSRMF": 0.19655782265386668,
    "GPTRF": 0.1964506037049253,
    "RMIOF": 0.19616995286495034,
    "AUGG": 0.19565167145340343,
    "GORO": 0.19534412432429096,
    "CMMMF": 0.19518807222041148,
    "EFRGF": 0.19450207658166938,
    "NSUPF": 0.19444228063166816,
    "BTKRF": 0.19406132771423676,
    "KPZIF": 0.19365230303929867,
    "QDROF": 0.19347209379623231,
    "CANWF": 0.19286400345157267,
    "ROGFF": 0.1914623459155168,
    "VRDR": 0.1913437558244357,
    "SGSVF": 0.19123375660185804,
    "SXNTF": 0.19100285700994374,
    "PROBF": 0.1909646192809548,
    "WKGFF": 0.19030276495543755,
    "SGGDF": 0.19017370282248486,
    "GSV": 0.19003248685823163,
    "VMNGF": 0.19003237391880828,
    "BONXF": 0.18981892725313546,
    "LBHRF": 0.18975336209080884,
    "LRTNF": 0.18877078616723625,
    "HGGOF": 0.1887310974051396,
    "OBNNF": 0.18872142938978584,
    "MNDJF": 0.18858431829503947,
    "VAUCF": 0.18853967537947564,
    "FFOXF": 0.18818779832317797,
    "ALLXF": 0.18807139866760025,
    "XMTTF": 0.18800709944725497,
    "GBARF": 0.1879102564258708,
    "CDELF": 0.18763546075232862,
    "DGDCF": 0.1875774770802891,
    "AAUGF": 0.1870805101684933,
    "GYPHQ": 0.18619253695405796,
    "AGGFF": 0.18616819206710197,
    "TGLDF": 0.18616642951477202,
    "CTCGF": 0.1854414740803123,
    "ORLA": 0.18486650343610192,
    "GGAZF": 0.18470083009223842,
    "EGO": 0.18415740787483767,
    "NFLDF": 0.18383750077514185,
    "PRRVF": 0.18343103184086965,
    "AGI": 0.18314739727979182,
    "HUMRF": 0.18298820347891562,
    "FTCO": 0.18258483707481582,
    "GGCPF": 0.18235007669189224,
    "BTLLF": 0.1821664635746192,
    "SNWGF": 0.1820290329950999,
    "JNCCF": 0.18171696512375582,
    "FTMNF": 0.18097164714689934,
    "KSSRF": 0.1809144465626497,
    "DTARF": 0.18075872079845665,
    "EQX": 0.18066044949706295,
    "GRYCF": 0.1805249999715815,
    "SADMF": 0.18029790287880185,
    "ALRGF": 0.17753331542910805,
    "WGMCF": 0.17753064687220899,
    "MAIFF": 0.17715350383432207,
    "RFHRF": 0.17715045279155378,
    "TGGDF": 0.1769760165345159,
    "NGD": 0.17594894672190492,
    "HL-PB": 0.17556620112234037,
    "HL": 0.17556620112234037,
    "NPDCF": 0.17535561188721446,
    "SGGTF": 0.17513851535968528,
    "LONCF": 0.1745382780745769,
    "SMAGF": 0.1742299641567988,
    "MNRLF": 0.17413993564580735,
    "BYAGF": 0.17347752271868355,
    "YNGFF": 0.17335108379135736,
    "TGMR": 0.17317846770676293,
    "AGCBF": 0.17311332183243824,
    "GBRCF": 0.1729703047900003,
    "CTGO": 0.1728260761970043,
    "SA": 0.17235376283273163,
    "NSGCF": 0.1722110604496099,
    "BARUF": 0.17215262880514898,
    "BMGCF": 0.17151009535248796,
    "TROIF": 0.17138977882844894,
    "AEM": 0.17080452016971487,
    "BNAUF": 0.17076893718076327,
    "OCGSF": 0.17055055321299473,
    "PMCCF": 0.17045535574852905,
    "AIRRF": 0.17005484056413092,
    "PLMNF": 0.16917342348012882,
    "CJCFF": 0.16913926646758393,
    "FSXLF": 0.1687650427637477,
    "NJMC": 0.16852777006674896,
    "ARNGF": 0.16813163751656818,
    "NTGSF": 0.16792970197151344,
    "KSKGF": 0.16787007748080068,
    "MSGCF": 0.1677436718744673,
    "CCRRF": 0.16764056788670242,
    "CBGZF": 0.1674434960084461,
    "AUMBF": 0.16720032119032116,
    "LADFF": 0.16689424603240446,
    "ASWRF": 0.16686353315750105,
    "CRCUF": 0.16617042259637635,
    "SPAZF": 0.1660840361926221,
    "LMGDF": 0.16587528235640336,
    "ARMZF": 0.16572418272453307,
    "MMTMF": 0.16487168887455686,
    "MGLQF": 0.1646854472549906,
    "GXSFF": 0.16462451849724324,
    "GGXXF": 0.16399109562548222,
    "ABNAF": 0.1637937520260565,
    "NG": 0.16368237727024992,
    "RIOFF": 0.16347829114923862,
    "MDSMF": 0.16344448645832907,
    "ZPHYF": 0.16316602884106002,
    "TSGZF": 0.16313589255137526,
    "MGDPF": 0.16311004378323166,
    "MGMLF": 0.16248059355668235,
    "JSHG": 0.16235266014927413,
    "KNTNF": 0.16176318787515886,
    "CNDGF": 0.1614663930288573,
    "KDKGF": 0.1611371443249941,
    "WHGDF": 0.16065377335260952,
    "MAUTF": 0.1603969756446033,
    "GYNAF": 0.16031775169304258,
    "ARSN": 0.15993423642376312,
    "SSRM": 0.15984018007854978,
    "EQTRF": 0.15917449266200845,
    "LOMLF": 0.15889355751748874,