{
    "RMGGF": 1.0,
    "RMGGY": 1.0,
    "IAG": 0.3635684488849194,
    "TRYRF": 0.36333250605514233,
    "WFRSF": 0.35459406587524195,
    "AGGFF": 0.35131806368724955,
    "NCMGF": 0.3464160943243783,
    "NCMGY": 0.3464160943243783,
    "MGVMF": 0.34064292641459,
    "RNDXF": 0.3307412618511093,
    "GRXMF": 0.3287236432161301,
    "HUMRF": 0.3177725309630952,
    "HMY": 0.2975550584709491,
    "RMLRF": 0.29037142170416275,
    "MPJFF": 0.28973047560315546,
    "ORZCF": 0.28923795559673277,
    "RGRNF": 0.288911290689294,
    "AU": 0.2867630127286564,
    "AULGF": 0.2867630127286564,
    "AXMIF": 0.2758981762614066,
    "SBSW": 0.2743202806927129,
    "SBYSF": 0.2743202806927129,
    "MDSMF": 0.26936220110083237,
    "KSKGF": 0.26144008545407127,
    "DRD": 0.26136297914839063,
    "RSRBF": 0.25637354679753155,
    "PMNXF": 0.2560129435673331,
    "NESRF": 0.2558010857939166,
    "KAMRF": 0.2545847148412249,
    "PACXF": 0.25275732846145377,
    "MAKOF": 0.25199474446124726,
    "MAUTF": 0.2517064473916134,
    "CGAU": 0.2515614141209376,
    "NXXGF": 0.24973150548051112,
    "DGMLF": 0.2476383992464644,
    "ROGFF": 0.24639862660318507,
    "ADGCF": 0.24633732286150356,
    "SVLKF": 0.24317358406548684,
    "AEM": 0.2421710768764002,
    "EQX": 0.2411268639548554,
    "MNDJF": 0.23743217132187827,
    "WVMDF": 0.22966520881103533,
    "ELKMF": 0.228279322848961,
    "EGMLF": 0.22605061413873634,
    "ARMZF": 0.22587632028405263,
    "RNGTF": 0.22539071493577273,
    "CAHPF": 0.22482038499809168,
    "BGADF": 0.22342007427808727,
    "CANWF": 0.22156216564940348,
    "HCHDF": 0.22148253013148078,
    "GAU": 0.22039661697082283,
    "BTG": 0.21862813548578203,
    "IAUFF": 0.21784442818860056,
    "OCANF": 0.21717220307027116,
    "OGDCF": 0.21717220307027116,
    "EGDD": 0.21680724459509013,
    "TGMGF": 0.21644714510319293,
    "ANTMF": 0.21550726318101068,
    "GOLD": 0.21481606133255346,
    "GGGOF": 0.21315092837684446,
    "FSXLF": 0.2129181395244026,
    "GFI": 0.21281160440565522,
    "GFIOF": 0.21281160440565522,
    "NGD": 0.2126249659411045,
    "SUPGF": 0.21190382434098637,
    "BRYYF": 0.2106220927093594,
    "HL-PB": 0.20958659968062618,
    "HL": 0.20958659968062618,
    "EDVMF": 0.20918560545146248,
    "ARNGF": 0.2081290149603988,
    "RRDMF": 0.20645691405006378,
    "EFRGF": 0.2050036368051338,
    "RUPRF": 0.20383329941277722,
    "CNMVF": 0.2025961773750895,
    "KRRGF": 0.20178532260253246,
    "RCGCF": 0.2008485357789572,
    "AMXEF": 0.2006881494896673,
    "BNAUF": 0.2005670172302108,
    "TRRFF": 0.20043469167444983,
    "AUGG": 0.2004041977521068,
    "IXRRF": 0.19952482544538164,
    "GSS": 0.19893837988314342,
    "THXPF": 0.19875618461625658,
    "TETOF": 0.19863855219158377,
    "SSTT": 0.19779451755405966,
    "GPTRF": 0.19567392261032812,
    "GRYCF": 0.19553603965968375,
    "SGGDF": 0.19505830764239815,
    "AURQD": 0.19496490823247903,
    "AURQF": 0.19496490823247903,
    "RMIOF": 0.1948960332728773,
    "PNCKF": 0.19448167549559053,
    "ORFDF": 0.1940181333272142,
    "CCRRF": 0.19398852579658685,
    "ALKEF": 0.19387632816632522,
    "SSRM": 0.1928118115994578,
    "STBMF": 0.19152687888774905,
    "STBMY": 0.19152687888774905,
    "MJGCF": 0.19122491158555188,
    "DTARF": 0.1901035412752923,
    "CDE": 0.18956321870135434,
    "GTGDF": 0.18931603045582,
    "MGDPF": 0.18922784385178396,
    "MNGG": 0.18912167084777726,
    "KGC": 0.188883520318114,
    "BVTEF": 0.18837243446632823,
    "SRLTF": 0.1881177372484624,
    "WLRMF": 0.18785636568807024,
    "RTMFF": 0.18750891922386778,
    "SIREF": 0.18694158859892268,
    "RFHRF": 0.1860177333887099,
    "RLGMF": 0.18586926578397056,
    "KL": 0.18576311843039156,
    "GCFFF": 0.18546687608077725,
    "CQRLF": 0.185433967633507,
    "PMCCF": 0.18524315351045384,
    "CLGCF": 0.18512922350521657,
    "YNGFF": 0.18471990841914393,
    "MMTMF": 0.1846059211383684,
    "ATADF": 0.18373444436784564,
    "AAU": 0.18304760383447433,
    "PAFRF": 0.18295605034198953,
    "PAFRY": 0.18295605034198953,
    "USAU": 0.18286352729928126,
    "AGI": 0.18274084940693072,
    "AVGDF": 0.1821993407200602,
    "MRIRF": 0.1817012213060197,
    "RMLFF": 0.1811464487258472,
    "MWSNF": 0.18108334351235222,
    "ALLXF": 0.1809954458200568,
    "VGZ": 0.18054568370427693,
    "RDEXF": 0.17992941211411323,
    "TPRFF": 0.17978799184776156,
    "MMRGF": 0.17948211399652672,
    "RDEMF": 0.17930160075395238,
    "CFGMF": 0.17822113816628735,
    "ARGTF": 0.1780785995994604,
    "HGGOF": 0.17745096103958877,
    "AUXXF": 0.1762525184476895,
    "CDELF": 0.17618654680080484,
    "KSTBF": 0.17585335748157577,
    "NSGCF": 0.17579824840720232,
    "FTCO": 0.17487088975489673,
    "WDOFF": 0.17483970250012174,
    "SMAGF": 0.17443052672744308,
    "RMRDF": 0.17388242106945764,
    "ZIJMF": 0.17367071545731447,
    "ZIJMY": 0.17367071545731447,
    "GBBFF": 0.17342127147801567,
    "GORO": 0.17317719579031754,
    "USCS": 0.17311742652531015,
    "EGMCF": 0.1729110731369864,
    "VMNGF": 0.17217023421816968,
    "MRLLF": 0.17193404060941186,
    "NVGLF": 0.17171830610966377,
    "GLDG": 0.171658842680096,
    "RIOFF": 0.1715495607033055,
    "JAGGF": 0.17079416050738744,
    "MCDMF": 0.17076291752025435,
    "VVCVF": 0.17074801056601865,
    "GMVMF": 0.1706777585366395,
    "YGTFF": 0.1704978030529401,
    "TGLDF": 0.17018460784380612,
    "GAYMF": 0.17000601909589977,
    "CTGO": 0.16972427194361833,
    "IMII": 0.16946505797388098,
    "CCHI": 0.16929363711628642,
    "MRTMF": 0.16882358710850223,
    "VGMIF": 0.16867324788589047,
    "FGLDF": 0.168562422506162,
    "OBNNF": 0.16847091224978236,
    "ETHOF": 0.16817302150563895,
    "SITKF": 0.16812341178019322,
    "LADFF": 0.16806970571537946,
    "TGGDF": 0.16798396226971024,
    "NJMC": 0.16775435198409722,
    "CRCUF": 0.16706207307922025,
    "XNDRF": 0.16640649975219785,
    "QCXGF": 0.16638371655583506,
    "ABMBF": 0.16588233156536347,
    "ZHAOF": 0.16583445288002463,
    "LRTNF": 0.16572811983106722,
    "PVG": 0.16533186244321063,
    "VLCJF": 0.16514710040784386,
    "USGDF": 0.1648974257733209,
    "OMMSF": 0.16459447575226552,
    "IEGCF": 0.16455628799710104,
    "KPZIF": 0.16446534560424175,
    "FIEIF": 0.16431749748826696,
    "FNV": 0.16419481670922112,
    "NPDCF": 0.16390566819974015,
    "RVLGF": 0.16355232901357666,
    "NRGOF": 0.16352631810171842,
    "CXBMF": 0.16343556049053684,
    "XMTTF": 0.16325439059914523,
    "ECRFF": 0.1632015292761286,
    "NEM": 0.16316744200236194,
    "STRRF": 0.16278920074346132,
    "LBHRF": 0.1625563994418498,
    "KSSRF": 0.16240298554231547,
    "KTGDF": 0.16224474576267656,
    "SXNTF": 0.16220105233042062,
    "XXMMF": 0.16209616803793786,
    "AGCZ": 0.1616991389181907,
    "GFGSF": 0.16165438802582208,
    "STVGF": 0.16164617715040758,
    "TGMR": 0.16110050082484104,
    "ARBTF": 0.16098739192301184,
    "FRERF": 0.16061366335626903,
    "NVDEF": 0.16030802051587534,
    "AMMPF": 0.1599092306280335,
    "AAMMF": 0.1598585620563237,
    "FFMGF": 0.15937682090995628,
    "CMMMF": 0.1590360727849122,
    "FIOGF": 0.15899218743946597,
    "BYAGF": 0.15840713844892423,
    "WKGFF": 0.15796958093096766,
    "GBGD": 0.15796697316649808,
    "CTCGF": 0.1577823003591503,
    "OZBKF": 0.15765653943241306,
    "CMCL": 0.1575057108829771,
    "NSRPF": 0.15740556425616095,
    "OR": 0.15676418995634192,
    "AUMBF": 0.15668631511793202,
    "ZPHYF": 0.15667874193878714,
    "ANXGF": 0.15657775425491222,
    "FDVXF": 0.15627876825789797,
    "SGRCF": 0.15582150948469167,
    "OREAF": 0.15573308083006981,
    "DGDCF": 0.15527602311741717,
    "NCAUF": 0.1549248150950357,
    "NULGF": 0.15488673919619636,
    "CFEGF": 0.15468802977904028,
    "RGDFF": 0.15461183320617616,
    "LGDTF": 0.15411665067403021,
    "RDUFF": 0.15341234949012467,
    "CELTF": 0.15323737133917031,
    "EGO": 0.15255823610100577,
    "GLDXF": 0.15236637975819123,
    "DNGDF": 0.15211150072031618,