{
    "SRLTF": 1.0000000000000002,
    "KSSRF": 0.33368579579279706,
    "ORFDF": 0.30989352315089375,
    "RCTFF": 0.30329754850003715,
    "EGMLF": 0.3017589352624447,
    "MCDMF": 0.2963737260037757,
    "CNMVF": 0.293008783178738,
    "PVG": 0.2923586930881055,
    "ALLXF": 0.2906261578313653,
    "ATADF": 0.28753211423621955,
    "SGGTF": 0.287036895315851,
    "CQRLF": 0.2798685810690798,
    "BGADF": 0.27599584948236855,
    "GPTRF": 0.27162657083844083,
    "HUMRF": 0.2707830381638134,
    "RUPRF": 0.2707803494663579,
    "SIREF": 0.27064825536273623,
    "TRRFF": 0.26968882112254733,
    "HCHDF": 0.2652644492810371,
    "GAYMF": 0.2646457149762066,
    "IEGCF": 0.2639029073690048,
    "PLYN": 0.2635422451240589,
    "RDUFF": 0.262721343186546,
    "TPRFF": 0.2619890041664404,
    "MMRGF": 0.26133771309122755,
    "AMMPF": 0.2612439857823554,
    "GLDG": 0.26055912397064646,
    "SMAGF": 0.25907052132667363,
    "MRTMF": 0.2553691234516943,
    "ORLA": 0.2548658424658826,
    "VVCVF": 0.25385403813124546,
    "QCXGF": 0.25362440774590383,
    "RDEMF": 0.2532054118814216,
    "RTMFF": 0.2528319655750029,
    "FRERF": 0.25256112054605395,
    "CRCUF": 0.25250995713361696,
    "MNRLF": 0.2505902444197484,
    "WDOFF": 0.24820729222310903,
    "TSRMF": 0.2457214046791817,
    "APRAF": 0.24432115717306693,
    "IAG": 0.24412492373232614,
    "BLTMF": 0.24218700818979408,
    "RMRDF": 0.24209823033194663,
    "TRYRF": 0.24162659369094353,
    "USGDF": 0.2415987494911467,
    "YGTFF": 0.24154176028106605,
    "ETHOF": 0.24125946010330637,
    "AAU": 0.24020873402718376,
    "AVGDF": 0.23970785095215835,
    "ROGFF": 0.23899702659795063,
    "NVDEF": 0.23894569416044428,
    "GFGSF": 0.23661894919837326,
    "ABNAF": 0.23646641484223183,
    "HSTXF": 0.2361937029602103,
    "MNGG": 0.2360054413582044,
    "PACXF": 0.23525736816460516,
    "RDEXF": 0.23511414817535753,
    "RMIOF": 0.23506994627691036,
    "TDRRF": 0.23372032206820467,
    "TOGOF": 0.23366114401767957,
    "LGDTF": 0.23323621958914492,
    "STRRF": 0.2331176070841656,
    "KAMRF": 0.23291381729982194,
    "GTGDF": 0.23272926093274218,
    "AURQD": 0.2321470619119294,
    "AURQF": 0.2321470619119294,
    "CDELF": 0.2320300638600464,
    "RRDMF": 0.23179149367672086,
    "AUGG": 0.2316197004627017,
    "THMG": 0.23133598876582498,
    "AGGFF": 0.23057907046562398,
    "QDROF": 0.23011243674485957,
    "WLRMF": 0.23010691260220612,
    "NVGLF": 0.22988418789748818,
    "GGGOF": 0.2297437221172787,
    "MRIRF": 0.22956412167292467,
    "ANXGF": 0.2295039628420328,
    "NSGCF": 0.22948786227068638,
    "KOGMD": 0.2290058976628524,
    "SITKF": 0.22888651615713096,
    "GCFFF": 0.22886653394346815,
    "VMNGF": 0.22872147670836335,
    "KPZIF": 0.22805520229903203,
    "FGLDF": 0.22784158438860588,
    "TETOF": 0.22768465663060633,
    "MDSMF": 0.22686914022888657,
    "VGMIF": 0.22686070915714468,
    "SXNTF": 0.22658494029919427,
    "PGOL": 0.22612282581874765,
    "CMMMF": 0.22549387120507305,
    "RMETF": 0.22504232615954456,
    "GGXXF": 0.22418531365688366,
    "BVTEF": 0.2238875891931952,
    "DTARF": 0.2236137504734517,
    "FSXLF": 0.22276474095680887,
    "CLGCF": 0.22271659756128215,
    "ZPHYF": 0.22160837069437528,
    "XNDRF": 0.22144980812982415,
    "PGRCF": 0.2213272586132828,
    "PUCCF": 0.220973916181045,
    "TORXF": 0.22090315392596407,
    "SRCRF": 0.22022441366870765,
    "FMANF": 0.21888818258633738,
    "NKOSF": 0.21888343130992358,
    "SLMXF": 0.2185945930985499,
    "DGDCF": 0.21846242812875258,
    "FDVXF": 0.21804782909191345,
    "KSTBF": 0.21786134735110463,
    "EGMCF": 0.217471802107309,
    "NRGOF": 0.21674371113225405,
    "MNDJF": 0.2163801548139373,
    "RHRYF": 0.21571595337538768,
    "NCAUF": 0.21566360789404945,
    "RNGTF": 0.21565794787649653,
    "KSKGF": 0.21560243607486645,
    "AGDXF": 0.21532090365032466,
    "TRII": 0.2148634691075392,
    "MJGCF": 0.21412705336949772,
    "PNCKF": 0.2137464105681294,
    "GLDXF": 0.2132259162200771,
    "WARGF": 0.21273376069104674,
    "LRDJF": 0.21216810121968904,
    "AIRRF": 0.21129442779943022,
    "AUXXF": 0.21118245709509642,
    "NSUPF": 0.2101726291268262,
    "TROIF": 0.21008082212134543,
    "ELRRF": 0.2094574727980711,
    "BTLLF": 0.2090007734238882,
    "GRYCF": 0.20895511989759127,
    "ARGTF": 0.20820309667197057,
    "BLAGF": 0.20782814927933277,
    "GORO": 0.20758504942920214,
    "RMLFF": 0.20743642670525145,
    "OCGSF": 0.20735045485608994,
    "LONCF": 0.20716342229825063,
    "CTGO": 0.20680117663797726,
    "SUIFF": 0.2067182409139211,
    "KOREF": 0.20639551645249965,
    "GGCPF": 0.20604013208639343,
    "CFGMF": 0.205691769731906,
    "AEM": 0.20502762500691532,
    "CXBMF": 0.2046067547428906,
    "NTGSF": 0.20418226802075604,
    "USAU": 0.20391639046875587,
    "USCS": 0.20368672218294995,
    "OBNNF": 0.2034148111734283,
    "RFHRF": 0.20311615954539755,
    "KGC": 0.20280491468131384,
    "SGCPF": 0.20276360062203808,
    "GBRCF": 0.20234240327390762,
    "SGGDF": 0.2023159076436428,
    "KL": 0.20220815944831005,
    "GXSFF": 0.20217508012233884,
    "WKGFF": 0.20209403510551582,
    "NJMC": 0.20204524556603123,
    "NXXGF": 0.20188771119498228,
    "CGAU": 0.20177225763636503,
    "CERRF": 0.20164475260051745,
    "AGI": 0.20163024586064932,
    "LMGDF": 0.2016291648639186,
    "CANWF": 0.20054952171564036,
    "TGGDF": 0.20050329065201075,
    "FFMGF": 0.2003992096816789,
    "AGCBF": 0.20038586596522495,
    "HGGOF": 0.20035833218307225,
    "NGD": 0.20035160063435667,
    "AMXEF": 0.20026985442925765,
    "EFRGF": 0.19981023455202399,
    "BTKRF": 0.19958538793778038,
    "CNDGF": 0.1981412063799383,
    "RLGMF": 0.1970978809427367,
    "BYAGF": 0.1970952275807656,
    "OMMSF": 0.19678572954791448,
    "AAMMF": 0.1966377340066372,
    "JNCCF": 0.19657533918315054,
    "CCRRF": 0.19627438665520636,
    "FTBYF": 0.19563726738104703,
    "LBHRF": 0.1953969528787879,
    "GSS": 0.1947823790670874,
    "CDE": 0.1946237243616488,
    "SADMF": 0.19451457688076856,
    "VLCJF": 0.19436774171734364,
    "NFGFF": 0.19376337036748337,
    "LMEFF": 0.1933459043021739,
    "SMPEF": 0.19326606662212403,
    "EGO": 0.19260904545337923,
    "GYPHQ": 0.19220339079511745,
    "FTMNF": 0.19094561753787345,
    "NG": 0.19089528596225536,
    "XMTTF": 0.19031362423079398,
    "FIOGF": 0.19011275564578461,
    "SPAZF": 0.18992510220256212,
    "LADFF": 0.18927621829161362,
    "JSHG": 0.1885122829800205,
    "RMGGF": 0.1881177372484624,
    "RMGGY": 0.1881177372484624,
    "SA": 0.1877248785448851,
    "TGLDF": 0.1877056278371753,
    "BONXF": 0.1876656497567679,
    "SGMNF": 0.18741651666416767,
    "MAKOF": 0.18688923312981745,
    "ABMBF": 0.18684031017001318,
    "GGISF": 0.1867405620932701,
    "CYNXF": 0.1865439890134102,
    "GBARF": 0.18611883561388104,
    "RGRNF": 0.18590165195961061,
    "LRTNF": 0.1857926428128189,
    "PROBF": 0.18577163316545675,
    "LVXFF": 0.18555648359568835,
    "HRTFF": 0.1855226039460306,
    "EQX": 0.1850738695352218,
    "OREAF": 0.18485356944667772,
    "ARBTF": 0.18477090560344983,
    "FFOXF": 0.1846130354949523,
    "NCMGF": 0.18442653564458286,
    "NCMGY": 0.18442653564458286,
    "KTGDF": 0.18429673815331915,
    "MGMLF": 0.18360394500212812,
    "ARNGF": 0.1833803905548953,
    "BNAUF": 0.18321893260466424,
    "MGDPF": 0.18311339479608676,
    "THXPF": 0.1829040384074201,
    "OCANF": 0.18289123680934727,
    "OGDCF": 0.18289123680934727,
    "TNGL": 0.1819860644221376,
    "EGDD": 0.18171171284528254,
    "CAHPF": 0.18135762581908096,
    "GRCAF": 0.18107461187442192,
    "EDWZF": 0.1809192177332838,
    "PRRVF": 0.1807127371235496,
    "ASWRF": 0.1803714764024133,
    "ALDVF": 0.18028917037710554,
    "WFRSF": 0.18003600509561202,
    "SSTT": 0.17998252215926866,
    "PREIF": 0.17976979887309977,
    "SSRM": 0.17968487354081794,
    "CGOL": 0.1795074922660623,
    "NESRF": 0.1791014166125134,
    "KRRGF": 0.1785373072923924,