{
    "TNGL": 1.0,
    "KOREF": 0.30646235150163603,
    "NGLD": 0.28173359902038814,
    "CMMMF": 0.28036953987523766,
    "CFGMF": 0.27093078350095356,
    "NVGLF": 0.26893886391715704,
    "PGOL": 0.25349376638802196,
    "FTCO": 0.2526875369494496,
    "GFGSF": 0.23977582367044828,
    "USAU": 0.2394195017996506,
    "AUGG": 0.23909031746848364,
    "USGDF": 0.2388788005958433,
    "ETHOF": 0.23558810798324684,
    "NVDEF": 0.2353609285759812,
    "CDE": 0.23439767725954958,
    "THMG": 0.23407033401587532,
    "GCFFF": 0.23155327749078158,
    "BVTEF": 0.23035416600090416,
    "GPXM": 0.22745483025040714,
    "ARNGF": 0.22713192389012868,
    "MNGG": 0.22606334405156076,
    "TRRFF": 0.2229697032499708,
    "DCHRF": 0.22023687628764965,
    "SRCRF": 0.2199844417005559,
    "CBGZF": 0.21837831125651463,
    "FIOGF": 0.21796770410744057,
    "BGADF": 0.21593594588262408,
    "DGDCF": 0.2142917983093057,
    "STVGF": 0.21344559382175415,
    "PZG": 0.21125202085513484,
    "AGGFF": 0.21121956346136386,
    "MMRGF": 0.2097907837895031,
    "HCHDF": 0.20943143746020487,
    "PVG": 0.2086904117800328,
    "GLDG": 0.20768322175402615,
    "USCS": 0.2059152170630197,
    "GYPHQ": 0.20250783833815064,
    "PACXF": 0.20242986145205621,
    "TRARF": 0.20157994794435605,
    "WVMDF": 0.2009364364674499,
    "RMIOF": 0.20022707430268116,
    "SIREF": 0.1999058042785024,
    "WARGF": 0.19949054588215154,
    "RDUFF": 0.19943190816271267,
    "ARGTF": 0.19936568843301167,
    "RCTFF": 0.19895483373850809,
    "PUCCF": 0.1980016948919484,
    "SMPEF": 0.19740000217124548,
    "CDELF": 0.19730733692270247,
    "UGDIF": 0.19715807811955352,
    "JNCCF": 0.19584011949791738,
    "HL-PB": 0.19526335005973205,
    "HL": 0.19526335005973205,
    "CGOL": 0.19519087460638065,
    "SSTT": 0.19502316832624123,
    "EGMLF": 0.19464552956879694,
    "SITKF": 0.19458824383896092,
    "AMXEF": 0.19453675220834044,
    "TDRRF": 0.19280114586555366,
    "VVCVF": 0.19254704532816308,
    "RDGMF": 0.19085308059296904,
    "LONCF": 0.19035886697822918,
    "PGRCF": 0.18805802103338734,
    "GGAZF": 0.18754964699952553,
    "PLMNF": 0.18697313429099952,
    "TETOF": 0.18657308604778142,
    "SROYF": 0.18633950437484287,
    "CQRLF": 0.1862280964318306,
    "ORFDF": 0.18597522978649025,
    "LRDJF": 0.1844234450539179,
    "AAU": 0.18386305479426765,
    "NPDCF": 0.1836329766290491,
    "GMVMF": 0.18362607917109186,
    "NJMC": 0.18304832180349964,
    "MCDMF": 0.18267284801948283,
    "SXNTF": 0.18237537878690238,
    "SRLTF": 0.1819860644221376,
    "IEGCF": 0.18167198278102464,
    "GORO": 0.18119444087623063,
    "DTARF": 0.18089223625297066,
    "TGGDF": 0.18081555627629045,
    "TLLZF": 0.18077882806675769,
    "SSRM": 0.18060438816081667,
    "AUXXF": 0.18032014600244403,
    "BLTMF": 0.17944796795018322,
    "VAUCF": 0.17940964168217174,
    "KTGDF": 0.17935712799969974,
    "IAUCF": 0.17907348242093438,
    "AVGDF": 0.17845508043810085,
    "GLDXF": 0.17813519654504606,
    "AGI": 0.17797628330081494,
    "EGMCF": 0.17761644231040946,
    "YGTFF": 0.17747734474361368,
    "GRCAF": 0.17742210097825667,
    "OREAF": 0.1774152558931716,
    "QCXGF": 0.17615712660191538,
    "KSTBF": 0.17602367612955794,
    "RUPRF": 0.1758334353964106,
    "ALDVF": 0.17531744461689236,
    "MNDJF": 0.17530480230016807,
    "TORXF": 0.174932252614501,
    "ROGFF": 0.1745209198166246,
    "GTGDF": 0.1744547800752485,
    "CNMVF": 0.17410135757516104,
    "MGLQF": 0.1732782492998333,
    "NULGF": 0.17320122326081314,
    "RMRDF": 0.1730873970545511,
    "AURQD": 0.1727407090274186,
    "AURQF": 0.1727407090274186,
    "RDEMF": 0.17270976872833577,
    "GRYCF": 0.1723938542066161,
    "GPTRF": 0.17224487640222186,
    "GBBFF": 0.17199229498471458,
    "GBRCF": 0.17150347296813467,
    "CTGO": 0.17112990757147883,
    "FRERF": 0.17076591081865972,
    "ANXGF": 0.17067105264004187,
    "ATADF": 0.1706504943066227,
    "VMNGF": 0.1704838625062783,
    "TLRS": 0.1692997470422279,
    "TGMR": 0.16915480189392823,
    "CNDGF": 0.16900733466626153,
    "YNGFF": 0.1687794738949409,
    "FSXLF": 0.16814868230647145,
    "GSV": 0.1675476625542854,
    "ECRFF": 0.16749487461515497,
    "KAMRF": 0.1670500690212923,
    "RFHRF": 0.1670351432487848,
    "MAIFF": 0.166729387780866,
    "JUPGF": 0.16665854294012478,
    "ARSN": 0.1665335085923871,
    "OCANF": 0.16645278143515674,
    "OGDCF": 0.16645278143515674,
    "SGGDF": 0.16613375952219997,
    "BNAUF": 0.16561108327924223,
    "OSTO": 0.1654140817604537,
    "MDSMF": 0.16518144733550874,
    "HUMRF": 0.16517896704666948,
    "EGDD": 0.16513382674670837,
    "RYES": 0.16484785101880467,
    "WDOFF": 0.1647743323883689,
    "MRIRF": 0.1646189837157099,
    "EQX": 0.16384487613207668,
    "WLRMF": 0.16383409586588737,
    "MRTMF": 0.16373148180712369,
    "KPZIF": 0.1635977519172069,
    "NRGOF": 0.1628889187815645,
    "NGD": 0.16261285534632558,
    "GDRZF": 0.16254643000223587,
    "LRTNF": 0.1625401955217575,
    "BONXF": 0.16238100818627768,
    "RNGTF": 0.16207982809549087,
    "ANGVF": 0.16196518935351362,
    "RMETF": 0.16009638761701772,
    "RGLD": 0.16007203613827256,
    "RVLGF": 0.15986311436136597,
    "KSKGF": 0.1594754753402071,
    "AMMPF": 0.15942015937228787,
    "LGDTF": 0.15857864892603407,
    "CGAU": 0.15844126726938823,
    "NKOSF": 0.1582718251343243,
    "TRYRF": 0.1582388639050895,
    "NG": 0.15821082059605554,
    "PLYN": 0.15767443225973504,
    "LOMLF": 0.15745666406727232,
    "HRTFF": 0.1573088601565868,
    "JSHG": 0.15725344055037055,
    "RMLRF": 0.1571389466500725,
    "XNDRF": 0.15709707033434472,
    "SMAGF": 0.15701769354240155,
    "VGMIF": 0.15696647219397852,
    "GAYMF": 0.15649097217681046,
    "PRRVF": 0.15646956073808005,
    "GGCPF": 0.15646806612562206,
    "RCCMF": 0.15643414675139675,
    "SGGTF": 0.15639977472807728,
    "MJGCF": 0.15585043948620358,
    "XMTTF": 0.15523038345574866,
    "ORLA": 0.15498090059572464,
    "APRAF": 0.15461977299792268,
    "KDKGF": 0.154482573760372,
    "MSGCF": 0.15440301870962284,
    "NXXGF": 0.15420171573589292,
    "OR": 0.1541758334954741,
    "AIRRF": 0.15373386339676262,
    "AGAUF": 0.1536418815113974,
    "GYGC": 0.15361956407072636,
    "FNV": 0.15314274537299807,
    "EFRGF": 0.1531007224287264,
    "QDROF": 0.15268013649526546,
    "CLGCF": 0.1526323051292674,
    "NSGCF": 0.15250695760492955,
    "KSSRF": 0.1523656256581556,
    "CRCUF": 0.152224878178437,
    "PCRAF": 0.15205607527086035,
    "MGVMF": 0.15177501097251095,
    "GGISF": 0.15028798205174876,
    "IAG": 0.15018890567806267,
    "CXBMF": 0.14996304287200704,
    "LBHRF": 0.14961823653465373,
    "CGCO": 0.14954468143517283,
    "PMCCF": 0.1494816093889764,
    "SBSW": 0.14944418635212192,
    "SBYSF": 0.14944418635212192,
    "ARBTF": 0.1493766494519659,
    "PROBF": 0.14899559727224362,
    "AIVN": 0.14894383002866735,
    "OMMSF": 0.1487977668445738,
    "SGSVF": 0.14855068676487185,
    "IMII": 0.148333577991462,
    "NSUPF": 0.14804388058792872,
    "TRII": 0.14784581299961946,
    "RDEXF": 0.14754687475173123,
    "ARMZF": 0.14728917143178447,
    "CBLRF": 0.14726806684125612,
    "LMGDF": 0.14714086965001918,
    "GGXXF": 0.1470822051068286,
    "RTMFF": 0.14699325079417633,
    "FGLDF": 0.14598895938974515,
    "ASWRF": 0.14541490762519763,
    "WFRSF": 0.14519007151699354,
    "LMEFF": 0.14515926603473112,
    "STRRF": 0.1451510567639821,
    "WKGFF": 0.1449333567234137,
    "BLAGF": 0.1446690227833136,
    "OBNNF": 0.14442254251562547,
    "HGGOF": 0.14403529383532063,
    "FTMNF": 0.14383489762034268,
    "FTBYF": 0.14383395356616763,
    "TSRMF": 0.14381953893070748,
    "LADFF": 0.1431664155066274,
    "SADMF": 0.14274741222483575,
    "NTGSF": 0.14214652560311716,
    "SGCPF": 0.142027017555286,
    "CTCGF": 0.14161713442987792,
    "MMTMF": 0.1415257290088754,
    "FMANF": 0.14069191349081547,
    "RVNG": 0.14054199839057607,
    "AXMIF": 0.14050563392648505,