{
    "TODM": 1.0000000000000002,
    "MDSMF": 0.1969690576465104,
    "CFGMF": 0.17510958701219098,
    "VAUCF": 0.16821365529759977,
    "TGMR": 0.12293360522120562,
    "EGDD": 0.117364643733227,
    "GNCP": 0.1129468414710996,
    "CDE": 0.11236979269133897,
    "GORO": 0.11084861853270374,
    "SSRM": 0.10378491112192423,
    "KGJI": 0.10350031417278246,
    "BMXI": 0.10289753691988396,
    "CCRRF": 0.1014467871766682,
    "RNGTF": 0.10111539873838997,
    "LRTNF": 0.10061645027928937,
    "TNGL": 0.0994899800678827,
    "USCS": 0.0987262630601641,
    "CFEGF": 0.0982855233875998,
    "LECBF": 0.09771522529641889,
    "HCHDF": 0.09701765849223795,
    "OSTO": 0.09557655097243749,
    "GRYCF": 0.09550143749929002,
    "SSTT": 0.09501037016938717,
    "GPTRF": 0.09475466918557904,
    "FFMGF": 0.0944678564894377,
    "PRRVF": 0.09445328484900578,
    "RDEMF": 0.09403195293377152,
    "ZHAOF": 0.09269292513031183,
    "RNDXF": 0.09245900238200043,
    "CNMVF": 0.09243982215478314,
    "AEM": 0.0906083827473174,
    "HGGOF": 0.0905814251163162,
    "ANXGF": 0.0905297446978795,
    "BNAUF": 0.09035023986535935,
    "GLDXF": 0.09024426649129125,
    "KOREF": 0.0897330029696669,
    "OBNNF": 0.08953896708256545,
    "HL-PB": 0.08921575627045565,
    "HL": 0.08921575627045565,
    "TETOF": 0.08901069589603651,
    "KTGDF": 0.08877113924818256,
    "ZPHYF": 0.08829344625357895,
    "SGMNF": 0.08770714671506724,
    "WPM": 0.08761906400894823,
    "PMCCF": 0.08718579459292548,
    "EQX": 0.08706603033145119,
    "USGDF": 0.08614657580935592,
    "CCHI": 0.08610235955554395,
    "GSDC": 0.08582724231115246,
    "NRGOF": 0.08550021089896885,
    "HUMRF": 0.08534764038556233,
    "TRARF": 0.08381622154067316,
    "WLRMF": 0.08325158831473377,
    "CRCUF": 0.08294024484854727,
    "ATLDF": 0.08280654985581537,
    "SBSW": 0.08280514521076386,
    "SBYSF": 0.08280514521076386,
    "RMGGF": 0.08254842062778174,
    "RMGGY": 0.08254842062778174,
    "SRLTF": 0.08228979616643066,
    "GSS": 0.08216008706974573,
    "YNGFF": 0.08214907229465152,
    "WGMCF": 0.08108313813664665,
    "CQRLF": 0.08072004472569579,
    "EDVMF": 0.0806672906388298,
    "PVG": 0.08036904224221206,
    "NPDCF": 0.07967323597605183,
    "AIVN": 0.07945644539691808,
    "AUXXF": 0.0794415015370302,
    "AMMPF": 0.07915401819830885,
    "GRMC": 0.0789177196541508,
    "EGMCF": 0.07834644512450101,
    "NVGLF": 0.07831160259592147,
    "NESRF": 0.07809367329383807,
    "GFGSF": 0.07805021202989271,
    "RYES": 0.07799259480835617,
    "WVMDF": 0.07784776815615847,
    "FNV": 0.07767733418147425,
    "AMXEF": 0.07745552661777469,
    "VGMIF": 0.07733557830746851,
    "GLLA": 0.07716512185767915,
    "KNTNF": 0.07670995111081544,
    "XXMMF": 0.0765757282951605,
    "NG": 0.07636084968914247,
    "MMRGF": 0.07631341995706063,
    "ORFDF": 0.0761700741346361,
    "TRGGF": 0.07614566785788518,
    "GYPHQ": 0.07608167760514635,
    "CTGO": 0.07602224469057403,
    "PACXF": 0.07591532848896151,
    "MGVMF": 0.07563950761943461,
    "AVGDF": 0.07562506925970101,
    "CPNFF": 0.07528434231009141,
    "MGDPF": 0.0752788761890181,
    "MAKOF": 0.07526281286218181,
    "CGOL": 0.07502628185065384,
    "NVDEF": 0.07501537570989127,
    "EMRRF": 0.07496961412600787,
    "SUIFF": 0.07490032599320307,
    "VMNGF": 0.07453242940273164,
    "IEGCF": 0.0744372576236147,
    "RDEXF": 0.07436330119161885,
    "KSSRF": 0.07434000968647234,
    "DCHRF": 0.07353827267015858,
    "IMII": 0.0735348414540476,
    "IAG": 0.07353106236873956,
    "GBRCF": 0.07284970719460308,
    "GRCAF": 0.07271739867753366,
    "MNGG": 0.07267431065473126,
    "VNNHF": 0.0725340244829361,
    "GBARF": 0.07237294560581159,
    "FDVXF": 0.07232040827776907,
    "CXBMF": 0.07215965074103275,
    "ATADF": 0.07205435977313482,
    "CNMXF": 0.0720463632980389,
    "PGRCF": 0.07179014895408764,
    "AUGG": 0.07171180916754577,
    "NTGSF": 0.07119740093801273,
    "WDOFF": 0.07114750640066887,
    "LONCF": 0.07103619359817935,
    "SITKF": 0.07090038268652724,
    "SMPEF": 0.07054148256739501,
    "GGGOF": 0.07030158493104886,
    "FRERF": 0.07021194312940653,
    "RMLFF": 0.07011751172251847,
    "FIOGF": 0.06952203186236307,
    "SXNTF": 0.0694911261489177,
    "OREAF": 0.06932131637070832,
    "LMEFF": 0.06926341708639554,
    "RMRDF": 0.06904840495783217,
    "PZG": 0.06889944584160694,
    "PNCKF": 0.06870604257955548,
    "RDUFF": 0.06870379923860209,
    "KAMRF": 0.06835090560566932,
    "VITFF": 0.06827387399970604,
    "EGMLF": 0.0681506334419219,
    "NJMC": 0.06813010117151194,
    "MPJFF": 0.06772961264503058,
    "ARNGF": 0.06768206770252186,
    "CGAU": 0.06757663488877502,
    "NGD": 0.06757615728666759,
    "TROIF": 0.06754668094253183,
    "USAU": 0.06741728553250237,
    "NCMGF": 0.0672777880262833,
    "NCMGY": 0.0672777880262833,
    "TLRS": 0.06724601199570182,
    "RFHRF": 0.0667852608526437,
    "OMMSF": 0.06675128496438067,
    "EQTRF": 0.06659983764732211,
    "CMCL": 0.0665672110142066,
    "GMVMF": 0.06631107579704021,
    "KPZIF": 0.06628304966018958,
    "EGO": 0.06608701823991384,
    "MMTMF": 0.06608409281154046,
    "SRBIF": 0.06591274675493476,
    "AXMIF": 0.06577485174222046,
    "ECRFF": 0.06564759683374906,
    "CDELF": 0.06558758321060998,
    "ZIJMF": 0.0655374393351866,
    "ZIJMY": 0.0655374393351866,
    "RVLGF": 0.0651868342527693,
    "PGOL": 0.0647695372649669,
    "HSTXF": 0.06473891447852784,
    "GLDG": 0.06443964075976638,
    "OSCI": 0.06443361391125457,
    "FGLDF": 0.06434007645014181,
    "TSRMF": 0.06423965591118479,
    "DTARF": 0.06423633682393386,
    "VVCVF": 0.06423304490384583,
    "THMG": 0.06413312547413491,
    "IDAM": 0.0640870124168658,
    "CAHPF": 0.0640102156641947,
    "KSKGF": 0.06400648994902107,
    "GRLF": 0.06387963470316137,
    "RUPRF": 0.06377602986251459,
    "RHRYF": 0.06358193212567448,
    "AGCZ": 0.06353457761528014,
    "GCFFF": 0.06340605918253882,
    "SMAGF": 0.06323866911224067,
    "MJGCF": 0.06322455078907294,
    "WKGFF": 0.06274328178316406,
    "HRTFF": 0.06270542416691278,
    "MOJGF": 0.06263468860729468,
    "KGC": 0.06257330227765295,
    "TRYRF": 0.06245463264679472,
    "NSRPF": 0.06215641297055718,
    "OCANF": 0.06210655726856117,
    "OGDCF": 0.06210655726856117,
    "RCTFF": 0.06204363342485411,
    "GGXXF": 0.061868337021390774,
    "JAGGF": 0.061748395174557234,
    "FMANF": 0.061697532772668255,
    "GRXMF": 0.061652967574367314,
    "NSGCF": 0.06160955266924916,
    "ONSS": 0.061575893975301936,
    "SIREF": 0.06153996447201587,
    "WARGF": 0.061527324424310866,
    "MRIRF": 0.06148678185462676,
    "ARMZF": 0.061469231064299995,
    "AUMBF": 0.06144447307762557,
    "BLTMF": 0.061398247976916426,
    "RSRBF": 0.06111968707832717,
    "WFRSF": 0.06098295192266424,
    "DNGDF": 0.06093909685385316,
    "LGDTF": 0.060821946571637045,
    "MCDMF": 0.060608407433778065,
    "SROYF": 0.06041197294708346,
    "TGLDF": 0.06040109055036286,
    "ROGFF": 0.06010689167990305,
    "KSTBF": 0.05998597885880296,
    "GBGD": 0.05989254853153834,
    "ETHOF": 0.059735819690522045,
    "ORLA": 0.05956348839150413,
    "BGADF": 0.059301285188140256,
    "SRCRF": 0.05922180223372415,
    "AGXKF": 0.05912213644487754,
    "PREIF": 0.058991099143789666,
    "SGGDF": 0.058952490021988525,
    "FTMNF": 0.058854926331997515,
    "TOGOF": 0.058730239386666376,
    "TPRFF": 0.058698719827453866,
    "AGGFF": 0.05860859135231335,
    "BARUF": 0.0585272220373704,
    "MNRLF": 0.05846929574086545,
    "GSV": 0.05836335558424303,
    "GTGDF": 0.05817310518836383,
    "STRRF": 0.058072551102872974,
    "CLGCF": 0.05803332593112129,
    "TSGZF": 0.057917305642588505,
    "GGAZF": 0.05789704569384843,
    "AAMMF": 0.05789317562849455,
    "FTCO": 0.05786102824028116,
    "PUCCF": 0.0578413553645356,
    "DGMLF": 0.05755227989440042,
    "MNDJF": 0.057264296406913565,
    "JSHG": 0.05695656624360973,
    "TORXF": 0.0569466175354206,
    "RCCMF": 0.0568985567055816,