{
    "VVCVF": 1.0000000000000002,
    "GLDG": 0.3777040308296091,
    "AAU": 0.3772461726467832,
    "GORO": 0.3572176971158278,
    "TOGOF": 0.3521968518238335,
    "AVGDF": 0.34769591468788097,
    "GGAZF": 0.3439697001410923,
    "RCTFF": 0.3432870495026745,
    "MMRGF": 0.3399454688632325,
    "EGMCF": 0.33768745009209855,
    "AURQD": 0.3373421251761216,
    "AURQF": 0.3373421251761216,
    "ORFDF": 0.33407018511233344,
    "GFGSF": 0.3333946543658917,
    "BGADF": 0.3303121579245235,
    "IEGCF": 0.3288724959202179,
    "SITKF": 0.32135510848847976,
    "RTMFF": 0.3188724572760026,
    "MRIRF": 0.3180095269332242,
    "CDELF": 0.3165071279285591,
    "EQX": 0.31597829946985345,
    "CNMVF": 0.3135799467110072,
    "TDRRF": 0.30490406802201764,
    "TRRFF": 0.30435037515800106,
    "ATADF": 0.303252609823746,
    "SRCRF": 0.3029534497949451,
    "NXXGF": 0.29931543805302874,
    "CQRLF": 0.2962593116528671,
    "FTBYF": 0.2954125761435929,
    "PVG": 0.29457412360269364,
    "CDE": 0.2934055942817721,
    "GTGDF": 0.2932974594711752,
    "MNGG": 0.29277284333403636,
    "MAIFF": 0.29170607594849207,
    "GGCPF": 0.2861904034217667,
    "AGCBF": 0.28603275256050287,
    "MCDMF": 0.285875674103125,
    "DTARF": 0.2827374969059477,
    "RDUFF": 0.28244636659102934,
    "NVDEF": 0.2824304787856968,
    "EGMLF": 0.28161092138328897,
    "TETOF": 0.2795921490951518,
    "WLRMF": 0.27932519724733995,
    "MGDPF": 0.27787207016040605,
    "GAYMF": 0.27726912532005554,
    "RMETF": 0.27644071078216864,
    "RMRDF": 0.27491189641559105,
    "GPTRF": 0.2747805851240853,
    "THMG": 0.2723877051562451,
    "FGLDF": 0.2719832840338495,
    "SLMXF": 0.2707206148376905,
    "QCXGF": 0.2704512636733191,
    "AIRRF": 0.2670837476331367,
    "VGMIF": 0.26699830038756117,
    "AGGFF": 0.2664993302269878,
    "APRAF": 0.2649028522457502,
    "DCHRF": 0.2635539690308172,
    "CLGCF": 0.26288159286317386,
    "AUMBF": 0.2617944840500977,
    "AMMPF": 0.2615446766074011,
    "KAMRF": 0.2612194265610919,
    "EFRGF": 0.2609017491590033,
    "GCFFF": 0.25801894165667744,
    "NKOSF": 0.2580160270861129,
    "USCS": 0.2567352645273213,
    "RMIOF": 0.2563519940737774,
    "MRTMF": 0.25473854694217857,
    "FMANF": 0.25409356716509185,
    "CJCFF": 0.2540532888377927,
    "PUCCF": 0.25403228198435607,
    "SRLTF": 0.25385403813124546,
    "ANXGF": 0.25348791735000187,
    "PGOL": 0.25328549473786677,
    "XMTTF": 0.2530458956190719,
    "LGDTF": 0.2523448437469586,
    "NSUPF": 0.25186379098201145,
    "CNDGF": 0.25133701937139935,
    "MSGCF": 0.2513191363017898,
    "PNCKF": 0.2511409700264662,
    "FSXLF": 0.2510047173683242,
    "XNDRF": 0.25031972201482117,
    "FFOXF": 0.250168764221394,
    "OBNNF": 0.24928081661973628,
    "ALLXF": 0.249169710826751,
    "SGGDF": 0.24812013807906785,
    "KSSRF": 0.2479148075767559,
    "SXNTF": 0.2475025815981605,
    "TROIF": 0.24733805432732722,
    "NRGOF": 0.2472471032626153,
    "AGI": 0.24706092426019727,
    "CMMMF": 0.24504231082074074,
    "NSGCF": 0.24481893820683906,
    "YGTFF": 0.2443861828548606,
    "GBARF": 0.24424337590664782,
    "SIREF": 0.2442255071326329,
    "ROGFF": 0.2430877694414358,
    "PLMNF": 0.24300365228484128,
    "MNDJF": 0.24284121299607214,
    "LMGDF": 0.2427367601672762,
    "NFLDF": 0.24211332968441793,
    "RDEXF": 0.2413993445164127,
    "LBHRF": 0.24136250771379517,
    "RUPRF": 0.24073362880239843,
    "PLYN": 0.2401678373292977,
    "LRDJF": 0.24004832110459828,
    "LRTNF": 0.23996294283915534,
    "TGGDF": 0.2395810552661315,
    "BLTMF": 0.23886090394254728,
    "JAGGF": 0.23770321031255848,
    "WKGFF": 0.23702352764244822,
    "LMEFF": 0.23660070268234404,
    "VMNGF": 0.23654864198543055,
    "TORXF": 0.23634674737246797,
    "ETHOF": 0.23588378675759022,
    "KPZIF": 0.23408550227630837,
    "AUGG": 0.2338241477684282,
    "QDROF": 0.23370705675308323,
    "KSTBF": 0.23314031217691575,
    "NVGLF": 0.23206431015445514,
    "TSGZF": 0.2314014280502722,
    "FTMNF": 0.23136900648439387,
    "AMXEF": 0.2308287161754737,
    "PROBF": 0.2307860334649764,
    "RFHRF": 0.2301309269745509,
    "BNAUF": 0.22935224860929246,
    "BLAGF": 0.22908357624232834,
    "CBGZF": 0.22868046910635234,
    "NOMNF": 0.22836832896579778,
    "SGGTF": 0.2276830949505432,
    "MGLQF": 0.22747903046775014,
    "HCHDF": 0.22676729591455758,
    "STRRF": 0.226265507170936,
    "SUIFF": 0.22610909937455648,
    "PACXF": 0.22598879467361538,
    "WARGF": 0.22423977199604359,
    "USGDF": 0.2241894348833181,
    "ARNGF": 0.22387849605107338,
    "CGOL": 0.22251152819133846,
    "OREAF": 0.22224263072151795,
    "PREIF": 0.22098459956160438,
    "SADMF": 0.22078702503399403,
    "MGMLF": 0.22004669985018196,
    "CTGO": 0.2195450357835712,
    "BVTEF": 0.21936315432614514,
    "DGDCF": 0.2188491899980245,
    "HUMRF": 0.21884023602138436,
    "LONCF": 0.21845483031621693,
    "SMPEF": 0.2179706226846989,
    "IAG": 0.21795341398475834,
    "CANWF": 0.21788617779487401,
    "KTGDF": 0.21567968816937333,
    "AUXXF": 0.215204735057526,
    "MPUCF": 0.21448643146771565,
    "GYPHQ": 0.21424746498033248,
    "HL-PB": 0.21395603255055803,
    "HL": 0.21395603255055803,
    "PGRCF": 0.21324304425299093,
    "VLCJF": 0.21304337202758894,
    "ORLA": 0.2127628054042959,
    "MAUTF": 0.2124934361304248,
    "MDSMF": 0.21240015400251358,
    "THXPF": 0.21222526538424735,
    "ORZCF": 0.21175726383886556,
    "FRERF": 0.21145569874618855,
    "WDOFF": 0.21137413721541454,
    "STVGF": 0.21133670790983258,
    "KL": 0.2105840815584291,
    "NULGF": 0.21044126233388125,
    "LADFF": 0.2096466226163232,
    "NFGFF": 0.20916616284520936,
    "NGD": 0.20797639996150408,
    "SGCPF": 0.2076779795440681,
    "GRYCF": 0.20736397343828195,
    "GBGD": 0.20701313883424935,
    "TRX": 0.20639915964268668,
    "GDRZF": 0.206303037413432,
    "TRII": 0.20538303163751206,
    "CRCUF": 0.2051115714283833,
    "ZPHYF": 0.205001145483388,
    "AEM": 0.20446228720954351,
    "MOJGF": 0.20371577382623618,
    "SROYF": 0.2037100775571446,
    "SNWGF": 0.20284303551894056,
    "RDGMF": 0.20253295349040548,
    "RDEMF": 0.20184822770852173,
    "TPRFF": 0.2014214142391459,
    "EGDD": 0.2012570383603367,
    "BYAGF": 0.2011683797635223,
    "NTGSF": 0.20077649027821712,
    "CTCGF": 0.20067730831525563,
    "RHRYF": 0.20004206161930912,
    "GSV": 0.1997440072592986,
    "OCGSF": 0.19951620132230563,
    "GMVMF": 0.19941229920493836,
    "ALDVF": 0.19938392561205498,
    "NJMC": 0.19894722706687648,
    "CERRF": 0.1984976447322826,
    "FTCO": 0.19847898429963431,
    "AGDXF": 0.19844985679965504,
    "VNNHF": 0.19842849673860577,
    "FIOGF": 0.19825213448709145,
    "MNRLF": 0.1981188247425135,
    "GXSFF": 0.19744327500903897,
    "ANGVF": 0.1974360150112397,
    "TGLDF": 0.19716125191102976,
    "GGISF": 0.1968971718823273,
    "RIOFF": 0.19670568605702457,
    "FDVXF": 0.1965962633535625,
    "RRDMF": 0.1959129409547783,
    "KSKGF": 0.1944936835157647,
    "CXBMF": 0.19265809514034057,
    "BTKRF": 0.1926441822582318,
    "TNGL": 0.19254704532816308,
    "GRCAF": 0.19241166268939983,
    "RGDFF": 0.1919115974210038,
    "SMAGF": 0.19190836053449717,
    "KOREF": 0.1917035850754441,
    "ELRRF": 0.19144833333965136,
    "KNTNF": 0.19118956240282167,
    "KDKGF": 0.19074587608539598,
    "YNGFF": 0.18973653461362458,
    "CGAU": 0.18972813396996005,
    "EQTRF": 0.1886188099368249,
    "CFGMF": 0.18856929105300335,
    "BARUF": 0.1884567811733672,
    "ROVMF": 0.18787791862226524,
    "GGGOF": 0.18691139308467547,
    "GRMC": 0.18670629089954877,
    "PMCCF": 0.18637693403868405,
    "MMTMF": 0.186315638130169,
    "AGCZ": 0.1858991144407211,
    "SBSW": 0.18548964949218924,
    "SBYSF": 0.18548964949218924,
    "RMLRF": 0.18543525986494544,
    "HGGOF": 0.18465869602026141,
    "VAUCF": 0.1842285447668442,
    "SGSVF": 0.18418869850347608,
    "EGO": 0.18407825586556503,
    "OCANF": 0.18371344662886116,