{
    "XTGRF": 1.0,
    "KAMRF": 0.3241897229509942,
    "GBARF": 0.29873013609038673,
    "KDKGF": 0.29221843855819724,
    "AUXXF": 0.29079965368791655,
    "NVDEF": 0.2897452066212458,
    "FFOXF": 0.2865023126403506,
    "NKOSF": 0.2704591624899773,
    "GFGSF": 0.26227284427803155,
    "LADFF": 0.25881126883091277,
    "ATADF": 0.2563329003224858,
    "MAUTF": 0.24957860786087038,
    "CNDGF": 0.24881628477247733,
    "OREAF": 0.2463143777986481,
    "SGCPF": 0.24447028808487747,
    "TROIF": 0.2430128948324368,
    "YGTFF": 0.24278906625385485,
    "CGOL": 0.23675591379499578,
    "GGISF": 0.23663625711784722,
    "MRTMF": 0.22559444865281333,
    "CANWF": 0.22428751082592946,
    "LONCF": 0.22416414395566725,
    "MDSMF": 0.21811543884941906,
    "GBRCF": 0.2178406523230202,
    "MGMLF": 0.21517824468696745,
    "NTGSF": 0.21362948427856507,
    "TRRFF": 0.21063065453918767,
    "FRERF": 0.2076550619487551,
    "CTCGF": 0.20121248707325343,
    "BNAUF": 0.20114383613125275,
    "ARBTF": 0.19953834089933903,
    "SADMF": 0.19707976548351147,
    "CJCFF": 0.19362644239112872,
    "EFRGF": 0.19190905757022358,
    "AIRRF": 0.19173042427362647,
    "HSTXF": 0.18712133792826147,
    "ANKOF": 0.18610245694131639,
    "KNTNF": 0.18407066425834637,
    "SIREF": 0.18221044261151217,
    "NVGLF": 0.18135070206920686,
    "NEM": 0.1810736057342908,
    "BRYYF": 0.18041116194703247,
    "CBLRF": 0.1784914779370272,
    "GRXMF": 0.17828649863405352,
    "VITFF": 0.17786730964404016,
    "WHGDF": 0.17726458193905953,
    "PNCKF": 0.1756469141643832,
    "AGGFF": 0.17324871340363396,
    "PROBF": 0.17046248265506644,
    "RUPRF": 0.1697261258031349,
    "ELKMF": 0.16938969007758825,
    "AUGG": 0.16874548122413555,
    "HUMRF": 0.1671923738881727,
    "GBRIF": 0.1650889770820811,
    "OSIIF": 0.16493651729209557,
    "ANGVF": 0.1646654270406633,
    "LYDIF": 0.1641435620266072,
    "IAG": 0.16367080741531206,
    "CRCUF": 0.1629548405722614,
    "VLCJF": 0.1627248746270175,
    "RFHRF": 0.1626570840361079,
    "CPNFF": 0.16264395701394233,
    "RNGTF": 0.16263613597206064,
    "QCXGF": 0.16234436901237623,
    "MPJFF": 0.16198414112707493,
    "WFRSF": 0.16183766332778346,
    "EQTRF": 0.1617687750911425,
    "GLDG": 0.16171090073901875,
    "SGSVF": 0.16042269502360573,
    "RVLGF": 0.16014590497926207,
    "MRIRF": 0.1588332066574819,
    "NRGOF": 0.15875288237738922,
    "PACXF": 0.15781193024930126,
    "HCHDF": 0.15600659319768503,
    "IAUFF": 0.15475313531195656,
    "NSRPF": 0.15398682694324503,
    "CELTF": 0.15344775307481717,
    "KPZIF": 0.15342599428052803,
    "JSHG": 0.15291512674123903,
    "YNGFF": 0.15259694617748432,
    "WLRMF": 0.15212613151608056,
    "CFGMF": 0.15170967387840187,
    "RMGGF": 0.1514602572595232,
    "RMGGY": 0.1514602572595232,
    "AURQD": 0.15141935732875184,
    "AURQF": 0.15141935732875184,
    "CDELF": 0.1510375392515631,
    "NXXGF": 0.15076808807110362,
    "MMRGF": 0.1506027903152853,
    "WHGOF": 0.14913789832766333,
    "SRLTF": 0.14906376717883374,
    "ORFDF": 0.14902034085843974,
    "TRYRF": 0.14876628405351078,
    "APRAF": 0.14872408040437227,
    "ETHOF": 0.14862247779961563,
    "RMRDF": 0.14851130848509006,
    "RDEXF": 0.1481301560417016,
    "CXBMF": 0.14787890925618116,
    "GLDXF": 0.14765665364974465,
    "ADGCF": 0.14700410847022255,
    "STRRF": 0.14689418984650712,
    "VGMIF": 0.14629521080942653,
    "WKGFF": 0.14563374189472197,
    "VAUCF": 0.1447971267594016,
    "TGGDF": 0.1446084342356087,
    "AGAUF": 0.14447270683708902,
    "FDVXF": 0.1443576047791131,
    "AMXEF": 0.1437627123401877,
    "CLGCF": 0.14277812218170546,
    "KRRGF": 0.14263076822683304,
    "ORZCF": 0.14236875153381268,
    "NFGFF": 0.14197824563897185,
    "HNDI": 0.14183090795075853,
    "SUIFF": 0.14146848285857808,
    "NCAUF": 0.14116592178129755,
    "ALLXF": 0.1405785293662165,
    "GSS": 0.14051258329727837,
    "EQX": 0.1403338101798653,
    "SGGDF": 0.1392845562343284,
    "KGC": 0.13928380122892767,
    "FFMGF": 0.1391972197486112,
    "ROGFF": 0.13915832489011776,
    "WRRZF": 0.13879240245558347,
    "FIEIF": 0.1384345976487281,
    "OCGSF": 0.13813813690310103,
    "NG": 0.13800471305265447,
    "DGDCF": 0.13793536609471277,
    "XXMMF": 0.13777908085372756,
    "CNMXF": 0.1377782033513867,
    "LGDTF": 0.13719514641750746,
    "PVG": 0.13698696862794,
    "ABNAF": 0.13672772714708384,
    "WVMDF": 0.13648188602002465,
    "GGXXF": 0.13645616464845603,
    "BYAGF": 0.1363041840065849,
    "GAU": 0.13585687214272638,
    "LRDJF": 0.13564107723810645,
    "GRCAF": 0.13558851303818817,
    "RGRNF": 0.13551599366380074,
    "CCRRF": 0.13550986317479796,
    "SUPGF": 0.13548043039165403,
    "WARGF": 0.13517034307920295,
    "GTGDF": 0.13499322305852868,
    "GPTRF": 0.13473568159478314,
    "LMGDF": 0.13472454660503524,
    "TRARF": 0.13468456811550128,
    "PGRCF": 0.1340713865428092,
    "VMNGF": 0.13403192373006803,
    "TPRFF": 0.13398370602106635,
    "FGLDF": 0.13377714529915052,
    "NSGCF": 0.1335776226042718,
    "TLRS": 0.13345627266926674,
    "HRTFF": 0.13332333629290846,
    "RVNG": 0.13320308010383042,
    "SNWGF": 0.13301945790028388,
    "OMMSF": 0.13299037244200226,
    "ASWRF": 0.13294347488887615,
    "TORXF": 0.13267421790634223,
    "BLAGF": 0.1324729731078069,
    "USGDF": 0.13244711981746235,
    "KSTBF": 0.13198843583124523,
    "SMAGF": 0.1318279151367878,
    "LBHRF": 0.1316765257061176,
    "GGGOF": 0.13145247775076582,
    "AGXKF": 0.13118773114926255,
    "TDRRF": 0.13069569799642766,
    "OZBKF": 0.1306057874696024,
    "WTHVF": 0.13058755362143748,
    "FSXLF": 0.1305105888571228,
    "NPDCF": 0.13038551067684293,
    "TRGGF": 0.13001025179415154,
    "MAKOF": 0.12989890734932907,
    "BTKRF": 0.1293462033445891,
    "RMLRF": 0.1293314448455588,
    "MIMZF": 0.12927432493553384,
    "CNMVF": 0.12916768550346144,
    "GGCPF": 0.1289129124462822,
    "AVGDF": 0.12849355092378384,
    "USAU": 0.12834404622627144,
    "AGCBF": 0.128158736901385,
    "DGMLF": 0.12805102248804012,
    "SSRM": 0.1272911067273018,
    "USCS": 0.12603688124781504,
    "BTUMF": 0.12577022362548296,
    "MNGG": 0.1252740650122074,
    "PUCCF": 0.12479567147234492,
    "PAFRF": 0.12440116110134103,
    "PAFRY": 0.12440116110134103,
    "SLMZF": 0.12415532667189405,
    "BMGCF": 0.1241211375447262,
    "SITKF": 0.12390478501424929,
    "SA": 0.12383269723296433,
    "GORO": 0.12366091610168968,
    "AGI": 0.12362264489662114,
    "AMMPF": 0.12352918125338383,
    "MSGCF": 0.12340102654383384,
    "VVCVF": 0.12318553307123949,
    "DCHRF": 0.12296812578245515,
    "PMNXF": 0.12281071663440961,
    "DTARF": 0.12268177479338327,
    "CGLCF": 0.12255931922882718,
    "KSSRF": 0.12225046278795955,
    "GMVMF": 0.12211600949724798,
    "LMEFF": 0.12164160959643115,
    "KSKGF": 0.12150350021161108,
    "TBGPF": 0.12105516081220262,
    "IEGCF": 0.12054553932228537,
    "GCFFF": 0.12053507434547368,
    "MNRLF": 0.12051621497837185,
    "PREIF": 0.12040540563208542,
    "VGZ": 0.12023569570751935,
    "CGAU": 0.12002812141879321,
    "OBNNF": 0.12002353684728898,
    "BARUF": 0.1198832512960427,
    "FMANF": 0.11951452050046839,
    "AGRDF": 0.1194987607141489,
    "RMIOF": 0.11928864495249304,
    "CQRLF": 0.11925602356360353,
    "GXSFF": 0.11912787308703686,
    "OCANF": 0.1191048603307493,
    "OGDCF": 0.1191048603307493,
    "BGADF": 0.11906816375018121,
    "CDE": 0.1188996946470564,
    "SBSW": 0.11887361328053707,
    "SBYSF": 0.11887361328053707,
    "TGLDF": 0.11872714738962367,
    "EGDD": 0.1182400247190335,
    "AIVN": 0.11803893460995127,
    "TETOF": 0.11771200252021989,
    "QDROF": 0.11769017565067082,
    "GGAZF": 0.117618700779457,
    "ELRRF": 0.1175109749712345,
    "EGMLF": 0.1171707394042845,
    "TSRMF": 0.11712709660885536,
    "SSTT": 0.11659330036094052,
    "ARGTF": 0.11645977238491376,
    "AAU": 0.11592721635124986,
    "WGMCF": 0.11577819629210556,
    "RHRYF": 0.11551824219265465,