{
    "SKHSF": 1.0,
    "SKHSY": 1.0,
    "DHI": 0.3306219198157725,
    "DREM": 0.2954808535649434,
    "SKSUF": 0.29057835833351436,
    "GRBK": 0.28868432807275385,
    "CVCO": 0.2797674388568493,
    "SIC": 0.2749199525475139,
    "CCS": 0.27164091553719083,
    "LEN-B": 0.2688381337690346,
    "LEN": 0.2688381337690346,
    "CYRBY": 0.2600324655047038,
    "NWHM": 0.2564135135437452,
    "GFASY": 0.25493037849402617,
    "HOV": 0.2512025180024649,
    "TPH": 0.24966360118967007,
    "MHO": 0.24442824008042494,
    "TMHC": 0.2366095354401939,
    "PHM": 0.23012196019106043,
    "BTDPF": 0.2238561463515064,
    "BTDPY": 0.2238561463515064,
    "TOL": 0.21750142655766566,
    "LEGH": 0.21586756186476813,
    "CSPLF": 0.20651784763693817,
    "WSML": 0.20348920782142038,
    "MTH": 0.19678662317813067,
    "KBH": 0.19137670678191135,
    "NOBH": 0.18621705615867035,
    "NVR": 0.1858092002080336,
    "DFH": 0.18017046811565698,
    "MDC": 0.17912206816381873,
    "SKY": 0.1762895913872526,
    "ASCK": 0.1656786383107787,
    "TWODF": 0.16380533910468706,
    "TWODY": 0.16380533910468706,
    "LGIH": 0.150063825657489,
    "RDWWF": 0.13523544305812518,
    "BZH": 0.12959052977164884,
    "PSMMY": 0.11573888263712281,
    "EGBB": 0.11327477449122116,
    "PSMMF": 0.09557201282690049,
    "RNVT": 0.08513131858277981,
    "STHI": 0.08323511980147588,
    "BKGFY": 0.07268135892091306
}