{
    "FBBPF": 1.0000000000000002,
    "PLD": 0.2746926398815325,
    "PLDGP": 0.2746926398815325,
    "DBMBF": 0.261495563308842,
    "FR": 0.21514197644415942,
    "GRP-UN": 0.19709826974911865,
    "TRNO": 0.1735861348054594,
    "CBAOF": 0.1727795763258332,
    "SEGXF": 0.17200380834714732,
    "EXR": 0.145761627575449,
    "MNR-PC": 0.1406480725785024,
    "MNR": 0.1406480725785024,
    "REXR-PA": 0.1386620290168664,
    "REXR-PB": 0.1386620290168664,
    "REXR-PC": 0.1386620290168664,
    "REXR": 0.1386620290168664,
    "PSA-PE": 0.1347809512314281,
    "PSA-PG": 0.1347809512314281,
    "PSA-PH": 0.1347809512314281,
    "PSA-PK": 0.1347809512314281,
    "PSA": 0.1347809512314281,
    "EGP": 0.13108712078744558,
    "SBBSF": 0.1296407502287603,
    "ACDSF": 0.12667252719405156,
    "WPTIF": 0.12595107298778632,
    "DRE": 0.12250720196260653,
    "NSA-PA": 0.12002416914231123,
    "NSA": 0.12002416914231123,
    "MAPIF": 0.10657510703385403,
    "IIPR-PA": 0.09485526048444205,
    "IIPR": 0.09485526048444205,
    "LAND": 0.08446213056031213,
    "LANDM": 0.08446213056031213,
    "LANDO": 0.08446213056031213,
    "PLYM": 0.08279885164047995,
    "LSI": 0.07915232609981514,
    "ILPT": 0.0771807848519283,
    "QTS-PA": 0.07632126502663947,
    "QTS-PB": 0.07632126502663947,
    "QTS": 0.07632126502663947,
    "SFSHF": 0.07370295124343718,
    "STAG": 0.07232272749838119,
    "CUBE": 0.06526396373438197,
    "COLD": 0.06141805081890675,
    "SELF": 0.029931312760241
}