{
    "DMTGF": 1.0,
    "RELX": 0.4027911410931896,
    "RLXXF": 0.4027911410931896,
    "SGPRF": 0.37521432090547574,
    "SGPRY": 0.37521432090547574,
    "NYT": 0.35330922030127865,
    "WTKWY": 0.32580372580959005,
    "IFJPY": 0.30914538116438894,
    "DJCO": 0.30772451070107965,
    "JW-A": 0.30674289493907136,
    "JW-B": 0.30674289493907136,
    "PSO": 0.30375698349266156,
    "PSORF": 0.30375698349266156,
    "LEE": 0.3005427926757724,
    "SBSNF": 0.29425916861747065,
    "RZSMF": 0.2864577718934691,
    "FUGI": 0.28510993269136214,
    "AHC": 0.2843463175490902,
    "GCI": 0.2826010659486746,
    "FMPR": 0.24806891692240385,
    "MDP": 0.2476855931120608,
    "TPCO": 0.23946387344488723,
    "SCHL": 0.2302693789072191,
    "CMTX": 0.2279569550123054,
    "EDUC": 0.22708402673468897,
    "HRDI": 0.224730675757142,
    "IDWM": 0.2050524480792206,
    "XLMDF": 0.16917272116934232,
    "MAHI": 0.16203927402102217,
    "IKTO": 0.15720876790678964,
    "SADL": 0.1547884746415204,
    "SALN": 0.1477900379158856,
    "STRYF": 0.14002395891635758,
    "PEDH": 0.12997099365717837,
    "PDOS": 0.12840752340522593,
    "ACNI": 0.11198174236633203,
    "GPIW": 0.10567147019367557,
    "DTRL": 0.09089614071055552,
    "MRPT": 0.08770298841927827
}