{
    "GCI": 0.9999999999999999,
    "LEE": 0.41712217138772867,
    "MDP": 0.39211387114071505,
    "AHC": 0.3833210524489902,
    "RZSMF": 0.34130883064949524,
    "SGPRF": 0.3375315111237655,
    "SGPRY": 0.3375315111237655,
    "NYT": 0.3286433341833226,
    "FUGI": 0.29863467984719144,
    "TPCO": 0.2939991017758303,
    "JW-A": 0.2930599336546434,
    "JW-B": 0.2930599336546434,
    "CMTX": 0.2857912353421773,
    "DMTGF": 0.2826010659486746,
    "SBSNF": 0.27955501740295674,
    "DJCO": 0.2712637120366324,
    "FMPR": 0.2567857897981178,
    "PSO": 0.2554781866895279,
    "PSORF": 0.2554781866895279,
    "HRDI": 0.24586514777399016,
    "RELX": 0.2433540200063583,
    "RLXXF": 0.2433540200063583,
    "SCHL": 0.23784019361004816,
    "IDWM": 0.23337234232446766,
    "WTKWY": 0.22777952359970885,
    "IKTO": 0.21251422975401282,
    "IFJPY": 0.2106458116044356,
    "ACNI": 0.20299094739310133,
    "EDUC": 0.20064335735802494,
    "PDOS": 0.19979856996502943,
    "XLMDF": 0.19842205862519444,
    "SADL": 0.1702601995582331,
    "GPIW": 0.14354981319058763,
    "PEDH": 0.13854011066392632,
    "MAHI": 0.1345358019182001,
    "SALN": 0.13431411207631339,
    "STRYF": 0.13333243335571132,
    "MRPT": 0.1113744454050684,
    "DTRL": 0.08755282443993792
}