{
    "GPIW": 1.0000000000000002,
    "IKTO": 0.3305077435639006,
    "IDWM": 0.2021231252045042,
    "ACNI": 0.17591118159528554,
    "RELX": 0.14938860259833342,
    "RLXXF": 0.14938860259833342,
    "GCI": 0.14354981319058763,
    "SGPRF": 0.1428640695865501,
    "SGPRY": 0.1428640695865501,
    "FUGI": 0.14009719950628546,
    "TPCO": 0.13111739194218092,
    "JW-A": 0.1305893582028405,
    "JW-B": 0.1305893582028405,
    "SALN": 0.12926734469466789,
    "LEE": 0.12245003653314727,
    "DJCO": 0.12047261808025438,
    "NYT": 0.11877628116807944,
    "MDP": 0.11596988094315618,
    "MRPT": 0.11472137680856417,
    "RZSMF": 0.11275270160951711,
    "FMPR": 0.10759188110462081,
    "XLMDF": 0.10633967954459117,
    "DMTGF": 0.10567147019367557,
    "SBSNF": 0.10559842298388682,
    "PSO": 0.1041488779466871,
    "PSORF": 0.1041488779466871,
    "AHC": 0.10392173351284777,
    "CMTX": 0.09813718243066329,
    "SADL": 0.09614060728888262,
    "HRDI": 0.09339984373020999,
    "PDOS": 0.09331630094298454,
    "MAHI": 0.09143732380053717,
    "IFJPY": 0.0912923013116563,
    "SCHL": 0.09043372774476384,
    "WTKWY": 0.08702956327704836,
    "EDUC": 0.081779253844118,
    "PEDH": 0.0638890698463487,
    "STRYF": 0.0626199766093764,
    "DTRL": 0.06153512651486947
}