{
    "HRDI": 1.0000000000000002,
    "RZSMF": 0.29926639470978694,
    "NYT": 0.2833517479244661,
    "EDUC": 0.27168120129948764,
    "SCHL": 0.25537485257955145,
    "JW-A": 0.25209952910889566,
    "JW-B": 0.25209952910889566,
    "GCI": 0.24586514777399016,
    "MDP": 0.24143195673728648,
    "LEE": 0.2383771570905197,
    "FUGI": 0.23476541568026807,
    "SGPRF": 0.2319710664485456,
    "SGPRY": 0.2319710664485456,
    "SBSNF": 0.22973228527940304,
    "AHC": 0.22910002316948969,
    "DMTGF": 0.224730675757142,
    "IDWM": 0.21517608705585756,
    "DJCO": 0.20468400191165464,
    "RELX": 0.20254932284464178,
    "RLXXF": 0.20254932284464178,
    "PSO": 0.20073654319119516,
    "PSORF": 0.20073654319119516,
    "FMPR": 0.19761063808147747,
    "TPCO": 0.18931436486813025,
    "ACNI": 0.17802388773794617,
    "PDOS": 0.16867703709708792,
    "CMTX": 0.16405788173472474,
    "STRYF": 0.1611766935310195,
    "IFJPY": 0.15382446904113514,
    "WTKWY": 0.14860101041801915,
    "IKTO": 0.14507061782923517,
    "MAHI": 0.14363487065660968,
    "SALN": 0.12452222263871104,
    "PEDH": 0.12028408711354206,
    "XLMDF": 0.11246885422707141,
    "SADL": 0.11194477946249934,
    "GPIW": 0.09339984373020999,
    "MRPT": 0.08349612988119812,
    "DTRL": 0.0799888601384232
}