{
    "MDP": 1.0000000000000002,
    "GCI": 0.39211387114071505,
    "LEE": 0.37659291995662153,
    "RZSMF": 0.37505070856327205,
    "AHC": 0.36882273788276376,
    "SGPRF": 0.3353402988201294,
    "SGPRY": 0.3353402988201294,
    "JW-A": 0.32814405944660074,
    "JW-B": 0.32814405944660074,
    "NYT": 0.31785538762967597,
    "FMPR": 0.3147046892733918,
    "SBSNF": 0.2832993693879012,
    "IDWM": 0.27644575520091424,
    "RELX": 0.2709512891832393,
    "RLXXF": 0.2709512891832393,
    "TPCO": 0.262161454244113,
    "FUGI": 0.2501776118106805,
    "DMTGF": 0.2476855931120608,
    "SCHL": 0.2469509955811193,
    "HRDI": 0.24143195673728648,
    "PSO": 0.23067539040616483,
    "PSORF": 0.23067539040616483,
    "DJCO": 0.22341004232234352,
    "CMTX": 0.2120111957313155,
    "IFJPY": 0.2034416150590871,
    "XLMDF": 0.19871562475672758,
    "EDUC": 0.1986982112287623,
    "IKTO": 0.1773236480457075,
    "PEDH": 0.1612575394335568,
    "PDOS": 0.1584220278561724,
    "WTKWY": 0.15251643007120624,
    "SALN": 0.15116928865034848,
    "STRYF": 0.14479888003094632,
    "SADL": 0.13854465055313064,
    "MAHI": 0.12283754789789672,
    "GPIW": 0.11596988094315618,
    "ACNI": 0.08325592587507025,
    "MRPT": 0.08125414464816966,
    "DTRL": 0.07184393825160078
}