{
    "TLSS": 1.0000000000000004,
    "CVLG": 0.2911623078254855,
    "CGIP": 0.2628561074452131,
    "YATRY": 0.24577034067005965,
    "SNDR": 0.24144678036872289,
    "KNX": 0.2411200282171101,
    "RRTS": 0.2384658312947418,
    "HTLD": 0.23687944106890693,
    "TFII": 0.22998595989936188,
    "BEST": 0.22625388042500624,
    "PTSI": 0.22521909490267247,
    "WERN": 0.22503921096459936,
    "SAIA": 0.22191333418595205,
    "YELL": 0.22178724924639473,
    "ARCB": 0.22047886319059387,
    "ULH": 0.21885414969322764,
    "MRTN": 0.21319561394828077,
    "PATI": 0.21236501750986592,
    "NXTN": 0.20921070593446958,
    "USX": 0.20614620457159794,
    "TEAH": 0.20103834235334453,
    "SEOTF": 0.1989731372613843,
    "USAK": 0.1951088732363077,
    "YGMZ": 0.18979753126497023,
    "DSKE": 0.18230273535637123,
    "MYFT": 0.15550406539757253,
    "ODFL": 0.12749194684828322,
    "TSP": 0.08293716821686235
}