{
    "ULH": 0.9999999999999999,
    "KNX": 0.4616167502425801,
    "CGIP": 0.40878019056544723,
    "ARCB": 0.3600554457293237,
    "WERN": 0.3570083771392085,
    "RRTS": 0.35322832920419145,
    "TFII": 0.35162178723805976,
    "SNDR": 0.3396863654430485,
    "CVLG": 0.32597854236993823,
    "BEST": 0.32032714292571146,
    "DSKE": 0.3167076820679127,
    "PTSI": 0.31333005306038186,
    "SEOTF": 0.3099123331340939,
    "YATRY": 0.30315440598570625,
    "USAK": 0.3014523539345507,
    "SAIA": 0.3002892815475949,
    "YELL": 0.2953651112838419,
    "HTLD": 0.2635486174059093,
    "YGMZ": 0.2564890119309121,
    "PATI": 0.24126602856450757,
    "MYFT": 0.23278403694278532,
    "TEAH": 0.22923195003812827,
    "MRTN": 0.22864572780730755,
    "ODFL": 0.22352048889966492,
    "TLSS": 0.21885414969322764,
    "USX": 0.2025865073520559,
    "NXTN": 0.19522651913752254,
    "TSP": 0.08170067911346132
}