{
    "AIRT": 1.0000000000000002,
    "AIRTP": 1.0000000000000002,
    "ATSG": 0.5856260623167117,
    "CGJTF": 0.34884733500230497,
    "UPS": 0.32116022448595133,
    "LSTR": 0.3181607422500148,
    "SPSTF": 0.31776603259477226,
    "SPSTY": 0.31776603259477226,
    "FDX": 0.2974746824865498,
    "XPO": 0.29187961169861837,
    "FWRD": 0.2904410742645242,
    "DPSGY": 0.27164257840639505,
    "DPSTF": 0.27164257840639505,
    "JANL": 0.25123642655386036,
    "DSDVF": 0.24082052406436355,
    "DSDVY": 0.24082052406436355,
    "JBHT": 0.23617679375999162,
    "RLGT": 0.23522503200429362,
    "OSTIY": 0.23482476723032794,
    "SNOTF": 0.22794678263522178,
    "NPEXY": 0.22483917494804034,
    "EXPD": 0.224335726998273,
    "CDNIF": 0.213543820559791,
    "ROYMF": 0.20923117377650438,
    "ROYMY": 0.20923117377650438,
    "SGRZ": 0.20180100877221785,
    "BPOSY": 0.19808765067180883,
    "CHRW": 0.1907836388334763,
    "ECHO": 0.18756556153810572,
    "SITIY": 0.18308974267826147,
    "CYRX": 0.18150466376736063,
    "UNQL": 0.1801774658376629,
    "PSTNY": 0.17082069223061677,
    "TNTFF": 0.17082069223061677,
    "SINO": 0.16779450443080612,
    "KHNGF": 0.16679437523499832,
    "KHNGY": 0.16679437523499832,
    "HUBG": 0.16627243414756077,
    "PGUCY": 0.1655625189707263,
    "PGUUF": 0.1655625189707263,
    "CTTOF": 0.161078343794475,
    "DVNHF": 0.15916669876450001,
    "IHLDY": 0.15612111006137652,
    "ZTO": 0.13440284150284396,
    "SKPN": 0.11871409440038981,
    "USRC": 0.09359319351442649,
    "PDPTF": 0.09336656431911863,
    "SCBZ": 0.0900794337409786,
    "ATXG": 0.08350684330406369,
    "HCTPF": 0.08327079673216556
}