{
    "ATSG": 1.0,
    "AIRT": 0.5856260623167117,
    "AIRTP": 0.5856260623167117,
    "UPS": 0.3533230722580251,
    "CGJTF": 0.3450227737211238,
    "LSTR": 0.30832855436789763,
    "FDX": 0.30694085575541996,
    "NPEXY": 0.3048952652204235,
    "XPO": 0.30148704622016703,
    "FWRD": 0.2993067736485812,
    "DSDVF": 0.2909962126193688,
    "DSDVY": 0.2909962126193688,
    "RLGT": 0.2852707441987308,
    "SPSTF": 0.28017424110428957,
    "SPSTY": 0.28017424110428957,
    "EXPD": 0.2713321097499453,
    "SGRZ": 0.27063326458083514,
    "OSTIY": 0.2698691151662225,
    "ROYMF": 0.25852124838101226,
    "ROYMY": 0.25852124838101226,
    "CHRW": 0.25699273414758894,
    "CDNIF": 0.254553765322472,
    "SNOTF": 0.25418672052300184,
    "HUBG": 0.2492946056269368,
    "JBHT": 0.23815310663152947,
    "ECHO": 0.23377002447097675,
    "BPOSY": 0.2315903575535368,
    "ZTO": 0.22825723595988429,
    "JANL": 0.22742862961730315,
    "UNQL": 0.22605173721639396,
    "DVNHF": 0.2240155060459815,
    "IHLDY": 0.2218340223399963,
    "DPSGY": 0.2217962609202063,
    "DPSTF": 0.2217962609202063,
    "CYRX": 0.22128092769072824,
    "PSTNY": 0.21471842319922263,
    "TNTFF": 0.21471842319922263,
    "SITIY": 0.2114091045921993,
    "SINO": 0.20759098536252632,
    "PGUCY": 0.20466684768777535,
    "PGUUF": 0.20466684768777535,
    "KHNGF": 0.20014520519217552,
    "KHNGY": 0.20014520519217552,
    "CTTOF": 0.1807827989582193,
    "SKPN": 0.16483822996616337,
    "PDPTF": 0.12624756967255035,
    "SCBZ": 0.12364740514142095,
    "USRC": 0.11508743093944868,
    "HCTPF": 0.11375223076225455,
    "ATXG": 0.09965466297030785
}