{
    "NPEXY": 1.0000000000000007,
    "SPSTF": 0.38267599564423266,
    "SPSTY": 0.38267599564423266,
    "XPO": 0.37191404166106873,
    "EXPD": 0.36825307437990445,
    "FDX": 0.3670811853725756,
    "SNOTF": 0.35894124265136224,
    "CHRW": 0.3585724229475469,
    "LSTR": 0.344006903686194,
    "DSDVF": 0.3347940109573644,
    "DSDVY": 0.3347940109573644,
    "DPSGY": 0.33109625587152286,
    "DPSTF": 0.33109625587152286,
    "ECHO": 0.32830934262065986,
    "UNQL": 0.3226685307841458,
    "RLGT": 0.3152172393863046,
    "OSTIY": 0.3151496872314635,
    "FWRD": 0.30882729488542426,
    "SINO": 0.3081843646012617,
    "ATSG": 0.3048952652204235,
    "HUBG": 0.30266917493901824,
    "UPS": 0.3010689477374334,
    "SGRZ": 0.2929290970808834,
    "ROYMF": 0.29154681969437285,
    "ROYMY": 0.29154681969437285,
    "CDNIF": 0.2907613191699576,
    "JANL": 0.28725850943500014,
    "SITIY": 0.28112603449206525,
    "CYRX": 0.27280969395120064,
    "DVNHF": 0.26517754422427553,
    "IHLDY": 0.2634495000479376,
    "JBHT": 0.25554211933429716,
    "KHNGF": 0.24998518953366025,
    "KHNGY": 0.24998518953366025,
    "BPOSY": 0.24598809117569786,
    "AIRT": 0.22483917494804034,
    "AIRTP": 0.22483917494804034,
    "PSTNY": 0.22431277091588647,
    "TNTFF": 0.22431277091588647,
    "CGJTF": 0.22252375264113222,
    "PGUCY": 0.20324404993306927,
    "PGUUF": 0.20324404993306927,
    "CTTOF": 0.20020318297157588,
    "ZTO": 0.1909795415857823,
    "SKPN": 0.1745290706150551,
    "HCTPF": 0.14928455892450504,
    "USRC": 0.12649590520786716,
    "ATXG": 0.1100524965768229,
    "SCBZ": 0.10155378786174452,
    "PDPTF": 0.08852226472367568
}