{
    "CAH": 1.0,
    "ABC": 0.5978173718814098,
    "MCK": 0.5920059190376915,
    "OMI": 0.5412483212088608,
    "SHTDF": 0.49259022637906535,
    "SHTDY": 0.49259022637906535,
    "HSIC": 0.4140657342583503,
    "SHPMF": 0.40906838830868963,
    "SHPMY": 0.40906838830868963,
    "PDCO": 0.3918537930332902,
    "PHRX": 0.35979147276798845,
    "MAHLY": 0.35760602326704927,
    "EXHI": 0.3293769781364092,
    "CAKFY": 0.31062535803466823,
    "CHME": 0.2915306037573965,
    "HLMB": 0.28982418326789006,
    "PDRX": 0.27966691333087856,
    "SNYR": 0.2611064814954329,
    "PBH": 0.2610833867169001,
    "GEG": 0.213349790539704,
    "ITNS": 0.212431527380714,
    "QYBX": 0.12283944933182936
}