{
    "MCK": 1.0000000000000002,
    "CAH": 0.5920059190376915,
    "ABC": 0.5530322204710305,
    "SHTDF": 0.50334579885405,
    "SHTDY": 0.50334579885405,
    "OMI": 0.4690303335616973,
    "HSIC": 0.39805942361132923,
    "PDCO": 0.3863959457784416,
    "SHPMF": 0.3755865982225728,
    "SHPMY": 0.3755865982225728,
    "CAKFY": 0.3552739693139769,
    "PHRX": 0.32375300478823754,
    "MAHLY": 0.32111592955386264,
    "HLMB": 0.30171059719906024,
    "CHME": 0.27944573593694627,
    "PDRX": 0.2727210381072046,
    "EXHI": 0.2317075982770885,
    "SNYR": 0.20395998286982153,
    "PBH": 0.20002627985486604,
    "ITNS": 0.19337835183246402,
    "GEG": 0.1768559623648873,
    "QYBX": 0.11382245127177035
}