{
    "ANTM": 1.0,
    "CI": 0.5305827632149199,
    "HUM": 0.5290239974189753,
    "MGLN": 0.4796323783849584,
    "MOH": 0.4761028596799258,
    "CVS": 0.4736395309656884,
    "CNC": 0.46981533632346356,
    "GTS": 0.4566989908267451,
    "UNH": 0.45200803321458594,
    "MPLN": 0.377789879814318,
    "PFHO": 0.34983201295640726,
    "ALHC": 0.3166696835381396,
    "OSCR": 0.3077676471277453,
    "CLOV": 0.2315858249370362,
    "CPYT": 0.1986152815225399,
    "NTEDY": 0.1756099662956635,
    "HRAA": 0.16814781841016813
}