{
    "XSVT": 1.0000000000000004,
    "WEYS": 0.2856806683443047,
    "DECK": 0.2796037956121041,
    "YUEIF": 0.26380265853293505,
    "YUEIY": 0.26380265853293505,
    "RBNW": 0.2608499437987769,
    "PMMAF": 0.25372488205341576,
    "PUMSY": 0.25372488205341576,
    "CROX": 0.2505169925086077,
    "AURI": 0.2480951445839899,
    "CAL": 0.23504443532157582,
    "DOCMF": 0.2291407147360315,
    "WWW": 0.22145583890839773,
    "KMSWF": 0.21516493961024508,
    "QING": 0.20870979726854233,
    "PXFG": 0.20791115791018194,
    "SMSEY": 0.20456981814985933,
    "SMSOF": 0.20456981814985933,
    "MCRAA": 0.2041256987061285,
    "MCRAB": 0.2041256987061285,
    "GXSBF": 0.20141775800855324,
    "SKX": 0.19363051181708257,
    "NKE": 0.19316026946094705,
    "ASCCF": 0.1834362653641155,
    "ASCCY": 0.1834362653641155,
    "ADDDF": 0.18106819313163555,
    "ADDYY": 0.18106819313163555,
    "RCKY": 0.1791543265293203,
    "CHSH": 0.16929478521001937,
    "DPNEF": 0.16867660760192504,
    "FORD": 0.163003248389157,
    "FL": 0.16074182695342087,
    "TDPAY": 0.15902190460762983,
    "VRA": 0.15459623489232513,
    "ATYM": 0.15167613510845765,
    "AREB": 0.1475801917388265,
    "BSHI": 0.13700332437149865,
    "SAML": 0.11822243285683912,
    "GVSI": 0.09978926166247165,
    "SHOO": 0.09408738343276536
}