{
    "BEUT": 0.9999999999999999,
    "ELF": 0.26066900388272146,
    "QNTA": 0.21724083295583757,
    "PNAT": 0.2080028547306428,
    "NUGN": 0.20298915807744683,
    "SNBH": 0.19865007187280775,
    "NUUU": 0.1961438684145444,
    "EROX": 0.1955659264145241,
    "NWL": 0.18766573117818697,
    "SPCO": 0.1852447553044771,
    "HKWO": 0.18399675620654019,
    "KAOCF": 0.18214009930291375,
    "KAOOY": 0.18214009930291375,
    "PYCT": 0.18079222069280762,
    "PCGR": 0.1806684429945458,
    "SKVI": 0.1793997918348595,
    "BMXC": 0.1784648294196915,
    "HIMS": 0.17302196255104382,
    "SLGD": 0.16984990521410998,
    "TDNT": 0.16746071525849804,
    "GYSN": 0.1669839034095278,
    "CHD": 0.1654135330992008,
    "EOSSD": 0.16476662437894452,
    "MAVBF": 0.16469356485226544,
    "EPC": 0.16378674302819035,
    "SSDOF": 0.16348955391724695,
    "SSDOY": 0.16348955391724695,
    "HRSR": 0.16205421337467213,
    "USNA": 0.1610638136067083,
    "MTEX": 0.16029330285867271,
    "RVIV": 0.1601327615550552,
    "IPAR": 0.1598489372860954,
    "SUMR": 0.15858304483933094,
    "RBCL": 0.15838347736415967,
    "PGENY": 0.15728311815472334,
    "PG": 0.15621908422767547,
    "EL": 0.1550957461253356,
    "SHRG": 0.15170256311096064,
    "ACU": 0.15097265322568218,
    "NBBTF": 0.1491834138799524,
    "HELE": 0.14758424977503762,
    "SYHO": 0.14661799723581034,
    "HPTN": 0.14497730898543243,
    "CAWW": 0.1438697264587891,
    "HELKF": 0.14096883639928176,
    "HENKY": 0.14096883639928176,
    "HENOF": 0.14096883639928176,
    "HENOY": 0.14096883639928176,
    "NUS": 0.1401764906264956,
    "SRTSF": 0.13959467450554236,
    "AVVH": 0.13711335440785125,
    "HEGIF": 0.13702797681045986,
    "HEGIY": 0.13702797681045986,
    "RBGLY": 0.13494952705750346,
    "RBGPF": 0.13494952705750346,
    "KMB": 0.1337274588271989,
    "KPOC": 0.1336293657602307,
    "GTVI": 0.1315440117468904,
    "CL": 0.13053876465617448,
    "NATR": 0.13006476063349726,
    "CLX": 0.12785994712760645,
    "MDAV": 0.12700618412141385,
    "JGLCF": 0.1259453184194048,
    "BICEF": 0.12361776451978838,
    "BICEY": 0.12361776451978838,
    "LCCTF": 0.1204205975405675,
    "SPB": 0.1195859698530322,
    "AQSP": 0.11948995660733094,
    "INBI": 0.11887855419401645,
    "JOEY": 0.11751861865463,
    "NTCO": 0.11551733088653457,
    "BDRFF": 0.11456215902974567,
    "BDRFY": 0.11456215902974567,
    "LPHM": 0.11245093211976588,
    "ZNOGF": 0.1123098895805093,
    "UG": 0.11163595270594916,
    "REV": 0.11114175691807562,
    "SGTI": 0.11038947258780848,
    "COTY": 0.1098226317808398,
    "DQWS": 0.10886783653616809,
    "NRPR": 0.10770839348671156,
    "EMPO": 0.10609535334215608,
    "TMXN": 0.10522951892075476,
    "PHLI": 0.10459615508955274,
    "BLUMY": 0.10419588168125987,
    "DOGZ": 0.10370116163602505,
    "PURE": 0.10320545608939635,
    "UNCHF": 0.10226527815698412,
    "UNICY": 0.10226527815698412,
    "CDSG": 0.10181919848181348,
    "UL": 0.09809383682223442,
    "UNLYF": 0.09809383682223442,
    "KSRYY": 0.09593515650963345,
    "TANH": 0.0920611325273818,
    "AHCCF": 0.09073278681597832,
    "WNBD": 0.08655091477113881,
    "OLVI": 0.08454135740275912,
    "ZRVT": 0.08261795190843323,
    "KCDMF": 0.08082925767742684,
    "KCDMY": 0.08082925767742684,
    "ITLK": 0.07860578215272432,
    "NUVI": 0.07632991729525515,
    "LRLCF": 0.07508762934760366,
    "LRLCY": 0.07508762934760366,
    "UNLRF": 0.06840063209080763,
    "UNLRY": 0.06840063209080763,
    "SNST": 0.06653303762051097
}