{
    "CAWW": 1.0000000000000002,
    "CHD": 0.4082643021837855,
    "SLGD": 0.35452379507023996,
    "CLX": 0.3386380634307031,
    "ACU": 0.3347195265460332,
    "REV": 0.3323898918602577,
    "ELF": 0.31265924001474804,
    "EPC": 0.3120541838827397,
    "SPCO": 0.29633864310550534,
    "INBI": 0.28432939946471014,
    "PG": 0.26796634861502605,
    "HELKF": 0.2663357389476404,
    "HENKY": 0.2663357389476404,
    "HENOF": 0.2663357389476404,
    "HENOY": 0.2663357389476404,
    "SPB": 0.26247933599793766,
    "PNAT": 0.25739331807728866,
    "PCGR": 0.2539948067831837,
    "KMB": 0.24910008483519352,
    "RVIV": 0.24426330238272445,
    "RBGLY": 0.243434524608097,
    "RBGPF": 0.243434524608097,
    "NBBTF": 0.2410377989443257,
    "SUMR": 0.2398825614141149,
    "UNCHF": 0.23663299989849043,
    "UNICY": 0.23663299989849043,
    "SSDOF": 0.23078155229372382,
    "SSDOY": 0.23078155229372382,
    "SRTSF": 0.22978269798346151,
    "LPHM": 0.2220717532642631,
    "HELE": 0.21879929271144685,
    "GYSN": 0.21839794404810342,
    "RBCL": 0.2176416306398486,
    "IPAR": 0.21083303477855725,
    "NWL": 0.2108049946550616,
    "NATR": 0.20904105997441663,
    "HEGIF": 0.2085102875042118,
    "HEGIY": 0.2085102875042118,
    "EL": 0.20619126190710457,
    "KAOCF": 0.20112237027191934,
    "KAOOY": 0.20112237027191934,
    "JOEY": 0.20034815807209788,
    "HKWO": 0.1999664778790863,
    "NTCO": 0.19847170098075664,
    "UL": 0.19651956107353327,
    "UNLYF": 0.19651956107353327,
    "NUGN": 0.19548206891587866,
    "SHRG": 0.1945807161053334,
    "MDAV": 0.19161610433516862,
    "PYCT": 0.1905880969069456,
    "AVVH": 0.18969062986987584,
    "HIMS": 0.1885656553038638,
    "EOSSD": 0.18725890072951662,
    "LCCTF": 0.17972660194833823,
    "JGLCF": 0.1795815220486538,
    "NUS": 0.17948505630700515,
    "BICEF": 0.1765473116229254,
    "BICEY": 0.1765473116229254,
    "MAVBF": 0.16571613371228455,
    "COTY": 0.1651431997721471,
    "SNBH": 0.1632585896917592,
    "PGENY": 0.16135566235789509,
    "SKVI": 0.16133077130036985,
    "BDRFF": 0.15999070528257736,
    "BDRFY": 0.15999070528257736,
    "USNA": 0.15938840632375473,
    "MTEX": 0.15745615461601267,
    "GTVI": 0.1556768316758412,
    "CL": 0.1545555541603123,
    "CDSG": 0.1516502908239978,
    "EROX": 0.1479232392912651,
    "SGTI": 0.14671010155459774,
    "NUUU": 0.14524037713466792,
    "BEUT": 0.1438697264587891,
    "TDNT": 0.1429111282794904,
    "BMXC": 0.14149192869815042,
    "LRLCF": 0.13822356166795172,
    "LRLCY": 0.13822356166795172,
    "PHLI": 0.13706007696581887,
    "KPOC": 0.1338119107650418,
    "UG": 0.13080011172429845,
    "PURE": 0.12681726989524086,
    "QNTA": 0.12610144608135668,
    "ZRVT": 0.1259919466896959,
    "TANH": 0.12486989773250091,
    "BLUMY": 0.12478503704679517,
    "DQWS": 0.12461022025842386,
    "ITLK": 0.12218306345153836,
    "KSRYY": 0.12155405836336511,
    "NRPR": 0.1126017872341177,
    "TMXN": 0.11107081017893308,
    "HRSR": 0.11047372820548061,
    "SYHO": 0.1095189077962991,
    "DOGZ": 0.10799294799071354,
    "AQSP": 0.10784837490436648,
    "ZNOGF": 0.1003691382862003,
    "UNLRF": 0.0963437020955013,
    "UNLRY": 0.0963437020955013,
    "SNST": 0.09238229846107268,
    "HPTN": 0.08716730648418913,
    "KCDMF": 0.08349798016134925,
    "KCDMY": 0.08349798016134925,
    "WNBD": 0.0801185815698386,
    "EMPO": 0.06365907388432376,
    "AHCCF": 0.06268837042105668,
    "OLVI": 0.04549184603071637,
    "NUVI": 0.04523824512591502
}