{
    "EROX": 1.0,
    "ELF": 0.25911304032156596,
    "NUUU": 0.23097165929489025,
    "QNTA": 0.21251412642932882,
    "USNA": 0.20972315323094493,
    "PYCT": 0.20665832099128276,
    "BEUT": 0.1955659264145241,
    "PCGR": 0.18735050140354575,
    "KAOCF": 0.18267223701091878,
    "KAOOY": 0.18267223701091878,
    "SSDOF": 0.1801516483714835,
    "SSDOY": 0.1801516483714835,
    "SKVI": 0.17934306765077215,
    "SUMR": 0.17865871366324604,
    "SPCO": 0.17704051703614912,
    "SHRG": 0.1757622364650065,
    "AVVH": 0.17347122795900616,
    "IPAR": 0.1734069993903333,
    "EPC": 0.1725084460892943,
    "SLGD": 0.17221638829858485,
    "PNAT": 0.17199529502573907,
    "RBCL": 0.1716486172038228,
    "RVIV": 0.1706926100702038,
    "CHD": 0.16954401921037263,
    "HKWO": 0.16939474142193098,
    "HIMS": 0.16511498802271118,
    "TDNT": 0.16191930421552372,
    "EOSSD": 0.15997087404208832,
    "NUGN": 0.15794492255154002,
    "KMB": 0.15752199513091775,
    "HEGIF": 0.15714943893280797,
    "HEGIY": 0.15714943893280797,
    "SRTSF": 0.15611345010005717,
    "EL": 0.15467466896679577,
    "JGLCF": 0.153079299803629,
    "RBGLY": 0.15070763074981422,
    "RBGPF": 0.15070763074981422,
    "BICEF": 0.15040472255891318,
    "BICEY": 0.15040472255891318,
    "TMXN": 0.15017222697597685,
    "PGENY": 0.14992283249203125,
    "MAVBF": 0.14866020684626993,
    "NATR": 0.14856484192826766,
    "NBBTF": 0.14831220412567628,
    "NUS": 0.14824383714516565,
    "LPHM": 0.1481456055326475,
    "CAWW": 0.1479232392912651,
    "ACU": 0.1453614126771323,
    "NWL": 0.14470230208014376,
    "HELKF": 0.14244499447638867,
    "HENKY": 0.14244499447638867,
    "HENOF": 0.14244499447638867,
    "HENOY": 0.14244499447638867,
    "LCCTF": 0.1412918846446927,
    "SYHO": 0.14077291264392935,
    "CLX": 0.14040736740880583,
    "BMXC": 0.1389597133475134,
    "MTEX": 0.1389402908864416,
    "SNBH": 0.1387894708046795,
    "GYSN": 0.13833833204380713,
    "INBI": 0.13608861657867455,
    "REV": 0.13385751916674718,
    "KPOC": 0.1338285809803203,
    "HELE": 0.1297994160809567,
    "DQWS": 0.12960518620601846,
    "MDAV": 0.12903232799977812,
    "PURE": 0.12752734428805657,
    "PG": 0.1259922216051361,
    "SPB": 0.125677068066305,
    "UG": 0.12023112820052471,
    "UNCHF": 0.11894363494771103,
    "UNICY": 0.11894363494771103,
    "HRSR": 0.11863242706114117,
    "JOEY": 0.1182026794419551,
    "CDSG": 0.11806264638618849,
    "NTCO": 0.11608111108398779,
    "CL": 0.11599195204052659,
    "PHLI": 0.11562924939986183,
    "GTVI": 0.11484648127904064,
    "NRPR": 0.11376028600675839,
    "BDRFF": 0.1124069537451978,
    "BDRFY": 0.1124069537451978,
    "SGTI": 0.10976071869408255,
    "KSRYY": 0.1087940023549033,
    "COTY": 0.10763728706228275,
    "DOGZ": 0.10320327243992981,
    "TANH": 0.10106525141054981,
    "ZRVT": 0.09952947947562807,
    "UL": 0.09769664543643725,
    "UNLYF": 0.09769664543643725,
    "AHCCF": 0.09697181953116432,
    "ITLK": 0.09546155155373928,
    "ZNOGF": 0.09405687947987267,
    "AQSP": 0.09337445323961645,
    "BLUMY": 0.09270729009426466,
    "HPTN": 0.08714691032826165,
    "UNLRF": 0.0865722835371631,
    "UNLRY": 0.0865722835371631,
    "LRLCF": 0.08521841733325132,
    "LRLCY": 0.08521841733325132,
    "SNST": 0.07463309829175799,
    "EMPO": 0.07071058668155585,
    "WNBD": 0.0678125360898736,
    "KCDMF": 0.06503467206998496,
    "KCDMY": 0.06503467206998496,
    "OLVI": 0.06476046253192141,
    "NUVI": 0.041669900093072004
}