{
    "KCDMF": 1.0000000000000002,
    "KCDMY": 1.0000000000000002,
    "KMB": 0.3523637547924329,
    "UNCHF": 0.20894277307019823,
    "UNICY": 0.20894277307019823,
    "HEGIF": 0.18817797595406494,
    "HEGIY": 0.18817797595406494,
    "PG": 0.17554972286470336,
    "EL": 0.1664934418234937,
    "EPC": 0.1608880259123692,
    "RBGLY": 0.15974795114155588,
    "RBGPF": 0.15974795114155588,
    "HELKF": 0.1551205512306792,
    "HENKY": 0.1551205512306792,
    "HENOF": 0.1551205512306792,
    "HENOY": 0.1551205512306792,
    "SLGD": 0.14738909837250821,
    "ACU": 0.1426981315528524,
    "KPOC": 0.14003226350914708,
    "SSDOF": 0.1396751549854612,
    "SSDOY": 0.1396751549854612,
    "PCGR": 0.1383601120488327,
    "SRTSF": 0.1372822382633374,
    "TANH": 0.13247120657050165,
    "NWL": 0.12839221143377644,
    "HELE": 0.1274862770979254,
    "SPB": 0.12706980268399828,
    "CLX": 0.1260069481896504,
    "CL": 0.12574217224463155,
    "SPCO": 0.12466589665209289,
    "PNAT": 0.12288182073115565,
    "RVIV": 0.12100528579723609,
    "ELF": 0.11806669462180042,
    "NUGN": 0.11805052380396283,
    "PYCT": 0.11748956608013253,
    "NBBTF": 0.11692136018248986,
    "IPAR": 0.1140958139804687,
    "JOEY": 0.113986547628902,
    "CHD": 0.11321963490145182,
    "BICEF": 0.11175330470520459,
    "BICEY": 0.11175330470520459,
    "SUMR": 0.1114311057518488,
    "PGENY": 0.11047005860934286,
    "NTCO": 0.11039187216024475,
    "BLUMY": 0.10882443684849658,
    "RBCL": 0.1081918998314104,
    "KAOCF": 0.1076422859162877,
    "KAOOY": 0.1076422859162877,
    "HKWO": 0.10659935225143682,
    "SKVI": 0.10274662336558998,
    "EOSSD": 0.10020227533768124,
    "USNA": 0.0991770821075885,
    "JGLCF": 0.09647338355231769,
    "NATR": 0.09525232693074753,
    "LCCTF": 0.09508270279216673,
    "GTVI": 0.09464770460693686,
    "AVVH": 0.09355636035732182,
    "DQWS": 0.09314063696623483,
    "BDRFF": 0.09313656129807586,
    "BDRFY": 0.09313656129807586,
    "LPHM": 0.09261162385801969,
    "SGTI": 0.09088792366598741,
    "BMXC": 0.08959370534245695,
    "MAVBF": 0.08921336308394869,
    "HIMS": 0.08774986439162999,
    "NUS": 0.08682400282376658,
    "UL": 0.08566774793882845,
    "UNLYF": 0.08566774793882845,
    "UG": 0.08559252738394106,
    "MTEX": 0.08546580845649028,
    "PURE": 0.08489289273771429,
    "LRLCF": 0.08482770539407122,
    "LRLCY": 0.08482770539407122,
    "INBI": 0.08365038702016839,
    "CAWW": 0.08349798016134925,
    "REV": 0.08338672204794512,
    "WNBD": 0.08203342484199581,
    "BEUT": 0.08082925767742684,
    "COTY": 0.07882877687448721,
    "DOGZ": 0.07848397389666295,
    "TDNT": 0.07652760642990197,
    "GYSN": 0.07626195154336382,
    "PHLI": 0.07569540259197363,
    "NUUU": 0.07380285371087214,
    "KSRYY": 0.07092167804937193,
    "ITLK": 0.06883355826770379,
    "CDSG": 0.06679347042379222,
    "EROX": 0.06503467206998496,
    "AQSP": 0.0642964343777922,
    "SNST": 0.06409514882921803,
    "SHRG": 0.061843522794767875,
    "ZNOGF": 0.06115198832314002,
    "SNBH": 0.060875474939572426,
    "UNLRF": 0.059566292145627524,
    "UNLRY": 0.059566292145627524,
    "MDAV": 0.059482889311020644,
    "SYHO": 0.05907110365921853,
    "QNTA": 0.05734251754772957,
    "TMXN": 0.056147000787058206,
    "EMPO": 0.05605889481370798,
    "ZRVT": 0.04907157108384891,
    "NRPR": 0.04774416965710393,
    "HPTN": 0.047083600087019194,
    "HRSR": 0.04158336662588455,
    "AHCCF": 0.0304506038954016,
    "NUVI": 0.022208841402809893,
    "OLVI": 0.0049330623857552595
}