{
    "NUGN": 0.9999999999999998,
    "ELF": 0.3185328540954581,
    "SPCO": 0.2765195596312893,
    "SRTSF": 0.2691142323678539,
    "SSDOF": 0.2688083143880498,
    "SSDOY": 0.2688083143880498,
    "RVIV": 0.26866080201186443,
    "HIMS": 0.2569382412931379,
    "SLGD": 0.24730960353769077,
    "KAOCF": 0.2461229901999743,
    "KAOOY": 0.2461229901999743,
    "PCGR": 0.24391160553407676,
    "HEGIF": 0.24282273136508786,
    "HEGIY": 0.24282273136508786,
    "GYSN": 0.2408008046139781,
    "EOSSD": 0.2385461289556553,
    "RBCL": 0.2358139949480299,
    "EL": 0.23421129580325672,
    "NUS": 0.23386677424491822,
    "RBGLY": 0.22780034578586195,
    "RBGPF": 0.22780034578586195,
    "HELKF": 0.22532083063796565,
    "HENKY": 0.22532083063796565,
    "HENOF": 0.22532083063796565,
    "HENOY": 0.22532083063796565,
    "EPC": 0.22525456924050305,
    "NBBTF": 0.22447844134743367,
    "HELE": 0.21970605139333887,
    "PG": 0.21940307381281135,
    "CHD": 0.21781222932198985,
    "PNAT": 0.21271069895633904,
    "AVVH": 0.21142015303885628,
    "LPHM": 0.21051910612717695,
    "BICEF": 0.20952852172488315,
    "BICEY": 0.20952852172488315,
    "MTEX": 0.20922619913136636,
    "BEUT": 0.20298915807744683,
    "NTCO": 0.19982035175362226,
    "HKWO": 0.19622983681283823,
    "CAWW": 0.19548206891587866,
    "SUMR": 0.19352403278549488,
    "NATR": 0.19335416603035988,
    "INBI": 0.19240274710762933,
    "PGENY": 0.19169252295617217,
    "CLX": 0.19113538194561236,
    "LCCTF": 0.19038724601366885,
    "JGLCF": 0.18788207633372198,
    "NWL": 0.18776243566324582,
    "USNA": 0.18604910220176524,
    "PYCT": 0.184483814226936,
    "UL": 0.18200751341861518,
    "UNLYF": 0.18200751341861518,
    "MAVBF": 0.18194089820774478,
    "SPB": 0.17999101219222263,
    "ACU": 0.179285996234469,
    "SNBH": 0.1778034707737333,
    "SKVI": 0.17766119261854257,
    "KMB": 0.1756397789569408,
    "UNCHF": 0.17394956606665274,
    "UNICY": 0.17394956606665274,
    "IPAR": 0.17331517450105358,
    "CDSG": 0.17288283911301766,
    "CL": 0.1704750216754671,
    "BLUMY": 0.1700918890717785,
    "REV": 0.16848850391640444,
    "NUUU": 0.1627148599069228,
    "BDRFF": 0.16257991461976587,
    "BDRFY": 0.16257991461976587,
    "GTVI": 0.16078123029429242,
    "DQWS": 0.15968193743511158,
    "EROX": 0.15794492255154002,
    "UG": 0.15750307619581178,
    "PURE": 0.157000652448844,
    "KPOC": 0.15596381972751494,
    "BMXC": 0.15391612240121033,
    "ITLK": 0.1517199261711342,
    "SGTI": 0.1515151583457754,
    "SNST": 0.1511381077703207,
    "QNTA": 0.14766565139741542,
    "MDAV": 0.14697321007865244,
    "PHLI": 0.14419844851862776,
    "JOEY": 0.14338820272182884,
    "ZRVT": 0.1432410386484621,
    "SYHO": 0.1412217634923364,
    "COTY": 0.13856837975884262,
    "TDNT": 0.13643500405582085,
    "DOGZ": 0.1360096546866029,
    "SHRG": 0.1347537425446331,
    "LRLCF": 0.1344351296306032,
    "LRLCY": 0.1344351296306032,
    "TANH": 0.13437600522826668,
    "HPTN": 0.13387347837342536,
    "AQSP": 0.12954035890110485,
    "TMXN": 0.12650818830877542,
    "NRPR": 0.12623457205829752,
    "KSRYY": 0.12413328245982637,
    "KCDMF": 0.11805052380396283,
    "KCDMY": 0.11805052380396283,
    "HRSR": 0.1140580204195726,
    "ZNOGF": 0.10547456945978585,
    "EMPO": 0.09624151137051767,
    "UNLRF": 0.09194016115663613,
    "UNLRY": 0.09194016115663613,
    "WNBD": 0.08139587021553094,
    "AHCCF": 0.07742543134620256,
    "NUVI": 0.050672171154009175,
    "OLVI": 0.027383173617094057
}