{
    "PHLI": 1.0,
    "PCGR": 0.18599977410904253,
    "ELF": 0.1777023475465202,
    "NATR": 0.17717909472731005,
    "RBCL": 0.17157986008067563,
    "SPCO": 0.16940441778219315,
    "CHD": 0.16898533109246353,
    "TDNT": 0.16023796226601064,
    "QNTA": 0.15793286499453474,
    "HELKF": 0.15682079588895004,
    "HENKY": 0.15682079588895004,
    "HENOF": 0.15682079588895004,
    "HENOY": 0.15682079588895004,
    "BICEF": 0.1544007463670929,
    "BICEY": 0.1544007463670929,
    "SSDOF": 0.1526684092460787,
    "SSDOY": 0.1526684092460787,
    "PNAT": 0.14707625564744364,
    "USNA": 0.14534911506715212,
    "AVVH": 0.14532874706068638,
    "MTEX": 0.14512925294759946,
    "SKVI": 0.14479902420949714,
    "NUGN": 0.14419844851862776,
    "RVIV": 0.1435832722150109,
    "HIMS": 0.1422398485472775,
    "DQWS": 0.1409437317029036,
    "RBGLY": 0.14091379417009142,
    "RBGPF": 0.14091379417009142,
    "HKWO": 0.14083660313057922,
    "NBBTF": 0.13954329948993682,
    "HEGIF": 0.13759091572651502,
    "HEGIY": 0.13759091572651502,
    "CAWW": 0.13706007696581887,
    "EPC": 0.13685936433947846,
    "EL": 0.13532405518906443,
    "NUS": 0.13517450900610817,
    "SUMR": 0.13412936488333332,
    "HELE": 0.1330253415210951,
    "PYCT": 0.13110124355062938,
    "EOSSD": 0.1299326709268118,
    "NWL": 0.1273832668653354,
    "CLX": 0.1271104142486459,
    "IPAR": 0.12453208665734539,
    "SPB": 0.1235627754320123,
    "SLGD": 0.1233520794823325,
    "JGLCF": 0.12305816291174573,
    "MAVBF": 0.12060610412433433,
    "UG": 0.12026267255870321,
    "BMXC": 0.12016419841950866,
    "SRTSF": 0.12010347408268213,
    "PG": 0.11962300504634063,
    "KAOCF": 0.11614204076130553,
    "KAOOY": 0.11614204076130553,
    "EROX": 0.11562924939986183,
    "ACU": 0.113728811576293,
    "LCCTF": 0.11355711655515416,
    "KMB": 0.11344005447351393,
    "NTCO": 0.11239324546130705,
    "CL": 0.11228482369993853,
    "JOEY": 0.11135004659949671,
    "SHRG": 0.11007964884334398,
    "INBI": 0.10906033660393677,
    "SGTI": 0.10807136780224823,
    "LPHM": 0.10765511919507972,
    "PURE": 0.10724700878327742,
    "SNBH": 0.10713568765839296,
    "TANH": 0.10546018609351288,
    "TMXN": 0.10528657735483907,
    "BEUT": 0.10459615508955274,
    "GTVI": 0.10312882492144793,
    "ZRVT": 0.10295094657812756,
    "PGENY": 0.09966638671144751,
    "UNCHF": 0.09950706714198745,
    "UNICY": 0.09950706714198745,
    "COTY": 0.09917558367530567,
    "GYSN": 0.09878495054771813,
    "BDRFF": 0.09875485952098718,
    "BDRFY": 0.09875485952098718,
    "CDSG": 0.09751352355564688,
    "REV": 0.09636469351257766,
    "HRSR": 0.09616213950455509,
    "NUUU": 0.09329911031924627,
    "KPOC": 0.09135896886844645,
    "AQSP": 0.08841163269269554,
    "ITLK": 0.08718430631070817,
    "KSRYY": 0.08627292458235848,
    "DOGZ": 0.08613258474471233,
    "UL": 0.08419644788071808,
    "UNLYF": 0.08419644788071808,
    "MDAV": 0.08203077957518567,
    "WNBD": 0.080623268729695,
    "SNST": 0.07896896054109029,
    "NRPR": 0.07856673484907707,
    "KCDMF": 0.07569540259197363,
    "KCDMY": 0.07569540259197363,
    "LRLCF": 0.07335478939416917,
    "LRLCY": 0.07335478939416917,
    "SYHO": 0.07280263858971188,
    "BLUMY": 0.07240978974081236,
    "ZNOGF": 0.06773794312082217,
    "UNLRF": 0.0644934619656097,
    "UNLRY": 0.0644934619656097,
    "EMPO": 0.06248692354997978,
    "NUVI": 0.05836829625929319,
    "HPTN": 0.0570848125138944,
    "AHCCF": 0.0532900053298224,
    "OLVI": 0.019820363761104746
}