{
    "PYCT": 1.0000000000000002,
    "ELF": 0.2851000705171395,
    "HKWO": 0.23226366443081842,
    "RBGLY": 0.22515415378930534,
    "RBGPF": 0.22515415378930534,
    "BMXC": 0.21837506813816937,
    "SKVI": 0.21442940327498267,
    "EPC": 0.20680700455026163,
    "EROX": 0.20665832099128276,
    "CHD": 0.19882179280940918,
    "PCGR": 0.19801871775231522,
    "SSDOF": 0.1970675999871669,
    "SSDOY": 0.1970675999871669,
    "SLGD": 0.19676425099577471,
    "CAWW": 0.1905880969069456,
    "HEGIF": 0.1904992560882871,
    "HEGIY": 0.1904992560882871,
    "UNCHF": 0.19037450173536358,
    "UNICY": 0.19037450173536358,
    "RVIV": 0.1894903982044033,
    "PNAT": 0.18939750060285174,
    "HRSR": 0.1889857994063761,
    "IPAR": 0.18449850287325678,
    "NUGN": 0.184483814226936,
    "NBBTF": 0.18422910817593202,
    "ACU": 0.18276819900193214,
    "SHRG": 0.18256894600248144,
    "BEUT": 0.18079222069280762,
    "SPCO": 0.18059421545939303,
    "NUUU": 0.1801256786071262,
    "NWL": 0.17913585025836856,
    "AVVH": 0.17628174086443335,
    "TDNT": 0.1759995602823822,
    "JGLCF": 0.1754461498159166,
    "SUMR": 0.17341052616475933,
    "QNTA": 0.17291871916519544,
    "HELKF": 0.17265149804356966,
    "HENKY": 0.17265149804356966,
    "HENOF": 0.17265149804356966,
    "HENOY": 0.17265149804356966,
    "GYSN": 0.1691979125866389,
    "USNA": 0.16816697375620293,
    "PG": 0.16694318365253444,
    "BICEF": 0.16621815385322786,
    "BICEY": 0.16621815385322786,
    "HIMS": 0.16422858584593011,
    "EL": 0.16240913244261224,
    "CLX": 0.16216068058144964,
    "BDRFF": 0.16105175667992752,
    "BDRFY": 0.16105175667992752,
    "LCCTF": 0.16019126221587227,
    "NUS": 0.1591529532674345,
    "RBCL": 0.15911035274282223,
    "SYHO": 0.15843264828709017,
    "MAVBF": 0.15765597118926164,
    "SNBH": 0.15460806018162102,
    "INBI": 0.15315381050259924,
    "TMXN": 0.15292480878133413,
    "KMB": 0.1526160720823011,
    "SPB": 0.1516134261189518,
    "EOSSD": 0.1506439168272797,
    "ZRVT": 0.15047740251221575,
    "PGENY": 0.14857253507965834,
    "UL": 0.1439483896157888,
    "UNLYF": 0.1439483896157888,
    "UG": 0.1439449877016277,
    "NTCO": 0.14318843054330824,
    "KAOCF": 0.14278985565899918,
    "KAOOY": 0.14278985565899918,
    "MDAV": 0.14250715240042794,
    "JOEY": 0.1418294796293005,
    "LPHM": 0.1406987238306693,
    "SRTSF": 0.1395447510184788,
    "MTEX": 0.13609088933800123,
    "NATR": 0.13605803496088276,
    "KPOC": 0.13433866450829096,
    "HELE": 0.13217447435229165,
    "PHLI": 0.13110124355062938,
    "REV": 0.13057863903184566,
    "PURE": 0.12765445938810388,
    "DQWS": 0.12478547469393295,
    "SGTI": 0.12115724051407006,
    "GTVI": 0.12060973218629609,
    "CL": 0.11987467608461895,
    "TANH": 0.1190426087927489,
    "KCDMF": 0.11748956608013253,
    "KCDMY": 0.11748956608013253,
    "COTY": 0.1168166353220131,
    "SNST": 0.11549629842844357,
    "ITLK": 0.1132729178029286,
    "NRPR": 0.11216790281175795,
    "CDSG": 0.10755892891336827,
    "HPTN": 0.10495197485064445,
    "DOGZ": 0.10449412048287858,
    "KSRYY": 0.1042237106457503,
    "ZNOGF": 0.10006514821907328,
    "BLUMY": 0.09981084353575435,
    "AQSP": 0.09558947027756982,
    "UNLRF": 0.09350518959405159,
    "UNLRY": 0.09350518959405159,
    "AHCCF": 0.08962582470024423,
    "NUVI": 0.08722624051283792,
    "LRLCF": 0.08051315104402715,
    "LRLCY": 0.08051315104402715,
    "WNBD": 0.07304232153925234,
    "EMPO": 0.07130451169860412,
    "OLVI": 0.056244577460747694
}