{
    "QNTA": 1.0000000000000004,
    "ELF": 0.23660913068904882,
    "BEUT": 0.21724083295583757,
    "EROX": 0.21251412642932882,
    "PNAT": 0.18875073227744327,
    "CHD": 0.18606936666054258,
    "RVIV": 0.18585719829158948,
    "SPCO": 0.1851470194228737,
    "RBCL": 0.1822544765374691,
    "SSDOF": 0.18090150168980215,
    "SSDOY": 0.18090150168980215,
    "PYCT": 0.17291871916519544,
    "SUMR": 0.16957676005308775,
    "NUUU": 0.16835225773353082,
    "HIMS": 0.1660228158972729,
    "PHLI": 0.15793286499453474,
    "NWL": 0.15540617710763577,
    "KMB": 0.15509426313681834,
    "HELKF": 0.15476865094815734,
    "HENKY": 0.15476865094815734,
    "HENOF": 0.15476865094815734,
    "HENOY": 0.15476865094815734,
    "USNA": 0.15445565464039712,
    "PCGR": 0.15356144333136432,
    "HKWO": 0.15090278059456066,
    "NBBTF": 0.14877829470954584,
    "NUGN": 0.14766565139741542,
    "EL": 0.14764335947812282,
    "PG": 0.14701441958869252,
    "SKVI": 0.14695358038737527,
    "SRTSF": 0.14660876255730723,
    "EPC": 0.14645446633381548,
    "MTEX": 0.14480768417112128,
    "BICEF": 0.1443196795808954,
    "BICEY": 0.1443196795808954,
    "CLX": 0.14416872142044912,
    "TDNT": 0.1433449005985391,
    "SLGD": 0.14315780833532588,
    "JGLCF": 0.14280558901925708,
    "BMXC": 0.14262273842171377,
    "EOSSD": 0.14250903560585446,
    "NUS": 0.14110277526925374,
    "AVVH": 0.14088920492653992,
    "SHRG": 0.14059305910002645,
    "MAVBF": 0.13824092087070877,
    "SNBH": 0.1371938795257634,
    "HELE": 0.13476541251318816,
    "HEGIF": 0.13375140837842567,
    "HEGIY": 0.13375140837842567,
    "IPAR": 0.13226363318208842,
    "LPHM": 0.13220708476076207,
    "KAOCF": 0.13115295894961157,
    "KAOOY": 0.13115295894961157,
    "DQWS": 0.13075023535433833,
    "ACU": 0.13022487279157632,
    "RBGLY": 0.12968492613911048,
    "RBGPF": 0.12968492613911048,
    "LCCTF": 0.1278531073054292,
    "NATR": 0.12654072735813088,
    "CAWW": 0.12610144608135668,
    "BDRFF": 0.12584896990133887,
    "BDRFY": 0.12584896990133887,
    "CL": 0.1251134103358085,
    "COTY": 0.12450103848575743,
    "INBI": 0.12378508473771477,
    "SPB": 0.12145797283191528,
    "KPOC": 0.11972623472685626,
    "HRSR": 0.11430912511368674,
    "JOEY": 0.11299449776817372,
    "NTCO": 0.11014026963806664,
    "SGTI": 0.1072764226478354,
    "REV": 0.1059957510551343,
    "PURE": 0.1047922540584651,
    "PGENY": 0.1045216246422321,
    "AQSP": 0.10438985181793381,
    "NRPR": 0.10245482477552359,
    "TMXN": 0.10223204650052477,
    "UG": 0.10199504760914502,
    "GTVI": 0.10169899397356301,
    "MDAV": 0.0976856493786773,
    "GYSN": 0.09753888082222856,
    "LRLCF": 0.09674062727710425,
    "LRLCY": 0.09674062727710425,
    "KSRYY": 0.09652833390035527,
    "UL": 0.09647426524385735,
    "UNLYF": 0.09647426524385735,
    "DOGZ": 0.09424847617594852,
    "ZRVT": 0.09404700658604058,
    "UNCHF": 0.09366271031985961,
    "UNICY": 0.09366271031985961,
    "SYHO": 0.09344707071553698,
    "CDSG": 0.09197910424658379,
    "TANH": 0.08990148550425847,
    "BLUMY": 0.08836400320777346,
    "HPTN": 0.08670089270918645,
    "AHCCF": 0.07910114085838471,
    "WNBD": 0.07611364115852706,
    "SNST": 0.07603573662608824,
    "ITLK": 0.07476391484927718,
    "ZNOGF": 0.07414251636677772,
    "EMPO": 0.07401278564166326,
    "UNLRF": 0.0733309998550485,
    "UNLRY": 0.0733309998550485,
    "NUVI": 0.06758415825217058,
    "KCDMF": 0.05734251754772957,
    "KCDMY": 0.05734251754772957,
    "OLVI": 0.01949066617820854
}