{
    "SHRG": 1.0000000000000004,
    "ELF": 0.22191665984430484,
    "INBI": 0.2097069115065394,
    "SUMR": 0.2069897056116793,
    "OLVI": 0.20645763818017843,
    "HKWO": 0.1946841211737324,
    "CAWW": 0.1945807161053334,
    "NBBTF": 0.19130041504919032,
    "PGENY": 0.18932841470612416,
    "JGLCF": 0.1847135888482994,
    "SLGD": 0.18417996168531617,
    "PYCT": 0.18256894600248144,
    "HIMS": 0.17912055634594187,
    "EROX": 0.1757622364650065,
    "KAOCF": 0.17484714858348238,
    "KAOOY": 0.17484714858348238,
    "ACU": 0.17163627445742863,
    "MTEX": 0.17092608122368563,
    "CLX": 0.1679503854615365,
    "PNAT": 0.167758890146928,
    "CHD": 0.16769729678243805,
    "PCGR": 0.1640183671824095,
    "HELKF": 0.1627760584649014,
    "HENKY": 0.1627760584649014,
    "HENOF": 0.1627760584649014,
    "HENOY": 0.1627760584649014,
    "EPC": 0.16128945131001662,
    "SPCO": 0.15842951097510669,
    "NATR": 0.15415644258688868,
    "SSDOF": 0.15211395297942976,
    "SSDOY": 0.15211395297942976,
    "BEUT": 0.15170256311096064,
    "KMB": 0.1510111433323806,
    "SPB": 0.14941325234046418,
    "JOEY": 0.14879703886276432,
    "RBGLY": 0.14674529434131878,
    "RBGPF": 0.14674529434131878,
    "TMXN": 0.14590968158132012,
    "RVIV": 0.14514159658292108,
    "NUUU": 0.14371161010385347,
    "HEGIF": 0.1433113848367283,
    "HEGIY": 0.1433113848367283,
    "BICEF": 0.14248706237720427,
    "BICEY": 0.14248706237720427,
    "QNTA": 0.14059305910002645,
    "RBCL": 0.14044347103227345,
    "ZRVT": 0.13967965609420852,
    "GTVI": 0.13950589284772497,
    "IPAR": 0.13913489015967095,
    "SYHO": 0.1370304463064659,
    "EL": 0.1348426909436222,
    "NUGN": 0.1347537425446331,
    "NWL": 0.13235679893600505,
    "TDNT": 0.13212442101724683,
    "NTCO": 0.131743840989321,
    "LPHM": 0.13135068084209972,
    "SRTSF": 0.13083960416557866,
    "HELE": 0.13071784149987853,
    "REV": 0.1302457762225768,
    "PG": 0.12943027451563915,
    "EOSSD": 0.12940791282472627,
    "LCCTF": 0.12839329376414224,
    "NUS": 0.1253988711493354,
    "SKVI": 0.12479902039199743,
    "MAVBF": 0.12479526471111914,
    "MDAV": 0.12312884715331622,
    "CL": 0.12288637546949804,
    "UNCHF": 0.12057341785264795,
    "UNICY": 0.12057341785264795,
    "USNA": 0.11954462660205532,
    "KSRYY": 0.11884066385778595,
    "BDRFF": 0.11691461876185259,
    "BDRFY": 0.11691461876185259,
    "AVVH": 0.11605096957597527,
    "GYSN": 0.11377225278338315,
    "HRSR": 0.11168651265385655,
    "KPOC": 0.11086280298551296,
    "PHLI": 0.11007964884334398,
    "SNBH": 0.10948905687628323,
    "UL": 0.10874851645840262,
    "UNLYF": 0.10874851645840262,
    "DQWS": 0.10531795114784719,
    "BMXC": 0.10425429582515243,
    "COTY": 0.10345050202465415,
    "WNBD": 0.10243422961596084,
    "SGTI": 0.10129747230019863,
    "DOGZ": 0.09998048787886171,
    "CDSG": 0.09667638355215592,
    "UG": 0.0935045115755114,
    "PURE": 0.092820933006858,
    "AQSP": 0.09274430804877881,
    "ITLK": 0.08865178107338575,
    "TANH": 0.08825655011742584,
    "LRLCF": 0.08672710761366942,
    "LRLCY": 0.08672710761366942,
    "AHCCF": 0.0836176717425597,
    "HPTN": 0.08296043380661114,
    "BLUMY": 0.08009061465097593,
    "ZNOGF": 0.0768811710458326,
    "NRPR": 0.07614397546813961,
    "SNST": 0.06761356670270373,
    "UNLRF": 0.06518318539405243,
    "UNLRY": 0.06518318539405243,
    "KCDMF": 0.061843522794767875,
    "KCDMY": 0.061843522794767875,
    "EMPO": 0.057839733056520876,
    "NUVI": 0.0431595707964907
}