{
    "ZNOGF": 0.9999999999999996,
    "SNST": 0.1862747163477652,
    "HEGIF": 0.18291315724482168,
    "HEGIY": 0.18291315724482168,
    "BLUMY": 0.17461469234486796,
    "SSDOF": 0.15266123590156971,
    "SSDOY": 0.15266123590156971,
    "JGLCF": 0.14783758214766438,
    "PCGR": 0.14694527457748105,
    "PURE": 0.13304866924754685,
    "PNAT": 0.12806190957793592,
    "ELF": 0.12624381795789855,
    "NBBTF": 0.12582964080198902,
    "HELKF": 0.1255305886210335,
    "HENKY": 0.1255305886210335,
    "HENOF": 0.1255305886210335,
    "HENOY": 0.1255305886210335,
    "RBGLY": 0.12388520657685494,
    "RBGPF": 0.12388520657685494,
    "CL": 0.12259383166110316,
    "AQSP": 0.12239126393258937,
    "HELE": 0.12140860996970593,
    "GTVI": 0.12126800070269841,
    "KMB": 0.12087385661928025,
    "SRTSF": 0.12037049204960049,
    "TMXN": 0.11742415933741937,
    "HKWO": 0.11726076679624126,
    "SKVI": 0.11689724754774951,
    "MTEX": 0.11587227187300761,
    "PGENY": 0.11461336788508225,
    "RBCL": 0.11425572025117631,
    "EL": 0.11350205713908398,
    "BEUT": 0.1123098895805093,
    "SPCO": 0.1115381088064051,
    "PG": 0.10964935824974323,
    "UNCHF": 0.10929344341106496,
    "UNICY": 0.10929344341106496,
    "NUS": 0.10885005316391241,
    "EOSSD": 0.108669569858092,
    "AVVH": 0.107829299040862,
    "SLGD": 0.10673845966551238,
    "EPC": 0.10618632999096414,
    "RVIV": 0.10596088378125926,
    "NUGN": 0.10547456945978585,
    "BMXC": 0.10457321197397323,
    "CHD": 0.1033405772504765,
    "LPHM": 0.10282470853667772,
    "MDAV": 0.10269890635077734,
    "USNA": 0.10082957553264552,
    "IPAR": 0.1003836138157181,
    "CAWW": 0.1003691382862003,
    "PYCT": 0.10006514821907328,
    "BICEF": 0.09952282662268051,
    "BICEY": 0.09952282662268051,
    "TDNT": 0.09910154345990708,
    "GYSN": 0.09907058528885543,
    "KAOCF": 0.09760196129321858,
    "KAOOY": 0.09760196129321858,
    "SUMR": 0.09505008561213231,
    "UG": 0.09475362298697991,
    "EROX": 0.09405687947987267,
    "MAVBF": 0.09403148803427558,
    "BDRFF": 0.09377465672134612,
    "BDRFY": 0.09377465672134612,
    "NTCO": 0.0928989034731901,
    "HIMS": 0.09216351120365131,
    "SPB": 0.09087345690487564,
    "LCCTF": 0.09038770073235049,
    "CLX": 0.08944177592574898,
    "NWL": 0.08930153218864402,
    "DQWS": 0.08898354639923362,
    "SGTI": 0.0880193896133966,
    "COTY": 0.08439613834348673,
    "NRPR": 0.08427116704689204,
    "NATR": 0.08396444603918014,
    "JOEY": 0.08327776447025469,
    "CDSG": 0.08220234291687684,
    "ACU": 0.08054055983321544,
    "UL": 0.0805116940074157,
    "UNLYF": 0.0805116940074157,
    "SHRG": 0.0768811710458326,
    "KPOC": 0.0758644246804307,
    "SYHO": 0.0757851802365372,
    "ZRVT": 0.07455743646361672,
    "QNTA": 0.07414251636677772,
    "TANH": 0.07329858243669561,
    "REV": 0.07267066160648894,
    "KSRYY": 0.06918124244772067,
    "NUUU": 0.06846404337875776,
    "PHLI": 0.06773794312082217,
    "AHCCF": 0.067452827369194,
    "LRLCF": 0.06709375048875453,
    "LRLCY": 0.06709375048875453,
    "SNBH": 0.06472469802194462,
    "WNBD": 0.06428663063920532,
    "DOGZ": 0.061922790491569325,
    "KCDMF": 0.06115198832314002,
    "KCDMY": 0.06115198832314002,
    "INBI": 0.058640842498677424,
    "HRSR": 0.058098287970865754,
    "UNLRF": 0.05417380258090956,
    "UNLRY": 0.05417380258090956,
    "ITLK": 0.052923908844422766,
    "HPTN": 0.05128463123613935,
    "EMPO": 0.03849628357695124,
    "NUVI": 0.03401593481396688,
    "OLVI": 0.027790614117073086
}