{
    "SCS": 1.0000000000000002,
    "KNL": 0.5216118878598771,
    "HNI": 0.39183324444704587,
    "FUJIF": 0.3586561624698059,
    "FUJIY": 0.3586561624698059,
    "KARE": 0.34811436155996967,
    "AVY": 0.3430376569238534,
    "ACCO": 0.32462947545279625,
    "RICOF": 0.3231903032108473,
    "RICOY": 0.3231903032108473,
    "CHMP": 0.3026928413144612,
    "BRTHF": 0.27682680027861334,
    "AMXX": 0.2712935255562691,
    "BRTHY": 0.26272304276694547,
    "KNCAF": 0.2612656554771963,
    "KNCAY": 0.2612656554771963,
    "EVAI": 0.25863536763952394,
    "SORT": 0.25248612667143844,
    "PBI": 0.23790259111455486,
    "CATM": 0.2344246180776311,
    "GPTX": 0.22437644590638456,
    "OTIVF": 0.22311193798419943,
    "EBF": 0.21627059860730857,
    "RBSY": 0.20911790568219718,
    "PXGYF": 0.20833626919138748,
    "TLCO": 0.20264881178368643,
    "BOXS": 0.1684089769912186,
    "CBDG": 0.15423754410327348,
    "TCHH": 0.1465135272170494,
    "ADDC": 0.1401624686232933,
    "MRJT": 0.13659464583284306,
    "ASTO": 0.12408042418423326,
    "VEND": 0.1177119786237345,
    "PCST": 0.11569831474069514
}