{
    "ATWT": 1.0000000000000002,
    "GKPRF": 0.17401447166779452,
    "SITS": 0.17228910074886436,
    "PTSS": 0.15707618970737855,
    "VRRM": 0.15109702575409256,
    "BRC": 0.1481849250222424,
    "DGLY": 0.14583627196873086,
    "SCTY": 0.1400626793378308,
    "MAGS": 0.1384753259944505,
    "MG": 0.1365384435036378,
    "SKVY": 0.133642781312753,
    "EKCS": 0.13116947429204057,
    "BCO": 0.12996113351522273,
    "REZI": 0.12887143332864426,
    "UUU": 0.12562828397674372,
    "VSYS": 0.12351038311593442,
    "CVAS": 0.1213154790742145,
    "MGNT": 0.12024775506967421,
    "ICTSF": 0.1200436191741063,
    "PERL": 0.11978162415015844,
    "IWAL": 0.11959116751458153,
    "DRNG": 0.11717798476269098,
    "AFAP": 0.11259869667916281,
    "PCPZ": 0.1101587767779278,
    "VRME": 0.11003971062304468,
    "MDDM": 0.10940455145882656,
    "NSSC": 0.10890909758353919,
    "FAKC": 0.10828748640269499,
    "VSYM": 0.10740603971846757,
    "PRBCF": 0.10695220768578013,
    "ASAZF": 0.10548123755851815,
    "ASAZY": 0.10548123755851815,
    "NXTD": 0.10530449094586512,
    "ADT": 0.1052693938093877,
    "CSTI": 0.10286200223523576,
    "NL": 0.10174146157748784,
    "LGTT": 0.10145003678231718,
    "GFSZF": 0.09996675709579785,
    "GFSZY": 0.09996675709579785,
    "MSA": 0.09832510471248423,
    "NTCI": 0.0965761968553021,
    "ALLE": 0.09631884150472181,
    "CRWTF": 0.09594572354966839,
    "MRLWF": 0.09580355358850769,
    "MACE": 0.09549262420846856,
    "DIRV": 0.09455298523525578,
    "CIX": 0.09448734148551868,
    "DTII": 0.09371287405964082,
    "WPNNF": 0.09255560396136313,
    "IVDA": 0.09197673354553024,
    "CSKD": 0.09151529903647362,
    "SPCB": 0.08948751969672014,
    "RSKIA": 0.08900502295058603,
    "VVNT": 0.08889979588626934,
    "BLPG": 0.08695187559141429,
    "HWSY": 0.08621338571980462,
    "BKYI": 0.08614389391408299,
    "ARGL": 0.08560364293153643,
    "GDSI": 0.0855990655668096,
    "FPVD": 0.08553814952208688,
    "GWSN": 0.08357247056177444,
    "LOIMF": 0.0805128198627517,
    "VOTDF": 0.0791849522479741,
    "MPIN": 0.07696359947261029,
    "HCGS": 0.07694107050989377,
    "ALLQ": 0.07586233324085281,
    "HLCN": 0.07576570293407967,
    "SOMLF": 0.07472189914857916,
    "SOMLY": 0.07472189914857916,
    "PLRTF": 0.07447693020448447,
    "ABPR": 0.07433125600335466,
    "LSKA": 0.07369637029044654,
    "SCTBF": 0.0691280244749732,
    "MIHL": 0.06629101946945685,
    "ARLO": 0.06235458036943026,
    "GRDAF": 0.04951039274780491,
    "LDDFF": 0.049460292516570345,
    "WCCP": 0.04658149077068417,
    "PWLK": 0.037789679985794564
}