{
    "GRDAF": 1.0000000000000002,
    "BCO": 0.41291661660284723,
    "LOIMF": 0.29035609439814336,
    "GFSZF": 0.23202299082311684,
    "GFSZY": 0.23202299082311684,
    "SOMLF": 0.16192040408853495,
    "SOMLY": 0.16192040408853495,
    "PERL": 0.14859598150080272,
    "SCTY": 0.14083469157488263,
    "IWAL": 0.13877406783110496,
    "CVAS": 0.13011217755360804,
    "ICTSF": 0.12947460610556535,
    "SITS": 0.12903798744450323,
    "MG": 0.12861504945800456,
    "MRLWF": 0.12822034220130185,
    "REZI": 0.12205398219411352,
    "NL": 0.1207081975578508,
    "VRRM": 0.11964478935780565,
    "MAGS": 0.11752868104515873,
    "DIRV": 0.11663074712708107,
    "UUU": 0.11493359787466868,
    "EKCS": 0.11230732676004898,
    "SKVY": 0.11084882199145248,
    "AFAP": 0.10973169779074146,
    "BLPG": 0.10971194228113415,
    "MDDM": 0.10957246879925633,
    "SCTBF": 0.1092119647968067,
    "IVDA": 0.10817853676977143,
    "ABPR": 0.10729068999090077,
    "ASAZF": 0.10556731659263373,
    "ASAZY": 0.10556731659263373,
    "CSTI": 0.102750439881149,
    "ALLE": 0.10253857164191525,
    "ADT": 0.10069021782077009,
    "CIX": 0.10011142139876776,
    "BRC": 0.09660022485469062,
    "BKYI": 0.09496596549967032,
    "MGNT": 0.09495558841956599,
    "LSKA": 0.09418359084223403,
    "NTCI": 0.09350244697624574,
    "GKPRF": 0.0925207765734541,
    "PTSS": 0.09206937685634166,
    "MACE": 0.08821389680432194,
    "PWLK": 0.0869019845817932,
    "MSA": 0.08584903643892475,
    "PCPZ": 0.08527326681867049,
    "MIHL": 0.08356846778840056,
    "DGLY": 0.08318354070759919,
    "SPCB": 0.08188507097358577,
    "ARGL": 0.08123444848569145,
    "VSYM": 0.07814629505099709,
    "HWSY": 0.07784505112924019,
    "GWSN": 0.07753260022286783,
    "VVNT": 0.07745138202360416,
    "WPNNF": 0.0773867873089445,
    "FAKC": 0.07461746427919903,
    "NXTD": 0.07413473452421629,
    "ALLQ": 0.07407562800580247,
    "CSKD": 0.07393911160597058,
    "VOTDF": 0.072843675159597,
    "VRME": 0.07283985783957886,
    "NSSC": 0.0715404731291171,
    "PRBCF": 0.06740698539542718,
    "CRWTF": 0.06560557817290456,
    "MPIN": 0.0654926445276249,
    "LGTT": 0.0645978166525645,
    "RSKIA": 0.06407923208276123,
    "FPVD": 0.06279880999035795,
    "HLCN": 0.059507058479280166,
    "PLRTF": 0.05841613302001857,
    "VSYS": 0.05804952947127891,
    "HCGS": 0.05720795574886785,
    "LDDFF": 0.05643118169874047,
    "DRNG": 0.05231783729455975,
    "ARLO": 0.05079618967690636,
    "ATWT": 0.04951039274780491,
    "DTII": 0.04703471787195074,
    "WCCP": 0.04453085662384654,
    "GDSI": 0.03972577241043833
}