{
    "NTCI": 1.0000000000000002,
    "REZI": 0.2127219455679239,
    "BLPG": 0.20833694575474385,
    "CSTI": 0.19947083288681824,
    "MG": 0.19417426662438517,
    "VSYM": 0.19375880979124438,
    "BCO": 0.1928922359831461,
    "ADT": 0.19021846949798232,
    "SCTY": 0.18631443759143843,
    "SITS": 0.18292380589305432,
    "MDDM": 0.1828346286838755,
    "HCGS": 0.18020261373550012,
    "MAGS": 0.17989347488542054,
    "DIRV": 0.17914071829501949,
    "UUU": 0.17849394530417317,
    "EKCS": 0.17761059150744035,
    "IVDA": 0.17700217082981742,
    "AFAP": 0.17474814551012266,
    "CVAS": 0.17410463791252687,
    "BKYI": 0.17066782060099792,
    "ALLQ": 0.1688016666302631,
    "NL": 0.16837336659222382,
    "ICTSF": 0.16393485408935954,
    "GFSZF": 0.16269751017953257,
    "GFSZY": 0.16269751017953257,
    "ABPR": 0.15957970236264307,
    "ARGL": 0.1588712517766792,
    "SKVY": 0.15835707745110184,
    "NXTD": 0.1583444123096105,
    "ASAZF": 0.15790278997888768,
    "ASAZY": 0.15790278997888768,
    "ALLE": 0.15687356579881392,
    "MIHL": 0.1559309092644268,
    "CIX": 0.15306802424566757,
    "SOMLF": 0.1528030733740366,
    "SOMLY": 0.1528030733740366,
    "PERL": 0.1502982892603803,
    "HWSY": 0.14827622186262462,
    "MGNT": 0.14651486116395435,
    "VRRM": 0.14524300616266994,
    "GWSN": 0.14503737317239623,
    "DRNG": 0.1433813317805762,
    "BRC": 0.14334962739605817,
    "SPCB": 0.14271573070440852,
    "GKPRF": 0.14155865476339224,
    "VRME": 0.1410396283121281,
    "MRLWF": 0.14059855920294942,
    "FAKC": 0.1398516426083871,
    "MACE": 0.13811145196046062,
    "DGLY": 0.13668427332012992,
    "LSKA": 0.1341704885588699,
    "PTSS": 0.1340502818758985,
    "DTII": 0.13394178381007268,
    "NSSC": 0.13339653035614218,
    "VOTDF": 0.12782351079835702,
    "VVNT": 0.12639961668477798,
    "SCTBF": 0.12510606707818084,
    "PWLK": 0.12501785807018265,
    "CRWTF": 0.12442195433408919,
    "PCPZ": 0.12187776243451977,
    "HLCN": 0.12071936489239334,
    "RSKIA": 0.1190234243892362,
    "VSYS": 0.11801403525443342,
    "WPNNF": 0.11758332200228418,
    "WCCP": 0.11215752965993767,
    "MSA": 0.11115006698717676,
    "IWAL": 0.11080654851622578,
    "PRBCF": 0.10790320627147465,
    "FPVD": 0.10740861099263763,
    "LOIMF": 0.10706983880137663,
    "LGTT": 0.09827440703650493,
    "ATWT": 0.0965761968553021,
    "CSKD": 0.09475832366477897,
    "PLRTF": 0.09432201128101546,
    "GRDAF": 0.09350244697624574,
    "LDDFF": 0.08998646659299256,
    "GDSI": 0.08835959226994053,
    "ARLO": 0.08090599003558015,
    "MPIN": 0.07575669042073349
}