{
    "PLRTF": 1.0,
    "WPNNF": 0.18564446742556875,
    "DTII": 0.17901292991498202,
    "ICTSF": 0.14239989817012963,
    "MDDM": 0.13344715870241064,
    "DRNG": 0.1297595605980606,
    "MGNT": 0.11925073004871024,
    "MAGS": 0.11880701691134056,
    "LDDFF": 0.118088731145502,
    "EKCS": 0.1166581376691641,
    "CSTI": 0.1164141238372333,
    "NXTD": 0.11608332970278672,
    "HLCN": 0.11485588337878186,
    "MG": 0.11250707883427644,
    "VRME": 0.11069726978399176,
    "BCO": 0.10722867445723559,
    "PTSS": 0.10683890458299598,
    "HWSY": 0.10356131544171165,
    "CVAS": 0.1029919268749006,
    "REZI": 0.10270196161555799,
    "PERL": 0.10024077156357993,
    "CRWTF": 0.09996720308751654,
    "IVDA": 0.09993866309945196,
    "DGLY": 0.09960422069458241,
    "SKVY": 0.099246410974179,
    "SITS": 0.09843992476349209,
    "VSYM": 0.0980352702070328,
    "ABPR": 0.09552155682733512,
    "NTCI": 0.09432201128101546,
    "VOTDF": 0.09271782788374376,
    "SPCB": 0.08917648392487235,
    "GKPRF": 0.08803082378694004,
    "VSYS": 0.08769440626413572,
    "BKYI": 0.08714801441650595,
    "SCTY": 0.08614954780145072,
    "AFAP": 0.08051952332548876,
    "UUU": 0.0800147610771574,
    "NL": 0.0798055661667065,
    "NSSC": 0.0792613089654699,
    "ALLE": 0.07914283124868167,
    "VRRM": 0.07789862973394714,
    "ALLQ": 0.0777206544740873,
    "ADT": 0.07700980390801922,
    "GWSN": 0.07636888030452271,
    "GFSZF": 0.07578897879023586,
    "GFSZY": 0.07578897879023586,
    "CSKD": 0.07549067869731772,
    "ATWT": 0.07447693020448447,
    "VVNT": 0.07444386605142754,
    "DIRV": 0.07438491290861435,
    "HCGS": 0.07402464098800556,
    "BRC": 0.07279319637533543,
    "FPVD": 0.07127579181634766,
    "SCTBF": 0.0710426936747105,
    "CIX": 0.07077726599494284,
    "PRBCF": 0.07068531864573535,
    "FAKC": 0.06854252034836965,
    "ARGL": 0.06799699686277892,
    "MSA": 0.06779567828793198,
    "ASAZF": 0.06657316058527322,
    "ASAZY": 0.06657316058527322,
    "GDSI": 0.06602305987930432,
    "LGTT": 0.062896769217569,
    "ARLO": 0.061641019888563756,
    "WCCP": 0.05995077379320574,
    "BLPG": 0.059249323220299646,
    "GRDAF": 0.05841613302001857,
    "MIHL": 0.05830880077595417,
    "MPIN": 0.056303081526812904,
    "MACE": 0.05568123359014591,
    "LSKA": 0.05536628690130723,
    "SOMLF": 0.05437054241302273,
    "SOMLY": 0.05437054241302273,
    "MRLWF": 0.05344002454777535,
    "LOIMF": 0.05286982795778069,
    "RSKIA": 0.052521477620373125,
    "IWAL": 0.05246067479194907,
    "PCPZ": 0.051999123329811305,
    "PWLK": 0.03154302084678762
}