{
    "DXYN": 0.9999999999999999,
    "UFI": 0.3095573211761048,
    "TRYIF": 0.3048761986815396,
    "TRYIY": 0.3048761986815396,
    "UNIR": 0.29530450976007827,
    "LZENF": 0.29112758385494464,
    "CULP": 0.2670787465482454,
    "CRWS": 0.2519311609416936,
    "AIN": 0.2461614361378929,
    "SHZHY": 0.24012867886725847,
    "WQTEF": 0.22267111432083192,
    "CILZ": 0.21392113097807014,
    "CRPE": 0.20580983144419618,
    "AVLP": 0.15819928124875252
}