{
    "EVRC": 1.0,
    "SEKEF": 0.2871136197324013,
    "SEKEY": 0.2871136197324013,
    "TACT": 0.2587411452359014,
    "ALOT": 0.23262334874923976,
    "ANET": 0.21625813697400292,
    "LNVGF": 0.21276733411567,
    "LNVGY": 0.21276733411567,
    "DDD": 0.21205952500525485,
    "SSYS": 0.20873692832325033,
    "DELL": 0.2044670172144993,
    "VJET": 0.20357919264603946,
    "VIDE": 0.19928967585129106,
    "WDC": 0.19114944594199731,
    "HPQ": 0.18315868619294026,
    "CRSR": 0.18298173978442733,
    "CAJ": 0.18016828116036473,
    "CAJFF": 0.18016828116036473,
    "KTCC": 0.17720986202261607,
    "QMCO": 0.1738660515549688,
    "LOGI": 0.17202485921884678,
    "ITOX": 0.1717366911235752,
    "DIGI": 0.16907150014823627,
    "DAKT": 0.16906718650171745,
    "DDDX": 0.16476513804052653,
    "INVE": 0.16323063108143654,
    "PSTG": 0.1617541429637274,
    "SMCI": 0.15927831187300298,
    "DM": 0.15674184552021392,
    "TAKOF": 0.15624770331300936,
    "DRSHF": 0.15169517449184453,
    "RAZFF": 0.15134883107790814,
    "RZZRY": 0.15134883107790814,
    "SCKT": 0.1502465271991734,
    "MICT": 0.14863203637761332,
    "CBEX": 0.14481295268518324,
    "EUOT": 0.1445655570963533,
    "NNDM": 0.14319807104653748,
    "CREAF": 0.14255438549907654,
    "VMRI": 0.14058635740263764,
    "CRTG": 0.13529888772590717,
    "STX": 0.13496176870268664,
    "CRCT": 0.13476022595460543,
    "CCURD": 0.13447271358706697,
    "HAUP": 0.13400197883170312,
    "SFIV": 0.13306798474952858,
    "OSS": 0.13291994965541482,
    "MCZAF": 0.13164687699064062,
    "TKSTF": 0.12592486117408153,
    "YRLLF": 0.1245137589957705,
    "ECRP": 0.12222557199438766,
    "NADA": 0.11778637708754736,
    "EBON": 0.1134128454579304,
    "TBIIF": 0.112829580034991,
    "CAN": 0.10581742558479114,
    "GOSY": 0.10508984862515872,
    "IGOI": 0.1041369430378903,
    "VOIS": 0.10300287929023996,
    "QUAN": 0.0966343387201903,
    "QUBT": 0.08830637012144354,
    "AITX": 0.08738020589284992,
    "GTGT": 0.08531669188251682,
    "SNIOF": 0.08424962187876671,
    "BLRNF": 0.08335156747569492,
    "DPSM": 0.06662346090274672,
    "WACMY": 0.06569994230210428,
    "NTAP": 0.04763606174905735
}