{
    "LOGI": 1.0000000000000007,
    "CRSR": 0.31865686983727864,
    "WDC": 0.3051221015384084,
    "MCZAF": 0.30111320483192944,
    "CREAF": 0.2655955427565302,
    "TACT": 0.26307431902626016,
    "LNVGF": 0.2603337091775968,
    "LNVGY": 0.2603337091775968,
    "VIDE": 0.2430911015376876,
    "DAKT": 0.24198903917188191,
    "QMCO": 0.23925814969655723,
    "HAUP": 0.23873224292633927,
    "DELL": 0.22824260056445847,
    "ALOT": 0.22272773965680914,
    "RAZFF": 0.2222520483154018,
    "RZZRY": 0.2222520483154018,
    "DDD": 0.2190977016314158,
    "SMCI": 0.21733419976487228,
    "SEKEF": 0.2133805783334327,
    "SEKEY": 0.2133805783334327,
    "HPQ": 0.20923835673519645,
    "ANET": 0.20634051724279934,
    "INVE": 0.2022382966383525,
    "SCKT": 0.2015391727088044,
    "KTCC": 0.19461812535931572,
    "DRSHF": 0.19082107049570077,
    "STX": 0.18980510833220668,
    "VJET": 0.18918948033573263,
    "NNDM": 0.18091396899779616,
    "DIGI": 0.17498812616572854,
    "PSTG": 0.17283698901692962,
    "EVRC": 0.17202485921884678,
    "SSYS": 0.166909157546427,
    "EUOT": 0.16428886863486203,
    "OSS": 0.16241636940929263,
    "NADA": 0.16128063230304976,
    "TBIIF": 0.16031558701608706,
    "CAJ": 0.154482863792701,
    "CAJFF": 0.154482863792701,
    "QUAN": 0.1515852184087817,
    "CAN": 0.14930959541621788,
    "VOIS": 0.14877300347918437,
    "DM": 0.147180444679222,
    "CCURD": 0.14625061599209116,
    "CRCT": 0.14334251458608271,
    "EBON": 0.14228173358194093,
    "VMRI": 0.14188124290977525,
    "SFIV": 0.14012217211103153,
    "MICT": 0.13880417311848012,
    "YRLLF": 0.13600744081736277,
    "TKSTF": 0.13536899206295838,
    "GOSY": 0.1343703753669294,
    "ITOX": 0.13272609156869533,
    "CBEX": 0.13020877920218818,
    "TAKOF": 0.12243887837825872,
    "SNIOF": 0.11884766154363438,
    "GTGT": 0.11839430301707937,
    "CRTG": 0.11740129948062811,
    "DDDX": 0.11012013012951122,
    "BLRNF": 0.1071632073640858,
    "ECRP": 0.09986851645739968,
    "WACMY": 0.0939140629838806,
    "AITX": 0.08775153608182498,
    "IGOI": 0.07562835590688743,
    "QUBT": 0.07119287456381146,
    "DPSM": 0.06612993092432846,
    "NTAP": 0.05331496786687149
}