{
    "STX": 1.0000000000000002,
    "WDC": 0.4323377748896289,
    "PSTG": 0.33989793479317004,
    "QMCO": 0.31518592652435345,
    "SMCI": 0.29457552813297816,
    "OSS": 0.27091731991302237,
    "LNVGF": 0.2668192461128018,
    "LNVGY": 0.2668192461128018,
    "NADA": 0.2596901543829406,
    "TACT": 0.2361448067163816,
    "DELL": 0.23606865449369224,
    "CBEX": 0.22774783309082366,
    "ALOT": 0.22392548662434278,
    "DDD": 0.21429600408554222,
    "DIGI": 0.2076032402309044,
    "CREAF": 0.20460705104651158,
    "VIDE": 0.2005102620923911,
    "HPQ": 0.1922737006177234,
    "ANET": 0.19069391187698764,
    "LOGI": 0.18980510833220668,
    "SEKEF": 0.18962799632459068,
    "SEKEY": 0.18962799632459068,
    "CRSR": 0.18387640559954815,
    "VJET": 0.17973100065849143,
    "DAKT": 0.17501385273545259,
    "KTCC": 0.17137270962293422,
    "SSYS": 0.16713978814150496,
    "VMRI": 0.1665444014404993,
    "DRSHF": 0.1663555801569662,
    "NNDM": 0.16530594276472418,
    "SCKT": 0.16191733134422615,
    "INVE": 0.1613511131242723,
    "CAN": 0.15975494882343397,
    "RAZFF": 0.15797084025189026,
    "RZZRY": 0.15797084025189026,
    "EUOT": 0.15563228615321917,
    "CRTG": 0.1459853026372971,
    "DM": 0.14517116761698018,
    "MCZAF": 0.143743301753896,
    "GOSY": 0.1418363367575964,
    "AITX": 0.14049147078000787,
    "TBIIF": 0.13818266129119308,
    "EVRC": 0.13496176870268664,
    "YRLLF": 0.13434796385912115,
    "CCURD": 0.1324639246669761,
    "QUAN": 0.1317576602939048,
    "EBON": 0.13163701361040706,
    "CRCT": 0.13109471318619775,
    "CAJ": 0.1306866885462322,
    "CAJFF": 0.1306866885462322,
    "MICT": 0.13024399127001215,
    "TKSTF": 0.12408791719267671,
    "TAKOF": 0.12059601540007267,
    "VOIS": 0.11947923347937876,
    "BLRNF": 0.11915346538064202,
    "ITOX": 0.11795390111189268,
    "GTGT": 0.11660845551691947,
    "ECRP": 0.11439883051935842,
    "DDDX": 0.11167264704103977,
    "HAUP": 0.10738568186606644,
    "SFIV": 0.09815929819720945,
    "SNIOF": 0.09758991104255457,
    "WACMY": 0.08082369374906903,
    "NTAP": 0.07935966455463793,
    "QUBT": 0.07713879067472865,
    "DPSM": 0.07076140553076517,
    "IGOI": 0.06708196729494338
}