{
    "APEI": 1.0000000000000002,
    "ASPU": 0.35948750744241526,
    "STRA": 0.34556204541908153,
    "NAUH": 0.3089545979548913,
    "LAUR": 0.2904531282066415,
    "ESINQ": 0.2857160902802974,
    "PRDO": 0.28083202597118545,
    "EVCI": 0.27885261149577684,
    "LRN": 0.26903453311190706,
    "LINC": 0.2539782838866868,
    "RFLFF": 0.2511475810220341,
    "RFLFY": 0.2511475810220341,
    "CLEU": 0.2488204997464585,
    "ATGE": 0.23445694675514964,
    "AFYA": 0.23380400174453625,
    "COGNY": 0.23215477068475432,
    "MBAIF": 0.22967584969489252,
    "EDTK": 0.2207538424783898,
    "EDMCQ": 0.21813486131610285,
    "WAFU": 0.2176709237723494,
    "TWOU": 0.2166041371114436,
    "BSEFY": 0.21514881935022248,
    "CATG": 0.20567168539508168,
    "VTRU": 0.20402912294166797,
    "EDU": 0.20133830469542227,
    "CCHZ": 0.19594508156809784,
    "GHC": 0.19272504593465095,
    "TEDU": 0.19258768995106182,
    "YQ": 0.19006605607227614,
    "STG": 0.1892976851454304,
    "TAL": 0.18625171717164288,
    "FEDU": 0.17565037706592657,
    "CHNUF": 0.1736308102319948,
    "LOPE": 0.17158346036900704,
    "AMBO": 0.16759004576274442,
    "BEDU": 0.16719252199194834,
    "LXEH": 0.16073167966853613,
    "ZVO": 0.15903206128402084,
    "YDUQY": 0.15732481676885895,
    "VSTA": 0.15598591020310795,
    "HLG": 0.1540311920382382,
    "RYB": 0.153253780022437,
    "MNMT": 0.1531976181770911,
    "COE": 0.15102388512112613,
    "PBYA": 0.15064502347671146,
    "GSX": 0.1485814276022389,
    "LTRE": 0.14680679536790947,
    "ISTC": 0.14589881697257223,
    "UTI": 0.14521447729462483,
    "VRED": 0.1450637290782564,
    "NEW": 0.1445294343450692,
    "HMHC": 0.14274425022148396,
    "VCTL": 0.1426196525109706,
    "COUR": 0.14244965875257887,
    "FHS": 0.14213041954218658,
    "REDU": 0.13532293530362663,
    "TIGE": 0.13012734883465304,
    "EEIQ": 0.12674527200326866,
    "SIBE": 0.12632439032602436,
    "LAIX": 0.12442487401908595,
    "EXDW": 0.12426352719720676,
    "ARCE": 0.12309652619507884,
    "PCSV": 0.12151589509324782,
    "LEAI": 0.11468325940549763,
    "AACG": 0.1120701204944534,
    "METX": 0.11042112999567105,
    "CLCN": 0.11026863847041246,
    "GPLA": 0.11025878186147542,
    "MMTS": 0.10832665191303494,
    "ONE": 0.10672464668799134,
    "IH": 0.09247482545619476,
    "CHGG": 0.09087030587750108,
    "GPX": 0.08143723312776258
}