{
    "CHGG": 1.0000000000000002,
    "LRN": 0.21287340297803325,
    "ZVO": 0.19577978998972626,
    "CLEU": 0.1909485464159178,
    "PBYA": 0.1873294707672014,
    "CHNUF": 0.18526925117701554,
    "VSTA": 0.17675634196883397,
    "EDU": 0.17380068041825508,
    "LOPE": 0.16655068703776063,
    "COGNY": 0.1642109595275758,
    "TAL": 0.1609089153046201,
    "GHC": 0.16029828862585677,
    "VCTL": 0.15981766810144965,
    "AMBO": 0.15935831654659616,
    "NEW": 0.15479879561571483,
    "RYB": 0.15385709433542716,
    "STRA": 0.153779519720054,
    "WAFU": 0.15007025492896658,
    "LAUR": 0.14895299606736656,
    "EEIQ": 0.14602472947085002,
    "COUR": 0.14202629139738301,
    "MBAIF": 0.14127471619195456,
    "EDTK": 0.14042646298540729,
    "PRDO": 0.1368059352265263,
    "ESINQ": 0.1356906479533535,
    "MNMT": 0.13480850770274846,
    "ATGE": 0.131436086126077,
    "FEDU": 0.13102653703409228,
    "HMHC": 0.1308223293663928,
    "TEDU": 0.13078036556335343,
    "TIGE": 0.13055523891699594,
    "PCSV": 0.129867705669141,
    "BSEFY": 0.1262131297253599,
    "HLG": 0.12520030942256277,
    "REDU": 0.12259849820191074,
    "CATG": 0.12115639660154842,
    "LAIX": 0.11833560448580817,
    "LTRE": 0.11828070727009814,
    "SIBE": 0.11726970902401794,
    "TWOU": 0.11706980205343635,
    "ISTC": 0.1159342793122726,
    "AFYA": 0.11325225712165887,
    "ASPU": 0.1130299925959318,
    "GSX": 0.11284180385668173,
    "ARCE": 0.10935424222660224,
    "YQ": 0.10916970555281473,
    "STG": 0.10912336948344352,
    "LINC": 0.10839099625559219,
    "CCHZ": 0.10775832223264137,
    "NAUH": 0.10741396852565337,
    "GPX": 0.10723003580514183,
    "MMTS": 0.10590243646625713,
    "VTRU": 0.10205117040928507,
    "EDMCQ": 0.10026849707881774,
    "VRED": 0.09872365399886,
    "EXDW": 0.09795244795479896,
    "RFLFF": 0.09215065343763912,
    "RFLFY": 0.09215065343763912,
    "APEI": 0.09087030587750108,
    "BEDU": 0.08977449288647862,
    "COE": 0.08916091427693586,
    "CLCN": 0.08680033211775547,
    "AACG": 0.08672695397174096,
    "YDUQY": 0.08562604659262142,
    "GPLA": 0.08472745270818888,
    "LEAI": 0.08415896065499202,
    "METX": 0.08307526077785021,
    "FHS": 0.08252193486849353,
    "IH": 0.08122610838631124,
    "ONE": 0.07967336949876344,
    "LXEH": 0.07695293811004351,
    "EVCI": 0.07086622374084743,
    "UTI": 0.07052694928589825
}