{
    "GSX": 1.0000000000000002,
    "EDU": 0.43739808831941684,
    "TAL": 0.3966244815219071,
    "NEW": 0.3775601227753216,
    "YQ": 0.294458070253822,
    "COE": 0.2911255776582838,
    "MBAIF": 0.28616265342298697,
    "STG": 0.2844305707178098,
    "TEDU": 0.2832987235861627,
    "AMBO": 0.2816196017700094,
    "HLG": 0.2750740158975827,
    "WAFU": 0.262843854328278,
    "CHNUF": 0.2624751025435223,
    "GHC": 0.2623896473756367,
    "COGNY": 0.26050267647806197,
    "LRN": 0.2600897756364838,
    "CATG": 0.2568350710200302,
    "CLEU": 0.24903367532756956,
    "EDTK": 0.2443700222430579,
    "AFYA": 0.24329376392056823,
    "SIBE": 0.23974623441116857,
    "VTRU": 0.23912223949595512,
    "LAUR": 0.23113223124012514,
    "LAIX": 0.23047824654408403,
    "STRA": 0.22759604374329592,
    "EXDW": 0.22485458548524503,
    "ISTC": 0.21833831223848066,
    "VSTA": 0.21604356168502584,
    "FEDU": 0.21573391970900332,
    "ONE": 0.2152738794154019,
    "ZVO": 0.20540865425275798,
    "REDU": 0.2045603985794848,
    "BSEFY": 0.2021142251681008,
    "NAUH": 0.19402085731022256,
    "LXEH": 0.19227559907060932,
    "RYB": 0.19022566095133298,
    "EEIQ": 0.19017767657852747,
    "BEDU": 0.18969871698698973,
    "METX": 0.18843392965266714,
    "ATGE": 0.1880991898780409,
    "PBYA": 0.17883109416402815,
    "PRDO": 0.17493717655095703,
    "LOPE": 0.17340365151598436,
    "TWOU": 0.17253857040782633,
    "ASPU": 0.17180828001252088,
    "EDMCQ": 0.16887320552969864,
    "HMHC": 0.1664968207356657,
    "LINC": 0.166085363428339,
    "YDUQY": 0.16599994510992336,
    "COUR": 0.16572659082064375,
    "CCHZ": 0.16297324517827863,
    "LTRE": 0.1605868547851865,
    "MNMT": 0.15769163074215417,
    "FHS": 0.15251021026994907,
    "AACG": 0.15184782015202603,
    "ESINQ": 0.1506230247658031,
    "MMTS": 0.1500619635575313,
    "APEI": 0.1485814276022389,
    "RFLFF": 0.14836203599943593,
    "RFLFY": 0.14836203599943593,
    "TIGE": 0.14800664384706327,
    "PCSV": 0.14402742930904266,
    "ARCE": 0.13817808164311468,
    "VCTL": 0.13686785528292036,
    "IH": 0.13412188501652678,
    "CLCN": 0.1161350782968393,
    "CHGG": 0.11284180385668173,
    "UTI": 0.1119683850317149,
    "LEAI": 0.1107677871090928,
    "EVCI": 0.10942148576383627,
    "GPLA": 0.10751105227262235,
    "GPX": 0.10143313778203976,
    "VRED": 0.09968036747314481
}