{
    "LTRE": 1.0,
    "TEDU": 0.26390457628781105,
    "LRN": 0.24460258886311856,
    "STRA": 0.22491485607600356,
    "LAUR": 0.22292840782349263,
    "WAFU": 0.22069446070976306,
    "COGNY": 0.21793564112755903,
    "GPX": 0.21524616811930278,
    "VCTL": 0.212475289063,
    "PBYA": 0.20641523670894532,
    "YQ": 0.19688229620402095,
    "TAL": 0.19249037362126736,
    "STG": 0.19114096413917098,
    "EDU": 0.19107446624309857,
    "ZVO": 0.19037413651961405,
    "GHC": 0.1899633646652769,
    "MBAIF": 0.1893321449938065,
    "MNMT": 0.1850743692642606,
    "CLEU": 0.18487128878801337,
    "CHNUF": 0.18154120173040195,
    "ESINQ": 0.18111034415641106,
    "AFYA": 0.18092433649005754,
    "AMBO": 0.18074324917733064,
    "PRDO": 0.17801764833690226,
    "EDTK": 0.17728711370602285,
    "SIBE": 0.1694513341480765,
    "LOPE": 0.16891863873686241,
    "NAUH": 0.16890326664979338,
    "REDU": 0.16491957157101675,
    "ATGE": 0.16394478300655596,
    "VTRU": 0.16185500466124447,
    "COE": 0.16095501974611814,
    "GSX": 0.1605868547851865,
    "BSEFY": 0.16048359172915094,
    "VSTA": 0.1602212012239406,
    "RFLFF": 0.1597739456623103,
    "RFLFY": 0.1597739456623103,
    "RYB": 0.15918606093702967,
    "HLG": 0.15878310144073973,
    "LEAI": 0.15448952776251895,
    "EDMCQ": 0.15433548733979516,
    "ISTC": 0.15389395799515015,
    "TIGE": 0.1537804523570171,
    "ASPU": 0.15341370897394455,
    "CATG": 0.1488474870666651,
    "HMHC": 0.14765375433854555,
    "APEI": 0.14680679536790947,
    "LINC": 0.14493724122098267,
    "COUR": 0.14408971719124541,
    "TWOU": 0.14244182101449937,
    "LAIX": 0.13752431305176827,
    "BEDU": 0.13366678868630158,
    "NEW": 0.13343770980154385,
    "METX": 0.131787742072955,
    "CCHZ": 0.13044261930442344,
    "YDUQY": 0.12718030278774173,
    "GPLA": 0.12716059021797335,
    "MMTS": 0.12542409920246736,
    "EXDW": 0.12398521243621596,
    "UTI": 0.12384401987961412,
    "EEIQ": 0.12323733329461235,
    "PCSV": 0.12152256398074249,
    "FEDU": 0.11868952381539852,
    "CHGG": 0.11828070727009814,
    "ARCE": 0.11403352579389028,
    "ONE": 0.11396079975725354,
    "VRED": 0.11165368922981934,
    "CLCN": 0.11092347038439952,
    "AACG": 0.10417104564840232,
    "LXEH": 0.09750908701761875,
    "IH": 0.09267418998572251,
    "EVCI": 0.0915711965171411,
    "FHS": 0.0850166186468099
}