{
    "PCSV": 1.0,
    "CHNUF": 0.23357774660419223,
    "LRN": 0.22607733499607532,
    "LAUR": 0.20367240615697155,
    "TAL": 0.19021088139506934,
    "STRA": 0.18608501166908198,
    "EDU": 0.18525653413923754,
    "GHC": 0.18508895473427694,
    "COGNY": 0.1848889405355635,
    "LOPE": 0.1832175434919454,
    "TEDU": 0.17658212478484495,
    "MBAIF": 0.17481427683327444,
    "ZVO": 0.1732360161186376,
    "AMBO": 0.1721661141111518,
    "VSTA": 0.167381665188671,
    "PBYA": 0.1651909971690703,
    "PRDO": 0.16100650442815823,
    "HLG": 0.16035450090702516,
    "CLEU": 0.15886213483531872,
    "EDTK": 0.15656560946812015,
    "ATGE": 0.15610867220354646,
    "TWOU": 0.15341116452680634,
    "VCTL": 0.1532807661438921,
    "ESINQ": 0.15312057115534372,
    "RYB": 0.15262478998305093,
    "HMHC": 0.15227568566763894,
    "MMTS": 0.15144310982044334,
    "BSEFY": 0.15135208748525872,
    "WAFU": 0.1502007830496048,
    "CATG": 0.1484222097091451,
    "ISTC": 0.14690982764600805,
    "ARCE": 0.14641801410236546,
    "FEDU": 0.14583395715174777,
    "ASPU": 0.1453991568611433,
    "GSX": 0.14402742930904266,
    "MNMT": 0.14318138858025242,
    "STG": 0.14191673994252116,
    "LAIX": 0.14119844345102078,
    "SIBE": 0.14072358633275767,
    "TIGE": 0.1406743650982944,
    "AFYA": 0.13643883033927395,
    "REDU": 0.13320741205813807,
    "LINC": 0.1327349902386347,
    "NEW": 0.13258785776036439,
    "CCHZ": 0.13095009785189954,
    "NAUH": 0.13078680666941986,
    "YQ": 0.13041299250060112,
    "CHGG": 0.129867705669141,
    "RFLFF": 0.12776845905826922,
    "RFLFY": 0.12776845905826922,
    "YDUQY": 0.1228614307666726,
    "EXDW": 0.12274496552903161,
    "LTRE": 0.12152256398074249,
    "APEI": 0.12151589509324782,
    "BEDU": 0.11906128900506754,
    "VTRU": 0.11902693250023778,
    "EDMCQ": 0.11790902596758177,
    "LEAI": 0.11687876427190406,
    "CLCN": 0.116420025870905,
    "COUR": 0.11320905383689948,
    "EEIQ": 0.11253356105136056,
    "VRED": 0.10962487421847623,
    "COE": 0.10470986606906739,
    "AACG": 0.10435342765995051,
    "LXEH": 0.09916057542146207,
    "UTI": 0.09811952214317946,
    "FHS": 0.09763695306552099,
    "IH": 0.09734511234556059,
    "METX": 0.09638116409826429,
    "EVCI": 0.09303849117751824,
    "ONE": 0.09241076582372977,
    "GPX": 0.089717747113503,
    "GPLA": 0.08589012001531715
}