{
    "CAAP": 1.0000000000000002,
    "ANNSF": 0.25700779274796787,
    "ASR": 0.2555586215484737,
    "AIPUY": 0.2533305378845284,
    "APTPF": 0.2533305378845284,
    "PAC": 0.21581835896295762,
    "OMAB": 0.20293856493033646,
    "FPRUY": 0.18488301618057784,
    "AEOXF": 0.18198819056331525,
    "ARRPY": 0.18198819056331525,
    "JTTRY": 0.16777589706693838,
    "HMCTF": 0.15328610494113598,
    "AAWW": 0.14058594626308635,
    "BJCHY": 0.13917616674428607,
    "BJCHF": 0.1389420343558132,
    "SKAS": 0.12972761186208728,
    "SPASF": 0.1272664235786726,
    "SYDDF": 0.12341039214649194,
    "ACKDF": 0.12205963050994545,
    "AUKNY": 0.12205963050994545,
    "EENNF": 0.11622482539271962,
    "SASDY": 0.11241879233241826,
    "BBAVF": 0.11054757385956414,
    "BBAVY": 0.11054757385956414,
    "FNNNF": 0.10774421559259195,
    "ASLE": 0.10515677106678509,
    "CHHCF": 0.09729833748407656,
    "AER": 0.09341663290890453,
    "MIC": 0.08215443555754616,
    "PJET": 0.07947534194054436,
    "JETR": 0.07122862274230198
}