{
    "EENNF": 1.0,
    "AAWW": 0.33773769531866155,
    "SPASF": 0.3197808415177121,
    "AEOXF": 0.31890932762275254,
    "ARRPY": 0.31890932762275254,
    "ASLE": 0.2933923969148265,
    "OMAB": 0.28194946719993014,
    "PJET": 0.2786276903612025,
    "JTTRY": 0.27378455478900804,
    "AER": 0.2700254947945645,
    "FPRUY": 0.2693485508562564,
    "SYDDF": 0.25656915911855344,
    "ACKDF": 0.2549341781003757,
    "AUKNY": 0.2549341781003757,
    "BJCHY": 0.2495568535002226,
    "BJCHF": 0.24913703059852468,
    "BBAVF": 0.24776105450464092,
    "BBAVY": 0.24776105450464092,
    "SKAS": 0.23592771413132554,
    "ANNSF": 0.23143322856117024,
    "SASDY": 0.2216757957262267,
    "ASR": 0.21980330830226832,
    "CHHCF": 0.21219917217213874,
    "HMCTF": 0.21024198920524714,
    "AIPUY": 0.18720002540398695,
    "APTPF": 0.18720002540398695,
    "MIC": 0.18415617176373325,
    "FNNNF": 0.15827717888701623,
    "CAAP": 0.11622482539271962,
    "PAC": 0.10291851452893727,
    "JETR": 0.1022966041965544
}