{
    "JETR": 1.0000000000000002,
    "PJET": 0.25517315849320416,
    "SKAS": 0.2244850968465307,
    "CHHCF": 0.19777270562556706,
    "MIC": 0.15095289804751294,
    "ACKDF": 0.14640932099747536,
    "AUKNY": 0.14640932099747536,
    "AAWW": 0.14606610384393456,
    "ASR": 0.11208166806848248,
    "JTTRY": 0.10638054854826126,
    "SYDDF": 0.1058401608738885,
    "ANNSF": 0.10357803916309385,
    "EENNF": 0.1022966041965544,
    "AEOXF": 0.09821355576429416,
    "ARRPY": 0.09821355576429416,
    "BJCHY": 0.09642659973374536,
    "BJCHF": 0.09626438381247014,
    "AIPUY": 0.0959396834610644,
    "APTPF": 0.0959396834610644,
    "HMCTF": 0.0957201696104051,
    "OMAB": 0.09180747089172239,
    "SPASF": 0.09145836147453593,
    "SASDY": 0.08879054329931772,
    "AER": 0.08547746582206632,
    "FNNNF": 0.08227856262379561,
    "FPRUY": 0.08176800680341459,
    "BBAVF": 0.07818497006853381,
    "BBAVY": 0.07818497006853381,
    "CAAP": 0.07122862274230198,
    "ASLE": 0.06684305878531058,
    "PAC": 0.05780339302310948
}