{
    "ID": 1.0,
    "PRTS": 0.47529932880198134,
    "IMBI": 0.21500228805879096,
    "JD": 0.2130618739895977,
    "JDCMF": 0.2130618739895977,
    "VIPS": 0.20813911892183518,
    "OSTBP": 0.19120762617095768,
    "OSTK": 0.19120762617095768,
    "OSTKO": 0.19120762617095768,
    "BRAV": 0.18278965849625403,
    "LQDT": 0.16784310072122022,
    "MOGU": 0.1595569253829093,
    "BABA": 0.15952227102108926,
    "BABAF": 0.15952227102108926,
    "QRTEA": 0.15584355391860408,
    "QRTEB": 0.15584355391860408,
    "QRTEP": 0.15584355391860408,
    "LITB": 0.15392095080733556,
    "PXHI": 0.15208800943510867,
    "CPNG": 0.14908854472427732,
    "BGRP": 0.14879342825217673,
    "AMZN": 0.14590359544963763,
    "RSTN": 0.14458031361566692,
    "BTOOY": 0.14286778469516564,
    "OZON": 0.13477758177630564,
    "TDUP": 0.13281963201690503,
    "BZUN": 0.12929234553382743,
    "FDIT": 0.128887385788277,
    "TIPS": 0.12808534378152084,
    "JRJRQ": 0.1255428452422698,
    "ANAV": 0.12180602183773111,
    "ZLNDY": 0.1213489650482579,
    "JETKD": 0.12062526353987171,
    "JETKY": 0.12062526353987171,
    "TKAYF": 0.12062526353987171,
    "TKAYY": 0.12062526353987171,
    "FTCH": 0.12025150528506733,
    "RBZHF": 0.1198027542492511,
    "EBAY": 0.11910709801027239,
    "POSH": 0.11848825992373471,
    "SATLF": 0.11681065685796241,
    "SRTTY": 0.11681065685796241,
    "PDD": 0.11599112081581499,
    "MOHO": 0.11474452741284734,
    "GBPT": 0.11447430086895666,
    "SECO": 0.11304628459355853,
    "NHTC": 0.11271492006734223,
    "ASOMY": 0.11193063627795287,
    "KTYCF": 0.11135706887094715,
    "MCARY": 0.1107478683810514,
    "MRCIF": 0.1107478683810514,
    "ENAB": 0.11007778395675058,
    "HJGP": 0.10960627568059718,
    "YJ": 0.10922398229926614,
    "RVLV": 0.10868768796347889,
    "AASL": 0.1085440089384703,
    "RDBBF": 0.10767640032547146,
    "RDBBY": 0.10767640032547146,
    "PLTXF": 0.10749382702456249,
    "JWEL": 0.10512536493029163,
    "GOED": 0.10009164918298859,
    "MPNGF": 0.09983359112000106,
    "MPNGY": 0.09983359112000106,
    "NXTTF": 0.09960950118350703,
    "CHWY": 0.09702601594389247,
    "NEXCF": 0.09466341813895955,
    "OCG": 0.09451722962235523,
    "BABL": 0.09403547201371656,
    "JMIA": 0.09357500940214236,
    "ADBGF": 0.09171928098508858,
    "ETSY": 0.09010667466489489,
    "APRN": 0.08643010098167055,
    "HX": 0.0825440175304529,
    "TKAT": 0.08170592640698993,
    "MELI": 0.08120955475428154,
    "YAHOF": 0.08036156349327891,
    "YAHOY": 0.08036156349327891,
    "W": 0.08016454234859963,
    "BHOOY": 0.08006486918531396,
    "SFT": 0.07867537262963042,
    "HKTVY": 0.07278168384039106,
    "AHAHF": 0.07160619907336722,
    "DADA": 0.06982911938342361,
    "CNVAF": 0.0688825830336083,
    "WISH": 0.06698699371549455,
    "DROOF": 0.06469955094821253,
    "CVNA": 0.06213119800449862,
    "BCNN": 0.056423990969642346,
    "YUKA": 0.05488688056619315,
    "CBDD": 0.05138354261905263,
    "HSCC": 0.04941178085614101,
    "RKUNF": 0.047660751483212985,
    "RKUNY": 0.047660751483212985,
    "DLVHF": 0.046057217168071346,
    "SNHO": 0.04188779052537866,
    "YUMSF": 0.03913963516282085,
    "GLHD": 0.038279143780233074
}