{
    "DORM": 1.0000000000000002,
    "MGA": 0.37119052457634605,
    "MTOR": 0.36073446618796884,
    "LKQ": 0.35864596214294703,
    "SMP": 0.3521221155804946,
    "DNZOF": 0.3463335897244888,
    "DNZOY": 0.3463335897244888,
    "BWA": 0.3380432289556108,
    "CTTAF": 0.3374186221167368,
    "CTTAY": 0.3374186221167368,
    "CVGI": 0.32972928910839194,
    "PLNTQ": 0.3262359032262394,
    "MPAA": 0.32540473183869,
    "MRETF": 0.3219137697417883,
    "GMPUF": 0.31634792989413796,
    "BRDCF": 0.30396539145500634,
    "BRDCY": 0.30396539145500634,
    "LIMAF": 0.29898948806335046,
    "VLEEF": 0.296748215227328,
    "VLEEY": 0.296748215227328,
    "MOD": 0.29283251978063196,
    "STRT": 0.28964978076605374,
    "KGAUF": 0.2883603222401354,
    "SYPR": 0.2853194978161877,
    "UFMG": 0.285033061692199,
    "EXCOF": 0.283844666085564,
    "LEA": 0.2825293765088569,
    "KOTMF": 0.2797389739064159,
    "KOTMY": 0.2797389739064159,
    "GNTX": 0.2760096818086498,
    "HLKHF": 0.27326885129318734,
    "HLLGY": 0.27326885129318734,
    "SRI": 0.27067937587919594,
    "JTEKY": 0.2701858467861097,
    "TEN": 0.2699513912705536,
    "AXL": 0.2697068335997834,
    "PTAIF": 0.268099734286323,
    "PTAIY": 0.268099734286323,
    "CAAS": 0.26788322717622703,
    "SHLOQ": 0.2655262352212492,
    "THRM": 0.2623644253289339,
    "GT": 0.25785534544600974,
    "XPEL": 0.2578533412034293,
    "YORUF": 0.25768200758072357,
    "YORUY": 0.25768200758072357,
    "NTXVF": 0.2570174464058571,
    "DAN": 0.25623431901921234,
    "NPSKY": 0.25456743315707964,
    "MOTUY": 0.25375007709026204,
    "ASEKY": 0.25274512765563034,
    "FURCF": 0.252021853773027,
    "ENVS": 0.2512674985623145,
    "MWWC": 0.24808400743301492,
    "ARBFF": 0.248031426104185,
    "NGKSF": 0.24719703525648307,
    "NGKSY": 0.24719703525648307,
    "APTV-PA": 0.24626281783351262,
    "APTV": 0.24626281783351262,
    "HZN": 0.24272687395021683,
    "IOCJY": 0.2409018701215357,
    "ALSN": 0.23626709431063847,
    "CPS": 0.23614213372603987,
    "MNRO": 0.23379876980117895,
    "JELCF": 0.23085230783297206,
    "LEAT": 0.2254072088464883,
    "WLMTF": 0.2231397860946937,
    "SMTOF": 0.2221986134199685,
    "SMTOY": 0.2221986134199685,
    "UFAB": 0.2200443971363401,
    "KNRRY": 0.22003439517836207,
    "ADNT": 0.21922629948317857,
    "GTX": 0.21837950634473163,
    "MLR": 0.21822838392553032,
    "PLOW": 0.21677102656037966,
    "TXIC": 0.2148319512009575,
    "WPRT": 0.2146434594146609,
    "CTB": 0.2134316877656694,
    "STAEF": 0.2094901357091573,
    "SUP": 0.2081861269944713,
    "NKRKF": 0.20445448781097916,
    "NKRKY": 0.20445448781097916,
    "CXDC": 0.20226209054452965,
    "OMTK": 0.1930871863446314,
    "MBUMY": 0.19197719448000028,
    "AMGRF": 0.19131242705115284,
    "AMTY": 0.18847082989353187,
    "SVTE": 0.18427120674803837,
    "PFTI": 0.18076683412255823,
    "KNDI": 0.1801778813769782,
    "HLRD": 0.179330972282662,
    "ZXAIY": 0.17858827622836404,
    "ESWW": 0.17598311253827478,
    "VC": 0.17476561215285485,
    "CAOHF": 0.17421858855641204,
    "VOAXF": 0.17148207221346634,
    "RMO": 0.16948872529285916,
    "ALV": 0.1603113083292565,
    "NPSGY": 0.15943667924268162,
    "STCC": 0.1568491337924933,
    "AGRS": 0.15349185408650515,
    "NFGRF": 0.15333895132545017,
    "AKBIF": 0.1509580474663387,
    "HYGN": 0.14950024871571493,
    "VYDR": 0.14946248595152567,
    "AXLE": 0.14642160123095466,
    "DMTA": 0.14605012370955633,
    "ODYC": 0.14442486654397663,
    "VNE": 0.1435239178670828,
    "INVZ": 0.14167862779290136,
    "HYLN": 0.1404515923373741,
    "XL": 0.13412867712171078,
    "CDTI": 0.1316176994746932,
    "EGOC": 0.13109907484926273,
    "OPTI": 0.130424221848977,
    "FFLO": 0.12613618876958985,
    "WKSP": 0.12598016275623533,
    "FARE": 0.12512496979989338,
    "EGTK": 0.12171515749214867,
    "QS": 0.12037893826915062,
    "SNSGF": 0.1161015114821779,
    "XNGIF": 0.1155438135802374,
    "FRSX": 0.11444950398180684,
    "AFFL": 0.10687609542449553,
    "FLES": 0.1045847465384874,
    "ADOM": 0.09744595766495294,
    "ZYRX": 0.09184416727971478,
    "CMMCF": 0.09091878562592595,
    "ATCV": 0.08689517720642972,
    "FDOC": 0.08050650122947922,
    "AEVA": 0.07627095565530023,
    "ATAR": 0.07371322248534126,
    "JBZY": 0.06233812384043612,
    "SAAX": 0.05691772926603981,
    "CSHEF": 0.047403177505484125
}