{
    "EGOC": 0.9999999999999999,
    "ESWW": 0.24088743357194495,
    "VYDR": 0.20348039815909932,
    "HYGN": 0.19966686183116542,
    "SVTE": 0.18799229654294122,
    "PTAIF": 0.18368645863103994,
    "PTAIY": 0.18368645863103994,
    "TEN": 0.17781924430754975,
    "MPAA": 0.1758919821552498,
    "SNSGF": 0.175597229567388,
    "DNZOF": 0.16954851449816574,
    "DNZOY": 0.16954851449816574,
    "VLEEF": 0.1691476457460217,
    "VLEEY": 0.1691476457460217,
    "PFTI": 0.1661386701773771,
    "WPRT": 0.15958264404245762,
    "XL": 0.1580480960250713,
    "MTOR": 0.1578627034309791,
    "GT": 0.15770053498499065,
    "LEA": 0.1573716038510182,
    "MLR": 0.15680382816239796,
    "LIMAF": 0.15645318329160213,
    "ALSN": 0.1548620809587202,
    "CVGI": 0.15482418836450357,
    "CTTAF": 0.1541248094951127,
    "CTTAY": 0.1541248094951127,
    "ASEKY": 0.1513958200835722,
    "KNRRY": 0.14914440245090166,
    "ENVS": 0.14873414977342397,
    "MOD": 0.1481860351067118,
    "SYPR": 0.14640957656962453,
    "LKQ": 0.14564587218149244,
    "JTEKY": 0.14557339301187822,
    "OPTI": 0.14474402509689197,
    "WLMTF": 0.14443882680787368,
    "KGAUF": 0.14326626982955012,
    "NPSKY": 0.1425122161443353,
    "AFFL": 0.14219845328219477,
    "OMTK": 0.141950286711866,
    "VC": 0.14136458977169306,
    "FURCF": 0.13999103754668663,
    "UFMG": 0.1399852540160244,
    "ARBFF": 0.138612209576382,
    "BRDCF": 0.13858745066369724,
    "BRDCY": 0.13858745066369724,
    "ADOM": 0.13838092404621696,
    "SRI": 0.13754994140442867,
    "GTX": 0.13741841119109385,
    "DAN": 0.13654062240973816,
    "PLOW": 0.13592178446715159,
    "BWA": 0.13576929777996016,
    "FRSX": 0.13514081724286434,
    "THRM": 0.13463158008399576,
    "SMP": 0.134460886899153,
    "HLKHF": 0.13311964469191595,
    "HLLGY": 0.13311964469191595,
    "LEAT": 0.13251576702104,
    "AMTY": 0.1322789687293272,
    "RMO": 0.13168318726399894,
    "DORM": 0.13109907484926273,
    "PLNTQ": 0.1281524147379257,
    "STRT": 0.12755754091294821,
    "MOTUY": 0.1259259184089534,
    "CAAS": 0.12438150089965716,
    "GMPUF": 0.12378100415476453,
    "MGA": 0.12290002099986841,
    "MNRO": 0.12109625620053821,
    "INVZ": 0.12040988885482173,
    "HLRD": 0.1199354488883019,
    "GNTX": 0.1196254616716468,
    "ODYC": 0.11813475523850916,
    "SAAX": 0.11704187693576548,
    "FDOC": 0.11667175366918177,
    "MWWC": 0.11639557224815014,
    "CAOHF": 0.11532539707431437,
    "VOAXF": 0.11527046415959286,
    "EGTK": 0.11471947335806962,
    "ADNT": 0.11343893475275672,
    "YORUF": 0.11240709799611699,
    "YORUY": 0.11240709799611699,
    "NPSGY": 0.11187099341773875,
    "NTXVF": 0.11178625438000418,
    "KOTMF": 0.11141547480789792,
    "KOTMY": 0.11141547480789792,
    "DMTA": 0.10987310643956648,
    "WKSP": 0.109287247167801,
    "EXCOF": 0.10766929465821203,
    "KNDI": 0.10762088621998886,
    "QS": 0.1073148469393575,
    "AMGRF": 0.10687144604102326,
    "APTV-PA": 0.10663127140887031,
    "APTV": 0.10663127140887031,
    "SUP": 0.10583309916762366,
    "UFAB": 0.10551837909379057,
    "MBUMY": 0.10539478017224013,
    "SMTOF": 0.10492752177163986,
    "SMTOY": 0.10492752177163986,
    "ATAR": 0.10433456185187981,
    "TXIC": 0.1041948587828307,
    "ALV": 0.10416236127104322,
    "CPS": 0.10414252991755397,
    "STCC": 0.10356423900805378,
    "ZXAIY": 0.10346130979513293,
    "CXDC": 0.10339714818765683,
    "FARE": 0.10115467755080641,
    "MRETF": 0.09979908282835782,
    "AXL": 0.09972739177009439,
    "AGRS": 0.09971707308966471,
    "XPEL": 0.09852412235688099,
    "NFGRF": 0.0979449821427332,
    "NKRKF": 0.09758837383607116,
    "NKRKY": 0.09758837383607116,
    "CMMCF": 0.09726057626759821,
    "STAEF": 0.09684812686901863,
    "IOCJY": 0.0956034643010635,
    "HYLN": 0.09506280440916934,
    "NGKSF": 0.09349234814074711,
    "NGKSY": 0.09349234814074711,
    "JELCF": 0.08889724174094103,
    "VNE": 0.08855034760548691,
    "CTB": 0.08846646357458404,
    "CDTI": 0.08748659313599844,
    "AEVA": 0.08675443345303921,
    "HZN": 0.0848021464199113,
    "SHLOQ": 0.08410953667169282,
    "AXLE": 0.07883853746772082,
    "JBZY": 0.07740193444485544,
    "AKBIF": 0.07313600031980508,
    "ATCV": 0.07176896150778633,
    "XNGIF": 0.07046523509344288,
    "FLES": 0.0621196920437955,
    "ZYRX": 0.05877649258896906,
    "FFLO": 0.05848523009482771,
    "CSHEF": 0.03795309137046324
}