{
    "FARE": 1.0,
    "LEA": 0.1670991059674295,
    "MTOR": 0.15265010467822065,
    "GT": 0.14197414531152822,
    "VC": 0.14153999226660582,
    "PTAIF": 0.13964006308275212,
    "PTAIY": 0.13964006308275212,
    "STRT": 0.13334872978318715,
    "DNZOF": 0.13263659238277753,
    "DNZOY": 0.13263659238277753,
    "MLR": 0.13223504848855094,
    "SNSGF": 0.13214817470556953,
    "VLEEF": 0.13149306727583004,
    "VLEEY": 0.13149306727583004,
    "MPAA": 0.1294092310877456,
    "BRDCF": 0.12919017353208911,
    "BRDCY": 0.12919017353208911,
    "SRI": 0.1285892439945968,
    "LKQ": 0.12782463598065302,
    "ASEKY": 0.1270841647855807,
    "DORM": 0.12512496979989338,
    "GNTX": 0.12461182818915495,
    "CTTAF": 0.12253058407873228,
    "CTTAY": 0.12253058407873228,
    "UFMG": 0.12131864900150433,
    "GTX": 0.11916774823483449,
    "SUP": 0.11850263784275755,
    "CVGI": 0.1177321040383231,
    "MGA": 0.11760827451748009,
    "LEAT": 0.11760454021022324,
    "MOTUY": 0.11752393133125284,
    "ARBFF": 0.11706993931499272,
    "YORUF": 0.11701920992983363,
    "YORUY": 0.11701920992983363,
    "XL": 0.116607326796152,
    "FRSX": 0.11516844680439596,
    "ENVS": 0.11425768104941868,
    "KNRRY": 0.1141616087153061,
    "LIMAF": 0.11298431989319242,
    "GMPUF": 0.11230609337644526,
    "CAAS": 0.11208734981810027,
    "ALSN": 0.1118426971288185,
    "JELCF": 0.11061942073765076,
    "PFTI": 0.11058105814009996,
    "EXCOF": 0.10963696619617058,
    "THRM": 0.10848556083136623,
    "CTB": 0.10829914308105006,
    "NPSKY": 0.10818943411888482,
    "PLNTQ": 0.10800769505789311,
    "ESWW": 0.10645904259250924,
    "HLKHF": 0.10615230497935367,
    "HLLGY": 0.10615230497935367,
    "BWA": 0.10594692904485638,
    "WLMTF": 0.1059224667088661,
    "ATAR": 0.10533393178139816,
    "CAOHF": 0.10436634327899814,
    "FURCF": 0.10370795061745298,
    "MNRO": 0.10364938208888294,
    "XPEL": 0.10316055618681222,
    "INVZ": 0.10253444392650606,
    "KGAUF": 0.10253203238029208,
    "SMP": 0.1024477322084649,
    "CPS": 0.10189471108916341,
    "WPRT": 0.10167715817644953,
    "APTV-PA": 0.10154268931408382,
    "APTV": 0.10154268931408382,
    "TEN": 0.10152560257306342,
    "VYDR": 0.10141844200112525,
    "EGOC": 0.10115467755080641,
    "KOTMF": 0.10113518220576849,
    "KOTMY": 0.10113518220576849,
    "SYPR": 0.10025552468919693,
    "PLOW": 0.09849678704843268,
    "NKRKF": 0.09789708457135651,
    "NKRKY": 0.09789708457135651,
    "NTXVF": 0.09770754399286033,
    "HZN": 0.09642127215641669,
    "IOCJY": 0.09616274681432582,
    "JTEKY": 0.09600557705412478,
    "AGRS": 0.09498115559450193,
    "SVTE": 0.09428871795551402,
    "HYGN": 0.09384420749236541,
    "ADNT": 0.09161838618630398,
    "VOAXF": 0.09137308044900616,
    "RMO": 0.09127866386915977,
    "ZXAIY": 0.09113087102835306,
    "AMGRF": 0.09096469163679438,
    "MRETF": 0.09006985017792844,
    "MWWC": 0.08987135874957522,
    "DMTA": 0.08903315783023445,
    "SMTOF": 0.08898828759175098,
    "SMTOY": 0.08898828759175098,
    "MBUMY": 0.08885854749072591,
    "CXDC": 0.08842025201255793,
    "MOD": 0.08744281911559634,
    "OMTK": 0.08743288774142335,
    "EGTK": 0.08740517779643053,
    "FDOC": 0.08676461722073087,
    "UFAB": 0.08564489759527416,
    "DAN": 0.08544993848536392,
    "AFFL": 0.08542660315121745,
    "AXL": 0.08404910086637438,
    "STAEF": 0.08354886387778611,
    "NGKSF": 0.0829704165033833,
    "NGKSY": 0.0829704165033833,
    "WKSP": 0.08174185158185453,
    "HLRD": 0.08086396031619213,
    "ALV": 0.07975491904158286,
    "TXIC": 0.07890824426497765,
    "NFGRF": 0.07827516499967403,
    "ODYC": 0.07656249055933538,
    "NPSGY": 0.07600633964273876,
    "AXLE": 0.07471964701394537,
    "AMTY": 0.07423092339719842,
    "XNGIF": 0.07388832642103803,
    "KNDI": 0.07059488667519034,
    "STCC": 0.07022828786945992,
    "OPTI": 0.06944577482939546,
    "FLES": 0.06867179965396102,
    "ATCV": 0.06823191666003416,
    "HYLN": 0.06694717260065954,
    "SHLOQ": 0.06651038691407657,
    "CDTI": 0.0649175039496333,
    "VNE": 0.06404167122598867,
    "FFLO": 0.06098305022996712,
    "JBZY": 0.05881755996835085,
    "QS": 0.05734370313030578,
    "AEVA": 0.056967726402826116,
    "SAAX": 0.05629709615885522,
    "ZYRX": 0.05198004625940639,
    "ADOM": 0.05126139850549143,
    "AKBIF": 0.04644071707796266,
    "CMMCF": 0.04469218125237707,
    "CSHEF": 0.03288564006900851
}