{
    "MLR": 1.0000000000000002,
    "MOTUY": 0.276353927127427,
    "UFMG": 0.254707879931796,
    "BRDCF": 0.2507854489511625,
    "BRDCY": 0.2507854489511625,
    "XPEL": 0.24904350740297332,
    "LKQ": 0.24266170355729821,
    "MTOR": 0.23607348066422806,
    "LIMAF": 0.2356794931497465,
    "GT": 0.23180141355062578,
    "PTAIF": 0.23056267735502428,
    "PTAIY": 0.23056267735502428,
    "VLEEF": 0.22852042192303978,
    "VLEEY": 0.22852042192303978,
    "MPAA": 0.22248390636047738,
    "PFTI": 0.22166344751108183,
    "DORM": 0.21822838392553032,
    "ARBFF": 0.2163646561943411,
    "ENVS": 0.2141187886699134,
    "ALSN": 0.21364049423171022,
    "LEA": 0.21077312043154417,
    "CVGI": 0.2076086177625471,
    "CTTAF": 0.20379127218403398,
    "CTTAY": 0.20379127218403398,
    "CXDC": 0.20332309168538232,
    "SVTE": 0.20296105459137026,
    "EXCOF": 0.2019196280544933,
    "SUP": 0.20132503363928653,
    "PLNTQ": 0.19744043093066965,
    "YORUF": 0.19656322984926305,
    "YORUY": 0.19656322984926305,
    "FURCF": 0.19631283002045571,
    "AXL": 0.19607830812615373,
    "WLMTF": 0.1936812862930299,
    "GNTX": 0.19349299973379386,
    "SRI": 0.1928802753106108,
    "ADNT": 0.19037000301519025,
    "STRT": 0.18685544806531115,
    "SMP": 0.1853669084350127,
    "KOTMF": 0.18393783312511577,
    "KOTMY": 0.18393783312511577,
    "MGA": 0.18204958945646676,
    "CAAS": 0.1810139967202483,
    "HYGN": 0.18063366160072258,
    "HZN": 0.18061925001572154,
    "THRM": 0.17983581630621642,
    "BWA": 0.17968145427945514,
    "GMPUF": 0.17946572426255217,
    "LEAT": 0.17905568068850716,
    "KNRRY": 0.17619842649919548,
    "KGAUF": 0.17235511480366889,
    "CAOHF": 0.1712979956838654,
    "AMTY": 0.17079343197435526,
    "MBUMY": 0.17068113504107388,
    "PLOW": 0.170035230254199,
    "HLKHF": 0.16845935105076626,
    "HLLGY": 0.16845935105076626,
    "STAEF": 0.16816246379399874,
    "DAN": 0.16618745748517963,
    "JTEKY": 0.16563801257564453,
    "SNSGF": 0.16467615301216748,
    "ASEKY": 0.16194493199802107,
    "CTB": 0.1607937357071661,
    "NTXVF": 0.16059602160318903,
    "MOD": 0.16057860701395552,
    "NKRKF": 0.16016056294055947,
    "NKRKY": 0.16016056294055947,
    "GTX": 0.15990935058225836,
    "MWWC": 0.15983544237158318,
    "VOAXF": 0.15864937761323084,
    "DNZOF": 0.15859967950617682,
    "DNZOY": 0.15859967950617682,
    "DMTA": 0.15822771151065995,
    "WPRT": 0.1575631963873249,
    "EGOC": 0.15680382816239796,
    "SYPR": 0.15606176201731325,
    "INVZ": 0.15575929827374257,
    "MNRO": 0.15504723618031668,
    "SMTOF": 0.154288429741615,
    "SMTOY": 0.154288429741615,
    "IOCJY": 0.15425728593603913,
    "WKSP": 0.15316688589114733,
    "ZXAIY": 0.1514930688939664,
    "NGKSF": 0.1498441362622781,
    "NGKSY": 0.1498441362622781,
    "XL": 0.14961363284263268,
    "VYDR": 0.14876493416988426,
    "RMO": 0.14809347984111143,
    "NFGRF": 0.14625780386448006,
    "TXIC": 0.14542719129236836,
    "SHLOQ": 0.1444219879150087,
    "FFLO": 0.1438619631471453,
    "HLRD": 0.1438298876393958,
    "APTV-PA": 0.1432985029314803,
    "APTV": 0.1432985029314803,
    "QS": 0.14303365822777334,
    "NPSGY": 0.14201937190208358,
    "OMTK": 0.14094592490557833,
    "CPS": 0.14039119024047175,
    "AGRS": 0.14036445448848925,
    "ODYC": 0.13936918410107163,
    "NPSKY": 0.138754477813186,
    "AEVA": 0.1385767293540394,
    "AXLE": 0.1380416706010707,
    "TEN": 0.13616068201703374,
    "ESWW": 0.1345604520935637,
    "FARE": 0.13223504848855094,
    "KNDI": 0.13111410416488847,
    "VC": 0.1309360291394402,
    "JELCF": 0.12991146314053528,
    "EGTK": 0.12982086795955167,
    "MRETF": 0.12915209044536258,
    "STCC": 0.1290011032294291,
    "UFAB": 0.12789421928105668,
    "XNGIF": 0.1248447843628892,
    "AMGRF": 0.12023017157547541,
    "ALV": 0.120091532910899,
    "OPTI": 0.11998335884972162,
    "FRSX": 0.11672089257342536,
    "ADOM": 0.11671278529613362,
    "FDOC": 0.11589835663185008,
    "HYLN": 0.11297904704464706,
    "VNE": 0.1124256423801481,
    "ATCV": 0.10840591891629449,
    "ATAR": 0.10735980010271212,
    "AFFL": 0.10517185919210575,
    "CDTI": 0.10469878451274284,
    "ZYRX": 0.10397734985954259,
    "FLES": 0.0855536534906334,
    "CMMCF": 0.08219588254540153,
    "SAAX": 0.08065298972808083,
    "AKBIF": 0.07837678791088157,
    "CSHEF": 0.06501607113595644,
    "JBZY": 0.06180060823542307
}