{
    "MNRO": 1.0,
    "CTB": 0.3129349602542548,
    "NKRKF": 0.30527040562124536,
    "NKRKY": 0.30527040562124536,
    "BRDCF": 0.26287995630599165,
    "BRDCY": 0.26287995630599165,
    "GT": 0.25479966629853423,
    "DORM": 0.23379876980117895,
    "MOTUY": 0.23198758577187334,
    "YORUF": 0.22646922297145025,
    "YORUY": 0.22646922297145025,
    "MTOR": 0.22530332358838076,
    "LKQ": 0.21499404689206864,
    "SMP": 0.20955138069571083,
    "VLEEF": 0.20924676636970616,
    "VLEEY": 0.20924676636970616,
    "MPAA": 0.20774220648213618,
    "PTAIF": 0.20562842828089373,
    "PTAIY": 0.20562842828089373,
    "AMTY": 0.20522487130451567,
    "CTTAF": 0.2048559572373171,
    "CTTAY": 0.2048559572373171,
    "XPEL": 0.20240346012510768,
    "DNZOF": 0.19447870328323844,
    "DNZOY": 0.19447870328323844,
    "ALSN": 0.19257084392686466,
    "DAN": 0.18987692661113031,
    "LEA": 0.1895668955404728,
    "BWA": 0.18813603261668485,
    "ENVS": 0.1846003467618153,
    "MGA": 0.183979796449415,
    "ARBFF": 0.1790616504708095,
    "CAAS": 0.17832101430908148,
    "SYPR": 0.17769525703574163,
    "JTEKY": 0.17370207975294438,
    "PLNTQ": 0.17203272501050149,
    "STRT": 0.16845288023169058,
    "TEN": 0.16634606528109608,
    "ZXAIY": 0.16612773038500828,
    "NPSKY": 0.1659639189206984,
    "SVTE": 0.16427458316459825,
    "GNTX": 0.16388299703200443,
    "MRETF": 0.16276522767069465,
    "CVGI": 0.1620803982805037,
    "LIMAF": 0.16129422547834948,
    "UFMG": 0.1596958817478677,
    "APTV-PA": 0.15919399006271726,
    "APTV": 0.15919399006271726,
    "FFLO": 0.15822393169410887,
    "THRM": 0.15772134965369716,
    "JELCF": 0.1562181927618932,
    "AGRS": 0.156143029753241,
    "SUP": 0.1557389679457786,
    "KGAUF": 0.15529910609082911,
    "MLR": 0.15504723618031668,
    "MOD": 0.15486293252864758,
    "KNRRY": 0.15384110261928036,
    "HLKHF": 0.1530971561262367,
    "HLLGY": 0.1530971561262367,
    "SRI": 0.15241752669710948,
    "AMGRF": 0.14850221311875195,
    "NTXVF": 0.1479038389341814,
    "FURCF": 0.14746487779650633,
    "CAOHF": 0.14514934055340514,
    "GMPUF": 0.14496734634265235,
    "KOTMF": 0.14493924152375154,
    "KOTMY": 0.14493924152375154,
    "GTX": 0.14447167451579784,
    "CPS": 0.1434006542277384,
    "EXCOF": 0.14106561454386513,
    "VYDR": 0.14079074118698354,
    "LEAT": 0.1399375691127959,
    "ADNT": 0.1390106749665529,
    "AXL": 0.13797163001129334,
    "WLMTF": 0.13763508425573648,
    "WPRT": 0.13692233271639706,
    "ASEKY": 0.13600841572873634,
    "CXDC": 0.13349245208046204,
    "SMTOF": 0.13199905229872141,
    "SMTOY": 0.13199905229872141,
    "EGTK": 0.13069598143290614,
    "PLOW": 0.13060059249096204,
    "ODYC": 0.1296093617232429,
    "PFTI": 0.12791754181942572,
    "RMO": 0.12758192555575182,
    "HLRD": 0.12656259676235404,
    "DMTA": 0.12602644550682324,
    "IOCJY": 0.12518989632219454,
    "MWWC": 0.12517805009882682,
    "HYGN": 0.12407830450221186,
    "KNDI": 0.12381421403401285,
    "NGKSF": 0.12172750625866022,
    "NGKSY": 0.12172750625866022,
    "VC": 0.1216564523380457,
    "EGOC": 0.12109625620053821,
    "VOAXF": 0.12108544409771838,
    "ESWW": 0.120717010974561,
    "SHLOQ": 0.12068730292030139,
    "XL": 0.1191027595673358,
    "OPTI": 0.11891546460782002,
    "UFAB": 0.11783685829898372,
    "NFGRF": 0.11682846139577392,
    "STAEF": 0.11554646655092024,
    "MBUMY": 0.11300035978139635,
    "HZN": 0.11254250955801137,
    "FDOC": 0.11192370814394617,
    "QS": 0.11139134440411418,
    "AFFL": 0.11124999238836449,
    "ALV": 0.11068130603578993,
    "FLES": 0.11000398724967796,
    "STCC": 0.1087033435416618,
    "AKBIF": 0.10802821556958453,
    "XNGIF": 0.10733496073500767,
    "SNSGF": 0.10484657656251187,
    "TXIC": 0.10427371676298346,
    "FARE": 0.10364938208888294,
    "VNE": 0.10059268902549151,
    "AXLE": 0.10015205969626066,
    "WKSP": 0.09664769716135452,
    "NPSGY": 0.09633862616682118,
    "OMTK": 0.09451311889840289,
    "INVZ": 0.09327211300287819,
    "FRSX": 0.09056797720333351,
    "HYLN": 0.08654942390947934,
    "ATCV": 0.0837142317946009,
    "JBZY": 0.08311982804379614,
    "CDTI": 0.08069668468217739,
    "CMMCF": 0.07047508694914317,
    "ADOM": 0.06609594412126756,
    "AEVA": 0.06432164170138957,
    "ATAR": 0.0639310356902067,
    "ZYRX": 0.05849552671567011,
    "SAAX": 0.0582101682960231,
    "CSHEF": 0.04093229249952096
}