{
    "MRETF": 1.0,
    "LIMAF": 0.3648039984563564,
    "CPS": 0.35424169988960963,
    "DORM": 0.3219137697417883,
    "MGA": 0.308696234146198,
    "SMP": 0.2874183451768993,
    "LKQ": 0.28640630498824016,
    "CVGI": 0.27790594901399907,
    "MTOR": 0.2704651616771239,
    "PLNTQ": 0.2668825696770406,
    "EXCOF": 0.2559263063246926,
    "DNZOF": 0.24912843228919046,
    "DNZOY": 0.24912843228919046,
    "SHLOQ": 0.24144622672549845,
    "MOD": 0.23826244469237656,
    "TEN": 0.23107809812904104,
    "BWA": 0.23037186632579756,
    "MPAA": 0.22955314633519408,
    "GMPUF": 0.2238395150737221,
    "AXL": 0.22383037101838932,
    "ENVS": 0.22338953994678765,
    "IOCJY": 0.21960010776687428,
    "VLEEF": 0.21822125564439232,
    "VLEEY": 0.21822125564439232,
    "CTTAF": 0.21629939782994562,
    "CTTAY": 0.21629939782994562,
    "LEA": 0.21241794851643142,
    "CAAS": 0.21070720067841187,
    "NTXVF": 0.21006318404600907,
    "DAN": 0.2092448667543585,
    "YORUF": 0.20724816973411464,
    "YORUY": 0.20724816973411464,
    "SYPR": 0.20597059901188267,
    "BRDCF": 0.20558894434466016,
    "BRDCY": 0.20558894434466016,
    "STRT": 0.2054102539186316,
    "FURCF": 0.20341972509210077,
    "JTEKY": 0.1983978402751312,
    "APTV-PA": 0.1973287580122808,
    "APTV": 0.1973287580122808,
    "KGAUF": 0.19380618303443842,
    "PTAIF": 0.19312358604792373,
    "PTAIY": 0.19312358604792373,
    "KOTMF": 0.19281660853058474,
    "KOTMY": 0.19281660853058474,
    "UFMG": 0.19137175773122442,
    "ARBFF": 0.18911728200742414,
    "NPSKY": 0.18625509783984823,
    "KNRRY": 0.18481856289905524,
    "SUP": 0.18475989149862634,
    "GNTX": 0.18258970734993973,
    "GT": 0.18173063893559652,
    "ASEKY": 0.17863627362960757,
    "RMO": 0.17807767077340045,
    "SRI": 0.1776769571140964,
    "SMTOF": 0.17593499900069653,
    "SMTOY": 0.17593499900069653,
    "MWWC": 0.1749743797902328,
    "HLKHF": 0.173664502243242,
    "HLLGY": 0.173664502243242,
    "UFAB": 0.17261478375259992,
    "ALSN": 0.1703000269414458,
    "WPRT": 0.1694899354149899,
    "THRM": 0.16829768787483743,
    "MOTUY": 0.1672911851130156,
    "PFTI": 0.16381753037143454,
    "XPEL": 0.1628587716434368,
    "MNRO": 0.16276522767069465,
    "HZN": 0.16224664756547422,
    "DMTA": 0.16002973633432876,
    "LEAT": 0.158958286509047,
    "GTX": 0.15787617155937742,
    "WLMTF": 0.1574976881659489,
    "HLRD": 0.15531666850278458,
    "JELCF": 0.15437807333817968,
    "OPTI": 0.15426988237286812,
    "CAOHF": 0.15388054356227265,
    "ADNT": 0.15146390061137519,
    "MBUMY": 0.14701141790550767,
    "PLOW": 0.14601965633128536,
    "NGKSF": 0.14505558806299612,
    "NGKSY": 0.14505558806299612,
    "AMTY": 0.14498836433228593,
    "VYDR": 0.1443836307803452,
    "ZXAIY": 0.14007693594682105,
    "VC": 0.13912803223999512,
    "CTB": 0.13891130066542676,
    "CXDC": 0.13859354547494002,
    "STAEF": 0.13830143474110546,
    "NFGRF": 0.1358990493354411,
    "AMGRF": 0.13568061185128685,
    "ALV": 0.13482407940889718,
    "NKRKF": 0.13258409625697265,
    "NKRKY": 0.13258409625697265,
    "MLR": 0.12915209044536258,
    "KNDI": 0.12882278737412908,
    "OMTK": 0.12630430881465665,
    "TXIC": 0.12527243944929392,
    "STCC": 0.12390557145673128,
    "VOAXF": 0.11820323063276574,
    "WKSP": 0.11770050807514258,
    "NPSGY": 0.11729487310691421,
    "VNE": 0.1166846461573619,
    "HYGN": 0.11657271683856028,
    "AGRS": 0.1165634233836048,
    "HYLN": 0.11482858176965456,
    "AXLE": 0.11254347717390217,
    "ESWW": 0.10975877803162354,
    "AKBIF": 0.10845776213265822,
    "XL": 0.10370550225117789,
    "FRSX": 0.10112251446801945,
    "EGOC": 0.09979908282835782,
    "XNGIF": 0.09961723485753324,
    "ODYC": 0.0963223906776165,
    "SVTE": 0.09453703962633064,
    "QS": 0.09417500136248833,
    "CDTI": 0.09385461053595306,
    "INVZ": 0.09232083422435189,
    "FARE": 0.09006985017792844,
    "FLES": 0.08451229587248157,
    "SNSGF": 0.08394722128217542,
    "CMMCF": 0.08386465113532941,
    "EGTK": 0.07957613925667242,
    "ATCV": 0.07789540477287749,
    "FDOC": 0.07514650610738294,
    "ZYRX": 0.07400925865525819,
    "AFFL": 0.06941614001970103,
    "ADOM": 0.06890198625632558,
    "FFLO": 0.06846518386179978,
    "JBZY": 0.06559249732106504,
    "AEVA": 0.0634841628412458,
    "ATAR": 0.0526956355928587,
    "CSHEF": 0.04011249217468872,
    "SAAX": 0.03724827224678752
}