{
    "PLNTQ": 1.0,
    "SMP": 0.34137371812301126,
    "MOD": 0.3369744913496223,
    "DORM": 0.3262359032262394,
    "MTOR": 0.31178566508883737,
    "LKQ": 0.2867676601011494,
    "UFMG": 0.27680554009190095,
    "MPAA": 0.2765799265542234,
    "CVGI": 0.27200726303818523,
    "MRETF": 0.2668825696770406,
    "BWA": 0.2623163218202173,
    "ENVS": 0.259802854514866,
    "BRDCF": 0.2536632875146262,
    "BRDCY": 0.2536632875146262,
    "DNZOF": 0.24887069362413106,
    "DNZOY": 0.24887069362413106,
    "KGAUF": 0.24862522617020255,
    "PTAIF": 0.2476280483673919,
    "PTAIY": 0.2476280483673919,
    "MGA": 0.24448581072668482,
    "SUP": 0.23864530975169934,
    "THRM": 0.23669622723295394,
    "LIMAF": 0.23611493854362137,
    "CAAS": 0.2354927430577156,
    "VLEEF": 0.2332556733402436,
    "VLEEY": 0.2332556733402436,
    "STRT": 0.23100765118668798,
    "GMPUF": 0.22973310356641052,
    "TEN": 0.22772905150855055,
    "JTEKY": 0.22384636490475257,
    "YORUF": 0.2234039838276524,
    "YORUY": 0.2234039838276524,
    "KOTMF": 0.22264641093219556,
    "KOTMY": 0.22264641093219556,
    "CTTAF": 0.22111494418897448,
    "CTTAY": 0.22111494418897448,
    "SRI": 0.22058506231031644,
    "GNTX": 0.21931942319610492,
    "DAN": 0.2182901126099462,
    "EXCOF": 0.2177321952805717,
    "PFTI": 0.2160149113180747,
    "ASEKY": 0.21518248617790256,
    "ALSN": 0.21353318116116465,
    "NPSKY": 0.2119797306663886,
    "LEA": 0.2106232907625683,
    "SYPR": 0.2104234474621119,
    "HLRD": 0.20663232868828005,
    "XPEL": 0.20654306117857973,
    "HLKHF": 0.20306405608586098,
    "HLLGY": 0.20306405608586098,
    "UFAB": 0.19782407319849804,
    "MLR": 0.19744043093066965,
    "OPTI": 0.19624518547787043,
    "DMTA": 0.19620689004594755,
    "GT": 0.1959444046069249,
    "AXL": 0.19359217218961314,
    "ADNT": 0.19172827877068677,
    "WLMTF": 0.19163767002920726,
    "ARBFF": 0.1913524583732658,
    "LEAT": 0.19089304224275425,
    "FURCF": 0.19054425870070585,
    "MOTUY": 0.18993636742282877,
    "VYDR": 0.18978324060823226,
    "KNRRY": 0.18970015474637053,
    "PLOW": 0.18914937839300677,
    "NFGRF": 0.1878838015138084,
    "APTV-PA": 0.18625534347795175,
    "APTV": 0.18625534347795175,
    "IOCJY": 0.1852051922441492,
    "SMTOF": 0.18469060670186957,
    "SMTOY": 0.18469060670186957,
    "NTXVF": 0.1840248605248859,
    "GTX": 0.183228480362996,
    "NGKSF": 0.1826986607147831,
    "NGKSY": 0.1826986607147831,
    "WPRT": 0.18195929344460218,
    "CPS": 0.17988649676883908,
    "CTB": 0.17699621715056413,
    "HZN": 0.17671648422876682,
    "AMTY": 0.1766684671903042,
    "ZXAIY": 0.17439672451517996,
    "KNDI": 0.1736628935642493,
    "NKRKF": 0.1735323262856515,
    "NKRKY": 0.1735323262856515,
    "MNRO": 0.17203272501050149,
    "HYGN": 0.17179525330460022,
    "JELCF": 0.16715981476909003,
    "MWWC": 0.16631824433873293,
    "CXDC": 0.16451476277351412,
    "AMGRF": 0.16126854584228187,
    "RMO": 0.1604022271248702,
    "OMTK": 0.16011947742386184,
    "STAEF": 0.15949466576199595,
    "AGRS": 0.15620974156185932,
    "CAOHF": 0.15616418818347674,
    "TXIC": 0.15518812035123128,
    "STCC": 0.15467039093981094,
    "MBUMY": 0.1527039963579656,
    "VOAXF": 0.1503547724161517,
    "VC": 0.14952266482246357,
    "SVTE": 0.14891241074432765,
    "ESWW": 0.14637452808328097,
    "AXLE": 0.1453073793946697,
    "ALV": 0.14174195372241438,
    "WKSP": 0.14095035406894627,
    "XNGIF": 0.14027212623937832,
    "ODYC": 0.14005028782284612,
    "CMMCF": 0.1394908299695684,
    "SHLOQ": 0.13876333442389907,
    "CDTI": 0.13783338364001096,
    "NPSGY": 0.13667060066532707,
    "SNSGF": 0.13208279283965385,
    "ATCV": 0.13133150141893252,
    "EGOC": 0.1281524147379257,
    "INVZ": 0.12269558236406973,
    "VNE": 0.12114793565845468,
    "FFLO": 0.12076553401958111,
    "XL": 0.11659624197040008,
    "QS": 0.11382754446351465,
    "ZYRX": 0.10907694698400525,
    "HYLN": 0.1088511196934176,
    "FARE": 0.10800769505789311,
    "ADOM": 0.10711794958719062,
    "FRSX": 0.1045968468673708,
    "EGTK": 0.10307395775925501,
    "JBZY": 0.09577922088535488,
    "AKBIF": 0.09450105619543202,
    "AFFL": 0.0910210142922026,
    "FLES": 0.08777880571520584,
    "AEVA": 0.08532834416607692,
    "FDOC": 0.07656735534893265,
    "ATAR": 0.07273634582762604,
    "SAAX": 0.07178205034059289,
    "CSHEF": 0.053317285485189346
}