{
    "VYDR": 1.0,
    "ENVS": 0.2513330819802503,
    "OPTI": 0.23108222655279045,
    "HYGN": 0.2147318185211474,
    "ESWW": 0.2138521484635841,
    "MTOR": 0.20538381126957872,
    "EGOC": 0.20348039815909932,
    "WPRT": 0.1977523297201354,
    "TEN": 0.19223824925916977,
    "PLNTQ": 0.18978324060823226,
    "VLEEF": 0.18526322790167007,
    "VLEEY": 0.18526322790167007,
    "CVGI": 0.18301497115745158,
    "DMTA": 0.17824115946738078,
    "MGA": 0.17491878273548483,
    "CAAS": 0.1747972783711189,
    "XPEL": 0.17420869944007772,
    "STRT": 0.17359981677260936,
    "LKQ": 0.1731012986638693,
    "PTAIF": 0.17287522016005363,
    "PTAIY": 0.17287522016005363,
    "CTTAF": 0.1720982548484185,
    "CTTAY": 0.1720982548484185,
    "SUP": 0.17056727379444123,
    "LIMAF": 0.16910870290642158,
    "KGAUF": 0.1672233520851204,
    "BWA": 0.16534944076064667,
    "SMP": 0.16312495182458192,
    "NFGRF": 0.1623112927087702,
    "DNZOF": 0.16040318773100198,
    "DNZOY": 0.16040318773100198,
    "MPAA": 0.15991590235845202,
    "HYLN": 0.1595726465384324,
    "YORUF": 0.15930122213527637,
    "YORUY": 0.15930122213527637,
    "SRI": 0.15739178445959284,
    "KNRRY": 0.15651714399460365,
    "APTV-PA": 0.1562005123047669,
    "APTV": 0.1562005123047669,
    "ALSN": 0.1559035658321568,
    "ASEKY": 0.15543474625168846,
    "BRDCF": 0.1549464130210259,
    "BRDCY": 0.1549464130210259,
    "AXL": 0.15441504532332073,
    "GTX": 0.15437340137129127,
    "WLMTF": 0.15241285765532564,
    "HLKHF": 0.15228347528188702,
    "HLLGY": 0.15228347528188702,
    "RMO": 0.1516626007639581,
    "UFMG": 0.1511628527950411,
    "PFTI": 0.1504769640198614,
    "DORM": 0.14946248595152567,
    "THRM": 0.1492974055423211,
    "FURCF": 0.14911584620290003,
    "MLR": 0.14876493416988426,
    "DAN": 0.14830105023314763,
    "CMMCF": 0.14734473053372318,
    "SAAX": 0.14661238294152584,
    "ATCV": 0.14572753855998505,
    "GNTX": 0.1449535662079863,
    "MRETF": 0.1443836307803452,
    "ADNT": 0.142979407473058,
    "JBZY": 0.14185261611884134,
    "OMTK": 0.14170131503439065,
    "ARBFF": 0.1414175069388679,
    "SVTE": 0.14132257012248423,
    "MNRO": 0.14079074118698354,
    "ADOM": 0.13890583025094194,
    "LEA": 0.1379742462948932,
    "MOTUY": 0.1377578201894278,
    "AMGRF": 0.13772965508892965,
    "CAOHF": 0.136869978146197,
    "ALV": 0.1355830868249145,
    "SYPR": 0.13532650092658835,
    "GMPUF": 0.13397131051078767,
    "LEAT": 0.1338564882691382,
    "EXCOF": 0.13269366934270413,
    "NTXVF": 0.1324898098275732,
    "CPS": 0.13181894060943253,
    "KNDI": 0.130339596964629,
    "AGRS": 0.12899146382509308,
    "JTEKY": 0.12877693949425598,
    "GT": 0.127473728584838,
    "CXDC": 0.12716760947439082,
    "MBUMY": 0.1267980351951702,
    "MOD": 0.1263074605845348,
    "SNSGF": 0.12595214288722265,
    "SMTOF": 0.12427564985591107,
    "SMTOY": 0.12427564985591107,
    "XL": 0.12425390538898491,
    "STCC": 0.12366713958302279,
    "HLRD": 0.12285006261608473,
    "INVZ": 0.12185344697193051,
    "KOTMF": 0.12101090281630372,
    "KOTMY": 0.12101090281630372,
    "ODYC": 0.12094808247317024,
    "SHLOQ": 0.11950016085413571,
    "WKSP": 0.11888696350658333,
    "MWWC": 0.11817250190241899,
    "ZXAIY": 0.11640923500580778,
    "UFAB": 0.11579757495540016,
    "FRSX": 0.11535957354853327,
    "AMTY": 0.11529959500601958,
    "PLOW": 0.11479929304418185,
    "NPSKY": 0.11477643800119983,
    "TXIC": 0.11446112372641745,
    "CDTI": 0.11433867378898284,
    "VOAXF": 0.1136347017674619,
    "STAEF": 0.11362880378069573,
    "EGTK": 0.11261165230534083,
    "AXLE": 0.11194652467330779,
    "NGKSF": 0.11144226758629286,
    "NGKSY": 0.11144226758629286,
    "FDOC": 0.1094059787109519,
    "JELCF": 0.1092184751777523,
    "HZN": 0.10921057104868806,
    "NPSGY": 0.10801426767776282,
    "AFFL": 0.10795829106919867,
    "CTB": 0.10741801031480534,
    "NKRKF": 0.10553021827838927,
    "NKRKY": 0.10553021827838927,
    "VNE": 0.10245294937187865,
    "IOCJY": 0.10220981302937351,
    "FARE": 0.10141844200112525,
    "VC": 0.10126450942476496,
    "FFLO": 0.10009003361730667,
    "AEVA": 0.09630201635492042,
    "QS": 0.09526454199642118,
    "ATAR": 0.08385099934238482,
    "ZYRX": 0.08279295969340834,
    "FLES": 0.08107081413839937,
    "AKBIF": 0.06847382919141358,
    "CSHEF": 0.06838271735797505,
    "XNGIF": 0.06715408151001084
}