{
    "BRTZF": 1.0000000000000004,
    "TBVPF": 0.36572308854926827,
    "TBVPY": 0.36572308854926827,
    "DKAM": 0.30074918187989796,
    "BCCLF": 0.23835063084375616,
    "BF-A": 0.19820986205617716,
    "BF-B": 0.19820986205617716,
    "DVDCF": 0.1917067483503392,
    "WVVI": 0.18933848865273012,
    "WVVIP": 0.18933848865273012,
    "TSRYF": 0.18608870269888783,
    "TSRYY": 0.18608870269888783,
    "MMNT": 0.18002111818298755,
    "VVWT": 0.17611237276495276,
    "DEO": 0.17529816796745776,
    "DGEAF": 0.17529816796745776,
    "BVDRF": 0.17503143901549817,
    "SPPGF": 0.17477882108712495,
    "EAST": 0.15981822288064884,
    "REMYF": 0.1590576723900039,
    "REMYY": 0.1590576723900039,
    "TNYBF": 0.15859320904246704,
    "ICNB": 0.15167130525773662,
    "DKTS": 0.14765185277651988,
    "CWGL": 0.14007828927172505,
    "CBYDF": 0.13649191037199995,
    "FPWM": 0.13305710113376137,
    "DSTZF": 0.13106313177097736,
    "AWGL": 0.1298591514161391,
    "NAPA": 0.12624001627759157,
    "STZ-B": 0.12505431031761724,
    "STZ": 0.12505431031761724,
    "MJWNF": 0.12463565269274852,
    "ISWH": 0.12237010013874869,
    "PDRDF": 0.11994590320325788,
    "PDRDY": 0.11994590320325788,
    "BORNY": 0.1198147927575722,
    "SRSG": 0.11838105378424182,
    "THST": 0.11584613238692348,
    "VDKB": 0.11379649387178659,
    "SBES": 0.11205197941877296,
    "MLMN": 0.11183505931380198,
    "IFBC": 0.10966776358356353,
    "SVIN": 0.10597191521907127,
    "ETER": 0.10033555629147856,
    "WDKA": 0.0909019283439352,
    "ASCC": 0.07594364305458018,
    "RSAUD": 0.0728953488709472,
    "TGRR": 0.07040687316576383
}