{
    "TGRR": 1.0000000000000002,
    "TNYBF": 0.16182476763990106,
    "SBES": 0.15753185409148684,
    "FPWM": 0.15430526877442302,
    "VVWT": 0.14754311261208927,
    "SRSG": 0.1472774916331134,
    "MLMN": 0.14418423541474504,
    "EAST": 0.1426068879536357,
    "ISWH": 0.13474620421777928,
    "NAPA": 0.13053040081106027,
    "DKAM": 0.12889291454431168,
    "CWGL": 0.11200425827391848,
    "AWGL": 0.11152602514876661,
    "VDKB": 0.10642465155400976,
    "DKTS": 0.10337162844273821,
    "BCCLF": 0.10303772129379155,
    "MJWNF": 0.10045838717793122,
    "THST": 0.09672574526916555,
    "MMNT": 0.09628474338035835,
    "ICNB": 0.09622578379282007,
    "BVDRF": 0.09471736032779687,
    "TBVPF": 0.09436181063884515,
    "TBVPY": 0.09436181063884515,
    "CBYDF": 0.08910235181113932,
    "SVIN": 0.08531869404371589,
    "ASCC": 0.08167446723798678,
    "WVVI": 0.08055761479504107,
    "WVVIP": 0.08055761479504107,
    "TSRYF": 0.07861888386640573,
    "TSRYY": 0.07861888386640573,
    "DEO": 0.07592573541784019,
    "DGEAF": 0.07592573541784019,
    "WDKA": 0.07590531465841463,
    "STZ-B": 0.074123548441732,
    "STZ": 0.074123548441732,
    "BRTZF": 0.07040687316576383,
    "SPPGF": 0.0693184956605457,
    "DVDCF": 0.0663656911383791,
    "BF-A": 0.06613768575156795,
    "BF-B": 0.06613768575156795,
    "DSTZF": 0.06418080334922965,
    "RSAUD": 0.06412223879747686,
    "ETER": 0.06041768479685567,
    "BORNY": 0.059921236757528966,
    "REMYF": 0.05696011675641741,
    "REMYY": 0.05696011675641741,
    "PDRDF": 0.05413149143614462,
    "PDRDY": 0.05413149143614462,
    "IFBC": 0.03652603690688306
}