{
    "ARMK": 1.0,
    "CMPGF": 0.4254497479265029,
    "CMPGY": 0.4254497479265029,
    "GAMN": 0.3534979778531909,
    "ABDR": 0.3412048531531406,
    "CHIF": 0.27911894419491373,
    "LUB": 0.2513643944758991,
    "RFGPF": 0.22767485741756147,
    "STKS": 0.22732313481965175,
    "RAVE": 0.2232965158452008,
    "CORG": 0.21025518325480552,
    "BH-A": 0.20948398702270107,
    "BH": 0.20948398702270107,
    "XIAXF": 0.20601536930218023,
    "DIN": 0.19990988208944985,
    "ATGSF": 0.19666038796204066,
    "ATGSY": 0.19666038796204066,
    "MARZF": 0.18622360429226914,
    "KITL": 0.18493450867291458,
    "HDALF": 0.1735001584067436,
    "PLAY": 0.1728093981709382,
    "ARKR": 0.16939966099182843,
    "CNNE": 0.16931063828232024,
    "SBUX": 0.16222561437119423,
    "COFE": 0.15432442930144544,
    "RSTRF": 0.1498253076119793,
    "BLMN": 0.14778461943868204,
    "BBQ": 0.1476138561007045,
    "LKNCY": 0.14752672201401137,
    "RCPUF": 0.14542088488656651,
    "DPZ": 0.14394274634543283,
    "RRGB": 0.14328854810221325,
    "JBFCF": 0.14268450604296826,
    "JBFCY": 0.14268450604296826,
    "NATH": 0.14109694547631485,
    "GCFB": 0.13608956244486195,
    "QSR": 0.13561301010058707,
    "CZNI": 0.13494044840179797,
    "RLLY": 0.13381822714224792,
    "PZZA": 0.1337959243126754,
    "EAT": 0.13320469338143928,
    "GMPR": 0.13292896204675592,
    "DBUB": 0.1323404023193789,
    "MBPFF": 0.13110467332086545,
    "NDLS": 0.1296186782496031,
    "MCD": 0.12939189908311602,
    "BDVB": 0.12878602964617125,
    "JDWPY": 0.12815340911674705,
    "YUMC": 0.12793535665184227,
    "CAKE": 0.12645076378571507,
    "NROM": 0.12596330563613464,
    "WING": 0.1257904378445603,
    "RICK": 0.11992082150490119,
    "ALSSF": 0.11880035251473797,
    "BDL": 0.11604904655741854,
    "WEN": 0.11590046141348559,
    "TXRH": 0.11338909809633552,
    "CHUY": 0.11314539594660318,
    "AMHG": 0.11300521049876143,
    "GRIL": 0.11179444435799167,
    "WTBCF": 0.10857837484945347,
    "WTBDY": 0.10857837484945347,
    "BJRI": 0.1079344711572053,
    "YUM": 0.10754916091316936,
    "RUTH": 0.10749115492400643,
    "BFI": 0.10643283196943612,
    "SCFFF": 0.103627309460006,
    "DRI": 0.1030135942208651,
    "BWTL": 0.10157858068142095,
    "ICTPU": 0.10138572526150433,
    "BBUCQ": 0.1009719473871536,
    "GTEH": 0.09989918011266788,
    "PBPB": 0.09965314909799157,
    "SIRZF": 0.09910204272397052,
    "RIBS": 0.09673008212641654,
    "HLFFF": 0.09599940490759369,
    "WNW": 0.09568209238071418,
    "JACK": 0.09472280631871743,
    "GIGL": 0.09401474112346833,
    "ARCO": 0.09385559964618098,
    "GTIM": 0.09113675470786436,
    "FRHHF": 0.09091961825887192,
    "FRGI": 0.0903781784869653,
    "TAST": 0.09035444776548279,
    "DMZPY": 0.08955518949622275,
    "DPZUF": 0.08955518949622275,
    "CBRL": 0.0891341100757971,
    "WHCA": 0.08897778499892914,
    "JAX": 0.08897212212843736,
    "GGLT": 0.0878732481612139,
    "PDIV": 0.08782423760160525,
    "DENN": 0.08754624489935933,
    "DLII": 0.08712237065853233,
    "FAT": 0.08647481208926909,
    "FATBP": 0.08647481208926909,
    "DPUKY": 0.08576084990346323,
    "KRIUF": 0.08494909802101389,
    "MHGU": 0.08255789002718511,
    "TACO": 0.0818508580765374,
    "CMG": 0.08139490666851282,
    "LOCO": 0.07793908179647374,
    "SWRL": 0.07608320361185437,
    "ZAAG": 0.07467571349457311,
    "GRLT": 0.07441079889087338,
    "RTBRF": 0.07111882027477481,
    "MYT": 0.06952192732833942,
    "PZRIF": 0.06874805283489248,
    "SHAK": 0.06686175400356176,
    "WCVC": 0.05896346700361611,
    "STRZ": 0.057977529966378866,
    "MDNDF": 0.056569031065692846,
    "KONAQ": 0.051065799360939294,
    "KRUS": 0.046993538417031376,
    "BLUU": 0.04642326577944916,
    "CBHR": 0.03648269953866401,
    "FBGI": 0.030128212680002372
}