{
    "COFE": 1.0000000000000002,
    "BH-A": 0.2767276843738293,
    "BH": 0.2767276843738293,
    "KITL": 0.2500908340551558,
    "CHUY": 0.22873533675765662,
    "RFGPF": 0.21934433213585322,
    "PBPB": 0.21513651886161783,
    "SBUX": 0.21070313995065515,
    "DPZ": 0.2073140399528375,
    "JAX": 0.20290976020413032,
    "MARZF": 0.19034760850936436,
    "BBQ": 0.19033504921618194,
    "FAT": 0.18922883373822624,
    "FATBP": 0.18922883373822624,
    "MCD": 0.1869074020573852,
    "CZNI": 0.18591407965174592,
    "BDVB": 0.1823623346837202,
    "AMHG": 0.1817030823506536,
    "JBFCF": 0.17810352967740345,
    "JBFCY": 0.17810352967740345,
    "LKNCY": 0.17805412306258891,
    "RICK": 0.176753841293702,
    "WEN": 0.17573417185276796,
    "MDNDF": 0.17466001246697402,
    "JDWPY": 0.1741154577528112,
    "NATH": 0.17345284420934817,
    "LOCO": 0.17341978252424858,
    "RSTRF": 0.17196912616153778,
    "EAT": 0.17042159282970235,
    "FRHHF": 0.17009129133025816,
    "BFI": 0.16901386175162517,
    "DIN": 0.16894041962906964,
    "RLLY": 0.16310693508640298,
    "DBUB": 0.16179978771442116,
    "RUTH": 0.1609307469790234,
    "RAVE": 0.1604810628411414,
    "XIAXF": 0.15889227792924276,
    "DPUKY": 0.15883858820180322,
    "CORG": 0.15745983846555617,
    "TAST": 0.15669388805418488,
    "YUMC": 0.15622834394302634,
    "STKS": 0.15600815053558015,
    "ARMK": 0.15432442930144544,
    "GAMN": 0.15368334998001673,
    "ARKR": 0.15350683820283031,
    "YUM": 0.15265951460730928,
    "CAKE": 0.15103919389691517,
    "GIGL": 0.15003680156078797,
    "HDALF": 0.148469010457113,
    "GTEH": 0.14702535729353186,
    "HLFFF": 0.14598622927593172,
    "WING": 0.14504027759831398,
    "DRI": 0.1449119127817129,
    "BJRI": 0.14327384722934777,
    "BLMN": 0.14297378798762914,
    "PLAY": 0.14112557529875236,
    "TXRH": 0.13678708040030504,
    "MBPFF": 0.13666307560547794,
    "FBGI": 0.1343033502689911,
    "ICTPU": 0.13380337956344887,
    "ARCO": 0.1335629142152771,
    "DENN": 0.13351362963541324,
    "RCPUF": 0.13341501171995124,
    "JACK": 0.13155019741486174,
    "CMPGF": 0.13106393164739275,
    "CMPGY": 0.13106393164739275,
    "CNNE": 0.12673131637007704,
    "QSR": 0.12617727099007825,
    "RIBS": 0.1242193351925821,
    "MHGU": 0.12366025843834902,
    "KRIUF": 0.12268247766280582,
    "WHCA": 0.12253617116839607,
    "WTBCF": 0.12237329371746056,
    "WTBDY": 0.12237329371746056,
    "RRGB": 0.12234072039690747,
    "SCFFF": 0.12148636956725174,
    "LUB": 0.12075864659718319,
    "PDIV": 0.12046931145293967,
    "ALSSF": 0.11991294687857493,
    "CBRL": 0.11842744263480752,
    "TACO": 0.11806903922933039,
    "BDL": 0.11776900045792078,
    "GCFB": 0.11776330839823501,
    "GRIL": 0.11764996710661163,
    "ATGSF": 0.11503416803654129,
    "ATGSY": 0.11503416803654129,
    "ABDR": 0.11432885372164717,
    "KRUS": 0.11379585730772558,
    "PZZA": 0.11365691515332396,
    "GGLT": 0.11289715284449921,
    "SIRZF": 0.11232991690051514,
    "WNW": 0.11195133006576816,
    "GMPR": 0.11135011928215538,
    "GTIM": 0.11107721753029118,
    "NDLS": 0.11001843585434633,
    "KONAQ": 0.10313727413700263,
    "STRZ": 0.10211176402375637,
    "CMG": 0.10204062031260472,
    "FRGI": 0.10132730771571902,
    "RTBRF": 0.10126179551668814,
    "BWTL": 0.10074345018099794,
    "NROM": 0.10051574349987925,
    "DLII": 0.09610035425230452,
    "GRLT": 0.09356642964494928,
    "MYT": 0.09143177556533265,
    "CHIF": 0.08965660001713245,
    "SWRL": 0.08863256103017111,
    "WCVC": 0.0881155364069962,
    "CBHR": 0.08477818359905939,
    "BLUU": 0.08365658076878935,
    "ZAAG": 0.08281545375672003,
    "SHAK": 0.08110174152064437,
    "DMZPY": 0.07974802810144453,
    "DPZUF": 0.07974802810144453,
    "PZRIF": 0.0785477886519777,
    "BBUCQ": 0.07637213635338896
}