{
    "GTEH": 1.0,
    "ARKR": 0.22782166004036616,
    "RFGPF": 0.20488129735350125,
    "KITL": 0.16317387137539602,
    "CZNI": 0.15277372834462805,
    "COFE": 0.14702535729353186,
    "ABDR": 0.13685437981838122,
    "WCVC": 0.1305078356356425,
    "DPZ": 0.11710230840066783,
    "SBUX": 0.10952266369379349,
    "MARZF": 0.10921077305240945,
    "TAST": 0.1079863293520192,
    "LKNCY": 0.09993608153541077,
    "ARMK": 0.09989918011266788,
    "NATH": 0.09882065263890989,
    "RSTRF": 0.09595352963707272,
    "RCPUF": 0.09466455561921848,
    "BH-A": 0.0944811577947134,
    "BH": 0.0944811577947134,
    "RTBRF": 0.09114174507878185,
    "SHAK": 0.0904840538667336,
    "GAMN": 0.0886792473928132,
    "XIAXF": 0.08596082286012705,
    "JBFCF": 0.08578026604573893,
    "JBFCY": 0.08578026604573893,
    "STKS": 0.08415868840749398,
    "EAT": 0.08312634315414826,
    "DMZPY": 0.08243873833482494,
    "DPZUF": 0.08243873833482494,
    "PDIV": 0.08184980089239366,
    "DRI": 0.08098342049389741,
    "YUMC": 0.08076652334725215,
    "CHUY": 0.0798291969335174,
    "GRIL": 0.07908322426207878,
    "ALSSF": 0.0752799187840065,
    "RAVE": 0.07515835379507554,
    "HLFFF": 0.07355646054301519,
    "RICK": 0.07131786369488408,
    "AMHG": 0.06998246703035586,
    "CMPGF": 0.06843277029848169,
    "CMPGY": 0.06843277029848169,
    "GRLT": 0.06817980750028911,
    "SCFFF": 0.0677067330273457,
    "MBPFF": 0.06754746245124299,
    "BWTL": 0.06727720474274428,
    "CORG": 0.06634410665236418,
    "GMPR": 0.06613282164610008,
    "MYT": 0.06567037154580929,
    "RLLY": 0.06405039768667944,
    "SIRZF": 0.06394225489177058,
    "WNW": 0.06390981552800105,
    "ATGSF": 0.06305717543463232,
    "ATGSY": 0.06305717543463232,
    "WEN": 0.062338489173309024,
    "LOCO": 0.0622639812851395,
    "WING": 0.061746665255203836,
    "GIGL": 0.061606643530483646,
    "DIN": 0.061598374451483875,
    "MDNDF": 0.0595605757515019,
    "BBQ": 0.05931243755548608,
    "JDWPY": 0.05890425431330244,
    "PZZA": 0.057923878105923136,
    "JAX": 0.05737424329489089,
    "BBUCQ": 0.05730910032325716,
    "NDLS": 0.05725662721089355,
    "QSR": 0.05723128993165765,
    "HDALF": 0.056891518843288524,
    "KONAQ": 0.05593600776196878,
    "BDVB": 0.05388114839496243,
    "WHCA": 0.05328409768586315,
    "WTBCF": 0.05311059026370854,
    "WTBDY": 0.05311059026370854,
    "ICTPU": 0.053033068453665774,
    "PLAY": 0.052490413760339444,
    "BLMN": 0.05176075197373353,
    "CAKE": 0.051562551118163956,
    "YUM": 0.05088800091755987,
    "RRGB": 0.050207564608120044,
    "PBPB": 0.04987875070315134,
    "LUB": 0.049682938229731764,
    "ARCO": 0.049669679626578984,
    "FRGI": 0.049458091978906785,
    "CHIF": 0.04905208075310878,
    "DENN": 0.04904948605002127,
    "BDL": 0.048327470988934536,
    "DBUB": 0.0483050701044119,
    "TXRH": 0.04742834239662312,
    "GGLT": 0.04730463376403588,
    "GCFB": 0.04612464982109788,
    "RUTH": 0.045952482427597974,
    "BFI": 0.04550684659695568,
    "JACK": 0.04546562980645774,
    "KRIUF": 0.045363927094349644,
    "SWRL": 0.045308998258356076,
    "FAT": 0.04512930190951812,
    "FATBP": 0.04512930190951812,
    "MHGU": 0.045033167771691016,
    "CNNE": 0.04467386336451292,
    "GTIM": 0.044458608745614865,
    "BLUU": 0.0438045409324045,
    "STRZ": 0.043162821555036146,
    "FBGI": 0.04285707981834913,
    "MCD": 0.04140898287718592,
    "DLII": 0.04050201779129936,
    "FRHHF": 0.04000371620348887,
    "BJRI": 0.03989532802764769,
    "TACO": 0.03930392887405028,
    "CBRL": 0.03833459438871328,
    "KRUS": 0.03663726228565593,
    "DPUKY": 0.03578388298986003,
    "PZRIF": 0.034308389747977876,
    "CBHR": 0.03331666244846197,
    "RIBS": 0.0330492153439461,
    "ZAAG": 0.032275563916745006,
    "CMG": 0.029848243479503742,
    "NROM": 0.029152423892934383
}