{
    "MYT": 1.0000000000000002,
    "LKNCY": 0.23548379347703602,
    "SBUX": 0.22127856215989875,
    "XIAXF": 0.21264121918350307,
    "JBFCF": 0.1559896407052623,
    "JBFCY": 0.1559896407052623,
    "HDALF": 0.14413250889832874,
    "QSR": 0.1312378017391977,
    "BH-A": 0.11178779850252939,
    "BH": 0.11178779850252939,
    "JDWPY": 0.10785711170195546,
    "YUMC": 0.10759499663677158,
    "ICTPU": 0.10753810603343454,
    "DPZ": 0.10447286258906062,
    "EAT": 0.10327802860824395,
    "GAMN": 0.10209770055106589,
    "RCPUF": 0.10145482662199995,
    "RFGPF": 0.1007983704794134,
    "GRIL": 0.09945035966445838,
    "KITL": 0.09870849766365718,
    "DIN": 0.0983578901529721,
    "NDLS": 0.09772241203184477,
    "PBPB": 0.09734556957609383,
    "RLLY": 0.09497699194184045,
    "RSTRF": 0.09274588268258241,
    "WNW": 0.09174759072088837,
    "COFE": 0.09143177556533265,
    "CAKE": 0.09102103036203188,
    "PLAY": 0.08928309400632564,
    "BJRI": 0.08731931562617976,
    "HLFFF": 0.08710898803783573,
    "CHUY": 0.08688244924672997,
    "BLMN": 0.08479008684160329,
    "ARKR": 0.0846146561554364,
    "AMHG": 0.08375433706073758,
    "RRGB": 0.08035318750364119,
    "STKS": 0.08026498146027221,
    "JACK": 0.08020708400508478,
    "NATH": 0.07995672391934909,
    "BDL": 0.0796104097978384,
    "BDVB": 0.07777187059004635,
    "BBUCQ": 0.07741423374547006,
    "CHIF": 0.07730837760240081,
    "GCFB": 0.07681244166458612,
    "DRI": 0.07641237919674848,
    "PDIV": 0.07637456113197333,
    "DBUB": 0.07608308815389259,
    "DPUKY": 0.07598187068231362,
    "MARZF": 0.07583504244448458,
    "FRHHF": 0.07511461326610752,
    "CORG": 0.07438645780632497,
    "RAVE": 0.07283615014339263,
    "WEN": 0.07225517089577,
    "GGLT": 0.07199689662526972,
    "KONAQ": 0.07174830316015773,
    "BBQ": 0.07143129599263445,
    "NROM": 0.07117756309687127,
    "MCD": 0.07099626593373043,
    "SIRZF": 0.06979927456372706,
    "ARMK": 0.06952192732833942,
    "KRIUF": 0.06858978086386806,
    "YUM": 0.06699314924254768,
    "PZZA": 0.06692234882606064,
    "GRLT": 0.06677886499248359,
    "ATGSF": 0.06673268795312068,
    "ATGSY": 0.06673268795312068,
    "DLII": 0.06644592980745258,
    "TAST": 0.06617595302250356,
    "GTEH": 0.06567037154580929,
    "FRGI": 0.061628265559609346,
    "WCVC": 0.06146718323762937,
    "RUTH": 0.06144654814181026,
    "RICK": 0.06140864442206159,
    "ARCO": 0.06140781067056912,
    "GTIM": 0.060497187995976545,
    "MBPFF": 0.060190840742259194,
    "FBGI": 0.06013625900294817,
    "RTBRF": 0.05893405967072668,
    "CMPGF": 0.058229307733683955,
    "CMPGY": 0.058229307733683955,
    "TXRH": 0.05734211813237168,
    "CZNI": 0.05701276677807648,
    "ABDR": 0.05669427441108467,
    "WING": 0.05664796359718051,
    "GMPR": 0.05611650718931486,
    "JAX": 0.05578192282672769,
    "CBRL": 0.055162243133972576,
    "TACO": 0.054954876288526334,
    "DMZPY": 0.05432728354666072,
    "DPZUF": 0.05432728354666072,
    "BFI": 0.05407508893544039,
    "STRZ": 0.05264443968086584,
    "DENN": 0.05231887183902575,
    "WHCA": 0.05221435731861995,
    "LUB": 0.051496165289982944,
    "SCFFF": 0.05126472896138901,
    "FAT": 0.05116529790232888,
    "FATBP": 0.05116529790232888,
    "WTBCF": 0.05037814467721594,
    "WTBDY": 0.05037814467721594,
    "GIGL": 0.049005539590942004,
    "SHAK": 0.04771893841411908,
    "ALSSF": 0.0473154296636778,
    "PZRIF": 0.04676094285461713,
    "CBHR": 0.046113910810824416,
    "LOCO": 0.04340921569545213,
    "MHGU": 0.04308087032533544,
    "SWRL": 0.042768965480413035,
    "CMG": 0.042607276663767346,
    "BWTL": 0.040722505146424226,
    "RIBS": 0.04037123686203016,
    "ZAAG": 0.03982065397849167,
    "MDNDF": 0.03754618842540584,
    "BLUU": 0.0371584657091048,
    "KRUS": 0.03630090418885206,
    "CNNE": 0.02658168487152949
}