{
    "AGYS": 1.0000000000000002,
    "EBIX": 0.24612914608218217,
    "LINX": 0.24178717879006736,
    "AMSWA": 0.23759301181031806,
    "TYL": 0.23626948480530188,
    "QADA": 0.23475363868654972,
    "QADB": 0.23475363868654972,
    "KXSCF": 0.23339913837123072,
    "INLX": 0.22797413773146838,
    "MANT": 0.22736035549975409,
    "SSNC": 0.2266497385171716,
    "AKRFF": 0.22620721535096147,
    "STUO": 0.22326831900954439,
    "TCYSF": 0.22292562953608977,
    "LSPD": 0.219641251579997,
    "CREX": 0.21494466182603983,
    "QUMU": 0.21248802214934276,
    "MANH": 0.209619469212112,
    "AZPN": 0.20922262661003266,
    "MNDO": 0.20498264629355378,
    "DBD": 0.2048906302787072,
    "SNCR": 0.20336444071522072,
    "CRM": 0.20333153335602544,
    "EGAN": 0.20297876768696466,
    "ABST": 0.20226142625259472,
    "SSNT": 0.2017078174394935,
    "XELA": 0.1997197113884875,
    "XELAU": 0.1997197113884875,
    "CNWT": 0.19803995247189046,
    "COWI": 0.1941873805611379,
    "TEKCF": 0.1929742304752917,
    "SCDA": 0.19076147358479828,
    "GLOB": 0.1901407767017927,
    "MDLA": 0.1897502637698122,
    "NOW": 0.18968260779986768,
    "SMRL": 0.189321646021271,
    "WDAY": 0.1873362943400551,
    "PAR": 0.1867495974852418,
    "NPACY": 0.18571800547061967,
    "CICN": 0.18528434933363572,
    "CALX": 0.18525403935691714,
    "LPSN": 0.18522292803186027,
    "IMMR": 0.18457418826237404,
    "VCST": 0.18425848605671669,
    "SYZLF": 0.1831733039434486,
    "FICO": 0.1830341821916156,
    "GTYH": 0.1828230254887016,
    "SOFT": 0.18281802310586778,
    "CHNVF": 0.18248688962515236,
    "HSTA": 0.18182551417071746,
    "APPF": 0.18161801037418945,
    "TPPM": 0.18107051647440292,
    "PLUS": 0.18094768002160577,
    "IFBD": 0.18049823540160756,
    "SPT": 0.18049423746489196,
    "LVWD": 0.18017109159983455,
    "UPLD": 0.17951530408335659,
    "CDK": 0.17841770361959386,
    "EPAZ": 0.17767448310456488,
    "IONI": 0.17707132450027727,
    "AVEVF": 0.1768423511360827,
    "AVVYY": 0.1768423511360827,
    "SFWJ": 0.17673755728738033,
    "SPDC": 0.17661690826799953,
    "PHUN": 0.17643491559409918,
    "OMQS": 0.1763342047033381,
    "PFSF": 0.17632666390488877,
    "PMSO": 0.17604448782159507,
    "MFON": 0.1755559534362332,
    "GUESF": 0.17534767914254232,
    "GVP": 0.17486762260957697,
    "RMNI": 0.17431346863723546,
    "SPRT": 0.17422332204276716,
    "IICN": 0.1732769659109211,
    "DPSI": 0.17298876407505467,
    "DSGX": 0.1723470598885012,
    "ILATF": 0.17230227229064815,
    "ZI": 0.1722436293217775,
    "AIFS": 0.17205240110933295,
    "LGIQ": 0.17173183997035393,
    "GRWC": 0.17153141363085006,
    "CGSO": 0.17149890937644438,
    "SREV": 0.17114009082976078,
    "BSQR": 0.17112408082933953,
    "VQSLF": 0.17105861261415614,
    "VLDI": 0.1701892000797047,
    "EINF": 0.17014803049707783,
    "XFCH": 0.1694567095146612,
    "EVBG": 0.1685441435540822,
    "AVYA": 0.168066672414444,
    "NUKK": 0.16778962036770345,
    "ADVC": 0.16766097224439858,
    "XM": 0.167264019648934,
    "WCAGY": 0.16686145517663525,
    "WRCDF": 0.16686145517663525,
    "GAEX": 0.1659576550345296,
    "UBER": 0.16544989461034923,
    "PEGA": 0.1649633474104797,
    "EVOL": 0.16366308386901415,
    "DT": 0.16357889487407695,
    "SHOP": 0.1631603423101201,
    "INXSF": 0.16271588057059788,
    "GBGPF": 0.16217245444115874,
    "VERB": 0.16168595253703577,
    "HUBS": 0.16107568202467404,
    "MGIC": 0.16074518761705656,
    "OTEX": 0.16062301213888866,
    "DASTF": 0.16043951949441923,
    "DASTY": 0.16043951949441923,
    "VERX": 0.1604225556764272,
    "MODN": 0.15989236420488218,
    "DUOT": 0.1596694689956898,
    "PRGS": 0.15952927103828954,
    "PSSWF": 0.1590705531749904,
    "AGMH": 0.1589530401775371,
    "AFFN": 0.1583829143486652,
    "SSVC": 0.15828028766130392,
    "SHSP": 0.15798445349011084,
    "PTC": 0.1578725101772567,
    "ROIUF": 0.1574282727273968,
    "CVLT": 0.15712846755430643,
    "WIGBY": 0.1566475125681654,
    "WTCHF": 0.1566475125681654,
    "RPMT": 0.15660637929819665,
    "PD": 0.15622312646426506,
    "NYWKF": 0.15606856650811196,
    "JG": 0.15557400735699095,
    "ATIXF": 0.15499679231726393,
    "BCOV": 0.1545354386126077,
    "INNI": 0.15445901196808492,
    "NTWK": 0.1531528838984175,
    "IGEN": 0.1527393604778397,
    "CSOD": 0.1526153195882537,
    "RWWI": 0.15254205977146298,
    "PAYD": 0.1518806644414422,
    "PSWR": 0.15166952965649602,
    "EGHSF": 0.15166720379778303,
    "SVMK": 0.15165423917632556,
    "AWRE": 0.15163437389276377,
    "ADSK": 0.151301537475994,
    "PDFS": 0.15103615415542085,
    "ZIMCF": 0.15091439940066326,
    "ALRM": 0.1503348744919018,
    "RPD": 0.1502788569903553,
    "ADCOF": 0.14917137041738932,
    "ARHTF": 0.14909883420144368,
    "SIXD": 0.14898109307424082,
    "KGDEY": 0.14871247433009138,
    "ELCO": 0.148629757630869,
    "FSLY": 0.14841715195235994,
    "TEUM": 0.14804181585615872,
    "FSSN": 0.14790910653270636,
    "LNKG": 0.14772360261405096,
    "OBLG": 0.1477114781820104,
    "JFU": 0.1476763668022995,
    "TSRI": 0.14755464712616168,
    "CLSK": 0.1471745891491183,
    "SMSI": 0.1463113448196177,
    "ISGIF": 0.14597291790071795,
    "DDOG": 0.1459363870550812,
    "APPS": 0.14573420913946009,
    "NAHD": 0.14569835163309217,
    "NMYSF": 0.14566839500268752,
    "PAYC": 0.14554040064213877,
    "RLLMF": 0.14526178896881872,
    "HPTO": 0.14480630673747907,
    "MSTR": 0.1445524435290282,
    "ESKEF": 0.1445100074936464,
    "VCLD": 0.14420468508019632,
    "CLWD": 0.14413752899333696,
    "ITMSF": 0.14404777638854205,
    "OBTX": 0.14358727425226364,
    "MAPT": 0.1435323702811437,
    "ISGN": 0.1433085734490405,
    "INTU": 0.14304837998282274,
    "SPONF": 0.14293239295909418,
    "NATI": 0.142874813628521,
    "SNNSF": 0.14272853347526224,
    "OLO": 0.14270469456849144,
    "AHIX": 0.14269140372808037,
    "MIXT": 0.14228905979722453,
    "CDTAF": 0.14196084807791484,
    "RDVT": 0.14134006308832214,
    "GCLT": 0.14120806496992372,
    "CDNS": 0.14099995967139342,
    "MCLDF": 0.14097479166199128,
    "OLB": 0.1409589156205851,
    "MSP": 0.14085348209088067,
    "WK": 0.1404175331406558,
    "PCYG": 0.1402986718617883,
    "IFAN": 0.1402439067697124,
    "U": 0.1399945216887047,
    "INTZ": 0.1397356530763968,
    "SCTN": 0.13939062270933597,
    "TMOAF": 0.13917364570123494,
    "TMOAY": 0.13917364570123494,
    "SURG": 0.13915481250169245,
    "TTD": 0.13872689068973204,
    "DEQI": 0.1386057459548853,
    "STNE": 0.13851898285957412,
    "OBCN": 0.13825241170719238,
    "BILL": 0.13796360487936857,
    "OSSIF": 0.13755013745351996,
    "DUUO": 0.13728800249369233,
    "SEAC": 0.13722575685944507,
    "NUAN": 0.13659267144475656,
    "EXBX": 0.1363636910043649,
    "ELBSF": 0.13590738234735272,
    "PCTY": 0.13579743223198262,
    "ADGO": 0.135654488431711,
    "WEMXF": 0.13550513558410018,
    "ENV": 0.13531964111827788,
    "SEEMF": 0.13505586140882034,
    "AEYE": 0.13411995135122826,
    "DMGGF": 0.1339628804328551,
    "COUP": 0.13390542228198377,
    "ALIF": 0.13382850552013092,
    "ANSS": 0.13367788603442232,
    "OCFT": 0.1334152045520096,
    "SLVFF": 0.13333765876163445,
    "PHPYF": 0.13205010051763483,
    "PUSOF": 0.1318959288982649,
    "AVRI": 0.1317752704658015,
    "TNTRQ": 0.13176551163599917,
    "NICE": 0.13164042008113072,
    "SMAR": 0.13150518735145833,
    "TTMZF": 0.13134693264915198,
    "BRNWD": 0.13108852286781997,
    "NCNO": 0.13007139077055374,
    "ONTF": 0.12957058144802783,
    "CNSWF": 0.12952862238391857,
    "CIH": 0.12946872360694806,
    "ASAN": 0.12902753360441865,
    "ADSV": 0.1287709178031157,
    "ABXXF": 0.12802695586353796,
    "BRQS": 0.12798422574235666,
    "UTOLF": 0.1277453833261416,
    "LAZR": 0.12729077829874355,
    "FTFT": 0.12723352888300846,
    "BNFT": 0.12697425186830744,
    "BTRS": 0.12696116366492388,
    "DGTW": 0.12664193700197166,
    "ELMFF": 0.12645180040130016,
    "HLLPF": 0.12631543856781607,