{
    "AVGG": 1.0,
    "VYGVF": 0.19017467935278692,
    "INLAF": 0.17594439745507778,
    "EVBG": 0.1653198865074115,
    "CGUD": 0.1629242883820895,
    "EXBX": 0.16146400517061799,
    "PXAMF": 0.16078296721358007,
    "LIQDQ": 0.15073392462670582,
    "CNWT": 0.1504725769256614,
    "ATIW": 0.14807367866320095,
    "VCST": 0.1469150377169384,
    "SMAR": 0.14663275387738695,
    "CRM": 0.14651904502608504,
    "INXSF": 0.14412905497702155,
    "PMSO": 0.1410212296573045,
    "STTH": 0.1408497532866981,
    "STMP": 0.13948297295785983,
    "SPRT": 0.13829317559768184,
    "SSNT": 0.1376581381060926,
    "TEKCF": 0.13765496059779314,
    "IONI": 0.13747441393839394,
    "ILATF": 0.13600346864825502,
    "SPONF": 0.13525661197423933,
    "KYNS": 0.13336105435026105,
    "OLO": 0.13311921543544122,
    "LPSN": 0.13285240693102573,
    "TGHI": 0.13186639365472896,
    "SQCC": 0.13180926609006238,
    "OIDN": 0.13116863076532403,
    "UBIA": 0.13087123493821926,
    "SSTRF": 0.12923280540853055,
    "BILL": 0.12885452046800563,
    "ABQQ": 0.12822750764337665,
    "HSCNF": 0.12788204638772754,
    "AGGG": 0.12706924508457643,
    "GAEX": 0.12686374499710074,
    "BSKZF": 0.12612720125577254,
    "SMFX": 0.12583180413543654,
    "UBER": 0.12532272119220955,
    "MYIDD": 0.12472425289513193,
    "TTTSF": 0.12454912076354265,
    "GBGPF": 0.12393198822291232,
    "SNCR": 0.12333828920813196,
    "PTC": 0.12236987529182364,
    "VYON": 0.12173957172669095,
    "PSWR": 0.12164624473569435,
    "CRSM": 0.12154378077422975,
    "PRCH": 0.1215260727264899,
    "PD": 0.1210454940557766,
    "KNNNF": 0.1202388072051622,
    "OCFT": 0.11979424302519143,
    "OTEX": 0.11956337469528584,
    "OLB": 0.11954494911004622,
    "BRQS": 0.11886990340585463,
    "STUO": 0.11882988548883769,
    "AVEVF": 0.1185156208830655,
    "AVVYY": 0.1185156208830655,
    "NUKK": 0.11805416471877471,
    "CLCI": 0.11781164630298141,
    "OBLG": 0.1173606005306275,
    "AVOI": 0.11698952691952558,
    "EVOL": 0.11680318630047747,
    "ALIF": 0.11661582360531984,
    "LNKG": 0.11652186079377731,
    "DNACF": 0.11610145922482422,
    "CLRN": 0.11599520319563725,
    "ZTLLF": 0.11524692383155558,
    "EBIX": 0.11504015180325178,
    "WDLF": 0.11474067408280415,
    "SCTN": 0.1140069917098949,
    "TDCH": 0.11376821925690794,
    "NICE": 0.11342029244170677,
    "WDAY": 0.11336588307823554,
    "PHUN": 0.1128271496697504,
    "AKRFF": 0.11231098698754716,
    "SCDA": 0.11206672300135298,
    "MNDO": 0.11197209258671703,
    "AEYE": 0.11193791468716319,
    "RPMT": 0.11150221811566302,
    "SVMK": 0.11117635645539707,
    "DSNY": 0.11113599744145881,
    "AIFS": 0.11106863564193133,
    "CLGUF": 0.11071098201547414,
    "ZI": 0.11025056060550692,
    "GLPT": 0.1101266436951748,
    "TSRI": 0.109563105557092,
    "MITK": 0.10939794604137268,
    "ABST": 0.10893576973447915,
    "DUSYF": 0.10883332552344718,
    "MFON": 0.10822516361967438,
    "ARHTF": 0.10813983413279733,
    "INVU": 0.10794767287924453,
    "TMOAF": 0.10734206697352726,
    "TMOAY": 0.10734206697352726,
    "ASAN": 0.10718424775520449,
    "NYWKF": 0.10686053003020171,
    "FLXI": 0.10670875489858038,
    "APPF": 0.10620574334014786,
    "ZIMCF": 0.10565988510297342,
    "EGAN": 0.10523852613994308,
    "FDBL": 0.10477946605706388,
    "EGHSF": 0.10463465053531218,
    "SSNC": 0.10458492258871235,
    "DSP": 0.10444991700168513,
    "NCNO": 0.10429304941480688,
    "DOCU": 0.10403123656265721,
    "SHOP": 0.10392155282605552,
    "DBD": 0.10367758529621887,
    "LGIQ": 0.10360017208649014,
    "DSGX": 0.103272065163175,
    "TRIQ": 0.10319385401149678,
    "MCCX": 0.10308497200075525,
    "OMQS": 0.10272969818661992,
    "SOFT": 0.10262784219301642,
    "IFBD": 0.10224837926133303,
    "CICN": 0.10213956024108335,
    "PTOTF": 0.10189286290762137,
    "UPLD": 0.1017940918927118,
    "WSTM": 0.10169433091174541,
    "CALX": 0.10168705307295002,
    "INTZ": 0.10134301011381806,
    "RDVT": 0.10117512021019959,
    "PCTY": 0.10114615679320366,
    "YALA": 0.10089903937789449,
    "TRWRF": 0.10072720435676362,
    "NAHD": 0.10070243415629791,
    "EINF": 0.100550137342031,
    "UAMM": 0.10048024761896257,
    "MGIC": 0.10045712042953366,
    "ECOM": 0.1003936190862948,
    "PHPYF": 0.10036830454306028,
    "VLDI": 0.09982958382264091,
    "MAPT": 0.09971635374097598,
    "MRIN": 0.09942339863883912,
    "CINGF": 0.09932221828972124,
    "TEUM": 0.09929203277877009,
    "HLLPF": 0.09914842871981108,
    "ROIUF": 0.09901451540341516,
    "STNE": 0.09892986798612598,
    "SYZLF": 0.09883532702902575,
    "KARO": 0.09881073237676137,
    "PFSF": 0.09831551753150149,
    "MSTR": 0.09771909609157979,
    "TTMZF": 0.09766855703364023,
    "PALT": 0.09742053050179846,
    "MCFE": 0.09739857518367721,
    "DXAEF": 0.09728694654170154,
    "PDFS": 0.09721790991533227,
    "IMMR": 0.0970345727974605,
    "DDOG": 0.0969489739673049,
    "MYSZ": 0.09685444290568973,
    "TYL": 0.09675797057901503,
    "DOMO": 0.09671812605124373,
    "BMTX": 0.0965083174592178,
    "ISGIF": 0.09631362268449334,
    "PUSOF": 0.0960427624027267,
    "CMNT": 0.09532236594370998,
    "SANT": 0.09514300771553583,
    "DUOT": 0.09463862684095514,
    "PAYC": 0.09462635900307206,
    "TTD": 0.0946124643395051,
    "ASFT": 0.0944657532917654,
    "BNFT": 0.09441358167669657,
    "VRTC": 0.094090382294282,
    "IGEN": 0.09406333666484674,
    "SMSI": 0.09395312311199362,
    "LTDH": 0.093813757320762,
    "KGDEY": 0.0937504506481029,
    "WANSF": 0.0936730565491927,
    "PCYG": 0.09331192094033953,
    "VQSLF": 0.09310755323907713,
    "WRMA": 0.09292576577824557,
    "CREX": 0.09222702114173716,
    "DPLS": 0.09177959746112346,
    "EPAZ": 0.09177074622119145,
    "ICRD": 0.09156804151174004,
    "CVLT": 0.0914880996728401,
    "PWWBF": 0.0911709429205394,
    "BTRS": 0.09116694108842127,
    "NPACY": 0.09116293811994258,
    "NTWK": 0.09115384812008005,
    "RPD": 0.09086089556983501,
    "ONCI": 0.0908546387056986,
    "SMAA": 0.09083640302671485,
    "JG": 0.09080109234560053,
    "RBTI": 0.09059697735799595,
    "SWRM": 0.09051930560806742,
    "KGNR": 0.09021710892294572,
    "AZPN": 0.09002989191708533,
    "KC": 0.08999589498878155,
    "SRCO": 0.08990308133776502,
    "PBTS": 0.08976825020450564,
    "ARCS": 0.08974296524406732,
    "TEHG": 0.08972239868600229,
    "TNTRQ": 0.08970291593146994,
    "MJDS": 0.08962340861325589,
    "PRPM": 0.08952995807743389,
    "ITMSF": 0.08948154188632317,
    "GUESF": 0.08940269397308792,
    "ALKT": 0.08915068392718498,
    "ESKEF": 0.08910242044866759,
    "RETC": 0.08902188449486714,
    "SEEMF": 0.08896647189597806,
    "CLRI": 0.08862186673045212,
    "APP": 0.08847841531111848,
    "FCGY": 0.08833014756276909,
    "AWRE": 0.08832866360753484,
    "AMSWA": 0.0880820896640051,
    "SSVC": 0.08803458374448353,
    "RDVWF": 0.08784444008816193,
    "XFCH": 0.08783456530064314,
    "CTK": 0.08782123722167041,
    "BSQR": 0.08758927445638258,
    "DV": 0.08698430219950047,
    "TEAM": 0.08697938672693013,
    "VBIX": 0.08690276361733076,
    "QGSI": 0.08685998032340228,
    "ABXXF": 0.08681510660516699,
    "QUMU": 0.08647308912505029,
    "ATIXF": 0.08639204483259261,
    "SEAC": 0.08634145676259258,
    "WIGBY": 0.08624402659765518,
    "WTCHF": 0.08624402659765518,
    "SHSP": 0.08616212717828142,
    "JZZI": 0.08577175625212671,
    "UNEQ": 0.08569407311554555,
    "BEMGQ": 0.08542328992985655,
    "SNOW": 0.08528423782215827,
    "ALRM": 0.08527591770359641,
    "PEGA": 0.08520705423821916,
    "SOFO": 0.08506639284273243,
    "LUPGF": 0.08504689996337414,
    "FTFT": 0.08497658756197357,
    "YPPN": 0.08487714276058889,
    "INLX": 0.08482476560737054,
    "DASTF": 0.08465306511422235,
    "DASTY": 0.08465306511422235,
    "OONEF": 0.08461017684082213,
    "ISGN": 0.08447254639986519,
    "NEOM": 0.08438746543084343,
    "AGMH": 0.08438620004224487,
    "RAAS": 0.08435187336065428,