{
    "BCOV": 1.0000000000000002,
    "OBLG": 0.34966665569671096,
    "ADTM": 0.33051963207019214,
    "BSKZF": 0.32529180184892253,
    "ALRM": 0.3196967333527381,
    "QUMU": 0.3090502054320949,
    "SOFO": 0.29961781198971044,
    "MVVYF": 0.2890358925024215,
    "SEAC": 0.287107834743192,
    "VCST": 0.28114656917737435,
    "IMGI": 0.25850250080418347,
    "VBIX": 0.2558888928786583,
    "CRM": 0.2543657488965317,
    "MDLA": 0.24522515380887003,
    "PXPHF": 0.2413303871041046,
    "AVYA": 0.24086355909316387,
    "TTD": 0.22310204228944244,
    "EVBG": 0.2224493653460662,
    "KC": 0.21783249127481222,
    "SNCR": 0.21716373644266004,
    "LPSN": 0.21711120890745142,
    "EGHT": 0.21568700044868896,
    "API": 0.21162706955911328,
    "CNWT": 0.21109316884866405,
    "EGHSF": 0.21064426453129392,
    "SVMK": 0.20943306114492444,
    "XFCH": 0.2082947911766678,
    "STMDF": 0.20701104532512912,
    "STUO": 0.2032046808831942,
    "VERB": 0.20261358924007464,
    "ROIUF": 0.2020840495008594,
    "NOW": 0.20063060424213736,
    "DSNY": 0.20025341945669803,
    "PUBM": 0.19592063590189307,
    "SHSP": 0.19428697540540502,
    "FSLY": 0.1940242773214945,
    "VLDI": 0.19356450124305152,
    "ABST": 0.1924656678870739,
    "DT": 0.19070062313865188,
    "ABQQ": 0.19043281179192678,
    "SPT": 0.19026605393019352,
    "AKRFF": 0.18993972694919495,
    "INLX": 0.18990912270796043,
    "CALX": 0.18988136097728575,
    "VQSLF": 0.18888588590173164,
    "KXSCF": 0.18854712133185528,
    "MANT": 0.1884546837555011,
    "ZI": 0.1876386886351398,
    "WDAY": 0.18704015108314087,
    "EINF": 0.18698472163669994,
    "PHUN": 0.18642829209048756,
    "PEGA": 0.185299400762997,
    "LINX": 0.18339794994263967,
    "TEUM": 0.18323772388991466,
    "SMRL": 0.18263316111893335,
    "SANT": 0.1822096249539515,
    "PTC": 0.18048375248512608,
    "EGAN": 0.17900777575117813,
    "OTEX": 0.17895440302248092,
    "SYZLF": 0.1788908285754635,
    "PMSO": 0.17757391193045613,
    "TYL": 0.17745712748649506,
    "QADA": 0.1750632412255593,
    "QADB": 0.1750632412255593,
    "RPD": 0.1748234469062042,
    "DBD": 0.17478887733382806,
    "AMSWA": 0.17393151203681723,
    "DSGX": 0.17310102447942993,
    "DPSI": 0.17305700563448687,
    "CMCM": 0.1727333335720137,
    "FSSN": 0.1724267605462548,
    "OBTX": 0.17230712467662515,
    "SPONF": 0.1721514556174552,
    "MFON": 0.17214319525382943,
    "AEYE": 0.17182091753700698,
    "SSNC": 0.17161809069271164,
    "LGIQ": 0.17128297960793923,
    "SPRT": 0.17037927314181017,
    "HPTO": 0.17022444344913457,
    "HLLPF": 0.17022354558411926,
    "CREX": 0.16984238640596247,
    "MNDO": 0.16979860121268028,
    "UPLD": 0.1690557806969177,
    "IONI": 0.16876887094997106,
    "EBIX": 0.16875079023619827,
    "XM": 0.16817219254887336,
    "DASTF": 0.16703334007396617,
    "DASTY": 0.16703334007396617,
    "SNNSF": 0.1662091760892579,
    "VSMR": 0.16604272678709808,
    "ELMFF": 0.1659391136118729,
    "CLSK": 0.16564920943781256,
    "HUBS": 0.16479276341845392,
    "U": 0.16471497999068777,
    "SHOP": 0.16465534493165604,
    "ARHTF": 0.16407066259837175,
    "GLOB": 0.16385190047945136,
    "IFBD": 0.16258836215787562,
    "TTNUF": 0.1617788988231759,
    "AZPN": 0.16168426760067642,
    "SPDC": 0.16141201156447677,
    "VCLD": 0.16117226099320134,
    "SCDA": 0.1609741019495538,
    "NCNO": 0.16082485927724927,
    "SOFT": 0.1600024462978715,
    "MITK": 0.15997057935289744,
    "NYWKF": 0.15963109657638178,
    "GTYH": 0.1592191112192993,
    "MSP": 0.15911481965770966,
    "CICN": 0.15787302710464884,
    "SSNT": 0.1573383860081155,
    "ONTF": 0.1573087819487711,
    "BSQR": 0.15720404458779275,
    "RNG": 0.1567285144312736,
    "LSPD": 0.15662322467051584,
    "DEQI": 0.15638090891251535,
    "OMQS": 0.1560428266140473,
    "LICH": 0.15579344246481194,
    "EVOL": 0.15520539436870867,
    "WEMXF": 0.15507469837705712,
    "AGYS": 0.1545354386126077,
    "RAAS": 0.1538817400805581,
    "IICN": 0.15365613779251228,
    "BRQS": 0.1532594805201879,
    "GRWC": 0.15325266198917192,
    "RDVT": 0.15313511727744586,
    "MAPT": 0.1530184272702961,
    "GAEX": 0.15300087616932162,
    "COIN": 0.15289047264835726,
    "TMMI": 0.15184715363846632,
    "IMMR": 0.15172243637372254,
    "TTMZF": 0.15168992703302026,
    "NPACY": 0.1512618883258524,
    "PLUS": 0.1506793911606434,
    "MSTR": 0.15032598588992074,
    "DV": 0.15017773787034458,
    "MGIC": 0.15005471956658664,
    "TEKCF": 0.14924628039095256,
    "FLXI": 0.1492352618864816,
    "MCLDF": 0.14918530828645177,
    "SWISF": 0.148691829164271,
    "PALT": 0.1484614316218067,
    "SIXD": 0.1484219144554166,
    "ELCO": 0.1481937672794189,
    "ADCOF": 0.1477060683885015,
    "ADSK": 0.14755666312592486,
    "MAXD": 0.14754276641196426,
    "KNNNF": 0.14748701987497417,
    "EB": 0.14741872260710784,
    "CTK": 0.147243602087817,
    "RPMT": 0.14720639920845893,
    "AWRE": 0.1470906086377507,
    "NTWK": 0.14701701973516212,
    "SMAR": 0.14700240724292735,
    "MANH": 0.14697946951080954,
    "CVLT": 0.146940788866206,
    "DGTW": 0.14612727301863915,
    "RMNI": 0.14609678709762308,
    "DSP": 0.1458825507536658,
    "DUOT": 0.14570482831320267,
    "ANSS": 0.14565642896640862,
    "APPS": 0.14552162324146628,
    "ADVC": 0.14508120317185344,
    "SREV": 0.14489233114614933,
    "LVWD": 0.1445887690675479,
    "CHNVF": 0.14441594801282143,
    "JFU": 0.14413182526529122,
    "TEAM": 0.1440543460658401,
    "SMSI": 0.14383845080423596,
    "IGEN": 0.14355147477443944,
    "HSTA": 0.1435086929125318,
    "OLO": 0.14335870801068248,
    "LTDH": 0.14242713405103252,
    "NUAN": 0.1423807948991523,
    "INTU": 0.14236813401839601,
    "BILL": 0.14210819751377893,
    "PRGS": 0.1416947609798513,
    "TNTRQ": 0.14119512632786876,
    "NICE": 0.14090803134995014,
    "SURG": 0.14067765609907698,
    "PBTS": 0.1404281869126704,
    "ISGN": 0.1401971065002849,
    "AVEVF": 0.14015785371731163,
    "AVVYY": 0.14015785371731163,
    "CLWD": 0.1400401643505806,
    "COWI": 0.13958123363684202,
    "BTRS": 0.13887723254962692,
    "SSVC": 0.13860960487225205,
    "COUP": 0.13839192263997477,
    "AIFS": 0.13833305338173635,
    "ATIXF": 0.1378947088247383,
    "KGDEY": 0.1376498376605022,
    "STNE": 0.13764053580888477,
    "MCFE": 0.13755991524486388,
    "PDFS": 0.13718366205634533,
    "TGHI": 0.137130228462857,
    "NMYSF": 0.1369121510877886,
    "GVP": 0.13679757177547283,
    "CSOD": 0.13661262412948472,
    "AVOI": 0.13637993374234095,
    "TCYSF": 0.13613198394591808,
    "ECOM": 0.13558876987034713,
    "JG": 0.13550501633592277,
    "ELBSF": 0.13532115098167316,
    "PAYD": 0.13526440951008248,
    "UBER": 0.13491368851042884,
    "FICO": 0.1347073911862013,
    "PSWR": 0.13442053538527202,
    "CGSO": 0.13441017987226966,
    "EPAZ": 0.1341530397273587,
    "WK": 0.13414451711061656,
    "PFSF": 0.13394584444043095,
    "RETC": 0.13392101094622907,
    "PCYG": 0.13297502178339818,
    "OLB": 0.13230871037994077,
    "PAR": 0.1322636589817713,
    "FTFT": 0.13197353988135538,
    "ESKEF": 0.13192418358200114,
    "TSRI": 0.13180682939821392,
    "WDLF": 0.13171560559610998,
    "DDOG": 0.13135119173076582,
    "GBGPF": 0.13116079662463342,
    "MODN": 0.13115932092617436,
    "GUESF": 0.13112684387449622,
    "IBIN": 0.13107201291257614,
    "PXAMF": 0.13105761073483121,
    "WSTM": 0.1309767241208851,
    "AHIX": 0.13048235958889043,
    "RWWI": 0.1304041414845601,
    "TDCH": 0.13036572458060686,
    "HSCNF": 0.13021791945965783,
    "XELA": 0.1300883693621147,
    "XELAU": 0.1300883693621147,
    "DOCU": 0.12950270164298258,
    "RBTI": 0.1293567088746259,
    "PHPYF": 0.12915957721682975,
    "OCFT": 0.12840146556087564,
    "DNACF": 0.12831053826551905,
    "CLDR": 0.12754437773473992,
    "VERX": 0.12721450306560503,
    "TEHG": 0.12639892553798165,
    "CDK": 0.1262039575393091,
    "GCLT": 0.12610255286853242,
    "ILATF": 0.1256284409994598,