{
    "BSY": 1.0000000000000007,
    "MANT": 0.24917333924907972,
    "AZPN": 0.22679340308550713,
    "ADSK": 0.20338876559121263,
    "GSPH": 0.20222834588690472,
    "AVEVF": 0.19796870191429644,
    "AVVYY": 0.19796870191429644,
    "STUO": 0.19679769547067377,
    "DASTF": 0.19634088674465394,
    "DASTY": 0.19634088674465394,
    "AFFN": 0.18426215901003898,
    "ITMSF": 0.18218843302265608,
    "RSTAY": 0.1815667916182034,
    "TYL": 0.17964857294002348,
    "KXSCF": 0.1788366452231431,
    "DPSI": 0.1756135678895206,
    "NOW": 0.1733969879077379,
    "GVP": 0.1724054019623665,
    "EBIX": 0.17217485337442368,
    "DBD": 0.17032520051536676,
    "CRM": 0.16950089863167758,
    "SYZLF": 0.16823071971374684,
    "ANSS": 0.16659088724495558,
    "SNCR": 0.16617008211421957,
    "EGHSF": 0.16572846818371062,
    "RWWI": 0.16323793059922329,
    "AMSWA": 0.1628092503480482,
    "SSNC": 0.1623082871789982,
    "MNDO": 0.16036335494167325,
    "MGIC": 0.158999906878034,
    "ABST": 0.15654034062844702,
    "QUMU": 0.1560800715606231,
    "CALX": 0.1556122067040466,
    "MDLA": 0.15557768599922714,
    "CLSK": 0.15508209112352206,
    "LINX": 0.15410664212921993,
    "EGAN": 0.15379862612414977,
    "QADA": 0.15334416213582186,
    "QADB": 0.15334416213582186,
    "SOFT": 0.14792535719662436,
    "INLX": 0.14675644707050806,
    "CNWT": 0.146753740610223,
    "NYWKF": 0.14657811799010143,
    "BSQR": 0.14620683763504727,
    "PTC": 0.1461649001565843,
    "OTEX": 0.1457240747235274,
    "GLOB": 0.14436382910300014,
    "PSSWF": 0.1437291312353062,
    "PEGA": 0.14357400415154073,
    "CDNS": 0.14357257371948715,
    "DSGX": 0.14309041370970407,
    "CGSO": 0.13991864926082398,
    "CREX": 0.1397971918729618,
    "MIXT": 0.1396768436329148,
    "TEUM": 0.13909505306606046,
    "PAR": 0.13902640061402213,
    "AVYA": 0.13901997869607188,
    "AVRI": 0.13842151518838236,
    "CVLT": 0.13824903927483964,
    "MANH": 0.13817311422652753,
    "CICN": 0.13752100582567361,
    "IMMR": 0.13726470022558127,
    "PHUN": 0.13712607653062808,
    "DT": 0.13665167514999746,
    "OBLG": 0.13635134863250456,
    "UPLD": 0.13607734784874526,
    "DDOG": 0.13602809200703822,
    "PDFS": 0.13571772430776338,
    "IICN": 0.1357038628630974,
    "VLDI": 0.1351629291163791,
    "PRGS": 0.1351434718746611,
    "KLDI": 0.13503262910692387,
    "OCFT": 0.1344653136030349,
    "VCST": 0.13354888636212528,
    "UBER": 0.1329026570291615,
    "TSRI": 0.13280649148349072,
    "NPACY": 0.13244967570338073,
    "SPRT": 0.1317744465974275,
    "ROIUF": 0.13162822343015748,
    "SPT": 0.13119459813303172,
    "AWRE": 0.13086868918219519,
    "TCYSF": 0.13049154909863628,
    "TNTRQ": 0.12873985859842704,
    "SSVC": 0.12846156496064948,
    "VQSLF": 0.12841913041979505,
    "WDAY": 0.1281810362210998,
    "EPAZ": 0.12817889963473553,
    "OMQS": 0.12801656385106674,
    "MFON": 0.12747997501453318,
    "CDTAF": 0.1274716212793694,
    "SCDA": 0.1273452138618684,
    "WIGBY": 0.12720368343953053,
    "WTCHF": 0.12720368343953053,
    "NCNO": 0.12618931409473322,
    "SSNT": 0.12616105202655015,
    "PLUS": 0.12571779551233478,
    "LNKG": 0.12501022063683132,
    "AGYS": 0.12496598486481775,
    "AKRFF": 0.1248136297234934,
    "LPSN": 0.12460542284558396,
    "FSLY": 0.12409612259240158,
    "MAPT": 0.12396954063584975,
    "HUBS": 0.12352510817441616,
    "ZI": 0.12306386826049884,
    "EINF": 0.12278767751345139,
    "TKXHF": 0.12250220181923961,
    "SREV": 0.12135997055962755,
    "TEKCF": 0.12122577964186226,
    "TTD": 0.12051244392842787,
    "DUOT": 0.12042032029665276,
    "GBGPF": 0.1201590377528647,
    "CDK": 0.12010392770488373,
    "XELA": 0.1200978145115965,
    "XELAU": 0.1200978145115965,
    "IONI": 0.12006311034504237,
    "COIN": 0.11989724707714776,
    "MCLDF": 0.1185981607041873,
    "GRWC": 0.11829982036836813,
    "XFCH": 0.1179208757163114,
    "ADVC": 0.11788655722437527,
    "DPLS": 0.11699524443019331,
    "EVOL": 0.11677666010928796,
    "IFBD": 0.11663700037673336,
    "NATI": 0.11620966308629688,
    "MSTR": 0.11586353241696071,
    "ADGO": 0.1155039815277821,
    "GUESF": 0.11541850506839862,
    "SIXD": 0.11514652211570099,
    "TEAM": 0.11493842369801359,
    "ALIF": 0.11492312828459358,
    "RPD": 0.11466156947088975,
    "IBSS": 0.11410727979172502,
    "NICE": 0.11380113761644475,
    "EVBG": 0.11370437333262892,
    "ZIMCF": 0.11337286305304321,
    "AGMH": 0.11334573064043701,
    "RMNI": 0.11297145095012939,
    "HLTEF": 0.11267311098870174,
    "PMSO": 0.11259465755933766,
    "WK": 0.11242832285450356,
    "TMOAF": 0.11233676898062325,
    "TMOAY": 0.11233676898062325,
    "ALMFF": 0.11222559971842498,
    "ALRM": 0.11191074744800021,
    "AHIX": 0.11185538488718874,
    "ADSV": 0.11166046278369474,
    "COWI": 0.11139155630117997,
    "VERB": 0.11138238813778276,
    "OBCN": 0.11136627080719708,
    "EHVVF": 0.11130068572644783,
    "APPS": 0.11118712641846809,
    "KGDEY": 0.1110456724623186,
    "GTYH": 0.11056464416121145,
    "HPTO": 0.11040163524359087,
    "CLWD": 0.11037648034527126,
    "SURG": 0.11027324239657187,
    "NTWK": 0.11002654090875745,
    "DSP": 0.10955144868689527,
    "ESKEF": 0.10920918865030672,
    "CSOD": 0.10919487460543022,
    "ILATF": 0.10918013915731012,
    "SMAR": 0.10879840722401185,
    "HSCNF": 0.10843482780982745,
    "RDVT": 0.10838761082525784,
    "DMGGF": 0.10768095948280422,
    "PAYC": 0.10759552250433611,
    "SPONF": 0.10740434394675871,
    "DXAEF": 0.10707330116735872,
    "LVWD": 0.10685258307360088,
    "FLXI": 0.10658528510602616,
    "KNNNF": 0.10595071977861611,
    "BCOV": 0.10570104789582402,
    "CHNVF": 0.10520539676391684,
    "GAEX": 0.10500541137025637,
    "ENV": 0.10489683258263957,
    "SHOP": 0.1043299913992665,
    "U": 0.10432869148292569,
    "AEYE": 0.10412188547053602,
    "QH": 0.10411448203334703,
    "MODN": 0.1041115126882776,
    "INTU": 0.103953331468822,
    "MTLS": 0.10360869978839565,
    "FICO": 0.10358670329897454,
    "SLVFF": 0.10318078943930643,
    "LSPD": 0.10300804541275481,
    "ANY": 0.10277371547600458,
    "ARHTF": 0.10276943227051961,
    "SEAC": 0.10274425776132444,
    "MCFE": 0.10263864160970204,
    "VERX": 0.10255043964267951,
    "SVMK": 0.10253153267090814,
    "LGIQ": 0.10211592212087665,
    "ADCOF": 0.10182122986906379,
    "PBTS": 0.10174671408287154,
    "AVOI": 0.10174016100443647,
    "HSTA": 0.10152755156847633,
    "PD": 0.10132315538696013,
    "STNE": 0.10131364875253655,
    "EGHT": 0.10124898850517453,
    "ELMFF": 0.10124336981960701,
    "RPMT": 0.10117577358091952,
    "SPDC": 0.10110707030350628,
    "PXPHF": 0.10105886320617465,
    "CTXS": 0.10091340327224418,
    "JG": 0.1008973317082209,
    "RBTI": 0.10015466807707901,
    "SHSP": 0.09974675816354409,
    "ATIXF": 0.09965402086327492,
    "LGLOF": 0.09959994462929943,
    "IGEN": 0.09942935081314024,
    "DOCU": 0.09937411631930405,
    "INNI": 0.0985428901097733,
    "AELTF": 0.09837123161194779,
    "XM": 0.09824494752687529,
    "SEEMF": 0.09818014802712648,
    "COUP": 0.09812779127056269,
    "SMSI": 0.09718291758443226,
    "VCLD": 0.09702622941066456,
    "IWSY": 0.09695656785043218,
    "BILL": 0.09694007975666227,
    "BTRS": 0.09692639173536641,
    "KYNS": 0.09683581331947663,
    "PRCH": 0.09682329496421142,
    "INXSF": 0.09679140366896108,
    "WCAGY": 0.09669828633062727,
    "WRCDF": 0.09669828633062727,
    "ABXXF": 0.09640642299693968,
    "INTZ": 0.09632302729358536,
    "PCYG": 0.0960240261039674,
    "OLO": 0.0959337256696456,
    "SNNSF": 0.09585325467216439,
    "NMYSF": 0.09573710433604102,
    "PCTY": 0.09550385571104214,
    "PFSF": 0.0953920493106345,
    "WANSF": 0.09530649177757845,
    "SSTI": 0.09526702645885352,
    "MSP": 0.09519947370926528,
    "ISGN": 0.09498525326607489,
    "AIFS": 0.09495400354698232,
    "OBTX": 0.09484435988464487,
    "PRO": 0.09401354753080156,
    "ACWRF": 0.09375349372792577,
    "SFWJ": 0.09357779892991372,