{
    "CALX": 1.0000000000000002,
    "STUO": 0.30933050200547146,
    "CRM": 0.2932626525575369,
    "AVYA": 0.2602905514997841,
    "MNDO": 0.24463798777362789,
    "CNWT": 0.24413798814040227,
    "MANT": 0.24371591803207512,
    "VLDI": 0.24346571353958538,
    "ABST": 0.24119034229700256,
    "SNCR": 0.2395445105615654,
    "OTEX": 0.23909509422376485,
    "EVOL": 0.23851675184726603,
    "MFON": 0.2337504147672554,
    "LPSN": 0.23337239804290555,
    "EBIX": 0.23267128562756625,
    "SSNC": 0.23141471720693912,
    "AMSWA": 0.23036070163983086,
    "TEUM": 0.2298741030494197,
    "LINX": 0.22941622190820343,
    "PEGA": 0.22924430262443543,
    "MDLA": 0.2280051724266931,
    "EGAN": 0.22771032244330558,
    "DT": 0.22454573021552915,
    "PMSO": 0.22447355282843529,
    "DSGX": 0.22213448484824586,
    "ZI": 0.22159499754275003,
    "CVLT": 0.22019616470152967,
    "PRGS": 0.21775624186419554,
    "BSQR": 0.21771839433107143,
    "SPRT": 0.21715735084512877,
    "QUMU": 0.21588249856352706,
    "TYL": 0.2152254300701729,
    "KXSCF": 0.21426882681543524,
    "OBLG": 0.21412668287965023,
    "HPTO": 0.21377532465788918,
    "INLX": 0.21297067262163005,
    "SCDA": 0.2127501603998862,
    "AKRFF": 0.21187851264907093,
    "ROIUF": 0.21082313716574133,
    "IFBD": 0.21060094432724374,
    "KGDEY": 0.2082179959780445,
    "TNTRQ": 0.208092756966673,
    "VCST": 0.20659858115146082,
    "SHSP": 0.20491454387685573,
    "TCYSF": 0.20427863082955836,
    "DDOG": 0.20346724622708562,
    "DPSI": 0.2031798824267216,
    "VCLD": 0.2026521209868148,
    "NPACY": 0.2024888998304652,
    "SPONF": 0.20183076679244463,
    "EGHSF": 0.2009911645887196,
    "SPT": 0.2006620073252188,
    "GAEX": 0.2002581944533574,
    "AIFS": 0.20017826165779298,
    "SSNT": 0.19990645240282487,
    "ADVC": 0.19976674980612097,
    "QADA": 0.19945445025083833,
    "QADB": 0.19945445025083833,
    "UPLD": 0.19934675326891008,
    "TTD": 0.1981343166722723,
    "SYZLF": 0.19698610530394528,
    "GLOB": 0.19627145894446585,
    "TEKCF": 0.19570321304301738,
    "DBD": 0.19551524080118174,
    "PHUN": 0.1949949993412623,
    "EPAZ": 0.19494909355448792,
    "SSVC": 0.19458692772870528,
    "MSTR": 0.19421258860437726,
    "SMAR": 0.1927942627776357,
    "PAR": 0.1927114527132429,
    "RAAS": 0.19175560180749734,
    "CICN": 0.1914383328877767,
    "IICN": 0.1912806071149324,
    "TEAM": 0.19107547244906609,
    "UBER": 0.19019837842873571,
    "CREX": 0.18993751589416222,
    "BCOV": 0.18988136097728575,
    "EVBG": 0.1891630266329937,
    "JG": 0.1890562782726049,
    "WDLF": 0.18883080246508188,
    "MGIC": 0.1883798242208755,
    "NCNO": 0.18817127146613633,
    "BILL": 0.1881199056169902,
    "WHSPF": 0.18802289334689368,
    "NOW": 0.18780842616455026,
    "IMMR": 0.18764672435881016,
    "RPD": 0.18745582346494574,
    "AVEVF": 0.1874487426964092,
    "AVVYY": 0.1874487426964092,
    "IONI": 0.18723176545791215,
    "INXSF": 0.18550984613387558,
    "AGYS": 0.18525403935691714,
    "EINF": 0.1851390646386972,
    "CGSO": 0.18438935056784767,
    "OMQS": 0.18410022143333438,
    "PD": 0.18296968952663972,
    "SOFT": 0.1828341572759461,
    "ADSK": 0.18271410270620247,
    "VQSLF": 0.18250382938746845,
    "AZPN": 0.18217819841259117,
    "VERX": 0.18204312453352267,
    "AWRE": 0.18178220187700106,
    "XM": 0.18171287619748014,
    "INTZ": 0.18108977167340723,
    "XFCH": 0.18099151902323915,
    "PDFS": 0.1802840005674911,
    "FSLY": 0.18010815874610012,
    "DASTF": 0.1801006262100132,
    "DASTY": 0.1801006262100132,
    "MAPT": 0.1789585580174871,
    "COWI": 0.17879426969885795,
    "NYWKF": 0.1787928360022027,
    "ZIMCF": 0.17818377200440683,
    "GRWC": 0.17804710199975082,
    "DSP": 0.17784066654175829,
    "SVMK": 0.1764857559041643,
    "CLSK": 0.1764575342608517,
    "AFFN": 0.17620201826129198,
    "MSP": 0.1759865884258369,
    "GBGPF": 0.17588912725539635,
    "BRQS": 0.17506973435778383,
    "DUOT": 0.17471908094584696,
    "PFSF": 0.1746486767697892,
    "FICO": 0.17460143913617723,
    "MANH": 0.17411981527464307,
    "PTC": 0.17398954093475347,
    "SURG": 0.17384254517756093,
    "KC": 0.17383942101949132,
    "PLUS": 0.17361971059757356,
    "SHOP": 0.1726671944448658,
    "RDVT": 0.1724542634038647,
    "PSSWF": 0.17226802290386034,
    "IGEN": 0.1720750857013996,
    "SMSI": 0.17149019931630222,
    "NTWK": 0.1714150180724609,
    "WANSF": 0.17111471274402573,
    "APPS": 0.17042887238067245,
    "ALRM": 0.17024278219022634,
    "SEAC": 0.17003398338181488,
    "GTYH": 0.17002897267272943,
    "GVP": 0.16975332654828948,
    "MCFE": 0.16911141523772905,
    "AEYE": 0.16911017879535417,
    "HUBS": 0.16852659762411107,
    "EGHT": 0.16821617165648028,
    "NUAN": 0.16805906539726137,
    "WDAY": 0.16709186899177447,
    "DOCU": 0.16666336101330897,
    "LNKG": 0.1665081764097344,
    "SIXD": 0.1662871878482686,
    "IBEX": 0.1662735074742683,
    "ESKEF": 0.16620821401253769,
    "ATIXF": 0.16619482806924796,
    "MCLDF": 0.16600831393879792,
    "OCFT": 0.16489461520546492,
    "ABXXF": 0.16458959627833009,
    "CDTAF": 0.16448338357267353,
    "ILATF": 0.1642213153349932,
    "WEMXF": 0.16356184704786658,
    "CDK": 0.16333653702895648,
    "MITK": 0.16303265243262127,
    "CLDR": 0.162543884969445,
    "TSRI": 0.1622107391105109,
    "CSOD": 0.16209705258396562,
    "SPDC": 0.16200217960631758,
    "U": 0.1613685492062284,
    "NATI": 0.16102822201892303,
    "FLXI": 0.16096172375063988,
    "ARHTF": 0.16050022891893612,
    "FCGY": 0.16038837375993534,
    "RLLMF": 0.1599345400601449,
    "CHNVF": 0.15985050694540764,
    "ITMSF": 0.1594520622835578,
    "XELA": 0.159244045887188,
    "XELAU": 0.159244045887188,
    "VSMR": 0.15892213370532887,
    "AGMH": 0.15840863890676482,
    "IBIN": 0.15838756766934467,
    "LVNSF": 0.15834056513657188,
    "FSSN": 0.15825796219726393,
    "KNNNF": 0.1581005327512618,
    "CDNS": 0.15751502081241225,
    "SNOW": 0.1574449129260999,
    "ONTF": 0.15607049613457685,
    "PRO": 0.1558620814081276,
    "NICE": 0.1556459760710171,
    "BSY": 0.1556122067040466,
    "STNE": 0.15541066836844963,
    "PBTS": 0.15535113525068006,
    "TEHG": 0.15531361274991215,
    "LGIQ": 0.1548753773764764,
    "SNNSF": 0.15474924459886408,
    "PCTY": 0.15436000546594894,
    "RMNI": 0.15403886498404118,
    "PXAMF": 0.15398926488254883,
    "WIGBY": 0.15367103134520887,
    "WTCHF": 0.15367103134520887,
    "MODN": 0.1535763524996787,
    "PUSOF": 0.1534708888437826,
    "ENV": 0.15312590618316874,
    "KYNS": 0.15309142630568712,
    "MIXT": 0.15304412916585886,
    "WK": 0.1530285634894716,
    "OBTX": 0.1528889974774768,
    "WSTM": 0.1525970173218849,
    "PXPHF": 0.15245576008822742,
    "LSPD": 0.15198351363860382,
    "INTU": 0.15160281410904236,
    "APPF": 0.15132314450598397,
    "SCTN": 0.1503667087410738,
    "RSTAY": 0.1500160194207571,
    "HSCNF": 0.14987213918835832,
    "HSTA": 0.1497733623733568,
    "VERB": 0.1497171629094175,
    "ISGN": 0.1496496501609881,
    "AVOI": 0.1496003663729537,
    "DPLS": 0.14937201236310452,
    "DUSYF": 0.14920589550758576,
    "AHIX": 0.14909856948175684,
    "TMOAF": 0.14896893935022798,
    "TMOAY": 0.14896893935022798,
    "ELBSF": 0.1487556450106857,
    "RNG": 0.14845451784403374,
    "BNFT": 0.14841439548448052,
    "ELCO": 0.14739921841799253,
    "PAYC": 0.14722632489019707,
    "GUESF": 0.14646905987618505,
    "COUP": 0.14641895112517098,
    "CTXS": 0.1464106196442629,
    "MTLS": 0.14624585197528434,
    "PHPYF": 0.14618236332128173,
    "ANSS": 0.1460442467437331,
    "SANT": 0.14593888950584852,
    "IMGI": 0.14582484500910156,
    "CLRI": 0.14575896061987864,
    "ONCI": 0.14539964056210594,
    "OONEF": 0.1451428682279122,
    "KLDI": 0.1449598674209582,
    "PRCH": 0.1444324753411814,
    "IFAN": 0.1444036959847949,
    "SMRL": 0.14423066753254327,
    "OSSIF": 0.14402156644791364,
    "MRIN": 0.14377416239782315,
    "CLWD": 0.14338650284640694,