{
    "EHVVF": 1.0,
    "EGAN": 0.18442551533970408,
    "DASTF": 0.18339302486517375,
    "DASTY": 0.18339302486517375,
    "TYL": 0.17472671821665534,
    "MITK": 0.17393548125652603,
    "MANT": 0.17190875439169703,
    "CRM": 0.17168259671795785,
    "GBGPF": 0.17016114804918886,
    "ABST": 0.1682455772351252,
    "HSTA": 0.1647006502973039,
    "MTLS": 0.16351738171366512,
    "MFON": 0.1611379202585017,
    "QUMU": 0.1610995223646961,
    "VCST": 0.16017901102898294,
    "RDVT": 0.15978641306574853,
    "SCDA": 0.15843362374927258,
    "ROIUF": 0.15842789071358615,
    "AVYA": 0.15808049266168162,
    "INLX": 0.15801684434518512,
    "NUAN": 0.15761735184690814,
    "GTYH": 0.15654401477748667,
    "SSNC": 0.15632569893397902,
    "MDLA": 0.15611921771402898,
    "CNWT": 0.15607362670481226,
    "VQSLF": 0.15528986894525182,
    "EBIX": 0.15498428572419917,
    "VLDI": 0.15474395987020753,
    "PHUN": 0.1513598052437657,
    "SNCR": 0.15125527138438705,
    "ABXXF": 0.15041387673606021,
    "IONI": 0.15014298827835612,
    "CLCI": 0.14960048629205544,
    "SOFT": 0.14910333744857202,
    "TEUM": 0.14850343624337134,
    "CREX": 0.14813329865004457,
    "EVBG": 0.14788032185815997,
    "CHNVF": 0.14746581114452814,
    "OMQS": 0.1463899654893123,
    "IMMR": 0.14584598099680834,
    "GLOB": 0.1458427940302848,
    "OTEX": 0.1452614759262798,
    "FLXI": 0.14473662091774067,
    "ADSK": 0.14427405421613151,
    "CDTAF": 0.14415676918957018,
    "TRWRF": 0.14215650678632366,
    "ASNT": 0.1418142052143726,
    "CDK": 0.14136591583994768,
    "BEMGQ": 0.14109598993657763,
    "AVEVF": 0.14056402560588355,
    "AVVYY": 0.14056402560588355,
    "TEKCF": 0.14054865243137865,
    "ILATF": 0.1396086063431272,
    "WK": 0.13945071550084598,
    "DSGX": 0.13932924502208385,
    "DSP": 0.13889858163124036,
    "SPONF": 0.13887751569885265,
    "LPSN": 0.1387198746582655,
    "INNI": 0.13820573643782247,
    "AMSWA": 0.1372748889275341,
    "LVWD": 0.13701351033709072,
    "LINX": 0.1367649195313064,
    "TTD": 0.13610243645560552,
    "SSVC": 0.13575234562217706,
    "ARHTF": 0.13543827257290592,
    "STUO": 0.13543625269378332,
    "APPS": 0.13523231411119338,
    "PAR": 0.13520400434512153,
    "SHSP": 0.13483364227700412,
    "ADVC": 0.13482176165829057,
    "CVLT": 0.13455559042019866,
    "MGIC": 0.1344153032931548,
    "SYZLF": 0.13389977216511836,
    "CALX": 0.13383614425590237,
    "DMGGF": 0.13380088526281797,
    "FSSN": 0.13373424991375685,
    "PD": 0.13371359692784898,
    "GAEX": 0.13337658901973512,
    "PCTY": 0.13336932511482974,
    "TCYSF": 0.13292890879305377,
    "SANT": 0.13282966037852129,
    "KXSCF": 0.13243423186482564,
    "ELBSF": 0.13238503075826025,
    "HLLPF": 0.13223807644334512,
    "ALIF": 0.13208608700284113,
    "MVVYF": 0.13177482609925045,
    "AKRFF": 0.13170063042030677,
    "PDFS": 0.13169941768348245,
    "AZPN": 0.13168002309421858,
    "XFCH": 0.13160194789343826,
    "IFBD": 0.1314108413274208,
    "ITMSF": 0.13133537720705624,
    "ZICX": 0.1312466388095972,
    "INXSF": 0.13103872094670907,
    "VERB": 0.13071980385905227,
    "PRGS": 0.13064652425860893,
    "ZI": 0.13061930495032043,
    "AEYE": 0.13048334125887281,
    "PEGA": 0.13040039047618718,
    "SVMK": 0.1303118447693445,
    "IBIN": 0.12992642853393543,
    "EPAZ": 0.12987405122664242,
    "SHOP": 0.1297848279580573,
    "EGHT": 0.12974100933911611,
    "CDNS": 0.1296996211465779,
    "UBER": 0.12938610895882152,
    "DPLS": 0.12828800201936214,
    "TGHI": 0.1280178748123959,
    "EINF": 0.1279083870882854,
    "MSTR": 0.12755995743158174,
    "SSNT": 0.12716141644923737,
    "LSPD": 0.12659159993994923,
    "ISGN": 0.12624711413432035,
    "PLUS": 0.12591542357085145,
    "TTMZF": 0.12577602698812534,
    "HSCNF": 0.12568857848556556,
    "DV": 0.12562753037291882,
    "UAMM": 0.12553850150207468,
    "NTWK": 0.12538081546594468,
    "SPDC": 0.12505530384668828,
    "AGYS": 0.12479187337608012,
    "DUOT": 0.12460233496256935,
    "QADA": 0.12448554673006794,
    "QADB": 0.12448554673006794,
    "HPTO": 0.12433981136757581,
    "SPT": 0.12423754578933258,
    "ISGIF": 0.12415068874542666,
    "CLSK": 0.12394021658827467,
    "AIFS": 0.12355700968904838,
    "UPLD": 0.12311594879250568,
    "XELA": 0.12305377860869969,
    "XELAU": 0.12305377860869969,
    "JG": 0.12282191855303079,
    "DBD": 0.12265173012533759,
    "SMAR": 0.12262265847541465,
    "ANSS": 0.12242693514698696,
    "DPSI": 0.12214048255173637,
    "PTC": 0.12199656610216178,
    "WDLF": 0.12196187241582027,
    "WDAY": 0.1218022796569947,
    "CICN": 0.12148385246000556,
    "IICN": 0.12143264001949555,
    "STNE": 0.12140562011027464,
    "IBSS": 0.1213308579302804,
    "NPACY": 0.12131149358952965,
    "VYGVF": 0.12062465191289781,
    "NMYSF": 0.12060861493213858,
    "AWRE": 0.12048866549936585,
    "ECOM": 0.12044420936113735,
    "AHIX": 0.12042709776617068,
    "KNNNF": 0.12041764355912175,
    "OBLG": 0.12028523383862709,
    "SPRT": 0.120166745161126,
    "NOW": 0.11983496861083913,
    "NCNO": 0.11974361101910956,
    "DDOG": 0.11946643922899926,
    "EVOL": 0.11926697666625019,
    "BNFT": 0.11911580107048476,
    "HLTEF": 0.11900127593754845,
    "IGEN": 0.1187481236668756,
    "BSQR": 0.11850134381766056,
    "PSSWF": 0.11840183756095245,
    "LGIQ": 0.11839299971130934,
    "MCFE": 0.11834744588063496,
    "TTTSF": 0.11795819844854524,
    "AVOI": 0.11792734278279002,
    "TNTRQ": 0.11789833383459397,
    "WIGBY": 0.11757737255957379,
    "WTCHF": 0.11757737255957379,
    "LNKG": 0.11740740149461654,
    "OBTX": 0.11738475733065595,
    "WHEN": 0.11714694305310117,
    "PXAMF": 0.11709854996321985,
    "SNNSF": 0.11705356518968962,
    "PFSF": 0.11674476126132938,
    "COWI": 0.1167194991472589,
    "MNDO": 0.11671219069151242,
    "NATI": 0.11664380685083947,
    "RWWI": 0.11653725663526251,
    "AFFN": 0.11650171047132019,
    "VERX": 0.1161177838531953,
    "DUUO": 0.11593857858491705,
    "MANH": 0.11593172703524146,
    "INTU": 0.11565742282171985,
    "SMRL": 0.11558114172761715,
    "MAPT": 0.11555072927476276,
    "DOCU": 0.11542473858856037,
    "ACWRF": 0.11530179939063202,
    "ZIMCF": 0.11527419024589008,
    "ATIXF": 0.11515803953082795,
    "IWSY": 0.11494075733120289,
    "GRWC": 0.11467823026006327,
    "PUSOF": 0.1146229850614038,
    "LVBX": 0.11450923471326249,
    "CLWD": 0.1141132469505886,
    "IDN": 0.11404821425231948,
    "RPMT": 0.11398550788567066,
    "VSMR": 0.1139071337506413,
    "VCLD": 0.11385182547281344,
    "SSTRF": 0.11379266469771132,
    "TMOAF": 0.11369349507228974,
    "TMOAY": 0.11369349507228974,
    "GCLT": 0.11350121075305802,
    "CGUD": 0.11329613902320537,
    "CSOD": 0.11296096901109892,
    "BCOV": 0.11278986911156774,
    "PHPYF": 0.11275934036604375,
    "UBIA": 0.11272507365815444,
    "RPD": 0.11266556875845647,
    "DSNY": 0.11201627588930083,
    "COUP": 0.11189895080428723,
    "BSY": 0.11130068572644783,
    "ESKEF": 0.11120313740985718,
    "ADSV": 0.11061686621512042,
    "APYP": 0.11053153331414887,
    "BRNWD": 0.11043241943150316,
    "SRCO": 0.11006407493254851,
    "TEHG": 0.10985811494026423,
    "QH": 0.10982628276609586,
    "BTZI": 0.10970782214675699,
    "GVP": 0.10954198092119083,
    "PMSO": 0.10951934818452057,
    "BTRS": 0.10939585116597621,
    "MCLDF": 0.10938891038673954,
    "SURG": 0.10930388270620289,
    "NUKK": 0.10909703232264918,
    "RETC": 0.10898881138682204,
    "DT": 0.10884798872069272,
    "ELMFF": 0.10875544576253045,
    "SIXD": 0.10827103328254577,
    "EXBX": 0.10815380749605948,
    "COIN": 0.10806696311009029,
    "RSTAY": 0.10793106787791892,
    "FSLY": 0.10792314135437253,
    "CGSO": 0.1078197449667258,
    "VSBGF": 0.10777351464444351,
    "EGHSF": 0.10756077369825094,
    "AMWK": 0.10741097188019674,
    "NYWKF": 0.1072153076735627,
    "ADGO": 0.10642519580870642,
    "EFOT": 0.10631211303880546,
    "NICE": 0.10630867421478864,