{
    "FSSN": 1.0000000000000002,
    "ZI": 0.2558003882341067,
    "SPT": 0.24040693884709854,
    "CREX": 0.23885357923839787,
    "CRM": 0.23379664480841092,
    "SPONF": 0.2223353878952568,
    "QUMU": 0.22072213783360561,
    "SOFT": 0.20605479615538622,
    "VLDI": 0.20333924978614235,
    "AMSWA": 0.20258547009973088,
    "MFON": 0.20095526404847378,
    "IFBD": 0.20082381272557845,
    "UPLD": 0.19755031303899162,
    "SIXD": 0.19550572711084435,
    "INLX": 0.19466746019854222,
    "PHUN": 0.1924732384388169,
    "BEMGQ": 0.19015693140782025,
    "SHSP": 0.18958328107549038,
    "AZPN": 0.18823204230399648,
    "TTMZF": 0.18494022551721911,
    "SVMK": 0.18338643624410159,
    "APPS": 0.1830338657797784,
    "TTD": 0.18257854183585237,
    "XFCH": 0.18196782358676988,
    "UBER": 0.1801708184354902,
    "NCNO": 0.17722425523040886,
    "SCDA": 0.17714891353350454,
    "VCLD": 0.17658463238932032,
    "AKRFF": 0.17634490654576795,
    "GTYH": 0.1759494208980881,
    "STNE": 0.17294662171525788,
    "EVBG": 0.17259143060669013,
    "BCOV": 0.1724267605462548,
    "VQSLF": 0.1722058457323051,
    "WEMXF": 0.17199288110654412,
    "KGDEY": 0.17181304382855028,
    "HUBS": 0.17066577871738117,
    "SSNC": 0.16952868739275953,
    "DASTF": 0.16880749512935297,
    "DASTY": 0.16880749512935297,
    "LAZR": 0.16834892346686345,
    "SURG": 0.167052952123369,
    "PEGA": 0.16592538540229584,
    "MVVYF": 0.1658392746288111,
    "CDK": 0.16574870095880023,
    "EGAN": 0.1647322191831685,
    "ABST": 0.1647018773450056,
    "WDAY": 0.16421232499998595,
    "STUO": 0.16324827778635193,
    "OTEX": 0.16308285380930987,
    "EBIX": 0.162541048329558,
    "EINF": 0.1615362679647483,
    "GRWC": 0.1611996372002246,
    "HPTO": 0.16069712482825624,
    "LINX": 0.16034091168533388,
    "TDCH": 0.15998745237926718,
    "ISGIF": 0.15963443316825654,
    "MGIC": 0.1596104477208838,
    "DSGX": 0.15955232887372328,
    "LGIQ": 0.1595298785124183,
    "TYL": 0.15881420712550448,
    "CALX": 0.15825796219726393,
    "SEAC": 0.15707044875905846,
    "PUSOF": 0.15703089264811454,
    "NPACY": 0.15661207004011246,
    "NUKK": 0.15659289796352904,
    "MDLA": 0.15634045582141964,
    "IBIN": 0.1558447712109129,
    "PLUS": 0.15536711674423653,
    "FICO": 0.15508785960245708,
    "SNCR": 0.1549263205830332,
    "BTRS": 0.15441809948594618,
    "GLOB": 0.15401859519126762,
    "OBTX": 0.15385763691556423,
    "QADA": 0.1537426592737383,
    "QADB": 0.1537426592737383,
    "ADVC": 0.15345116944398318,
    "PDFS": 0.1532104482028242,
    "DSP": 0.15302692878542376,
    "LPSN": 0.15256746696897833,
    "HSTA": 0.15235821150866108,
    "GCLT": 0.1515097205085131,
    "NOW": 0.15086702498896537,
    "VCST": 0.15047205476323744,
    "CIH": 0.15040524808273967,
    "RDVT": 0.15019615938405048,
    "SPRT": 0.1498637700013617,
    "IMMR": 0.14967645992932319,
    "EGHSF": 0.14959014737577228,
    "MTLS": 0.14935978243506615,
    "CICN": 0.1483977134201216,
    "AGYS": 0.14790910653270636,
    "TEUM": 0.14773637879990326,
    "PD": 0.14741745291793212,
    "MANT": 0.14693187997232138,
    "ARHTF": 0.14690143672111236,
    "U": 0.1468045090838321,
    "OCFT": 0.1467139356866041,
    "IONI": 0.14652277106151643,
    "ONCI": 0.14616480838042906,
    "AEYE": 0.14574566874020517,
    "IBEX": 0.14530215309458436,
    "JG": 0.14511632228886742,
    "EVOL": 0.14501506463707764,
    "CLSK": 0.14493742614843655,
    "RWWI": 0.14470460493141152,
    "BILL": 0.14392145821436028,
    "RPD": 0.14389800601873023,
    "WK": 0.14352048625960967,
    "MANH": 0.14349072056129647,
    "OMQS": 0.143028435993749,
    "TEKCF": 0.14270848588444976,
    "AIFS": 0.1425189321483539,
    "BSQR": 0.14121063462340439,
    "MNDO": 0.1411198655859229,
    "BRQS": 0.14060346788817066,
    "XM": 0.14000434736744863,
    "COUP": 0.13956963571022094,
    "FLXI": 0.13956048231661086,
    "WDLF": 0.1393100447721727,
    "LVWD": 0.13924123105586123,
    "MSTR": 0.13872718701955253,
    "PRCH": 0.13863569478727228,
    "DUOT": 0.13852824588787796,
    "JZZI": 0.13821822556415841,
    "NAHD": 0.1380016780113418,
    "PTC": 0.137904129607642,
    "BLBX": 0.13770292545933008,
    "EPAZ": 0.13754072705348586,
    "AVYA": 0.13751712643452962,
    "EGHT": 0.13743406032503694,
    "RAAS": 0.13722110508481725,
    "VYGVF": 0.1367791021084173,
    "DT": 0.1367755403875273,
    "AHIX": 0.13668647632015543,
    "BMTX": 0.13659038071376686,
    "MRIN": 0.13629248393562088,
    "RLLMF": 0.13621238367216995,
    "CVLT": 0.13601133996238732,
    "PAR": 0.1359913399399343,
    "PBTS": 0.13571515640727597,
    "APP": 0.13563899669348384,
    "SRCO": 0.13516298802436127,
    "TSRI": 0.13516200517750557,
    "MITK": 0.1350709449474283,
    "SSNT": 0.13471378344424664,
    "ALIF": 0.13462064262092677,
    "ECOM": 0.13422320912013916,
    "ZIMCF": 0.13410270704971233,
    "EHVVF": 0.13373424991375685,
    "SPDC": 0.13362877106932358,
    "KXSCF": 0.13334577667203015,
    "AVEVF": 0.13328311974936558,
    "AVVYY": 0.13328311974936558,
    "DPSI": 0.13304712308652422,
    "FTFT": 0.13216509452391018,
    "GSPH": 0.13199152403533956,
    "CNWT": 0.13197035795163448,
    "LSPD": 0.1318400852589216,
    "VERB": 0.13159872123748315,
    "AGMH": 0.13154833484842765,
    "JFU": 0.13058473734598222,
    "AWRE": 0.13038156662073302,
    "VERX": 0.13032948775924094,
    "HLLPF": 0.13003896234144127,
    "IGEN": 0.13001991250070627,
    "CLWD": 0.12986142200457015,
    "OSSIF": 0.12966508473128974,
    "INXSF": 0.1295441538927039,
    "KTPPF": 0.12919818655280235,
    "COIN": 0.12882788511725635,
    "NUAN": 0.12848881913136054,
    "ANSS": 0.12848136389178794,
    "ALKT": 0.1284215430447255,
    "TCYSF": 0.12740553028428356,
    "DDOG": 0.12703536496100837,
    "IICN": 0.12645881959467897,
    "KC": 0.12599511611890676,
    "RETC": 0.12579004736428998,
    "COWI": 0.1255893755740536,
    "SMAA": 0.12488162109502828,
    "IFAN": 0.12442686513509207,
    "HSCNF": 0.12435550752903153,
    "RSTAY": 0.12417171843171863,
    "LTDH": 0.1241462795443056,
    "QH": 0.12400372707581034,
    "SYZLF": 0.12392635277138588,
    "PXAMF": 0.12386560371105179,
    "ALRM": 0.12373711281677752,
    "WIGBY": 0.12360233782792565,
    "WTCHF": 0.12360233782792565,
    "TKXHF": 0.12342146911943137,
    "DBD": 0.12324477576757896,
    "MAPT": 0.1228589718055314,
    "ATIXF": 0.12281579676601076,
    "ADCOF": 0.12261978864148836,
    "KYNS": 0.1225768576747814,
    "MODN": 0.12207694131703871,
    "IMGI": 0.1219820212767887,
    "ADSK": 0.12183933363833008,
    "NTWK": 0.12124511630265741,
    "MCCX": 0.12107687569942473,
    "INNI": 0.12107541830853726,
    "LIQDQ": 0.12102658458586887,
    "SSTRF": 0.12089143557603846,
    "CSOD": 0.12063491521326607,
    "OBCN": 0.12047881032297131,
    "SFWJ": 0.12035605541633612,
    "APVS": 0.12004952235710963,
    "PRGS": 0.11933619587824604,
    "IRNC": 0.11927332427394018,
    "NICE": 0.11922165073956091,
    "ROIUF": 0.11917597289269496,
    "ADSV": 0.11909352294425433,
    "SMRL": 0.11852980888179016,
    "TEAM": 0.11806817599016915,
    "JAMF": 0.11795483829700028,
    "UGHL": 0.11786403470888586,
    "CLDR": 0.11779872302749055,
    "TMOAF": 0.11762483082567333,
    "TMOAY": 0.11762483082567333,
    "AMWK": 0.11743773624344007,
    "SHOP": 0.11673988791774755,
    "OBLG": 0.11636282692767676,
    "CDAY": 0.11630211690422446,
    "MSP": 0.11626477610039507,
    "DSNY": 0.11568041970771951,
    "NATI": 0.1150251925109043,
    "SEMR": 0.11473265667449864,
    "XELA": 0.11413780158224213,
    "XELAU": 0.11413780158224213,
    "SSVC": 0.11390911088923977,
    "WSTM": 0.1137193717726038,
    "PRO": 0.11366385836832352,
    "TNTRQ": 0.11360927420174316,
    "CHNVF": 0.1135459681112977,
    "ADGO": 0.1134887996383059,
    "MCFE": 0.1131571198991394,
    "CLCI": 0.11293308941353486,
    "GVP": 0.11284725128277931,
    "RNG": 0.11270562079710146,
    "INTU": 0.11237563982745502,
    "PMSO": 0.11235368580213018,