{
    "GAHC": 1.0000000000000002,
    "SIXD": 0.18944648213572937,
    "INLX": 0.18382222719545785,
    "LPSN": 0.17358388086709833,
    "HPTO": 0.16667364362296724,
    "SSNC": 0.16277562922346636,
    "NEOM": 0.1611221955866721,
    "EBIX": 0.15794444322967138,
    "DSGX": 0.15717945081874532,
    "UPLD": 0.15499211431376708,
    "TDCH": 0.1525000434337314,
    "CNWT": 0.15103337932832767,
    "VYGVF": 0.14906715923441993,
    "TSRI": 0.14836454355270284,
    "IFBD": 0.14727718519991204,
    "EVBG": 0.1443894072071844,
    "MANT": 0.14344363816126363,
    "OPTL": 0.14243668774207607,
    "STUO": 0.1423623784250567,
    "KGDEY": 0.14219174708275165,
    "GRWC": 0.1415972581824559,
    "CRM": 0.14155797139432777,
    "NPACY": 0.14088564206040782,
    "PBTS": 0.14038758368308768,
    "SSNT": 0.13993070416119965,
    "TEKCF": 0.13938448965944522,
    "COMP": 0.13910044111648318,
    "DDOG": 0.13886231767126692,
    "KXSCF": 0.13802430777089023,
    "QUMU": 0.13589413007565657,
    "AKRFF": 0.13553888894461008,
    "ROIUF": 0.13503084638484456,
    "QADA": 0.13439743805079984,
    "QADB": 0.13439743805079984,
    "OLO": 0.1343851945958398,
    "TTD": 0.13421104088748903,
    "MSP": 0.1341957118958913,
    "SHSP": 0.13402955751095202,
    "NCNO": 0.13311705586194753,
    "OTEX": 0.1311733021508059,
    "CDK": 0.13104807523829276,
    "LGLOF": 0.13006651344048448,
    "BTRS": 0.1299475543655778,
    "ABST": 0.12985008197392056,
    "AZPN": 0.12870474162298204,
    "GBGPF": 0.12845117123191002,
    "SHOP": 0.12828278362022483,
    "AMSWA": 0.1280736338751877,
    "PHPYF": 0.12778787057934216,
    "ATIXF": 0.12758317034096128,
    "AVYA": 0.1271958752015165,
    "CICN": 0.1268553515211574,
    "OLB": 0.12675760509285547,
    "ZI": 0.12651835926015065,
    "CHNVF": 0.12629053391245917,
    "CALX": 0.12620194391085537,
    "AMST": 0.125630521037959,
    "CLWD": 0.12545924294400762,
    "OCFT": 0.1246119541435517,
    "TEUM": 0.12406497148196412,
    "AWRE": 0.12378223909306442,
    "SCDA": 0.12356422303165804,
    "ZDGE": 0.12332185825669495,
    "TYL": 0.12322052096665735,
    "OMQS": 0.12282930541319399,
    "AGPL": 0.12282713399530112,
    "VQSLF": 0.12265731394891725,
    "STNE": 0.12254215041696224,
    "MNDO": 0.12253428411319148,
    "VLDI": 0.12214407951678317,
    "BTBT": 0.12198764021514787,
    "LINX": 0.12171098746409235,
    "COWI": 0.12159779345426162,
    "PLUS": 0.12152813556381854,
    "SYZLF": 0.12139441511928015,
    "APPS": 0.12133062089407196,
    "LGIQ": 0.12059726358868451,
    "DASTF": 0.12028209150460532,
    "DASTY": 0.12028209150460532,
    "SNCR": 0.12028137620678064,
    "EGAN": 0.12012169973634483,
    "DPLS": 0.11991872590975301,
    "PAYD": 0.11979272645153136,
    "SVMK": 0.11952248331858321,
    "BSQR": 0.11909818103626685,
    "VERB": 0.11906675809530701,
    "ONCI": 0.1189974194728525,
    "MANH": 0.11888818585605139,
    "RDVT": 0.11876081850214334,
    "KBNT": 0.11858991905011163,
    "AIFS": 0.11851705810952823,
    "PAR": 0.11845486830912992,
    "SSVC": 0.11814389986223833,
    "EINF": 0.11792274852732662,
    "PD": 0.11751659927577243,
    "XM": 0.11734746059384997,
    "DBD": 0.11661522330413127,
    "LAAB": 0.11639941650692048,
    "AGYS": 0.1162340796802688,
    "MFON": 0.11563101071125548,
    "WIGBY": 0.11548527860959287,
    "WTCHF": 0.11548527860959287,
    "SPT": 0.11534602179368036,
    "GLOB": 0.11486917385036234,
    "CVLT": 0.11480126249612888,
    "LNKG": 0.11477348298723135,
    "BCOV": 0.11429980651024015,
    "DPSI": 0.11415280671109013,
    "MGIC": 0.1141464853881246,
    "MITK": 0.1140089686986869,
    "PMSO": 0.11384928295411059,
    "PEGA": 0.11380046245244944,
    "FICO": 0.11370129882591491,
    "MDLA": 0.11352318103750528,
    "RWWI": 0.1133438180791053,
    "PCTY": 0.11298124889202424,
    "SPDC": 0.11237599263793377,
    "COIN": 0.1116553261516599,
    "SPRT": 0.11151416165423024,
    "NYWKF": 0.1114602033777219,
    "GTYH": 0.11130480322114104,
    "VCST": 0.11120215678122035,
    "CRYBF": 0.11098912627612151,
    "AVEVF": 0.11095564580774517,
    "AVVYY": 0.11095564580774517,
    "CREX": 0.11087304442002825,
    "EPAZ": 0.11071437513420264,
    "KYNS": 0.10976282622876696,
    "WDAY": 0.10958796394780893,
    "RPD": 0.10953669778063793,
    "FHGDF": 0.1095072353487628,
    "SURG": 0.10948903994037137,
    "INVU": 0.10906009904707573,
    "ARHTF": 0.10855132389547319,
    "MAPT": 0.10843696848514409,
    "GAEX": 0.10841130984780264,
    "IICN": 0.10834377746431278,
    "INTU": 0.10832774713726316,
    "PTC": 0.10830564617785697,
    "AGMH": 0.10817949244734527,
    "SRCO": 0.1074058717547336,
    "BILL": 0.10702342695173309,
    "MODN": 0.10694663826110047,
    "CSOD": 0.10689928483521145,
    "ADSK": 0.10674529221514704,
    "IDN": 0.10655698603784969,
    "OBLG": 0.10618147500530586,
    "SANT": 0.10614125586206181,
    "ELMFF": 0.10594378904900571,
    "ABXXF": 0.10581717912586873,
    "ELCO": 0.10531893657327043,
    "U": 0.10442378973025741,
    "AEYE": 0.10430886524577077,
    "PXPHF": 0.1042362787272698,
    "ABQQ": 0.10387057658332544,
    "ADVC": 0.10378046599256038,
    "ATIW": 0.10374509597787432,
    "CGSO": 0.10356205646641783,
    "KNNNF": 0.10337505792742069,
    "AVOI": 0.1033378403874881,
    "CLSK": 0.10327086376290545,
    "ELBSF": 0.10323001679813974,
    "UBER": 0.10315507503874405,
    "DUOT": 0.10313149172706745,
    "PHUN": 0.1030819345356094,
    "IBIN": 0.10278575415586282,
    "IONI": 0.1027734226562457,
    "VERX": 0.10250815491163724,
    "ADGO": 0.10242400038761831,
    "FSLY": 0.10216275415448084,
    "PDFS": 0.1017753871166727,
    "ZIMCF": 0.10164945097293486,
    "TNTRQ": 0.10151341894543055,
    "DT": 0.10147977809558294,
    "NAHD": 0.10145367503376045,
    "PSWR": 0.10127540343340406,
    "ALKT": 0.1010622250855909,
    "AHIX": 0.10104577423806327,
    "IWSY": 0.10096862630242079,
    "ITMSF": 0.10053558386697188,
    "STMP": 0.10049971490023744,
    "XFCH": 0.10029909626445524,
    "SMAR": 0.1001518360531261,
    "TCYSF": 0.10014721182421037,
    "EVOL": 0.09997837970645806,
    "TREN": 0.09978912450651448,
    "KGNR": 0.09964005548397144,
    "HSTA": 0.0994163350536277,
    "JAMF": 0.09935259903215551,
    "SEAC": 0.09930068652326296,
    "RPMT": 0.09889967866582289,
    "CDAY": 0.09871518657646959,
    "WEMXF": 0.09871197212476086,
    "NOW": 0.09868744154455741,
    "KLDI": 0.09862435364665702,
    "NUKK": 0.09854710266396453,
    "VCLD": 0.09847331410314189,
    "MSTR": 0.09837948861728796,
    "PAYC": 0.09837653673305832,
    "DMGGF": 0.09811458823891822,
    "PALT": 0.09756910250144663,
    "EXBX": 0.09748835298241847,
    "LSPD": 0.09712940631447929,
    "MCFE": 0.09710782313564567,
    "SPONF": 0.09708364818154724,
    "QGSI": 0.09696809541052887,
    "PRCH": 0.0969474215762062,
    "XELA": 0.09689874493383356,
    "XELAU": 0.09689874493383356,
    "EGHT": 0.09688286573588156,
    "IGEN": 0.09675895271821743,
    "LVWD": 0.0962340539614416,
    "RMNI": 0.09607990123795764,
    "LBWR": 0.0960441311427219,
    "TMOAF": 0.09522061246753927,
    "TMOAY": 0.09522061246753927,
    "INXSF": 0.0950645865315924,
    "SMFX": 0.09480014134518622,
    "PCYG": 0.09431051272801672,
    "PRGS": 0.0941431593328385,
    "IRNC": 0.09410845787344813,
    "IMMR": 0.09406152209797523,
    "DSP": 0.09401941934346235,
    "YPPN": 0.09376104717704659,
    "ENV": 0.09356779983835119,
    "ESKEF": 0.09337286643945934,
    "ACVA": 0.0932300819157757,
    "RETC": 0.09307375902008105,
    "RSTAY": 0.09289669949727791,
    "GVP": 0.09286639015952745,
    "ASUR": 0.09281332187621191,
    "NATI": 0.09253707066184451,
    "SOFT": 0.0923497711516179,
    "ASFT": 0.09221230555323531,
    "NTWK": 0.09221176210727319,
    "JFU": 0.0921895754822032,
    "PXAMF": 0.09211478146083762,
    "SNOW": 0.09210239119673089,
    "NICE": 0.09207776171272357,
    "FSSN": 0.09196659971852435,
    "OBTX": 0.09134231271208873,
    "INTZ": 0.09104153905495332,
    "NUAN": 0.09098479065821446,