{
    "MNDO": 1.0,
    "NYWKF": 0.3197345084764832,
    "DUUO": 0.30992873976312185,
    "AVRI": 0.30378053597172083,
    "TYL": 0.2961683018963526,
    "LINX": 0.2924616574519461,
    "STUO": 0.2911794985579702,
    "CRM": 0.2749857297986048,
    "SFWJ": 0.2738810959397998,
    "PMSO": 0.2715601807989125,
    "INLX": 0.27099779764119003,
    "MANT": 0.2707488392860113,
    "EBIX": 0.26698803832451656,
    "SSNC": 0.2616526732641501,
    "QADA": 0.2604137854532058,
    "QADB": 0.2604137854532058,
    "EGHSF": 0.2591713541084257,
    "EVOL": 0.25828834755657015,
    "AVYA": 0.2568977607438207,
    "QUMU": 0.25486702652843185,
    "TEUM": 0.2546699515147169,
    "CGSO": 0.25364580635437484,
    "DBD": 0.2506154039113367,
    "SPRT": 0.25047624445004374,
    "DSGX": 0.24585054320182456,
    "CALX": 0.24463798777362789,
    "EGAN": 0.24433400410376996,
    "NICE": 0.24360529212105736,
    "OTEX": 0.24290547899247159,
    "DPSI": 0.24170130032035608,
    "PEGA": 0.24109214132517515,
    "AMSWA": 0.2403776644287504,
    "SEAC": 0.2403489651167339,
    "ABST": 0.23883003277549777,
    "VCST": 0.23715983783076827,
    "MDLA": 0.23667367036309656,
    "NPACY": 0.23639371096489628,
    "IFBD": 0.2362108614665719,
    "APPS": 0.23360135738481524,
    "SSNT": 0.23275627057993514,
    "MGIC": 0.2324543028685548,
    "EPAZ": 0.23138130055058234,
    "OBLG": 0.23093202701577992,
    "HLTEF": 0.22990363872973874,
    "MANH": 0.22951313039624094,
    "SSVC": 0.22811033809359993,
    "KXSCF": 0.2265441843972448,
    "TCYSF": 0.22454322450398312,
    "SYZLF": 0.2242131491955044,
    "NOW": 0.22409732360958687,
    "AKRFF": 0.22399958997846578,
    "VCLD": 0.2238684996957882,
    "GUESF": 0.222979076257506,
    "WCAGY": 0.22208134625926543,
    "WRCDF": 0.22208134625926543,
    "LSPD": 0.2212864600564543,
    "SPT": 0.2202893722250632,
    "AZPN": 0.2187041019527772,
    "VLDI": 0.2186631126335694,
    "OMQS": 0.2185169197672168,
    "UPLD": 0.218326116819335,
    "FICO": 0.21758679844642476,
    "MFON": 0.21726158892085365,
    "SURG": 0.21715253320881384,
    "IONI": 0.21702402002851365,
    "XELA": 0.21574427333138038,
    "XELAU": 0.21574427333138038,
    "DT": 0.21508285427786836,
    "SMSI": 0.21416313815490912,
    "SNCR": 0.2140961667375501,
    "PHUN": 0.21407255116515428,
    "GRWC": 0.2135069944969399,
    "CICN": 0.21296883062378236,
    "INXSF": 0.21111771511439922,
    "HUBS": 0.21066266180488344,
    "PAR": 0.21022027916651145,
    "CREX": 0.20954722118711627,
    "LPSN": 0.20888267810398645,
    "BNFT": 0.20765038385438728,
    "SOFT": 0.20679964460982894,
    "EVBG": 0.20675706915343864,
    "PAYC": 0.20645029176359125,
    "GBGPF": 0.20640183022876102,
    "CNWT": 0.2061684920602325,
    "RPD": 0.20579986958866908,
    "AGYS": 0.20498264629355378,
    "AWRE": 0.20415123064226257,
    "PLUS": 0.2037364276594766,
    "DUOT": 0.20307128911593894,
    "BSQR": 0.2026853379816693,
    "VQSLF": 0.2021581780855148,
    "CHNVF": 0.20124619680560635,
    "TEKCF": 0.20098477403367812,
    "ROIUF": 0.1993492243572977,
    "MODN": 0.19823832005754785,
    "SCDA": 0.1980184489974505,
    "CDK": 0.1962646102897749,
    "PRGS": 0.19467559982249652,
    "INTZ": 0.19420431769675758,
    "RDVT": 0.19391079121129548,
    "SREV": 0.19378848470281237,
    "DASTF": 0.19309771442915347,
    "DASTY": 0.19309771442915347,
    "STNE": 0.19287949266983734,
    "BILL": 0.19262517245364927,
    "OCFT": 0.19122705572228302,
    "MIXT": 0.1903092180673473,
    "TTD": 0.19021659050548326,
    "SPONF": 0.18932783357960387,
    "U": 0.18902858172936535,
    "SHSP": 0.18845713953977444,
    "CDNS": 0.18821413978548698,
    "CSOD": 0.18805556539482113,
    "AFFN": 0.1875105901638801,
    "WIGBY": 0.1872247131088259,
    "WTCHF": 0.1872247131088259,
    "TSRI": 0.1864272705574348,
    "ADVC": 0.18617510606633716,
    "EINF": 0.18542184194727632,
    "ZI": 0.18491101942289215,
    "WDAY": 0.1848450606018358,
    "ADSK": 0.18465274801542406,
    "NTWK": 0.1845522938322147,
    "PTC": 0.1843831277244023,
    "CVLT": 0.1833794285961407,
    "AVEVF": 0.1821461275952939,
    "AVVYY": 0.1821461275952939,
    "VERB": 0.18171227464184522,
    "TMOAF": 0.1810920551066267,
    "TMOAY": 0.1810920551066267,
    "UBER": 0.1810502030661138,
    "ALRM": 0.18063703838932527,
    "ADGO": 0.18041809377709267,
    "AEYE": 0.18011360275679675,
    "XFCH": 0.1800392029678589,
    "KLDI": 0.17977275581366428,
    "CLSK": 0.17976235746594693,
    "LVWD": 0.17952195945996127,
    "AIFS": 0.1788225685091825,
    "VSMR": 0.17866630232812244,
    "IBEX": 0.1785805442331069,
    "IMMR": 0.17853716529410502,
    "GLOB": 0.1783645548607083,
    "GAEX": 0.17821010860890532,
    "COWI": 0.17811163773658373,
    "KGDEY": 0.17762158677276307,
    "SPDC": 0.17705299258581822,
    "CDTAF": 0.17704558572449897,
    "PDFS": 0.17559656799562523,
    "ARHTF": 0.17556819753625608,
    "APPF": 0.17500218766054,
    "IICN": 0.17433443988684783,
    "ESKEF": 0.1740379576512491,
    "FLXI": 0.17377061621462336,
    "RWWI": 0.17293178336122483,
    "COUP": 0.17267349315632274,
    "JFU": 0.17206012442640214,
    "SSTRF": 0.17191717957438807,
    "GVP": 0.1717629433781508,
    "API": 0.17155775503777196,
    "LBWR": 0.1710089235879533,
    "PD": 0.17027382731006935,
    "SVMK": 0.17004684613953994,
    "PBTS": 0.16987499245657822,
    "BCOV": 0.16979860121268028,
    "AGMH": 0.16961455818215088,
    "MSTR": 0.1686687168355281,
    "ELMFF": 0.1686664445629566,
    "TNTRQ": 0.16840273506398895,
    "GTYH": 0.16814839580783,
    "VERX": 0.16799192531501014,
    "JG": 0.1678892396395368,
    "TEAM": 0.16743299883898438,
    "INTU": 0.16733955675550385,
    "NUAN": 0.16716726795072068,
    "PCYG": 0.16714679893675843,
    "ZIMCF": 0.1670105300799896,
    "CLRI": 0.16695857603724013,
    "XM": 0.16670945073471052,
    "ITMSF": 0.16603797315060412,
    "BRQS": 0.16589369898899878,
    "PAYD": 0.16576820451950172,
    "FSLY": 0.16472741919976183,
    "HPTO": 0.16427280224632776,
    "CUEN": 0.1642380042942843,
    "SHOP": 0.16407866454432027,
    "BTRS": 0.1629233825070745,
    "MSP": 0.16269303598519305,
    "HSTA": 0.1623800629366708,
    "OLB": 0.16225607439106393,
    "ATIXF": 0.1621317274387491,
    "MAPT": 0.161701060509382,
    "PRO": 0.1610444372565283,
    "BSY": 0.16036335494167325,
    "WDLF": 0.16020131481994968,
    "CLRN": 0.1601455136408566,
    "IMGI": 0.15977522738847774,
    "RPMT": 0.15947648659320274,
    "EGHT": 0.15876615895619772,
    "RBTI": 0.15872350831327386,
    "PSSWF": 0.15870736575893643,
    "WK": 0.1581803091011406,
    "RNG": 0.15729301409512744,
    "PCTY": 0.15707701274198296,
    "SANT": 0.15642545595691126,
    "SLVFF": 0.15607794236588646,
    "DVAR": 0.15596613289791472,
    "IFAN": 0.15592518746451683,
    "ADCOF": 0.15587783211418513,
    "MITK": 0.15582087628409774,
    "AVOI": 0.15571018228560535,
    "LNKG": 0.155704738612798,
    "ILATF": 0.15569546219854177,
    "IGEN": 0.15477069482476832,
    "ELCO": 0.1544548784319262,
    "CLWD": 0.15440268573474986,
    "ISGN": 0.15406134126477472,
    "RSTAY": 0.1539145861815397,
    "RMNI": 0.15369985257718782,
    "SWISF": 0.1535439716313381,
    "ENV": 0.15317731938967233,
    "VBIX": 0.15315441917620704,
    "CLCI": 0.15312525837449317,
    "AMWK": 0.1525870963186823,
    "RDVWF": 0.1519374238437463,
    "NCNO": 0.15172921649527912,
    "DMGGF": 0.15042499788846395,
    "KYNS": 0.15014762072737464,
    "SMRL": 0.15008654605279115,
    "FALC": 0.14954348115957122,
    "DSP": 0.1495328809657309,
    "DCT": 0.14925588559745012,
    "OLO": 0.14895632864294664,
    "DDOG": 0.1481292783824555,
    "OBTX": 0.14812051901117806,
    "NEOM": 0.14765138041493203,
    "RETC": 0.14681987686988926,
    "PSWR": 0.1464308631276541,
    "ONTF": 0.14626468757429836,
    "RLLMF": 0.14608913214776068,
    "HLLPF": 0.14542415279900597,
    "LVNSF": 0.1453111518117255,
    "SNNSF": 0.14490038024095875,
    "TKXHF": 0.14488939378025573,
    "PWWBF": 0.14450564494823007,