{
    "OIDN": 1.0,
    "KYNS": 0.2586987297423819,
    "OCFT": 0.24184416127224065,
    "FIGM": 0.1733587821723279,
    "SSTRF": 0.15458856028628784,
    "IFBD": 0.15223717610559862,
    "UBIA": 0.14714670119575066,
    "SMFX": 0.1469483989645058,
    "INXSF": 0.1452008593968499,
    "NICE": 0.14193188078405755,
    "PBTS": 0.1379159872345881,
    "KARO": 0.13754648159157432,
    "AGMH": 0.1345415895922718,
    "AJIA": 0.13281474762259643,
    "VYGVF": 0.13205626331892853,
    "AVGG": 0.13116863076532403,
    "LNKG": 0.12964757130182294,
    "MGIC": 0.12898791991039854,
    "DNACF": 0.12783264481958817,
    "AGGG": 0.12616565019232678,
    "MYIDD": 0.12468373345460967,
    "SPT": 0.12441680210532474,
    "KXSCF": 0.12323198496453636,
    "AMSWA": 0.11845092163148649,
    "STNE": 0.11161515716104035,
    "LIQDQ": 0.10980549743641654,
    "CLRI": 0.10954738231805354,
    "PFSF": 0.10761543438187333,
    "DUSYF": 0.1071378009952035,
    "RAYT": 0.10687778370606459,
    "CMNT": 0.10507319696388376,
    "SYZLF": 0.1050661419063632,
    "ALIF": 0.10359708624821369,
    "AFFN": 0.10342427577211492,
    "LINX": 0.10311568555862007,
    "BTZI": 0.10271594102134891,
    "CGUD": 0.1025935527043152,
    "NAHD": 0.10256750681938286,
    "UPLD": 0.10250402774107906,
    "AVEVF": 0.10185402329332204,
    "AVVYY": 0.10185402329332204,
    "SSNT": 0.10153761276506405,
    "PUSOF": 0.10110446926444261,
    "INLAF": 0.10095810516736936,
    "STUO": 0.1008742416587324,
    "KGDEY": 0.10042255340689256,
    "IONI": 0.09889548909665477,
    "HLTEF": 0.09866399833394825,
    "IICN": 0.0980291561669088,
    "TSRI": 0.09788423510549658,
    "TCYSF": 0.09754098288865026,
    "APTY": 0.09741945481194642,
    "SPONF": 0.09694522869339194,
    "DLOC": 0.09663964266230059,
    "MNDO": 0.0964407273031484,
    "DOMO": 0.0954042200823583,
    "LCHD": 0.09534866312103289,
    "EXBX": 0.09487714378217339,
    "MTC": 0.09460286390486217,
    "INNI": 0.09385220268986141,
    "EBIX": 0.09338412328945221,
    "PSSWF": 0.09325053121398084,
    "SQCC": 0.09287950500194635,
    "TGHI": 0.09224906393405874,
    "BAINF": 0.0921527395176395,
    "MANT": 0.09120235538048092,
    "SHSP": 0.09116601303888543,
    "YALA": 0.09045662756717475,
    "TEKCF": 0.0900415427772741,
    "CRSM": 0.08997902898953486,
    "FTFT": 0.08992647513336935,
    "CHNVF": 0.08953931790878518,
    "SPDC": 0.08861707273614912,
    "GAEX": 0.08749886224559937,
    "TTD": 0.08747531200380664,
    "RDVWF": 0.08736821701558578,
    "ABXXF": 0.08720081114068966,
    "VERB": 0.0870958068184331,
    "TEHG": 0.08683609834749763,
    "SCDA": 0.08678096779725264,
    "VLDI": 0.08669616749047998,
    "LVWD": 0.08662483294044751,
    "PMSO": 0.08652849563746731,
    "ATIXF": 0.08648189991627185,
    "STTH": 0.08636203819387299,
    "UTOLF": 0.0861351441635699,
    "ARCS": 0.08594081675677381,
    "VCLD": 0.0856902587880598,
    "CLWD": 0.08541991115882087,
    "TMIX": 0.085248621281894,
    "GSPH": 0.08513686969265036,
    "DEQI": 0.08503974080542526,
    "FDBL": 0.084294488880831,
    "SURG": 0.08399548875916661,
    "CGSO": 0.08399253838928653,
    "CNWT": 0.08387792345989119,
    "DDOG": 0.08382516942784604,
    "OPTL": 0.08368605004429146,
    "MANH": 0.08362483558619706,
    "SHOP": 0.0835525383981141,
    "RTME": 0.0833444435796463,
    "TPPM": 0.08329187491387646,
    "LGLOF": 0.08317084980277341,
    "PTNYF": 0.08303389536639652,
    "TWOH": 0.0830153484824828,
    "INLX": 0.08269777271802486,
    "LICH": 0.08267560215124002,
    "GAHC": 0.08267357909226022,
    "BTBT": 0.08238141368630457,
    "FHGDF": 0.08227240036532861,
    "EINF": 0.08180682684695677,
    "WDAY": 0.08168999479806617,
    "INVU": 0.08127801036742471,
    "MVAIF": 0.08112532520615538,
    "UBER": 0.08106423326888226,
    "NUKK": 0.08076246057215436,
    "BRNWD": 0.08036282124198242,
    "ARHTF": 0.08033135323820054,
    "SLVFF": 0.08010062072706425,
    "ABST": 0.0794311550350025,
    "APPZ": 0.07937761026143668,
    "SSNC": 0.07935423630478304,
    "IGEN": 0.07919935262544493,
    "BEMGQ": 0.07906675853637525,
    "XFCH": 0.07879453484584552,
    "OBTX": 0.07871496293772162,
    "PXAMF": 0.07850277576537178,
    "RDAR": 0.07849441914785062,
    "HLLPF": 0.07840226027096805,
    "RIOT": 0.07808471631144653,
    "U": 0.07807545734454935,
    "RWWI": 0.07775595961585902,
    "SOFT": 0.07694902533001545,
    "NOW": 0.07689679710354351,
    "TTCM": 0.07670076300578174,
    "UAMM": 0.0765745427855618,
    "VBIX": 0.07656831427660434,
    "AGYS": 0.07636446681259741,
    "QUMU": 0.07584675369702422,
    "SWISF": 0.07555046523712311,
    "ISGIF": 0.0755452881366165,
    "CSOD": 0.07550652707701823,
    "DMGGF": 0.07550485401306009,
    "WSTM": 0.07539548304124995,
    "TEUM": 0.07534480359536096,
    "AZPN": 0.07534054553629142,
    "QGSI": 0.07527261468801257,
    "TOGL": 0.07522163983462792,
    "SWRM": 0.0751707642512501,
    "TTMZF": 0.07502544285483087,
    "RPMT": 0.07492960438213296,
    "NMYSF": 0.07490430516156066,
    "DBD": 0.07482684591825392,
    "TYL": 0.07480852015215346,
    "ROIUF": 0.07463531589258109,
    "SNOW": 0.0744647432080462,
    "GBGPF": 0.07431027767969342,
    "CALX": 0.07373960305281337,
    "BSY": 0.07343936547781046,
    "EGAN": 0.07336626035404074,
    "BHPA": 0.0732796501318982,
    "DPLS": 0.0732185230102343,
    "CICN": 0.07316031667689984,
    "ELBSF": 0.07315245046628127,
    "WDLF": 0.07312170795410852,
    "LGIQ": 0.07307287590497347,
    "COUP": 0.07282666973923732,
    "INTZ": 0.07273480947414235,
    "HPTO": 0.07246890694431139,
    "OMQS": 0.0724518541089794,
    "APP": 0.07233227329291601,
    "AGPL": 0.07226575861063211,
    "EGHSF": 0.0721915734726809,
    "OLB": 0.07190646530331782,
    "EPAZ": 0.07189941912126209,
    "SANT": 0.07179067155658281,
    "MDLA": 0.07160680795185723,
    "VCST": 0.07127990233890627,
    "YAYO": 0.07122356204162339,
    "HSTA": 0.07100752740497235,
    "HSSHF": 0.07095665806603374,
    "DVAR": 0.07094990483648331,
    "AWRE": 0.0708987268714464,
    "DPSI": 0.07078973876281856,
    "VQSLF": 0.07072246309677366,
    "DUOT": 0.07062225741457533,
    "AHIX": 0.07052730195438157,
    "MYCLF": 0.07040379849382022,
    "WTRH": 0.0703192004812715,
    "ZPAS": 0.07030712737487708,
    "CLRN": 0.07020471120577074,
    "LIFX": 0.0701932438845377,
    "NTWK": 0.06985716625504476,
    "ONTF": 0.0696795883550394,
    "ELMFF": 0.06953810736068707,
    "CDTAF": 0.0694784107033981,
    "IMMR": 0.06945171292660995,
    "KC": 0.06932055610653667,
    "PHUN": 0.06926487749166182,
    "ISGN": 0.06925386228948646,
    "GRWC": 0.06913804073694417,
    "LTDH": 0.06899017415295748,
    "URLOF": 0.06897805443724976,
    "RAAS": 0.06873875191241079,
    "WORK": 0.0686883966304602,
    "SNCR": 0.06863768176456725,
    "CRM": 0.06848473785279728,
    "EB": 0.06835701148044192,
    "IFAN": 0.06817198457493942,
    "IBGR": 0.06812988772008277,
    "SMRL": 0.06795868303707002,
    "EVBG": 0.06789997447847937,
    "ASAN": 0.0678843271717896,
    "MRIN": 0.06786247764061241,
    "PTC": 0.06779879572456207,
    "QTGPF": 0.06770218277640351,
    "MFON": 0.06767055571411396,
    "ABQQ": 0.06752382026977811,
    "GLPT": 0.06750692833770464,
    "ZIMCF": 0.06722694284136213,
    "WINKF": 0.0672259378655791,
    "BCOV": 0.06693123074866177,
    "NPACY": 0.06690103754739135,
    "ZI": 0.0668675639444875,
    "CLSK": 0.06678785985669036,
    "AIFS": 0.06668699518892418,
    "LAZR": 0.0665759745523951,
    "CDK": 0.06629740458594663,
    "QADA": 0.06620656485903847,
    "QADB": 0.06620656485903847,
    "LSPD": 0.06587186747706414,
    "TNTRQ": 0.06582448675556377,
    "DGTW": 0.06566175200760797,
    "BSQR": 0.0656310078326341,
    "GCLT": 0.06556647764233185,
    "PXPP": 0.06550962222515781,
    "BLBX": 0.06539192726599762,
    "DSP": 0.0653272609914393,
    "AKRFF": 0.06497618388477022,
    "AVYA": 0.06492506582473026,
    "CREX": 0.06480133114049111,
    "COWI": 0.06471591686647933,
    "KTPPF": 0.0646253230915811,