{
    "ONCI": 1.0000000000000002,
    "AVYA": 0.21235991381947775,
    "JG": 0.2047521689802318,
    "RAAS": 0.20337000599099167,
    "TEUM": 0.19539464196887002,
    "PXAMF": 0.192230408270702,
    "ISDSF": 0.18274494539916755,
    "AMWK": 0.1821315461577012,
    "XFCH": 0.1795912680343015,
    "WHSPF": 0.17918653823234268,
    "INPX": 0.1778254848913814,
    "TTD": 0.17557356045220737,
    "DPSI": 0.1737160792236297,
    "VLDI": 0.16640705808721595,
    "PHUN": 0.16597928723908514,
    "BRQS": 0.16439437514516358,
    "CRM": 0.16436934877019788,
    "NPACY": 0.16349603391518788,
    "STUO": 0.1623568172037685,
    "EVBG": 0.1590932741750442,
    "ABST": 0.1552484240150383,
    "TSRI": 0.15399478929643712,
    "ITMSF": 0.15383118349983918,
    "EGHT": 0.1534246184871595,
    "LPSN": 0.15209830124949203,
    "AEYE": 0.15168764502012685,
    "ZDGE": 0.1511724649361338,
    "IONI": 0.15104393723393073,
    "PMSO": 0.15029752351949197,
    "OMQS": 0.1496715580069291,
    "MFON": 0.1489649201294404,
    "CNWT": 0.1475480819277731,
    "OLO": 0.1474564522391173,
    "FSSN": 0.14616480838042906,
    "SPRT": 0.14550075072713325,
    "CALX": 0.14539964056210594,
    "DSGX": 0.14113690416996105,
    "DT": 0.14038040076353547,
    "SIXD": 0.14015800374122112,
    "ROIUF": 0.13973545779390545,
    "SHSP": 0.1396710103575971,
    "RDVT": 0.139256222884622,
    "DUOT": 0.13882921110113294,
    "EBIX": 0.13821709745780292,
    "GBGPF": 0.13734677450886315,
    "SSVC": 0.13672873233441213,
    "VYGVF": 0.1346763511818942,
    "APPS": 0.1343757992374037,
    "MNDO": 0.13430155011949238,
    "SYZLF": 0.13387887231092005,
    "OLB": 0.133664318929848,
    "SEAC": 0.13335765002719968,
    "VSMR": 0.13308140912320363,
    "SCDA": 0.13294759550799556,
    "VCLD": 0.13259550473729373,
    "PRGS": 0.13243594973800715,
    "U": 0.13242149549831958,
    "INLX": 0.13156917498604773,
    "DPLS": 0.13123164467795573,
    "SNCR": 0.1303051547859697,
    "IFBD": 0.1302305074312453,
    "DDOG": 0.12992559225369799,
    "SPT": 0.1284262695817475,
    "MGIC": 0.12817336969663987,
    "CMCM": 0.12789998733356828,
    "ADVC": 0.12784009323483786,
    "LINX": 0.12726217802333076,
    "LGIQ": 0.126614742474615,
    "UBER": 0.12652497164015886,
    "ARHTF": 0.12642737278686836,
    "EGHSF": 0.12634480066594736,
    "AKRFF": 0.1257032275935893,
    "AWRE": 0.12549452745239875,
    "NYWKF": 0.12533594427693692,
    "ZI": 0.12516052324546537,
    "KXSCF": 0.12468439038332196,
    "KYNS": 0.12461394455844801,
    "NUAN": 0.12446346120072085,
    "TDCH": 0.12417754187444935,
    "PAR": 0.12372275828225422,
    "ALIF": 0.12333013636808925,
    "TEKCF": 0.12315940156443883,
    "CREX": 0.12304790546217109,
    "CSOD": 0.1228028433643384,
    "SOFT": 0.12271421864944836,
    "BSQR": 0.12213723416638574,
    "MANT": 0.12192927595674982,
    "TKXHF": 0.12182291101117283,
    "MIXT": 0.12138963172397906,
    "RPD": 0.12134404488621403,
    "HPTO": 0.12092155510657145,
    "SMSI": 0.12068438556880755,
    "MDLA": 0.12026780586254165,
    "TMOAF": 0.12024856691173799,
    "TMOAY": 0.12024856691173799,
    "EGAN": 0.12003232788032059,
    "GRWC": 0.1198933083674563,
    "PEGA": 0.11971906408419425,
    "OBLG": 0.1196217535051902,
    "SURG": 0.11924855622816988,
    "QUMU": 0.11903021188358534,
    "GAHC": 0.1189974194728525,
    "EPAZ": 0.11884233679404221,
    "OTEX": 0.11851022012960262,
    "BCOV": 0.11849552907123491,
    "TYL": 0.11845099740972598,
    "SMRL": 0.11830994589474263,
    "PHPYF": 0.11829630225913212,
    "PDFS": 0.11795324485638006,
    "CLRI": 0.11791754575678104,
    "COWI": 0.11757236681364633,
    "ZIMCF": 0.1174958020074002,
    "AHIX": 0.11741757762218726,
    "MAPT": 0.11740437498359044,
    "EXBX": 0.11709683522638745,
    "MCFE": 0.11697194139894461,
    "VQSLF": 0.11671876438211308,
    "CICN": 0.11626833188020824,
    "MSTR": 0.11557674545264054,
    "CHNVF": 0.11537140755390249,
    "EVOL": 0.11502672673005326,
    "SSNT": 0.11472254469390664,
    "MODN": 0.11466514396174245,
    "IRNC": 0.11441685660675482,
    "SPONF": 0.1133416491192783,
    "PFSF": 0.11324806944052297,
    "JFU": 0.11315188924571314,
    "FLXI": 0.11248602849875748,
    "WRMA": 0.11239262359067603,
    "CTK": 0.11211474075645074,
    "UPLD": 0.11194489734901263,
    "PAYC": 0.11188342825168893,
    "PD": 0.11175709026138804,
    "OBTX": 0.1115730623788065,
    "SPDC": 0.11150681913669377,
    "DSP": 0.11140080359273818,
    "HUBS": 0.11139627690167472,
    "IMMR": 0.11123153640508973,
    "PUSOF": 0.11108129755945229,
    "ARCS": 0.1110406117156215,
    "PTC": 0.11098285333085559,
    "SSNC": 0.11085606273377897,
    "DGTW": 0.11057188374218681,
    "STNE": 0.1103582501064758,
    "GLOB": 0.11031446444876127,
    "LNKG": 0.11003446291323785,
    "RBTI": 0.10982959553253892,
    "SHOP": 0.10899374022924442,
    "AMSWA": 0.10886773359557478,
    "SWISF": 0.10886081839474815,
    "VERB": 0.10862971961089588,
    "QGSI": 0.10854922068879659,
    "CLCI": 0.10854089302709057,
    "IFAN": 0.10843578919061092,
    "KC": 0.10838808187544956,
    "SRCO": 0.10833459184079769,
    "DVAR": 0.10828221122709618,
    "PALT": 0.10747694676510434,
    "MSP": 0.10743114147661384,
    "WDAY": 0.10702225525776973,
    "KGNR": 0.10689251758609598,
    "UAMM": 0.10649272688249213,
    "SVMK": 0.10616014681257363,
    "TNTRQ": 0.10614202010461218,
    "NOW": 0.10592581724187344,
    "SWRM": 0.10570171487499981,
    "DBD": 0.10552798291864429,
    "MITK": 0.10541081101886661,
    "FSLY": 0.10495166000998787,
    "LIFX": 0.10488604903158463,
    "NTWK": 0.104577612922554,
    "NMYSF": 0.10440128739609729,
    "VYON": 0.10424714872555194,
    "IBIN": 0.10421050046444082,
    "CVLT": 0.10419130357404521,
    "FTFT": 0.10408622852626502,
    "ESKEF": 0.10400842306399204,
    "NCNO": 0.10387516734462525,
    "AZPN": 0.10368855187550557,
    "DASTF": 0.10361518937498133,
    "DASTY": 0.10361518937498133,
    "LSPD": 0.10360723613441979,
    "QADA": 0.10357970402145442,
    "QADB": 0.10357970402145442,
    "QH": 0.10354771412654187,
    "ADTM": 0.10352522406279326,
    "BTRS": 0.10342227941684179,
    "STMP": 0.10341764668382704,
    "AGMH": 0.10336712277639476,
    "MANH": 0.1033097487250381,
    "ATIXF": 0.10281475125037237,
    "ISGIF": 0.10269345440555246,
    "GCLT": 0.10257492172959416,
    "KBNT": 0.10228345064906853,
    "ALKT": 0.10208302338243701,
    "TCYSF": 0.10197418944080222,
    "RWCRF": 0.10187581635696497,
    "PLUS": 0.10182784539104846,
    "CLSK": 0.10131078283246374,
    "ELCO": 0.1012701217094493,
    "NATI": 0.10125427478190731,
    "SNOW": 0.1012295094293409,
    "FICO": 0.10101567151040743,
    "AGYS": 0.10096223023938881,
    "IBEX": 0.10089395866502465,
    "IGEN": 0.10083990610678108,
    "AFFN": 0.10069869782669875,
    "CDK": 0.10057176061867229,
    "EINF": 0.10038703865966529,
    "BLBX": 0.10010275177062508,
    "TEAM": 0.09976476406567937,
    "AVOI": 0.09975638545399347,
    "MTC": 0.0991238494393325,
    "WDLF": 0.09902372025704337,
    "JAMF": 0.0988137547596677,
    "AIFS": 0.098700420939533,
    "VCST": 0.09864079397703958,
    "CDTAF": 0.09852877265925808,
    "GAEX": 0.09851223723470719,
    "ASFT": 0.09836753382110598,
    "NICE": 0.0982662728487062,
    "DFTC": 0.0981517234907947,
    "WORK": 0.0978544434602907,
    "COIN": 0.09760489474310545,
    "XELA": 0.09752625021159508,
    "XELAU": 0.09752625021159508,
    "LTDH": 0.09730233151093172,
    "APYP": 0.09702544104306177,
    "SGPYY": 0.09688117917212237,
    "COUP": 0.09682800925169682,
    "DXAEF": 0.09672859095230019,
    "PRCH": 0.09658127291240326,
    "GUESF": 0.09654389153276048,
    "BMTX": 0.09645459275701966,
    "KLDI": 0.09627186449062189,
    "EHVVF": 0.09602424661996599,
    "ALRM": 0.09598793062426154,
    "SMAR": 0.09585776879347327,
    "ILATF": 0.09578563080645114,
    "GTYH": 0.09577055804701634,
    "SOFO": 0.09570626574964225,
    "OCFT": 0.09567861811211362,
    "TLDN": 0.09543479683840567,