{
    "PSWR": 1.0000000000000004,
    "INLX": 0.26606304171740197,
    "ESKEF": 0.24377683140100026,
    "XELA": 0.21839433172602046,
    "XELAU": 0.21839433172602046,
    "NYWKF": 0.21649869929263899,
    "TYL": 0.2161376126838804,
    "SWISF": 0.21266203061879319,
    "SOFT": 0.20984539105723873,
    "ROIUF": 0.20232706965092095,
    "EINF": 0.19355278562017056,
    "QUMU": 0.18728145087316633,
    "MSP": 0.18446366632093952,
    "EVBG": 0.18293978321443047,
    "SYZLF": 0.18163385699625104,
    "IONI": 0.18102595415899425,
    "CRM": 0.1807014695648315,
    "MITK": 0.1771002540784506,
    "VLDI": 0.1765207238804793,
    "NPACY": 0.1762541369043763,
    "AEYE": 0.17597644580496544,
    "CNWT": 0.1749657819378643,
    "SNCR": 0.1741998463305704,
    "RPD": 0.1726305157053433,
    "MANT": 0.1720691203183119,
    "OTEX": 0.17202685250976324,
    "QADA": 0.17053952405626038,
    "QADB": 0.17053952405626038,
    "AKRFF": 0.16895390298900229,
    "ABST": 0.16869785568036322,
    "EVOL": 0.1681017783025494,
    "AMSWA": 0.1680848031143244,
    "ISGN": 0.16734424084823585,
    "KLDI": 0.1667696750609421,
    "EGAN": 0.16666753254803393,
    "INTU": 0.16666095212626217,
    "PSSWF": 0.16462918917126165,
    "SCDA": 0.16441515530212714,
    "STUO": 0.16386672975766864,
    "PHUN": 0.16270278284108922,
    "PAYC": 0.16231781961347122,
    "DASTF": 0.16095579371853722,
    "DASTY": 0.16095579371853722,
    "EBIX": 0.160801502031367,
    "CICN": 0.16046947887255153,
    "NOW": 0.16025494966544362,
    "DSGX": 0.15991487287827463,
    "TEAM": 0.15928927289300374,
    "PTC": 0.1592620958722656,
    "SSVC": 0.15918853133998942,
    "ADVC": 0.1581644912475609,
    "DPSI": 0.15665949630887643,
    "HPTO": 0.1563903945755467,
    "PRGS": 0.15583308835546456,
    "ADSK": 0.1554761114508102,
    "VERX": 0.15519562824113467,
    "VQSLF": 0.15437367745480524,
    "DOCU": 0.15406248836535696,
    "CLSK": 0.15327600353678708,
    "LINX": 0.15286195404983546,
    "MDLA": 0.1528328195792009,
    "SVMK": 0.15248638260486735,
    "ZIMCF": 0.15182717521903127,
    "AGYS": 0.15166952965649602,
    "MTLS": 0.15055595481442458,
    "BTRS": 0.14954205551510458,
    "EGHT": 0.14907062352482087,
    "OBLG": 0.14877985636743363,
    "CLDR": 0.14871970082923253,
    "MGIC": 0.1485678190585095,
    "MODN": 0.14840574928002612,
    "VCST": 0.1481512869091999,
    "TEUM": 0.14782194047016942,
    "GBGPF": 0.1475730204752639,
    "TMOAF": 0.1468932902090247,
    "TMOAY": 0.1468932902090247,
    "MNDO": 0.1464308631276541,
    "SSNT": 0.1463533320149088,
    "AWRE": 0.14629774524883507,
    "GTYH": 0.14628021404917993,
    "SHSP": 0.14608609642408799,
    "EPAZ": 0.14581087185370778,
    "DUUO": 0.14578133435025759,
    "SPT": 0.14574335538936234,
    "BNFT": 0.14539943331949978,
    "TNTRQ": 0.14517510806347506,
    "DUOT": 0.14483526534048385,
    "MVAIF": 0.14388540969003716,
    "ANSS": 0.1438257943749378,
    "MFON": 0.14358502093363001,
    "SSNC": 0.14328181144552643,
    "DBD": 0.1424560747018797,
    "OONEF": 0.14201384826876493,
    "CGSO": 0.14176210746936,
    "CVLT": 0.1415845003683956,
    "LNKG": 0.1409255080507231,
    "IGEN": 0.13998510141524034,
    "LPSN": 0.13963345231178428,
    "ELCO": 0.13959455241581856,
    "OLO": 0.13958310516048156,
    "IICN": 0.1391608929080416,
    "LSPD": 0.13886280564662423,
    "CSOD": 0.13845558162748745,
    "NATI": 0.1377658679078961,
    "AIFS": 0.13757197504466515,
    "VERB": 0.13750655947553034,
    "TKXHF": 0.13717614923215343,
    "PAR": 0.13635682405193442,
    "HSCNF": 0.13622745945855896,
    "CLWD": 0.1360547550574094,
    "AVYA": 0.13568848895680757,
    "RDVT": 0.13520549811206553,
    "PCTY": 0.13508488919006492,
    "FICO": 0.13468923651314924,
    "BCOV": 0.13442053538527202,
    "RNG": 0.13439334169195,
    "RETC": 0.134361812562825,
    "IMMR": 0.133772597994308,
    "PLUS": 0.1333461649155745,
    "ARHTF": 0.1329457501523782,
    "NTWK": 0.13285504956615315,
    "PDFS": 0.13278116842914117,
    "CALX": 0.1327399065092259,
    "APP": 0.13251510981705988,
    "XFCH": 0.13246597904325613,
    "OMQS": 0.13233632354823047,
    "AZPN": 0.13229760558712786,
    "GAEX": 0.1318174807125269,
    "FLXI": 0.13103138958932706,
    "DSP": 0.13070247298468257,
    "PUBM": 0.13039290695473166,
    "MAPT": 0.12920390069751017,
    "AVOI": 0.12918030887173082,
    "APPF": 0.12822381376093073,
    "CTXS": 0.12768149926347705,
    "ADGO": 0.12755604373398072,
    "WCAGY": 0.12754573544510325,
    "WRCDF": 0.12754573544510325,
    "NCNO": 0.12739324685534706,
    "SMAR": 0.12686543417173815,
    "ACWRF": 0.12669644084145285,
    "BSQR": 0.12653696785805452,
    "PAYD": 0.12642978342848213,
    "PHPYF": 0.12530025867238637,
    "TCYSF": 0.12524709718487448,
    "XM": 0.12510169011549352,
    "SPDC": 0.12499854981058142,
    "IFBD": 0.12492542340301978,
    "GLOB": 0.12487485584645806,
    "KXSCF": 0.12486394691258407,
    "KNNNF": 0.12463701142713085,
    "IWSY": 0.12439327847952338,
    "WDAY": 0.12432610242242183,
    "APVS": 0.12285823362407479,
    "EGHSF": 0.12276907267025974,
    "MANH": 0.12264573109515026,
    "NXLLF": 0.12256676907179796,
    "TEKCF": 0.12245447969234984,
    "BILL": 0.12200926959950276,
    "PEGA": 0.12165691944667263,
    "AVGG": 0.12164624473569435,
    "TTD": 0.12126066902777721,
    "ELMFF": 0.12123157309536682,
    "WANSF": 0.12106275131078632,
    "MSTR": 0.12077010837755055,
    "AVEVF": 0.12073562539562462,
    "AVVYY": 0.12073562539562462,
    "UPLD": 0.12053309034546773,
    "LVNSF": 0.1205002891147194,
    "DT": 0.12047694316707448,
    "ANY": 0.12039028670278468,
    "SEAC": 0.12015488520066347,
    "SPONF": 0.12006234009432318,
    "PMSO": 0.11998486971136016,
    "ALIF": 0.1197816901672485,
    "EXBX": 0.11966212008285468,
    "IMGI": 0.11932125791980697,
    "SPRT": 0.11884493496135977,
    "OBTX": 0.1187534763622743,
    "ZI": 0.1184045309592795,
    "KGDEY": 0.11832834413214921,
    "NMYSF": 0.11805244486802181,
    "ADCOF": 0.1179381092372752,
    "FALC": 0.11749960718082475,
    "FSLY": 0.11736909690884204,
    "WK": 0.11702404807953447,
    "RWWI": 0.11699651873514581,
    "INXSF": 0.11682367093636722,
    "AFFN": 0.11662202966691934,
    "MIXT": 0.11658583984774117,
    "WIGBY": 0.11641346278904124,
    "WTCHF": 0.11641346278904124,
    "COWI": 0.11639375250514532,
    "FCGY": 0.11630687058847716,
    "CDTAF": 0.11603259773664346,
    "NUAN": 0.11591750029558862,
    "AVLR": 0.11575390195422357,
    "ITMSF": 0.11573406701408491,
    "TMVWF": 0.11516375826889652,
    "TMVWY": 0.11516375826889652,
    "AHIX": 0.11499210305992337,
    "VSMR": 0.11457249106508173,
    "RPMT": 0.1143257131016949,
    "ADSV": 0.1139877161036536,
    "PBTS": 0.11321152475272886,
    "INTZ": 0.11309177807494726,
    "APPS": 0.11301297207041268,
    "PD": 0.11280742566593471,
    "CREX": 0.11272095425728015,
    "JAMF": 0.11267372774327536,
    "HLTEF": 0.1121037410351638,
    "TTMZF": 0.11163527908580581,
    "INOW": 0.11152101761315927,
    "ESTC": 0.11124334499144324,
    "ABXXF": 0.11103389055907492,
    "OLB": 0.11101861031501092,
    "IBEX": 0.11096043805158301,
    "MCFE": 0.11055357346914792,
    "UAMM": 0.11042351165127122,
    "SHOP": 0.11030281177594399,
    "JG": 0.11021044784410684,
    "IDN": 0.11016511416673273,
    "PWWBF": 0.10994138698153784,
    "ENV": 0.10983047479794118,
    "STNE": 0.10962466145322039,
    "HSTA": 0.10923974750072428,
    "SGPYY": 0.10916655194201458,
    "MJDS": 0.10907328396824273,
    "LVWD": 0.10899872795437213,
    "SREV": 0.10893925839112002,
    "IRNC": 0.10890995916353507,
    "ILATF": 0.10867558411944755,
    "DGTW": 0.10853510563473012,
    "DDOG": 0.10818202816759578,
    "IBIN": 0.10814815187408727,
    "SOFO": 0.10810134561190433,
    "SFWJ": 0.10768914446025178,
    "SAP": 0.10647640149139571,
    "SAPGF": 0.10647640149139571,
    "OCFT": 0.1064387744094713,
    "CDRBQ": 0.1064150842680127,
    "GVP": 0.10635934793101777,
    "DCT": 0.10587778335796771,