{
    "PTNYF": 1.0,
    "OLO": 0.17141864149089128,
    "UBER": 0.16459215205783048,
    "VLDI": 0.15229532594710163,
    "ATIXF": 0.14921256041713027,
    "HMBL": 0.14449408795418742,
    "OCFT": 0.1426992110492605,
    "STNE": 0.14193725022710507,
    "VERB": 0.1416364657560772,
    "SYZLF": 0.13877315080191566,
    "DUSYF": 0.13801587929664685,
    "FSLY": 0.13455080164737618,
    "TTMZF": 0.1335922445106264,
    "HPTO": 0.1323635702930011,
    "WEMXF": 0.13227193658924877,
    "MGIC": 0.1311061937545659,
    "SRCO": 0.1288721124073047,
    "PHUN": 0.12843392514191268,
    "BAINF": 0.12759102618876778,
    "SWRM": 0.12753821006288701,
    "LPSN": 0.12731179866932302,
    "HSSHF": 0.12612959735238305,
    "KXSCF": 0.12612146257241136,
    "LGLOF": 0.12606198424919277,
    "TEUM": 0.12549906495684307,
    "STMDF": 0.12540206461834397,
    "DSGX": 0.12385776775281393,
    "GCLT": 0.12309231428770369,
    "INXSF": 0.11972915551784764,
    "SIXD": 0.11968646112955761,
    "SHOP": 0.1195627976481398,
    "DT": 0.11870255563427912,
    "TSRI": 0.11779904516774127,
    "UPLD": 0.11757233353582638,
    "KYNS": 0.11712304944298214,
    "LGIQ": 0.11589999653783714,
    "TCYSF": 0.11546362775043488,
    "AKRFF": 0.11544152417723648,
    "WTRH": 0.11539084843932189,
    "EBIX": 0.11505961306519298,
    "COIN": 0.11459647359813956,
    "OLB": 0.11449541089951806,
    "CREX": 0.11417003973622984,
    "ROIUF": 0.11410860673471555,
    "DBD": 0.1139830675983072,
    "LNKG": 0.11364406534082011,
    "BIGC": 0.11240615966040926,
    "DPSI": 0.11149313571434366,
    "VQSLF": 0.11080032797349482,
    "MFON": 0.1106277592770556,
    "NYWKF": 0.11051428602334248,
    "DGTW": 0.10901722543003149,
    "INLAF": 0.10880032706006777,
    "SSNT": 0.1087303061997341,
    "IFAN": 0.10809829613153626,
    "PUSOF": 0.10800201341608144,
    "SPRT": 0.10714129117435076,
    "ZIMCF": 0.10598364850117592,
    "RPMT": 0.10552254034963318,
    "EVBG": 0.1054574184878819,
    "GRWC": 0.10507828101078849,
    "TPPM": 0.1049527760571212,
    "JG": 0.10481023252189872,
    "CMCM": 0.10471026067309565,
    "IONI": 0.10462911550343594,
    "EGAN": 0.10462648591643846,
    "TTD": 0.10458029265488016,
    "BTRS": 0.10407706922946101,
    "NICE": 0.10392044757284757,
    "DSP": 0.10372668966570735,
    "SPDC": 0.1034689965575127,
    "CDK": 0.1031606072348477,
    "CNWT": 0.10272786505133961,
    "BTZI": 0.10250065886406487,
    "GTYH": 0.10231392464740206,
    "PXPP": 0.10187100022872228,
    "HLLPF": 0.10171402546998247,
    "ALIF": 0.10146641115666553,
    "GUESF": 0.10132135766988193,
    "UAMM": 0.10063522988391661,
    "GARLF": 0.10028437844399976,
    "PWWBF": 0.09993371557673361,
    "TWOH": 0.09988288320560178,
    "ATIW": 0.0997495272620893,
    "VCST": 0.09973864969297733,
    "OTEX": 0.09967994715066092,
    "LIFX": 0.09951318574491425,
    "MYSZ": 0.09950593483962095,
    "LVNSF": 0.09933227868307781,
    "INTU": 0.0993028089066321,
    "LUXFF": 0.09919072623221437,
    "CRM": 0.09913540060959256,
    "CLCI": 0.09889463622274304,
    "SVMK": 0.09833977966391912,
    "ABST": 0.09820048869447483,
    "SMAR": 0.09803636423735278,
    "NMYSF": 0.09800334515629769,
    "VSBGF": 0.09795915190588379,
    "ZI": 0.09755369072613057,
    "AMSWA": 0.09741372776096477,
    "LSPD": 0.09737609530902518,
    "APPS": 0.09730350632050658,
    "QUMU": 0.09724441656781238,
    "MITK": 0.09721348840626429,
    "DDOG": 0.09688746992645977,
    "KTPPF": 0.09685488882570745,
    "DSNY": 0.09674143131731033,
    "CDTAF": 0.09635324635858526,
    "LINX": 0.09567269322290473,
    "NTWK": 0.09535430851848944,
    "PTC": 0.09529330372024875,
    "HSCNF": 0.09526910865464491,
    "CRBTF": 0.09502431892630524,
    "GAEX": 0.0950225427511621,
    "IBGR": 0.09484420762423121,
    "CLSK": 0.09471809029607697,
    "CICN": 0.09436202698998722,
    "NUKK": 0.09416883639284361,
    "PMSO": 0.09345313533748624,
    "NOW": 0.09330074295118175,
    "PRGS": 0.09329281771512814,
    "AIFS": 0.09312980585986434,
    "UBIA": 0.09292439988240274,
    "STUO": 0.09291577949164026,
    "AVRI": 0.09263656141795541,
    "MYIDD": 0.09258660619094468,
    "ABQQ": 0.09238730117109001,
    "CVLT": 0.09223292529541202,
    "ELCO": 0.09218152174941059,
    "RPD": 0.09090499058701833,
    "SPONF": 0.09086874827164382,
    "PLUS": 0.09086647261037854,
    "AVYA": 0.0904897188704903,
    "EPAZ": 0.09048791167959705,
    "SURG": 0.09045205446423496,
    "QADA": 0.09022900581162453,
    "QADB": 0.09022900581162453,
    "CMNT": 0.09013606185210818,
    "QH": 0.08968056389832402,
    "ZPAS": 0.08958737235370913,
    "MNDO": 0.08951661930269203,
    "SCDA": 0.0895121491601786,
    "MANT": 0.08943823990589031,
    "IICN": 0.08937721716041341,
    "APPZ": 0.08936849313341132,
    "FDBL": 0.08933494935023448,
    "NEOM": 0.0893125037842018,
    "OONEF": 0.08918922374762792,
    "AGYS": 0.08904244749482691,
    "INNI": 0.08880419608955663,
    "CLGUF": 0.08878792536887467,
    "INLX": 0.08866194716197344,
    "EINF": 0.0886128507002416,
    "ARHTF": 0.08843418378917355,
    "IMMR": 0.08830467000978237,
    "PCTY": 0.08824076058501847,
    "MVVYF": 0.08817294762789227,
    "ASUR": 0.0881510108117827,
    "BCOV": 0.08809246959762548,
    "PAR": 0.08769929046817736,
    "PBTS": 0.08764054948604987,
    "UBMRF": 0.08745640342898167,
    "OMQS": 0.08743050605909453,
    "XFCH": 0.08712030287265424,
    "CHNVF": 0.08710705084393727,
    "APYP": 0.08676479512234288,
    "CALX": 0.08661650420685629,
    "ELBSF": 0.08605632687145275,
    "PFSF": 0.08602280543369431,
    "GLOB": 0.08586487807324611,
    "URLOF": 0.08583718882236391,
    "IMGI": 0.08579095644739185,
    "TEKCF": 0.08566178018319956,
    "CTK": 0.08554297354192815,
    "OSSIF": 0.08539869132058196,
    "DASTF": 0.08517421916752685,
    "DASTY": 0.08517421916752685,
    "EGHT": 0.08503835472068474,
    "FLXI": 0.08487143150965401,
    "ACWRF": 0.08467447329440195,
    "CGUD": 0.08456645756018352,
    "SSTRF": 0.08446055369851631,
    "AEYE": 0.08444528940490148,
    "VYGVF": 0.08442126238768023,
    "NAHD": 0.08440961595223424,
    "PEGA": 0.084298810661762,
    "GAHC": 0.08425234854253168,
    "PAYD": 0.0841959917822662,
    "SHSP": 0.08418634956456977,
    "MOGO": 0.08416027769224506,
    "SSNC": 0.08409318532932439,
    "AVGG": 0.08400477059046645,
    "LVBX": 0.08366240464933639,
    "AWRE": 0.08365183656263538,
    "IFBD": 0.08361135820480314,
    "NCNO": 0.08360957947157004,
    "RSASF": 0.08358699968523747,
    "PDFS": 0.08342586368405008,
    "VCLD": 0.08333603936543382,
    "OIDN": 0.08303389536639652,
    "AUUD": 0.08295133745375809,
    "ISGIF": 0.08282380259639918,
    "LTDH": 0.08267685250982273,
    "SNCR": 0.08258734963774679,
    "CGSO": 0.08256505312038778,
    "LYFT": 0.08244291774637821,
    "WDAY": 0.08213033538976912,
    "DUOT": 0.08199958990039165,
    "KC": 0.08184749931149693,
    "LVWD": 0.08179776768753659,
    "RNG": 0.08154391962818482,
    "GLPT": 0.08137798994600119,
    "RETC": 0.08132081293944189,
    "WCAGY": 0.0812220116474718,
    "WRCDF": 0.0812220116474718,
    "OBLG": 0.08120283971297919,
    "LICH": 0.08085759209668987,
    "MSTR": 0.08078878839231521,
    "BNFT": 0.08068791394055048,
    "DFTC": 0.08052115451687133,
    "YPPN": 0.08050932469748717,
    "COWI": 0.08049490163837122,
    "MCFE": 0.08035209677940552,
    "TYL": 0.08021503900087058,
    "ILATF": 0.08006369598648135,
    "VRTC": 0.0800509184921612,
    "AZPN": 0.08003817638169747,
    "BSY": 0.07992219572758301,
    "CRSM": 0.07991860466279072,
    "IGEN": 0.07962299227498613,
    "MSP": 0.07937951281108581,
    "SSVC": 0.07936736985345502,
    "ARCS": 0.07914340240255392,
    "VERX": 0.07904649148366319,
    "MAPT": 0.0789491975888004,
    "WHEN": 0.0789010659476799,
    "SOFT": 0.07887337150693574,
    "IBIN": 0.07883153008633169,
    "ONCI": 0.07874243074960188,
    "OBTX": 0.0787150158326654,
    "RDAR": 0.07857209325083844,
    "WSTM": 0.07853732717484808,