{
    "SOFO": 1.0000000000000002,
    "BCOV": 0.29961781198971044,
    "OBLG": 0.24788903627254205,
    "VCST": 0.24269609337920536,
    "QUMU": 0.2380448086332188,
    "ADTM": 0.22237641628640914,
    "SEAC": 0.21684767365157892,
    "ALRM": 0.2152643986313624,
    "MVVYF": 0.1981907197355695,
    "VQSLF": 0.18769554907965583,
    "VBIX": 0.18600267645662447,
    "IMGI": 0.18419908294267712,
    "MDLA": 0.18002316215545947,
    "PXPHF": 0.18000138122197046,
    "CNWT": 0.17629317805931077,
    "TTD": 0.17488091155511862,
    "BSKZF": 0.17085278883892324,
    "AVYA": 0.1700901903064712,
    "ROIUF": 0.16632914323527828,
    "CRM": 0.16596509157050798,
    "STUO": 0.16282470234418403,
    "ARHTF": 0.1585088311303407,
    "AIFS": 0.15771001797317644,
    "PMSO": 0.15647021321671228,
    "EVBG": 0.1558152486209451,
    "EGHT": 0.1550518606250602,
    "SNCR": 0.15338103183586027,
    "EGHSF": 0.14825294549221485,
    "STMDF": 0.14643079852222887,
    "EGAN": 0.14620501715510462,
    "NYWKF": 0.14518041447913027,
    "SVMK": 0.14181424495351058,
    "DPSI": 0.1416774596195439,
    "PUBM": 0.14141163871348908,
    "ABST": 0.1413360953662197,
    "INLX": 0.14102404598353607,
    "IONI": 0.13813703243424152,
    "MITK": 0.13751150229466333,
    "ABQQ": 0.13491444741819839,
    "EVOL": 0.13474268779984241,
    "NCNO": 0.1331455161197373,
    "MANT": 0.13310019954800922,
    "SNNSF": 0.1328872507345535,
    "PTC": 0.13269517944471906,
    "KC": 0.13160219799382214,
    "EINF": 0.13143799533972936,
    "DSNY": 0.13129844532380827,
    "CSOD": 0.13106017000321754,
    "OTEX": 0.13087901868204796,
    "RPD": 0.13068261236930348,
    "SMRL": 0.13048104049610934,
    "MAPT": 0.1302669493402688,
    "TYL": 0.13002293701825363,
    "ELCO": 0.1295383772480401,
    "VLDI": 0.12871669977060665,
    "API": 0.1284671047356709,
    "ELMFF": 0.12815497230579934,
    "LINX": 0.12790996831682014,
    "AMSWA": 0.12785628029854,
    "PHUN": 0.12716197292483597,
    "QADA": 0.12674121692576393,
    "QADB": 0.12674121692576393,
    "TTNUF": 0.12669373736498363,
    "NPACY": 0.1261843955358291,
    "SYZLF": 0.12607220076003986,
    "CALX": 0.12529226592397508,
    "LPSN": 0.12527520551570734,
    "XFCH": 0.12483222930681777,
    "HLLPF": 0.12428487165394993,
    "SOFT": 0.1232967627888497,
    "NOW": 0.12321916621250237,
    "EBIX": 0.1229443226432598,
    "PEGA": 0.12265881859265804,
    "AVOI": 0.12228725861478723,
    "CLSK": 0.12224742962145603,
    "VERB": 0.12142967139683782,
    "SSNC": 0.12130400824588355,
    "DSGX": 0.12129708490115394,
    "AEYE": 0.12117747247868611,
    "DUOT": 0.12115783641168494,
    "OBTX": 0.12099849965435712,
    "DGTW": 0.12074818197473348,
    "TEUM": 0.1204849081427693,
    "EPAZ": 0.12017837830821729,
    "HPTO": 0.119154062763087,
    "MAXD": 0.11891304614633993,
    "WDAY": 0.11874823374885551,
    "AWRE": 0.11852658455982286,
    "MNDO": 0.1184978824983385,
    "CVLT": 0.1176534439707082,
    "DOCU": 0.1173078545830147,
    "SPRT": 0.11723659914008026,
    "MGIC": 0.11715959937424908,
    "SANT": 0.11673932546009962,
    "UBER": 0.11671723663609568,
    "GTYH": 0.11670558781093185,
    "SPONF": 0.11631503286381308,
    "DBD": 0.11621136905375756,
    "IMMR": 0.11548010629657966,
    "AKRFF": 0.11541197482109078,
    "AZPN": 0.11521033123853372,
    "DT": 0.11510509703368213,
    "SPT": 0.11494369269873153,
    "DASTF": 0.11492848305150205,
    "DASTY": 0.11492848305150205,
    "SCDA": 0.11487751103839887,
    "PCTY": 0.11476088504688696,
    "CTK": 0.11474256176345378,
    "APPS": 0.11430200973259078,
    "GBGPF": 0.1135909613678049,
    "BSQR": 0.11347188416983853,
    "RBTI": 0.11316271866207878,
    "ZI": 0.1129648912033476,
    "WIGBY": 0.11290282586385304,
    "WTCHF": 0.11290282586385304,
    "CDTAF": 0.11282392217072024,
    "BRQS": 0.11248046585323367,
    "KXSCF": 0.1123832234456779,
    "OMQS": 0.11234010286426266,
    "AVEVF": 0.11210276044088274,
    "AVVYY": 0.11210276044088274,
    "SSVC": 0.11122239407465467,
    "DV": 0.11087485286040748,
    "IGEN": 0.11072577035133158,
    "TMMI": 0.11048909805703253,
    "MFON": 0.11047442892609396,
    "MSP": 0.1103631435297514,
    "CICN": 0.11031893763001906,
    "TEKCF": 0.11014744918358416,
    "HUBS": 0.11010672112377277,
    "FSLY": 0.1095854073519913,
    "UPLD": 0.10928405566475329,
    "MANH": 0.10922708552838704,
    "OLO": 0.10914275193102002,
    "INTZ": 0.10840677900489074,
    "PRGS": 0.10838470347366773,
    "MRIN": 0.1083170332308017,
    "PSWR": 0.10810134561190433,
    "SMAR": 0.10792624684482975,
    "PDFS": 0.10785955085619066,
    "HSCNF": 0.10776613556864413,
    "ADCOF": 0.10770659272178275,
    "DSP": 0.10753440340194827,
    "DCBO": 0.10741242212458675,
    "DEQI": 0.10727554036384598,
    "SSNT": 0.10703902474754437,
    "RDVT": 0.10684849330267439,
    "ESKEF": 0.10681290260946466,
    "CMCM": 0.10679266418906873,
    "ANY": 0.10634111313849644,
    "SHSP": 0.10600748581848488,
    "ADVC": 0.10576839164603241,
    "SHOP": 0.10529042524228147,
    "TEAM": 0.10528865017521521,
    "U": 0.10510154072219266,
    "PAYC": 0.10453694941721421,
    "NUAN": 0.10449988410422265,
    "MSTR": 0.1044709651772608,
    "AMST": 0.10445249404628297,
    "MODN": 0.104023288552162,
    "NTWK": 0.10396816591838157,
    "FLXI": 0.10381414789037377,
    "TMOAF": 0.10346341359450781,
    "TMOAY": 0.10346341359450781,
    "ISGN": 0.10295495472391984,
    "ALIF": 0.1029473764049833,
    "IICN": 0.10287830318297579,
    "ADSV": 0.10233114927548792,
    "PD": 0.10201426701583313,
    "PCYG": 0.1018915164200321,
    "PLUS": 0.10185320357098113,
    "IFBD": 0.10171874792184239,
    "VERX": 0.10155303462057047,
    "CREX": 0.10093550551543069,
    "TKXHF": 0.10091062227062732,
    "SREV": 0.10060811258800662,
    "ATIXF": 0.10050872616858336,
    "CDNS": 0.100452473816395,
    "SMSI": 0.100159972942686,
    "DPLS": 0.1000836987477722,
    "AGYS": 0.09997999247194048,
    "GVP": 0.09983580102967206,
    "CLWD": 0.09978588251415614,
    "STNE": 0.09972418273838832,
    "COWI": 0.09967766759266154,
    "GUESF": 0.09963926423591159,
    "INTU": 0.09941455650793236,
    "LGIQ": 0.09929097391381808,
    "ZIMCF": 0.09922333366179084,
    "CDK": 0.09912536499885852,
    "IWSY": 0.0988830472266564,
    "ADSK": 0.09857405333477247,
    "XELA": 0.09850781997255788,
    "XELAU": 0.09850781997255788,
    "JAMF": 0.0984601439178074,
    "VCLD": 0.09845631999297158,
    "INXSF": 0.09789923895697066,
    "BNFT": 0.09784681307641876,
    "KHOTF": 0.0976910458917242,
    "SPDC": 0.0976139655192909,
    "TCYSF": 0.09756541792706075,
    "CLDR": 0.09753872132629036,
    "UBMRF": 0.09738001456495807,
    "BILL": 0.0973511410906053,
    "PWWBF": 0.09680217830155248,
    "ESTC": 0.09636758410323801,
    "RPMT": 0.09628968994192481,
    "ECOM": 0.09593764142263048,
    "TDCH": 0.09592338277463844,
    "GLOB": 0.0958545899297516,
    "PAR": 0.09579677079312207,
    "ONCI": 0.09570626574964225,
    "CGSO": 0.09563629197725465,
    "DXAEF": 0.09548143585813734,
    "AMWK": 0.09544930667419431,
    "ANSS": 0.095443294404058,
    "OLB": 0.09512144494312333,
    "NEOM": 0.09494852763710299,
    "MIXT": 0.09489966149406917,
    "ZNAE": 0.09489794117054443,
    "RMNI": 0.09488643332312197,
    "PUSOF": 0.09461772650039257,
    "COIN": 0.09446703269784457,
    "LSPD": 0.09440039801922959,
    "NATI": 0.0943718533256627,
    "NICE": 0.09417762695446918,
    "MCFE": 0.09412175257210446,
    "TNTRQ": 0.093997661388555,
    "HSTA": 0.09381435300456431,
    "VSMR": 0.09355230395927233,
    "ISDSF": 0.09351014062450765,
    "RAAS": 0.09333474656839474,
    "PRO": 0.0929521431432761,
    "MVAIF": 0.09255079056413773,
    "IFAN": 0.09254238788279168,
    "AHIX": 0.09252148305852816,
    "APVS": 0.09205196505885353,
    "APP": 0.09182419444883214,
    "ITMSF": 0.09167277664969099,
    "FSSN": 0.09147486866301736,
    "PHPYF": 0.09143325073006604,
    "SIXD": 0.09138455656956723,
    "PALT": 0.09134086472035356,