{
    "URLOF": 1.0000000000000002,
    "INLAF": 0.2256204263174021,
    "LGLOF": 0.20393658891977104,
    "EXBX": 0.19340720727263108,
    "CRYBF": 0.19329234481226615,
    "SHOP": 0.18999918426782997,
    "IGEN": 0.16838789187481934,
    "EBIX": 0.1612829356907105,
    "BRNWD": 0.15952478952313845,
    "SSNT": 0.15870941835957542,
    "OMQS": 0.15845735023187907,
    "TTMZF": 0.15779641811969225,
    "KTPPF": 0.1571540828609539,
    "VSMR": 0.15637113858635154,
    "MYCLF": 0.1513472598358336,
    "MCLDF": 0.1489139267215674,
    "YPPN": 0.1477839017317777,
    "SPDC": 0.14618449093696376,
    "TEKCF": 0.14615357686542277,
    "HOILF": 0.14614007443468763,
    "EMQU": 0.14343907493890568,
    "AVYA": 0.13393171303078957,
    "ILATF": 0.13348588094735594,
    "KGNR": 0.13003676197131994,
    "SSNC": 0.1287308376840096,
    "KXSCF": 0.12830406178370518,
    "GRWC": 0.12710147061362964,
    "DSNY": 0.12627433433110952,
    "CRBTF": 0.12606426007803098,
    "GAEX": 0.12530697143298078,
    "FDMSF": 0.12374892877807427,
    "CLGUF": 0.12351281431356685,
    "ZI": 0.12343963972863072,
    "UBER": 0.1230883023797446,
    "ISGIF": 0.12273113828841603,
    "DBD": 0.12261274568642638,
    "IONI": 0.12245080998487202,
    "VSBGF": 0.12207962450702109,
    "LINX": 0.1202275589992367,
    "MSP": 0.12018545637612249,
    "TYL": 0.11923708457020456,
    "WORK": 0.1188769665360888,
    "LNKG": 0.11881832048028132,
    "CDTAF": 0.11783511246365229,
    "CHNVF": 0.11668237082185498,
    "HSTA": 0.11654607002966182,
    "TREN": 0.11529042786677812,
    "SNCR": 0.11421212076892438,
    "VDXI": 0.11349879065953455,
    "ATIXF": 0.1131795786154012,
    "HSSHF": 0.11317571199173879,
    "QUMU": 0.11291143604151656,
    "INLX": 0.11268095605746814,
    "UPLD": 0.1112950907574258,
    "DUSYF": 0.11098894674125588,
    "STUO": 0.11085952980663902,
    "AIFS": 0.1103707882333326,
    "MANT": 0.10962991796678825,
    "MCCX": 0.10960116693654884,
    "PUSOF": 0.10889841115063828,
    "AGGG": 0.10817164683920039,
    "LCHD": 0.10811173392944103,
    "AGYS": 0.10798131239522857,
    "OBTX": 0.1079257495614034,
    "MNDO": 0.10780376996954034,
    "IFBD": 0.10777409287375447,
    "MFON": 0.10776685549445275,
    "STTH": 0.10720971733747627,
    "AKRFF": 0.10648447114477454,
    "TCYSF": 0.10601490613917244,
    "VYGVF": 0.10515876354940669,
    "OTEX": 0.10515575379269276,
    "PFSF": 0.10445503733209821,
    "NOW": 0.10416775898265083,
    "COWI": 0.10396156187491165,
    "SHSP": 0.10359834583857336,
    "GCLT": 0.10354771195945883,
    "HUBS": 0.10335633036426436,
    "AMSWA": 0.10316124960660383,
    "ADSV": 0.10311796308659893,
    "VYON": 0.10265443471882126,
    "ZEUCF": 0.10250247336950796,
    "GLOB": 0.10211648744023546,
    "CMNT": 0.10207915243458682,
    "VQSLF": 0.10201627236943156,
    "VLDI": 0.1019640972026076,
    "CRM": 0.10193112041569777,
    "ABXXF": 0.1013257760081862,
    "STMDF": 0.1011146291230145,
    "PMSO": 0.1010569796684939,
    "ABST": 0.10069223271729513,
    "TEUM": 0.10055566605638337,
    "LPSN": 0.10012150408774664,
    "BWLKF": 0.10011436178526109,
    "VCST": 0.0981318810358917,
    "CNWT": 0.09789565018857556,
    "MCFE": 0.09757357335220232,
    "XELA": 0.0974038711418999,
    "XELAU": 0.0974038711418999,
    "OSSIF": 0.0970646349622114,
    "SQCC": 0.09676439766427006,
    "DUOT": 0.09665898873101021,
    "SCDA": 0.09649897543958452,
    "CLWD": 0.09644412683225954,
    "MGIC": 0.09643963608183892,
    "HLLPF": 0.0960741005365829,
    "EGAN": 0.09574380953286953,
    "MOGO": 0.09570891041595536,
    "INVU": 0.0950900103383874,
    "CALX": 0.09497030282100699,
    "ANY": 0.09484898934109459,
    "PLUS": 0.09475605804766342,
    "BMTX": 0.09451553147234208,
    "IICN": 0.09430279221106028,
    "TTTSF": 0.09419878898039229,
    "SYZLF": 0.093526046150854,
    "MVVYF": 0.09342043896033013,
    "LVWD": 0.09313720896886653,
    "GTYH": 0.09291249263498678,
    "ZIMCF": 0.09266435840614887,
    "CREX": 0.09219864123872266,
    "VERB": 0.09218956275688998,
    "EVBG": 0.09204733898805213,
    "DMGGF": 0.09191544714945299,
    "SIXD": 0.09187696621593919,
    "SEEMF": 0.0918389727025429,
    "DOMO": 0.09174621528585185,
    "RWCRF": 0.09152875022039299,
    "SURG": 0.09148763835678969,
    "SVMK": 0.09128418130173942,
    "WDAY": 0.09074377438817391,
    "RLLMF": 0.0906630176792542,
    "KGDEY": 0.0905523808443071,
    "MANH": 0.09032343059719014,
    "GBGPF": 0.09030271634255918,
    "OBLG": 0.09010729442194496,
    "VCLD": 0.0900807616193388,
    "PTOTF": 0.0899926538986481,
    "CICN": 0.08982347780218562,
    "DSGX": 0.08961573264680359,
    "BCOV": 0.0895765999213514,
    "NUAN": 0.08929859141702927,
    "IMMR": 0.08923284879844655,
    "ROIUF": 0.08901552659075239,
    "SOLBF": 0.08892188773726765,
    "QADA": 0.0886856719069251,
    "QADB": 0.0886856719069251,
    "SOFT": 0.08859946755189953,
    "GARLF": 0.0885903665714426,
    "BSQR": 0.08835881488291955,
    "SPONF": 0.08795499015339775,
    "ELBSF": 0.08788362687333048,
    "FICO": 0.08785609062198971,
    "INXSF": 0.08774322887979953,
    "EGHSF": 0.08765229775909729,
    "GLPT": 0.08760158966651548,
    "CNCC": 0.08752599002504972,
    "CGSO": 0.08699558678197207,
    "AGMH": 0.08636249218477486,
    "PBTS": 0.08589618458204612,
    "LUXFF": 0.08584338696205299,
    "PTNYF": 0.08583718882236391,
    "UBMRF": 0.08578319615996573,
    "AZPN": 0.08573858119452722,
    "NMYSF": 0.08569154729149325,
    "SSVC": 0.08569102670680617,
    "PHUN": 0.08555686089213177,
    "APPS": 0.08549070536377859,
    "CDK": 0.08544752563856224,
    "NPACY": 0.08529564820686847,
    "RDVT": 0.08529160171984976,
    "DASTF": 0.08524352572421254,
    "DASTY": 0.08524352572421254,
    "XFCH": 0.08498259585994833,
    "MIXT": 0.08481695625903825,
    "EINF": 0.08465714736337408,
    "KLDI": 0.08439148740735168,
    "RPMT": 0.08422934825634738,
    "NANN": 0.08383640419777263,
    "ANDI": 0.08380073527917369,
    "BRQS": 0.08326221483596392,
    "JG": 0.08305020718272343,
    "BIGC": 0.0829592170660406,
    "JFU": 0.08277448304501826,
    "GSPH": 0.08247340759353956,
    "ELCO": 0.08192481675246029,
    "SPRT": 0.08182747717337598,
    "CNSWF": 0.08179077696997594,
    "ADVC": 0.08176046482625501,
    "PCTY": 0.0815928814977622,
    "NYWKF": 0.08150583521457025,
    "SANT": 0.08143100188962002,
    "LSPD": 0.08140651287830974,
    "JZZI": 0.08137336521770583,
    "CVLT": 0.08111483956382695,
    "INNI": 0.08110902792868943,
    "ALRM": 0.0810705318843199,
    "STNE": 0.08102167125293833,
    "SPT": 0.08092480945113664,
    "RWWI": 0.08072207043009395,
    "UAMM": 0.08019842913483276,
    "VERX": 0.07999048179437848,
    "DPSI": 0.07985921861160349,
    "ADTM": 0.07958157631013071,
    "MDLA": 0.07944020423327057,
    "FSLY": 0.07905417107954775,
    "TNTRQ": 0.0789186686330475,
    "ASFT": 0.07880539971137894,
    "PRCH": 0.07879633388388674,
    "FTFT": 0.07860169714310751,
    "APVS": 0.07858152949643797,
    "PAYD": 0.07858116248788684,
    "AHIX": 0.07853575414635931,
    "LGIQ": 0.07851933226854446,
    "AVGG": 0.07849863684441159,
    "CRNC": 0.0784557196202211,
    "TTD": 0.07827164597793618,
    "CUEN": 0.07820894611860087,
    "AFFN": 0.07813304255326758,
    "WRMA": 0.07763369154658455,
    "ONTF": 0.07761563581948762,
    "SEAC": 0.07757871520144376,
    "PUBM": 0.07754281508863993,
    "PDFS": 0.07739142811415411,
    "PTC": 0.07737785969406233,
    "AVEVF": 0.07737147659246472,
    "AVVYY": 0.07737147659246472,
    "GAHC": 0.07717131892755058,
    "CLSK": 0.0771564978150239,
    "TSRI": 0.0770125435364175,
    "LFIN": 0.07682351586662968,
    "AGPL": 0.07675537090652351,
    "CSOD": 0.07646987085218042,
    "HPTO": 0.07641141450921433,
    "NUKK": 0.07615750252915558,
    "SMRL": 0.07610360921319025,
    "KC": 0.07595765870676165,
    "JAMF": 0.07592284105884711,
    "KARO": 0.07586136043477135,
    "GBUX": 0.07569520760650897,
    "LVBX": 0.07557429012223274,
    "ENV": 0.0754050331903624,