{
    "VQSLF": 1.0000000000000004,
    "QUMU": 0.2886049759187157,
    "EBIX": 0.27758158179082315,
    "MANT": 0.2736000039082846,
    "MDLA": 0.26625797506197185,
    "TEKCF": 0.2620656224380204,
    "INLX": 0.2564007842470661,
    "AMSWA": 0.25454497425685313,
    "XELA": 0.2536889253695067,
    "XELAU": 0.2536889253695067,
    "TTD": 0.24814013879081337,
    "EGAN": 0.2474210459207204,
    "CRM": 0.24697745323913178,
    "VCST": 0.2390861700177633,
    "TYL": 0.23803439320835562,
    "XFCH": 0.23779471961529391,
    "NOW": 0.23635558956202715,
    "STUO": 0.2349268124091912,
    "OTEX": 0.23475174836918827,
    "IICN": 0.2342085904297252,
    "SYZLF": 0.2331770104631713,
    "EGHSF": 0.23282451628606224,
    "UPLD": 0.23039747140638922,
    "SNCR": 0.2301290389734247,
    "LINX": 0.22977875517292293,
    "SSNC": 0.22967852808862124,
    "PLUS": 0.22915228939086646,
    "EVBG": 0.2266029801693922,
    "ARHTF": 0.22175740156456022,
    "GBGPF": 0.22051978893899182,
    "CNWT": 0.21961576628901314,
    "OBLG": 0.2191917438359409,
    "UBER": 0.21784242557812183,
    "SOFT": 0.2171138043556439,
    "ABST": 0.21669491377374925,
    "NPACY": 0.21647435134659604,
    "GLOB": 0.21642263373975065,
    "GRWC": 0.21561541138626708,
    "VLDI": 0.21450618878721844,
    "PAR": 0.21376701616307786,
    "GTYH": 0.21286042218269863,
    "IONI": 0.21195350328243234,
    "VERB": 0.21189896976009484,
    "ROIUF": 0.21173854934803976,
    "DSGX": 0.21119986018640904,
    "KXSCF": 0.21118131784338934,
    "IFBD": 0.2107962510158984,
    "AVYA": 0.21064660643734437,
    "PHUN": 0.20962499080433022,
    "UBMRF": 0.20777079223974462,
    "DPSI": 0.2073182083777493,
    "LPSN": 0.2060402060533964,
    "ALIF": 0.20589277112672014,
    "NUAN": 0.20471669792917702,
    "SPONF": 0.20393349738756383,
    "MVVYF": 0.20391609015247064,
    "OMQS": 0.2034757970122426,
    "DBD": 0.2026422646666072,
    "PUSOF": 0.20249378248340455,
    "MNDO": 0.2021581780855148,
    "PTC": 0.2021417284526758,
    "CICN": 0.20202930119258103,
    "CREX": 0.20133749803626516,
    "AZPN": 0.20110566977594177,
    "GAEX": 0.20082954454968419,
    "SCDA": 0.19929597870776752,
    "SHOP": 0.1988060882335861,
    "CVLT": 0.19878879944167532,
    "DASTF": 0.19859964021429835,
    "DASTY": 0.19859964021429835,
    "SEAC": 0.19828813262277128,
    "MFON": 0.19822862167687,
    "SMSI": 0.19743758339477485,
    "KGDEY": 0.19724214284713681,
    "EVOL": 0.19589275985777538,
    "PEGA": 0.19558997311178897,
    "TTMZF": 0.19513148098985197,
    "PD": 0.1949083864420682,
    "SPT": 0.19457301635881105,
    "AEYE": 0.1939385802503249,
    "DUOT": 0.1936053775809904,
    "OCFT": 0.1935769474253309,
    "ZIMCF": 0.19344628982494835,
    "MGIC": 0.1908206783781222,
    "MODN": 0.19080252046380783,
    "AIFS": 0.19059992872208184,
    "ALRM": 0.19002294716674198,
    "SPDC": 0.18978887485175366,
    "AKRFF": 0.1894483131975902,
    "INTU": 0.1894307775579861,
    "AVEVF": 0.18888955912801458,
    "AVVYY": 0.18888955912801458,
    "TCYSF": 0.18888774509167744,
    "BCOV": 0.18888588590173164,
    "SEEMF": 0.18880263714430626,
    "ATIXF": 0.18856080685866258,
    "SSNT": 0.18851560672692724,
    "ZI": 0.18821668821593385,
    "SOFO": 0.18769554907965583,
    "PMSO": 0.18614041225980965,
    "LAZR": 0.18601289552768074,
    "ADSK": 0.18423274366873776,
    "HLTEF": 0.1839571214985721,
    "IMMR": 0.18350024846682608,
    "SSVC": 0.1828624751198435,
    "IMGI": 0.18283193654760635,
    "SVMK": 0.18277555213896765,
    "ELMFF": 0.18273295461532446,
    "MANH": 0.18258272478523824,
    "CALX": 0.18250382938746845,
    "PRGS": 0.18249925574844958,
    "CLSK": 0.1823481634740574,
    "NYWKF": 0.18185893953206747,
    "SPRT": 0.18156735715857586,
    "WDAY": 0.181564574594626,
    "PSSWF": 0.18108457456409058,
    "SIXD": 0.1809547548301519,
    "MCFE": 0.1807992887358637,
    "ADSV": 0.1807656370100893,
    "CHNVF": 0.18075740648735278,
    "WEMXF": 0.18067668629511827,
    "DDOG": 0.1806536021539304,
    "VBIX": 0.18056612123611404,
    "TSRI": 0.1805657064301368,
    "GVP": 0.18026116840022546,
    "APPS": 0.17948752295048923,
    "STNE": 0.17778157019901544,
    "QADA": 0.17775113877329496,
    "QADB": 0.17775113877329496,
    "CDK": 0.17746176281309367,
    "DPLS": 0.1772858090476935,
    "VCLD": 0.1771179163073386,
    "TMOAF": 0.1768055563939343,
    "TMOAY": 0.1768055563939343,
    "SHSP": 0.17574229412622533,
    "MAPT": 0.17568576106713052,
    "HLLPF": 0.17420961391795145,
    "SANT": 0.1741725283373667,
    "AVOI": 0.17394815367175387,
    "OBTX": 0.17363532292029438,
    "FSLY": 0.17338169754757876,
    "BSQR": 0.1732516067257077,
    "EINF": 0.17310655154281357,
    "FSSN": 0.1722058457323051,
    "TEAM": 0.1721192241191413,
    "KNNNF": 0.1719165908302906,
    "NTWK": 0.1717643371939502,
    "KLDI": 0.17169087868436464,
    "PXAMF": 0.1714543811242268,
    "SMAR": 0.17107978938184307,
    "AGYS": 0.17105861261415614,
    "DSP": 0.17104587747694577,
    "MITK": 0.17080786267570092,
    "APVS": 0.17074545277432912,
    "MSP": 0.16980950388564137,
    "WIGBY": 0.16933864430905965,
    "WTCHF": 0.16933864430905965,
    "AVRI": 0.1691891431117272,
    "CDTAF": 0.16839068031967155,
    "RPD": 0.16837270583206618,
    "COWI": 0.1679910913377425,
    "IGEN": 0.16755241310610397,
    "ILATF": 0.16752231537220696,
    "U": 0.1669724530369697,
    "AGMH": 0.16688920917826397,
    "TEUM": 0.1667499542276217,
    "AWRE": 0.16648450572792947,
    "NCNO": 0.16622938272509086,
    "FICO": 0.16607834377814112,
    "RWWI": 0.1657626510016266,
    "RDVT": 0.1655382481606517,
    "WCAGY": 0.16550554814102741,
    "WRCDF": 0.16550554814102741,
    "ADTM": 0.16548471766804002,
    "VERX": 0.16543263796500113,
    "HSTA": 0.16535362231277484,
    "DUUO": 0.16526497904848267,
    "SURG": 0.16449501606905403,
    "INXSF": 0.164466733288871,
    "PDFS": 0.16425383712440655,
    "MSTR": 0.16407030503167194,
    "ALKT": 0.16398120943598163,
    "LICH": 0.16392821078463313,
    "ADVC": 0.1625856961580329,
    "HUBS": 0.16246477618770946,
    "ACWRF": 0.16174576634778853,
    "RLLMF": 0.16132157774774505,
    "IBSS": 0.16125135724027603,
    "CGSO": 0.16122675092548536,
    "ISGIF": 0.1611731751605843,
    "SMRL": 0.16106493270316347,
    "SREV": 0.16062397074617896,
    "GUESF": 0.16045747580495856,
    "MTLS": 0.16004995255796978,
    "IBEX": 0.15993328140359087,
    "LVWD": 0.15971056426795247,
    "MIXT": 0.15936614564970658,
    "HSCNF": 0.15889691020928598,
    "CNSWF": 0.15883194667991593,
    "FLXI": 0.1587787449835325,
    "TNTRQ": 0.1587486153998095,
    "IRNC": 0.15863670884364686,
    "LSPD": 0.15850714429556642,
    "ITMSF": 0.1581817742809782,
    "ISGN": 0.15802681370872532,
    "ELCO": 0.15779624911814666,
    "COUP": 0.15698336539918226,
    "ABXXF": 0.156867934413788,
    "EPAZ": 0.15669584980294238,
    "SRCO": 0.15648052649842198,
    "HPTO": 0.15623117996906702,
    "WHSPF": 0.1562266659148979,
    "SNNSF": 0.15593258465024393,
    "DMGGF": 0.15569627179486972,
    "LGIQ": 0.15562816429399431,
    "COIN": 0.1554300534779973,
    "AFFN": 0.15541016577353095,
    "EHVVF": 0.15528986894525182,
    "ADCOF": 0.1551889703077771,
    "PCYG": 0.1547077664407806,
    "PSWR": 0.15437367745480524,
    "IMTL": 0.15434983001001748,
    "DSNY": 0.15410826440113465,
    "CSOD": 0.15409361244753622,
    "PBTS": 0.15403335142071542,
    "EXBX": 0.15380381219030384,
    "KTPPF": 0.15362333712884094,
    "NICE": 0.1534829037699147,
    "ELBSF": 0.15294491964421636,
    "LFIN": 0.15266601100404523,
    "CDNS": 0.1526146401953656,
    "ESKEF": 0.15255621146901388,
    "PAYC": 0.1524487626665903,
    "PRCH": 0.15188659494397982,
    "EGHT": 0.15186511337068295,
    "NUKK": 0.1509146290225868,
    "ASFT": 0.15031137833983588,
    "OLB": 0.1501180512401375,
    "VYGVF": 0.14976642267530924,
    "CIH": 0.14976507618416324,
    "LVNSF": 0.14972165340711785,
    "LNKG": 0.14970907121385746,
    "ENV": 0.14948333841065548,