{
    "WHSPF": 1.0000000000000002,
    "RAAS": 0.3165650460123307,
    "AVYA": 0.2572205476226649,
    "TEUM": 0.22911391060789923,
    "CNWT": 0.21045084891194435,
    "PMSO": 0.20880043580040983,
    "XFCH": 0.20481058178698885,
    "STUO": 0.2011167619897909,
    "EGHSF": 0.19505652718795927,
    "EBIX": 0.19461985477575738,
    "SNNSF": 0.18956242969537035,
    "SPT": 0.18910539799481313,
    "ELMFF": 0.1889451032125909,
    "CALX": 0.18802289334689368,
    "PHPYF": 0.1851048061975721,
    "ONCI": 0.17918653823234268,
    "EVBG": 0.17621827351800662,
    "PHUN": 0.17371487333929614,
    "LINX": 0.17278085024908926,
    "SEEMF": 0.17229659765525743,
    "WIGBY": 0.1712673697266896,
    "WTCHF": 0.1712673697266896,
    "ADVC": 0.16926244515554406,
    "EVOL": 0.165081649592067,
    "SNCR": 0.16433157609187132,
    "HUBS": 0.1636899070944049,
    "VLDI": 0.16109653400692123,
    "NUAN": 0.16078248988672095,
    "TYL": 0.15941002609272725,
    "TSRI": 0.1587410364804299,
    "SPONF": 0.1581247038365117,
    "VQSLF": 0.1562266659148979,
    "SHOP": 0.15549683409877474,
    "AMSWA": 0.15464961715000858,
    "MGIC": 0.15423699679701874,
    "VSMR": 0.15309993659678922,
    "CICN": 0.15189839976176311,
    "BTRS": 0.15116947723478247,
    "PEGA": 0.15108331212360493,
    "KC": 0.15089583418557684,
    "CRM": 0.15070613193793783,
    "NAHD": 0.1504851709318377,
    "JZZI": 0.15044074382311642,
    "SOFT": 0.150313167165473,
    "KARO": 0.14974157759469348,
    "SMSI": 0.14927921931520607,
    "KYNS": 0.14880505712699407,
    "JG": 0.14843084954032879,
    "LCHD": 0.14826237991201435,
    "KGDEY": 0.14739987198162946,
    "LPSN": 0.14706180316671974,
    "DUSYF": 0.14607138997961625,
    "OMQS": 0.144844026399064,
    "AELTF": 0.14475169222281736,
    "CHNVF": 0.14462288445651267,
    "ZIMCF": 0.1438468096520675,
    "SYZLF": 0.14368604385325617,
    "NOW": 0.14332729152477353,
    "EGHT": 0.14266151129813728,
    "EGAN": 0.1426582544153889,
    "OBLG": 0.14262912004866973,
    "AKRFF": 0.14172910425037347,
    "PRGS": 0.1412919564822045,
    "VYGVF": 0.14128010543795716,
    "UPLD": 0.141093998316387,
    "CREX": 0.1410115533981358,
    "DPSI": 0.14084191083703895,
    "MANT": 0.14083037632302497,
    "CLRI": 0.14077626834480092,
    "DPLS": 0.1405490995645786,
    "WDAY": 0.14011169312590352,
    "IONI": 0.1400750613039984,
    "CVLT": 0.1396851624949658,
    "DSGX": 0.13963303502160446,
    "DVAR": 0.13865587387160042,
    "NPACY": 0.13849188312007132,
    "TCYSF": 0.1378936799911013,
    "MIXT": 0.13756388001029574,
    "DUOT": 0.13725324920405982,
    "SMAR": 0.13669076753346054,
    "CGSO": 0.13607784047575824,
    "MNDO": 0.1360499978621161,
    "IICN": 0.13562125031238928,
    "IBEX": 0.13536526008169927,
    "MITK": 0.13402765772950084,
    "SHSP": 0.13345997512872054,
    "GAEX": 0.13295476976531967,
    "SSNC": 0.13218972209408966,
    "PALT": 0.13211761399560093,
    "INLX": 0.13205096228125565,
    "SIXD": 0.13154951437980122,
    "DT": 0.13117276509505515,
    "IMMR": 0.13102687474226865,
    "TDCH": 0.130552874140815,
    "VERX": 0.12927595671785982,
    "IFBD": 0.1287862987726507,
    "ABST": 0.12851178671220165,
    "MDLA": 0.1278394084782631,
    "AVOI": 0.12769209744281548,
    "LIQDQ": 0.12745496257000402,
    "OLB": 0.12732149974246937,
    "CLRN": 0.1270508327471597,
    "GBGPF": 0.12671483923528026,
    "SMRL": 0.12636566086652692,
    "TTD": 0.12636466758513107,
    "AFFN": 0.12617741189047682,
    "NYWKF": 0.1258919792692977,
    "SSVC": 0.12575006145400158,
    "OBTX": 0.12559088787436654,
    "RPD": 0.12518494273365252,
    "DV": 0.12357329617413979,
    "DBD": 0.12350745998549885,
    "SMFX": 0.12323698248081003,
    "EINF": 0.12289665551119827,
    "OTEX": 0.12269671640103462,
    "BCOV": 0.12236347245218841,
    "MVVYF": 0.12236141965723984,
    "KBNT": 0.12233919970578905,
    "NXLLF": 0.1222691783782795,
    "MYIDD": 0.12194648101127564,
    "PSSWF": 0.12191997212607822,
    "OLO": 0.1216474654146894,
    "UGHL": 0.12097022154181285,
    "GLOB": 0.12086663077119787,
    "ITMSF": 0.12012633869804172,
    "CMNT": 0.12001090401736546,
    "BRQS": 0.11996877099367784,
    "IRNC": 0.11977019733505158,
    "LVWD": 0.11944464335178057,
    "YALA": 0.11939142209179925,
    "LGIQ": 0.11907895772609386,
    "DDOG": 0.11905358567661309,
    "SVMK": 0.11840039577934439,
    "XELA": 0.11827205771226476,
    "XELAU": 0.11827205771226476,
    "ROIUF": 0.11803627643361742,
    "MFON": 0.11800157547705589,
    "ALIF": 0.11790111030147538,
    "SWISF": 0.117783140256755,
    "TOGL": 0.11777850761661357,
    "SPDC": 0.11738155924562998,
    "U": 0.11708168527382884,
    "MSP": 0.11686055933897252,
    "HSCNF": 0.11681928468737013,
    "OCFT": 0.11658203928651455,
    "PAR": 0.11639809926116215,
    "SSNT": 0.116373914698367,
    "PTC": 0.11606558974418803,
    "TEKCF": 0.11554362365869619,
    "NTWK": 0.11547100606488972,
    "BSQR": 0.11538951342608664,
    "API": 0.11520636140963147,
    "DFTC": 0.11519604093104852,
    "SCDA": 0.11495188159406419,
    "NCNO": 0.11481266011885549,
    "MANH": 0.11472391125955159,
    "HSTA": 0.11466509669941347,
    "LVNSF": 0.11431869742453883,
    "WEMXF": 0.11424928721881264,
    "SNOW": 0.11411641379697902,
    "HPTO": 0.11397287267542489,
    "KNNNF": 0.11373021847433193,
    "GCLT": 0.11350129155786247,
    "LIFX": 0.11342548093064561,
    "APPF": 0.11326203797644975,
    "ZI": 0.11322149121109275,
    "CLTY": 0.11316255293983267,
    "WDLF": 0.11311501632195382,
    "TNTRQ": 0.11277038952913992,
    "ELCO": 0.11260133526291763,
    "GSPH": 0.11251870611851039,
    "AVEVF": 0.11215496937383686,
    "AVVYY": 0.11215496937383686,
    "CUEN": 0.11166128732189323,
    "CIH": 0.11164518740908111,
    "PXPP": 0.11156652532656336,
    "FLXI": 0.11148607672535775,
    "APP": 0.11132415042605792,
    "QADA": 0.11124049769826133,
    "QADB": 0.11124049769826133,
    "OSSIF": 0.11055577284410453,
    "ALKT": 0.11050621650500637,
    "DASTF": 0.11026822088688472,
    "DASTY": 0.11026822088688472,
    "GUESF": 0.10993279486027772,
    "WANSF": 0.10980443141973774,
    "ZTLLF": 0.10927214171556998,
    "GTYH": 0.10903218713713027,
    "MAPT": 0.10894065444013228,
    "KXSCF": 0.10884272757305735,
    "SPRT": 0.10841280612272221,
    "ILATF": 0.10835194674785564,
    "SMAA": 0.10834384295686009,
    "LNKG": 0.10778515306405517,
    "CLSK": 0.10765658494326089,
    "FICO": 0.10756532147578629,
    "COWI": 0.10721124428058564,
    "MCLDF": 0.10702671732829665,
    "LTDH": 0.10683537092660084,
    "QUMU": 0.10674741889303738,
    "AGMH": 0.10666089023293757,
    "DUUO": 0.10662439475566639,
    "GRWC": 0.10651227326975798,
    "AVRI": 0.10640370927583,
    "DXAEF": 0.10638693748902137,
    "ALRM": 0.10607490462631343,
    "TEAM": 0.10597936438451219,
    "ESKEF": 0.10596495158403704,
    "FSLY": 0.105844139858135,
    "APYP": 0.10581406061751708,
    "EPAZ": 0.1052661808026657,
    "DSP": 0.1050666024533455,
    "SREV": 0.10492769802565799,
    "ARCS": 0.10489925600419824,
    "APPS": 0.10485951931222395,
    "PD": 0.10455907564689054,
    "GVP": 0.10444883995319884,
    "AWRE": 0.1044048064558252,
    "VCLD": 0.10433934393864694,
    "QH": 0.10413100116469384,
    "BEMGQ": 0.10401648884195043,
    "PCTY": 0.10370054083451227,
    "COUP": 0.10366925718971748,
    "TEHG": 0.10364005020370078,
    "UAMM": 0.10362002876029795,
    "VERB": 0.10325934185397165,
    "STNE": 0.10322717444458869,
    "IBSS": 0.10299544175335158,
    "VCST": 0.10296197197907876,
    "PAYC": 0.10268156831755414,
    "KGNR": 0.10256624822826167,
    "MCFE": 0.10236789802763623,
    "QGSI": 0.1020446758937785,
    "FHGDF": 0.10196688809069021,
    "INXSF": 0.1018928878267646,
    "NEOM": 0.10184009764889977,
    "BTBT": 0.10153328542932347,
    "SCTN": 0.10152481015030475,
    "SRCO": 0.10124763851353272,
    "INNI": 0.10116982267349826,
    "CDK": 0.10104662981065951,
    "NMYSF": 0.10104203696423907,
    "MODN": 0.10102888752653497,