{
    "ELIO": 1.0,
    "ELCR": 0.19337876750682037,
    "ARVL": 0.18895059984614382,
    "FSR": 0.18401592381107332,
    "GP": 0.15993163794885634,
    "LMWW": 0.1457164958751737,
    "NKLA": 0.14269105833849616,
    "EXXRF": 0.14167036158873167,
    "MMTOF": 0.13991968722675308,
    "WKHS": 0.13894034500195113,
    "GKIT": 0.13763531135929058,
    "TTM": 0.13165223300415743,
    "SOLO": 0.13093494666098718,
    "TSLA": 0.12913761766621382,
    "GACR": 0.1276180538549756,
    "XPEV": 0.1272228708782907,
    "NIO": 0.12589748747571283,
    "LI": 0.12327602795879532,
    "ISUZF": 0.121793372103276,
    "ISUZY": 0.121793372103276,
    "GELYF": 0.12093915939288778,
    "GELYY": 0.12093915939288778,
    "AYRO": 0.11888376156673894,
    "GOEV": 0.11708964995796814,
    "NSANF": 0.1167770811783734,
    "NSANY": 0.1167770811783734,
    "RNLSY": 0.11663277650832185,
    "RNSDF": 0.11663277650832185,
    "FUJHF": 0.11652649728712011,
    "FUJHY": 0.11652649728712011,
    "BAMXF": 0.1131649249332495,
    "BMWYY": 0.1131649249332495,
    "BYMOF": 0.1131649249332495,
    "NFYEF": 0.11203498049745134,
    "GM": 0.10823427192946028,
    "HINOY": 0.10594658703180643,
    "BYDDF": 0.10591467696914307,
    "BYDDY": 0.10591467696914307,
    "BUSXD": 0.09846489526012818,
    "DNFGF": 0.0954493910823602,
    "DNFGY": 0.0954493910823602,
    "SZKMF": 0.09518213983606283,
    "SZKMY": 0.09518213983606283,
    "FOVSY": 0.09304190490399279,
    "SMEBF": 0.09155178005179895,
    "VLKAF": 0.09081767649985845,
    "VLKPF": 0.09081767649985845,
    "VWAPY": 0.09081767649985845,
    "RIDE": 0.09028716568554807,
    "F": 0.08944053742961092,
    "MZDAF": 0.08627630041736593,
    "MZDAY": 0.08627630041736593,
    "GWLLF": 0.08619431300421972,
    "GWLLY": 0.08619431300421972,
    "TM": 0.08541514383872367,
    "TOYOF": 0.08541514383872367,
    "BLBD": 0.08435898085622522,
    "JCYCF": 0.08418603101603693,
    "JCYGY": 0.08418603101603693,
    "MAHMF": 0.08385464480301788,
    "GNZUF": 0.0824269342509528,
    "STLA": 0.08133410122828166,
    "NIU": 0.08063868150209108,
    "BMCLF": 0.0794129417511018,
    "CSBI": 0.07877644552026995,
    "HYMTF": 0.07464858928239539,
    "TYIDF": 0.07367828099912034,
    "TYIDY": 0.07367828099912034,
    "BCAUY": 0.0675579124706885,
    "AMGDF": 0.06650789037465682,
    "ARGGY": 0.06650789037465682,
    "RACE": 0.06566216663403839,
    "YAMHF": 0.060986554458866235,
    "KRSOF": 0.060444167766581354,
    "HMC": 0.05879052752467579,
    "HNDAF": 0.05879052752467579,
    "DDAIF": 0.056262434627396045,
    "DMLRY": 0.056262434627396045,
    "POAHF": 0.049363008996206624,
    "POAHY": 0.049363008996206624
}