{
    "EXXRF": 1.0000000000000004,
    "STLA": 0.4466738207794941,
    "SMEBF": 0.4129621982643007,
    "NSANF": 0.3937720615271426,
    "NSANY": 0.3937720615271426,
    "MAHMF": 0.385711806622395,
    "VLKAF": 0.36414340511267773,
    "VLKPF": 0.36414340511267773,
    "VWAPY": 0.36414340511267773,
    "RNLSY": 0.36248334039732466,
    "RNSDF": 0.36248334039732466,
    "FUJHF": 0.35801120409988085,
    "FUJHY": 0.35801120409988085,
    "TM": 0.34984556061330824,
    "TOYOF": 0.34984556061330824,
    "BAMXF": 0.34866276401390384,
    "BMWYY": 0.34866276401390384,
    "BYMOF": 0.34866276401390384,
    "TTM": 0.34313916106498477,
    "BYDDF": 0.3427016850561193,
    "BYDDY": 0.3427016850561193,
    "TYIDF": 0.3360143732293327,
    "TYIDY": 0.3360143732293327,
    "JCYCF": 0.325793257577427,
    "JCYGY": 0.325793257577427,
    "GELYF": 0.32446231526633185,
    "GELYY": 0.32446231526633185,
    "TSLA": 0.32240751895505393,
    "DNFGF": 0.3216839811186577,
    "DNFGY": 0.3216839811186577,
    "BMCLF": 0.32013683647136276,
    "RACE": 0.3041161878876139,
    "GNZUF": 0.30228672903710563,
    "GACR": 0.28130620640335435,
    "BCAUY": 0.27913107132513554,
    "F": 0.2686646398771004,
    "HMC": 0.26721056769139795,
    "HNDAF": 0.26721056769139795,
    "DDAIF": 0.2671417226423646,
    "DMLRY": 0.2671417226423646,
    "GWLLF": 0.2655098688052425,
    "GWLLY": 0.2655098688052425,
    "NIO": 0.2627891432950601,
    "MMTOF": 0.2601951731111627,
    "FOVSY": 0.2555906855227597,
    "ISUZF": 0.2522706030898652,
    "ISUZY": 0.2522706030898652,
    "HYMTF": 0.24515451220184237,
    "HINOY": 0.2389581366039958,
    "GM": 0.23766921017647877,
    "NIU": 0.2370477061065328,
    "ARVL": 0.2349089029485767,
    "NFYEF": 0.23440625868748097,
    "POAHF": 0.23275282198897473,
    "POAHY": 0.23275282198897473,
    "GP": 0.22628357471411756,
    "XPEV": 0.2179327903279381,
    "KRSOF": 0.21766195194740928,
    "YAMHF": 0.21489740606082608,
    "BLBD": 0.21165299429154202,
    "CSBI": 0.2104116667107656,
    "GOEV": 0.21017787615446415,
    "GKIT": 0.2088976392191353,
    "BUSXD": 0.20576203820759048,
    "MZDAF": 0.20294347961295806,
    "MZDAY": 0.20294347961295806,
    "SZKMF": 0.19314955136209838,
    "SZKMY": 0.19314955136209838,
    "SOLO": 0.1893341947758393,
    "WKHS": 0.1884337736298291,
    "AMGDF": 0.177263790869423,
    "ARGGY": 0.177263790869423,
    "LMWW": 0.17724270677617263,
    "NKLA": 0.16728798647311005,
    "ELCR": 0.1560419626345711,
    "AYRO": 0.15305754857696127,
    "ELIO": 0.14167036158873167,
    "FSR": 0.11902930136978417,
    "LI": 0.11421361220930207,
    "RIDE": 0.0860176055476638
}