{
    "GOEV": 1.0,
    "DNFGF": 0.2213821128267816,
    "DNFGY": 0.2213821128267816,
    "WKHS": 0.21273873812859775,
    "EXXRF": 0.21017787615446415,
    "GP": 0.2097807111586003,
    "TSLA": 0.2063053494019712,
    "TTM": 0.19868721462475813,
    "F": 0.1968426858464568,
    "NIO": 0.1959977465391563,
    "GELYF": 0.19588916950521398,
    "GELYY": 0.19588916950521398,
    "NSANF": 0.19570952975011374,
    "NSANY": 0.19570952975011374,
    "VLKAF": 0.19232445530226186,
    "VLKPF": 0.19232445530226186,
    "VWAPY": 0.19232445530226186,
    "GACR": 0.19090247321845288,
    "ELCR": 0.1901879874332809,
    "RNLSY": 0.1887702027452025,
    "RNSDF": 0.1887702027452025,
    "BYDDF": 0.17595237394090918,
    "BYDDY": 0.17595237394090918,
    "SMEBF": 0.1732574225044527,
    "FUJHF": 0.17276535026328899,
    "FUJHY": 0.17276535026328899,
    "JCYCF": 0.17107345468780136,
    "JCYGY": 0.17107345468780136,
    "AYRO": 0.16976415186917312,
    "BUSXD": 0.1689977297688131,
    "MAHMF": 0.1680774717434907,
    "GM": 0.1672617607059752,
    "GNZUF": 0.16642483700279248,
    "ARVL": 0.1648851973597329,
    "BAMXF": 0.16472055426286028,
    "BMWYY": 0.16472055426286028,
    "BYMOF": 0.16472055426286028,
    "TM": 0.15881056463695162,
    "TOYOF": 0.15881056463695162,
    "SOLO": 0.15466420210652687,
    "FSR": 0.1520885953705753,
    "BCAUY": 0.14999545962991714,
    "GKIT": 0.14990844709341838,
    "MMTOF": 0.14877741200243702,
    "GWLLF": 0.14775233990277073,
    "GWLLY": 0.14775233990277073,
    "YAMHF": 0.14532818115533014,
    "ISUZF": 0.14265032340541944,
    "ISUZY": 0.14265032340541944,
    "XPEV": 0.1422066333206683,
    "FOVSY": 0.13836719477426523,
    "LMWW": 0.13802669097134979,
    "HINOY": 0.13699705504652904,
    "SZKMF": 0.1362041920481087,
    "SZKMY": 0.1362041920481087,
    "BMCLF": 0.13461480728014447,
    "RACE": 0.13440910210251575,
    "HYMTF": 0.13440508734547912,
    "BLBD": 0.13329839565072799,
    "NIU": 0.131395333318203,
    "HMC": 0.13104885838045768,
    "HNDAF": 0.13104885838045768,
    "STLA": 0.13089243445699839,
    "AMGDF": 0.12972992774731165,
    "ARGGY": 0.12972992774731165,
    "NFYEF": 0.12944860329720229,
    "POAHF": 0.12740981895218825,
    "POAHY": 0.12740981895218825,
    "TYIDF": 0.12620919197474437,
    "TYIDY": 0.12620919197474437,
    "MZDAF": 0.12130618504518445,
    "MZDAY": 0.12130618504518445,
    "ELIO": 0.11708964995796814,
    "LI": 0.11591386672780614,
    "CSBI": 0.11086476362720891,
    "NKLA": 0.11039525712246229,
    "DDAIF": 0.10794419131106897,
    "DMLRY": 0.10794419131106897,
    "KRSOF": 0.09024579769518495,
    "RIDE": 0.0765701003830856
}