{
    "HYMTF": 1.0000000000000002,
    "TM": 0.31521121459363505,
    "TOYOF": 0.31521121459363505,
    "NSANF": 0.2497967010323298,
    "NSANY": 0.2497967010323298,
    "EXXRF": 0.24515451220184237,
    "BYDDF": 0.24415377805686864,
    "BYDDY": 0.24415377805686864,
    "SMEBF": 0.2295164316949089,
    "VLKAF": 0.22722501637315434,
    "VLKPF": 0.22722501637315434,
    "VWAPY": 0.22722501637315434,
    "MAHMF": 0.2271363477564812,
    "GELYF": 0.2219181722753041,
    "GELYY": 0.2219181722753041,
    "FUJHF": 0.22173814834951053,
    "FUJHY": 0.22173814834951053,
    "GACR": 0.22062110810707958,
    "DNFGF": 0.22048280324397598,
    "DNFGY": 0.22048280324397598,
    "BAMXF": 0.21613536399998687,
    "BMWYY": 0.21613536399998687,
    "BYMOF": 0.21613536399998687,
    "BMCLF": 0.21162139132227317,
    "RNLSY": 0.20944196165965068,
    "RNSDF": 0.20944196165965068,
    "GNZUF": 0.20672943183073722,
    "JCYCF": 0.2043965291691258,
    "JCYGY": 0.2043965291691258,
    "GWLLF": 0.196685489930628,
    "GWLLY": 0.196685489930628,
    "TSLA": 0.19129139032089362,
    "MMTOF": 0.19048320247395573,
    "TYIDF": 0.18702024940036407,
    "TYIDY": 0.18702024940036407,
    "NFYEF": 0.18652956742625,
    "STLA": 0.18446663914797898,
    "F": 0.18320694943119922,
    "TTM": 0.18250145436056658,
    "DDAIF": 0.17231994051646743,
    "DMLRY": 0.17231994051646743,
    "NIO": 0.17223075573232371,
    "GM": 0.16831719213968616,
    "ARVL": 0.16748565039012148,
    "ISUZF": 0.164831121346337,
    "ISUZY": 0.164831121346337,
    "HINOY": 0.16091325305419166,
    "BCAUY": 0.1559831486407757,
    "GP": 0.15553534230714086,
    "FOVSY": 0.1552343073474834,
    "HMC": 0.1543762880912825,
    "HNDAF": 0.1543762880912825,
    "POAHF": 0.15171076458066787,
    "POAHY": 0.15171076458066787,
    "KRSOF": 0.1500032824361425,
    "SOLO": 0.14821438817864696,
    "ELCR": 0.14724438827187952,
    "RACE": 0.14603035792255514,
    "XPEV": 0.14303189296417837,
    "MZDAF": 0.13750469998960782,
    "MZDAY": 0.13750469998960782,
    "NIU": 0.1368833094014833,
    "YAMHF": 0.13662038611268196,
    "GOEV": 0.13440508734547912,
    "GKIT": 0.12915330828237429,
    "BUSXD": 0.12549861219874633,
    "SZKMF": 0.12549799879144305,
    "SZKMY": 0.12549799879144305,
    "BLBD": 0.12356806400560312,
    "WKHS": 0.12321647711841383,
    "AMGDF": 0.12275789955400669,
    "ARGGY": 0.12275789955400669,
    "NKLA": 0.1227040952635022,
    "FSR": 0.11032656184484564,
    "LMWW": 0.10396507800149984,
    "CSBI": 0.10135755382809886,
    "AYRO": 0.09958388261581833,
    "LI": 0.09800967529557418,
    "ELIO": 0.07464858928239539,
    "RIDE": 0.05306116493385062
}