{
    "AIMH": 1.0000000000000002,
    "GRNQ": 0.34061089372762027,
    "BLNC": 0.33201577881109856,
    "FCN": 0.3110037607668734,
    "CRAI": 0.3017246043750869,
    "ICFI": 0.2939733484354059,
    "SYNJ": 0.27795281954961115,
    "RGP": 0.2778671307817866,
    "RPSGF": 0.27532026300820994,
    "CRWE": 0.2588009087552379,
    "VRSK": 0.24731839855536863,
    "INFO": 0.23989072931894792,
    "HURN": 0.23966478133411986,
    "ISAT": 0.23324371524245816,
    "SGSOF": 0.23279140814674912,
    "SGSOY": 0.23279140814674912,
    "TLPFF": 0.22821524942553653,
    "TLPFY": 0.22821524942553653,
    "FORR": 0.22521469563839439,
    "BWMN": 0.22176683289875934,
    "BLDV": 0.219652037078187,
    "KMNCF": 0.2164061750436292,
    "STWC": 0.21628971295552804,
    "DCAC": 0.21158847931241218,
    "BVRDF": 0.21053461476121693,
    "WWIN": 0.21039559208727887,
    "BAH": 0.20542485295947324,
    "EFX": 0.20328312399945556,
    "LGBS": 0.19321133111447844,
    "AMMJ": 0.18724104317989296,
    "MRDH": 0.18703898240924136,
    "GPLS": 0.1848708733181083,
    "IKTSF": 0.18154245764573992,
    "IKTSY": 0.18154245764573992,
    "ADHC": 0.18135626748465883,
    "EXPO": 0.1802660181818025,
    "ORYX": 0.17668047394606334,
    "NLSN": 0.1751468498651658,
    "TRU": 0.172369433589631,
    "FC": 0.1711626564540163,
    "ENCC": 0.16880993131064234,
    "ULNV": 0.16553593812638645,
    "AMCT": 0.16546135958761177,
    "EXPGF": 0.16354551346212198,
    "EXPGY": 0.16354551346212198,
    "DFCO": 0.16118381557549072,
    "SDH": 0.15868579531982982,
    "ARGC": 0.1577182954941424,
    "SHWZ": 0.15040423241911308,
    "AESO": 0.14631107042785244,
    "SGSI": 0.13972257307863556,
    "TRI": 0.13614155875718237,
    "BDCM": 0.1355630863364287,
    "QPRC": 0.13156041075541933,
    "ARMC": 0.12481163176156149,
    "AYAG": 0.11678188117263774,
    "GTVH": 0.11629780675315407,
    "RGLG": 0.11490388809268194,
    "FLCX": 0.10944125848103464,
    "SGDH": 0.10413651481457194,
    "WSCO": 0.10410867232885179,
    "CANN": 0.09807593015140892,
    "XNDA": 0.09158585093630468,
    "PCHK": 0.08204024405055857
}