{
    "BDCM": 1.0000000000000002,
    "ICFI": 0.2071662305047429,
    "INFO": 0.20250759466603513,
    "GRNQ": 0.1930683802896292,
    "VRSK": 0.19285679138023112,
    "BVRDF": 0.18722135912967466,
    "FCN": 0.18370114559322379,
    "KMNCF": 0.17935271726516716,
    "EFX": 0.17893691559230623,
    "CRAI": 0.17417721927914462,
    "FORR": 0.17335341732022147,
    "SGSOF": 0.16972339586451246,
    "SGSOY": 0.16972339586451246,
    "STWC": 0.16857843495516772,
    "IKTSF": 0.16304381788666863,
    "IKTSY": 0.16304381788666863,
    "RGP": 0.16128052016504876,
    "HURN": 0.15795582527995686,
    "TRU": 0.15554667902895214,
    "BAH": 0.1519563777249365,
    "RPSGF": 0.15135617362960097,
    "CRWE": 0.1510688202568896,
    "EXPGF": 0.14977452806120034,
    "EXPGY": 0.14977452806120034,
    "MRDH": 0.14953610249689409,
    "EXPO": 0.14769431823823156,
    "RGLG": 0.14583273721013154,
    "SGSI": 0.14436439761106343,
    "BWMN": 0.14409915046550678,
    "AIMH": 0.1355630863364287,
    "ARMC": 0.135496180056154,
    "AMMJ": 0.13357321041538264,
    "BLNC": 0.131033780252655,
    "SYNJ": 0.1261482983065648,
    "AYAG": 0.12226003588943932,
    "SDH": 0.12113470773066633,
    "DFCO": 0.12066806914250638,
    "TLPFF": 0.1200889794351794,
    "TLPFY": 0.1200889794351794,
    "AESO": 0.11949932996255541,
    "SHWZ": 0.11912834242886691,
    "FC": 0.11721763412527769,
    "NLSN": 0.11407811867331012,
    "TRI": 0.1139460578809147,
    "DCAC": 0.11252589476515494,
    "ARGC": 0.10875826795169574,
    "BLDV": 0.10530585993767946,
    "ENCC": 0.10455081497867105,
    "WWIN": 0.10200757652684658,
    "ULNV": 0.10155568469953229,
    "AMCT": 0.10032239155792783,
    "GPLS": 0.09653079136323406,
    "ORYX": 0.09286977021325435,
    "ISAT": 0.08937809869123085,
    "CANN": 0.08870265604393865,
    "SGDH": 0.08458986149896432,
    "ADHC": 0.08163834621695067,
    "LGBS": 0.07873248564888816,
    "FLCX": 0.07356577672254745,
    "XNDA": 0.06672324312589724,
    "QPRC": 0.06548337707417465,
    "PCHK": 0.06444397076807781,
    "WSCO": 0.05950800788685439,
    "GTVH": 0.047773760515005155
}