{
    "CNDL": 1.0000000000000002,
    "HKSHY": 0.28214486595808963,
    "SHALF": 0.22465922616826353,
    "SHALY": 0.22465922616826353,
    "KCKSF": 0.2246033033081443,
    "GEAHF": 0.2222586399335606,
    "ACCYY": 0.2165898167024794,
    "ACRFF": 0.2165898167024794,
    "MAORF": 0.19607324147661803,
    "MNOIY": 0.19607324147661803,
    "HAZH": 0.18960457936998212,
    "SKTP": 0.18219846291746283,
    "SKTPP": 0.18219846291746283,
    "CAGU": 0.1768175930578488,
    "CHH": 0.16945264360012807,
    "WH": 0.16205914140603012,
    "PRSI": 0.16165372361278757,
    "INTG": 0.16048610576407718,
    "GHG": 0.1603858688570719,
    "HTHT": 0.14906525441445262,
    "HFUS": 0.14128780955241965,
    "CLKFF": 0.13583054155451815,
    "ICHGF": 0.13196191976179866,
    "IHG": 0.13196191976179866,
    "BUHF": 0.13160377524845152,
    "H": 0.11363395556295226,
    "STAY": 0.1109490710689901,
    "HLT": 0.1061285558379746,
    "MAR": 0.0995665130442437,
    "SOST": 0.0958978168736142,
    "GUORY": 0.09338086373609177,
    "SMIZF": 0.08107320749448148
}