{
    "HASI": 1.0000000000000007,
    "AFCG": 0.240979440634039,
    "FPI-PB": 0.1917012257785378,
    "FPI": 0.1917012257785378,
    "PW": 0.1727753326026188,
    "CXW": 0.16392945554943805,
    "UNIT": 0.1639282591550875,
    "PCH": 0.14527575899452252,
    "GLPI": 0.1382886533801782,
    "CONE": 0.12754333189732214,
    "IRM": 0.12721772042547325,
    "RYN": 0.11600949307310306,
    "OUT": 0.10861123691026879,
    "CTT": 0.10769774170062116,
    "WY": 0.10498223939952613,
    "CCI": 0.1042000258559376,
    "SBAC": 0.10316827760141731,
    "EQIX": 0.09851064819405468,
    "LAMR": 0.09813018177499727,
    "AMT": 0.04757712144981492
}