{
    "ALTX": 1.0000000000000002,
    "ARET": 0.3408330014602379,
    "WLL": 0.30179061024383746,
    "SM": 0.25633877538154504,
    "MCF": 0.2559224466573855,
    "XEC": 0.2547681056448533,
    "XOG": 0.25070413832387883,
    "NRIS": 0.2493069539600717,
    "PVAC": 0.24184341690535283,
    "PDCE": 0.24060336667912888,
    "BCEI": 0.2381935963460011,
    "BATL": 0.23500882376734403,
    "JNEXF": 0.23074807705985603,
    "USEG": 0.22803574736150645,
    "DDRIQ": 0.22746902044680736,
    "PXD": 0.22691123985977846,
    "BTEGF": 0.22520129290857968,
    "PARXF": 0.22486907433574843,
    "MXC": 0.22378126797278136,
    "FECCF": 0.22345514186635318,
    "DEN": 0.22148825377216716,
    "MRO": 0.21968961461771983,
    "GTE": 0.21856931435383853,
    "PSSS": 0.2172272720289293,
    "NOG": 0.2171559252014543,
    "MNRL": 0.21709039060928864,
    "CRBO": 0.21607329088649602,
    "CRK": 0.21346573569719843,
    "PHX": 0.2124425558474015,
    "TAPOF": 0.21234987772324754,
    "EOG": 0.2113695199430229,
    "SPND": 0.21008776996968415,
    "CHK": 0.2096574674080388,
    "VIST": 0.2088574089611185,
    "VSOGF": 0.2088574089611185,
    "ANTGF": 0.20754475073064593,
    "OVV": 0.20493405155531025,
    "GDP": 0.20197007336579545,
    "CETG": 0.20188858248767888,
    "TALO": 0.2008333999874424,
    "AMEN": 0.20041637404092627,
    "ROYL": 0.19920243982606023,
    "PYDPF": 0.1985695129843077,
    "BCHEY": 0.197690683704545,
    "BEPTF": 0.197690683704545,
    "YGRAF": 0.1967616297649602,
    "REPX": 0.19525300181954516,
    "ESTE": 0.19524639089188361,
    "STTX": 0.19471946100181786,
    "EPSN": 0.19369567721468484,
    "MTR": 0.19262093983624626,
    "COG": 0.19157468797850077,
    "IPRC": 0.19144848195072167,
    "CRLFF": 0.18999749331749924,
    "CLR": 0.18920125157493858,
    "AXAS": 0.18885435341357287,
    "DWOG": 0.18873823604162782,
    "BIREF": 0.18867441516076727,
    "BRY": 0.18757232431361145,
    "OAS": 0.18612965329667627,
    "MVO": 0.18526515486254408,
    "REI": 0.1848323477357207,
    "BSM": 0.18482837354382659,
    "ROYTL": 0.18466441200186892,
    "PTHRF": 0.184258934506126,
    "AXGC": 0.18425139700055246,
    "AETUF": 0.18325935364666593,
    "FTMR": 0.18291083861490529,
    "QOIL": 0.18261143708496477,
    "FANG": 0.18180739049533762,
    "PNRG": 0.18064660506391825,
    "CEI": 0.18055326576792585,
    "COGLF": 0.1802701000259265,
    "FTXP": 0.1801675231285631,
    "FNRC": 0.17991196135422466,
    "WTI": 0.1793037354231338,
    "SWN": 0.17922120366017488,
    "HPK": 0.17857858815352667,
    "IXOG": 0.17824470817293045,
    "EXCE": 0.1781256576348754,
    "EXNT": 0.17787797656120594,
    "PIFYF": 0.17747627974537233,
    "TUWLF": 0.1770027596724072,
    "TUWOY": 0.1770027596724072,
    "AMPY": 0.17698992447987133,
    "SD": 0.17663554544773635,
    "HDYNQ": 0.17555775516614186,
    "LPI": 0.1754050831944512,
    "ATPGQ": 0.1746921586991715,
    "OISHF": 0.17417608311600666,
    "OISHY": 0.17417608311600666,
    "TRCH": 0.17415672941285396,
    "SOGFF": 0.1741010718967441,
    "SRMLF": 0.17384046925143193,
    "EFIR": 0.17359432603153144,
    "MTDR": 0.1734138225723363,
    "TCEC": 0.17335764827078118,
    "CDID": 0.17231611592413798,
    "FOLGF": 0.17210426558500794,
    "CRC": 0.1717633781165028,
    "CWEGF": 0.17163362949941216,
    "HES": 0.17137562595868147,
    "ERF": 0.1711074384392678,
    "DELKY": 0.17086337924982578,
    "DLKGF": 0.17086337924982578,
    "CNUCF": 0.169998763413963,
    "ENQUF": 0.16992849226991583,
    "HZNFF": 0.16976526821499044,
    "BBLS": 0.16965690626929655,
    "AUNXF": 0.16899480559971283,
    "GASE": 0.16871880463803285,
    "PRIEF": 0.16816007887955922,
    "PNRC": 0.16750058875448084,
    "RSRV": 0.16733421086037276,
    "NFEI": 0.16732582183375752,
    "ZPTAF": 0.16638932165945453,
    "ZDEXF": 0.16572075608116915,
    "CDEV": 0.16485884211537116,
    "GPORQ": 0.1647661665535856,
    "BERI": 0.16458265322095705,
    "AMAZ": 0.16412292248922655,
    "KGEIF": 0.16409097600727993,
    "WCHEF": 0.16392874090272874,
    "AKVA": 0.16342071874980202,
    "DBRM": 0.16330594786909533,
    "BYROF": 0.16321161625380662,
    "INDO": 0.162282345160633,
    "CNRR": 0.1616799840486589,
    "BRNGF": 0.1615735791187925,
    "PSTRQ": 0.16071557377688545,
    "HUSA": 0.16067005144773544,
    "RRC": 0.15989293449973374,
    "FECOF": 0.15982920150122518,
    "TXSO": 0.15941767189569778,
    "SFPI": 0.15924243572983288,
    "ATHOF": 0.1587010289878254,
    "TRSI": 0.15857806636912786,
    "RITE": 0.15854360531494535,
    "EWPMF": 0.15837935873497208,
    "RKOS": 0.15837164419047764,
    "SPOWF": 0.15759319940939598,
    "AR": 0.1572745593626029,
    "UAPC": 0.15710078933070235,
    "ALOD": 0.15660169846583208,
    "KDKN": 0.1560882928747864,
    "SPLM": 0.1560337624458921,
    "CHKR": 0.15576843298851734,
    "WTXR": 0.15553246335617554,
    "ROAOF": 0.15545975284286,
    "BLMC": 0.15536131467677766,
    "VET": 0.15407091611439222,
    "CPE": 0.1526452392764491,
    "CYNS": 0.15256671216096027,
    "STDE": 0.15247338205915678,
    "BROE": 0.15182853627500492,
    "BRN": 0.15125521170479364,
    "EQT": 0.15111196544810426,
    "PQEFF": 0.15084888577719893,
    "AOGC": 0.15047346280175036,
    "SBOW": 0.1503705461500377,
    "COIL": 0.14888671131862177,
    "VNLEF": 0.14885898119055466,
    "IPXHF": 0.14792240033877768,
    "IPXHY": 0.14792240033877768,
    "OILY": 0.1465100963792362,
    "STGAF": 0.14601712034989864,
    "BNEFF": 0.14545099883357782,
    "MUR": 0.1453543187258268,
    "PSHIF": 0.1450535363733158,
    "MKGP": 0.14504240022644607,
    "VOC": 0.145023020845675,
    "AECFF": 0.14471761891373383,
    "APA": 0.14418811162165657,
    "PCOGF": 0.1441546097521576,
    "TAOIF": 0.1440970781055116,
    "TGA": 0.14378498168461332,
    "UVSE": 0.14367087805593984,
    "SMBZF": 0.1434161941188023,
    "DTNOF": 0.14299146613088115,
    "DTNOY": 0.14299146613088115,
    "REOS": 0.14297746102614473,
    "XBOR": 0.14278859666685728,
    "APHE": 0.1427549994114069,
    "HMENF": 0.14267805813329865,
    "PED": 0.14259322218831133,
    "ARGYF": 0.14239141072554232,
    "PMGYF": 0.14238459562876482,
    "TBDYF": 0.1422867108556156,
    "EPM": 0.14227910078799977,
    "SBR": 0.14216956682042348,
    "NZEOF": 0.14195125060958236,
    "NKRSF": 0.14183660782803675,
    "OOIL": 0.14183129404394518,
    "PVRS": 0.1415406665801417,
    "ONTRF": 0.1410541929215557,
    "PBEGF": 0.14074911637036863,
    "HENC": 0.14042351588042823,
    "PERS": 0.1400363531652248,
    "LONE": 0.1398328540287814,
    "EMPR": 0.13973203562740616,
    "JRNGF": 0.13971078347168656,
    "TTEN": 0.1395218294443256,
    "PRPRF": 0.1387550753509548,
    "HRST": 0.13840479292883015,
    "PNWRF": 0.13835395618714638,
    "EERGF": 0.13813158475178938,
    "SPGYF": 0.1381288747540715,
    "TRMLF": 0.1378988302713009,
    "OEDVQ": 0.137791811799867,
    "HENI": 0.13754382271204116,
    "POEFF": 0.13748750700563508,
    "PTRUF": 0.1374644027996307,
    "ECCE": 0.13731732827968088,
    "EGY": 0.13725444374077433,
    "CPG": 0.13699206848727535,
    "CWVLF": 0.13664403655571059,
    "MDMP": 0.13647839676036555,
    "SQZZF": 0.13597412478072263,
    "MKRYF": 0.13543536580190302,
    "VKIN": 0.13534212410870874,
    "WHZT": 0.13525539056613092,
    "ALVOF": 0.13477578867675707,
    "CNQ": 0.1346953449069198,
    "NSLPQ": 0.1344104496467795,
    "PFNO": 0.1336203784656653,
    "IPOOF": 0.13345208635455805,
    "COHG": 0.13336024935538704,
    "PEYUF": 0.13307785523181123,
    "MNVN": 0.13261850599039193,
    "STSC": 0.13247143221711538,
    "FLMN": 0.13189086004401523,
    "BPIGF": 0.13187545999597305,
    "AAVVF": 0.1316988354645974,
    "XCPT": 0.13154751457221292,
    "FDMQQ": 0.13132043850583583,
    "RDOIF": 0.1306971742245281,
    "PCQRF": 0.1306825954302068,
    "RDFEF": 0.13054820562463562,
    "PTCO": 0.12960093636089412,
    "SPRN": 0.12959514228190958,
    "BYOGF": 0.12937699878335981,
    "OPTBF": 0.12920033928214533,
    "MGY": 0.12912217049433336,