{
    "BERI": 1.0,
    "BWPC": 0.3386612257154348,
    "ESSE": 0.2697340186978615,
    "WTXR": 0.2438878784439702,
    "AMEN": 0.2424849141063109,
    "SBR": 0.23278395676225572,
    "TRKX": 0.2252843398274887,
    "AZZEF": 0.22282964759181156,
    "KRP": 0.2205501903310404,
    "NOG": 0.22014212936544697,
    "FRHLF": 0.21533800858225924,
    "MTR": 0.20925171577219848,
    "MNRL": 0.20922538746004352,
    "TRCH": 0.2042062628992314,
    "PRIEF": 0.2038287281149756,
    "DMLP": 0.20194276381197182,
    "PNRG": 0.20157250771815194,
    "FTMR": 0.1990773532748513,
    "TXSO": 0.19710921513901394,
    "CNRR": 0.19635794587892838,
    "SPRN": 0.19435892796938972,
    "EFIR": 0.191793084976998,
    "CRK": 0.19150526874306753,
    "ALOD": 0.1913754714159018,
    "CRT": 0.18960013064396777,
    "RSRV": 0.18778614732270563,
    "MXC": 0.18768720666755406,
    "PVRS": 0.18686310424231506,
    "JNEXF": 0.18467250644998323,
    "XBOR": 0.1844614271983568,
    "CNUCF": 0.18419782139377786,
    "STSC": 0.18413133345764487,
    "SBOW": 0.18377022892284836,
    "IPRC": 0.18323406132264056,
    "PDCE": 0.182465600860773,
    "DEN": 0.1819702252048534,
    "PTHRF": 0.18148815171145166,
    "TOPZ": 0.17986257814234546,
    "AMPY": 0.17931018193393905,
    "MXMSF": 0.17910013303058223,
    "VCYE": 0.17791448641204036,
    "TCFF": 0.17740152047494995,
    "CHK": 0.17731947332378867,
    "PED": 0.17635463942109308,
    "RRC": 0.17617884602951328,
    "PBEGF": 0.17332441001607998,
    "BROE": 0.1729020377494766,
    "MTDR": 0.1727435229860851,
    "CETG": 0.17212082278837465,
    "IFNY": 0.1715721131824367,
    "PSSS": 0.1714086603495287,
    "BYROF": 0.17116042307393695,
    "AERN": 0.17010750503240626,
    "AKVA": 0.1697913325003641,
    "PBT": 0.16923106628756618,
    "BOPFF": 0.1673821923306091,
    "ARET": 0.1671917109828398,
    "PVAC": 0.16703951183113136,
    "DDRIQ": 0.166491932398527,
    "BSM": 0.16550224951459447,
    "CRBO": 0.16512721556003165,
    "ALTX": 0.16458265322095705,
    "MKSEF": 0.16419507724087756,
    "FECOF": 0.16412670942709995,
    "USEG": 0.16399078309751744,
    "SJT": 0.16376003953378102,
    "MLORF": 0.1634905718061756,
    "PHX": 0.16344030057496325,
    "COGLF": 0.16299008800772002,
    "FANG": 0.16239283576919947,
    "PXD": 0.1597502538052249,
    "ATUUF": 0.15926786724033848,
    "ERAO": 0.1579925790162856,
    "NRIS": 0.15734167239415134,
    "SOGFF": 0.15655536665248226,
    "OEDVQ": 0.15618021367170395,
    "GDP": 0.15583200796541802,
    "CTARF": 0.15576451348672163,
    "CDID": 0.15552042372238656,
    "LBYE": 0.1554918543218613,
    "BBLS": 0.15431505408877993,
    "EXCE": 0.15405124199395132,
    "TCEC": 0.15384259676566245,
    "PYDPF": 0.15367112964122398,
    "SOQDQ": 0.1536645892743257,
    "PERS": 0.1534752402676921,
    "DBRM": 0.153469507988733,
    "UAPC": 0.1532683676256016,
    "MVO": 0.15317368368281964,
    "PARXF": 0.1528559811229152,
    "PMGYF": 0.15253697817181924,
    "SKPI": 0.15238951146342922,
    "LONE": 0.15161060784742905,
    "GSPE": 0.15040627267166234,
    "HGTXU": 0.15017504113685862,
    "STTX": 0.15015728041621135,
    "CHKR": 0.15004718037184286,
    "KDKN": 0.14952183089969545,
    "COHG": 0.14927533117063577,
    "DWOG": 0.1490854392845284,
    "VKIN": 0.14883104405484993,
    "LPI": 0.14844356458564298,
    "CRRDF": 0.1478774050998035,
    "SFPI": 0.14614667827886915,
    "OVV": 0.1460390218298189,
    "SD": 0.14602873496868693,
    "VET": 0.14598097306728186,
    "CDEV": 0.14573176285711384,
    "CYNS": 0.14570966716028871,
    "ZPTAF": 0.14557486964768046,
    "OAS": 0.14542930879527793,
    "NFEI": 0.14521516589053068,
    "FNRC": 0.14454122995674518,
    "ZDEXF": 0.1443826440460404,
    "HENC": 0.1433565016810104,
    "KGEIF": 0.14323904501063953,
    "SGER": 0.14269537045902575,
    "GASXF": 0.1421495621173414,
    "SDTTU": 0.14173687942905053,
    "REPX": 0.14171990228708123,
    "EOG": 0.1410597636050465,
    "WTI": 0.1406763585939758,
    "SM": 0.14059638659611598,
    "IXOG": 0.14059550524412323,
    "TNEN": 0.14044813430474895,
    "SVSE": 0.14019223873180212,
    "TRSI": 0.14019091559210978,
    "PVL": 0.140004473577155,
    "AETUF": 0.13988935510170308,
    "MKGP": 0.1386934677534258,
    "VPTOF": 0.13832894467013424,
    "BCEI": 0.13831507306011748,
    "GASE": 0.1378617984125286,
    "NKRSF": 0.13721654419622978,
    "APHE": 0.13721461561847192,
    "CWEGF": 0.1370851970123724,
    "EPM": 0.1365581730322127,
    "FLMN": 0.13592320560185459,
    "ROYL": 0.13561169421950567,
    "EWPMF": 0.13560471542404354,
    "YUMAQ": 0.1354761321188205,
    "WLL": 0.13474021090143934,
    "PTCO": 0.13447928558490874,
    "HPK": 0.1343184610005695,
    "AXGC": 0.13420341851066558,
    "ANTGF": 0.1340824938587434,
    "BATL": 0.1340617221113852,
    "TBDYF": 0.13375543656629335,
    "SPOWF": 0.13355001726523996,
    "WCHEF": 0.13347784751248926,
    "MNVN": 0.1334416335009082,
    "RCKHF": 0.13271860684297526,
    "TTYP": 0.1322652741386376,
    "QOIL": 0.13214255502003444,
    "SMBZF": 0.13212417483698158,
    "UVSE": 0.1320742843399588,
    "DELKY": 0.13202719866856052,
    "DLKGF": 0.13202719866856052,
    "REI": 0.13178440692927276,
    "CEI": 0.13170884470131797,
    "FTXP": 0.13170620504155417,
    "TCRRF": 0.13169422069945044,
    "WHZT": 0.13134527262015636,
    "AGGI": 0.13110297642471627,
    "ATPGQ": 0.13074203029698303,
    "RDOIF": 0.13052855564389418,
    "BRNGF": 0.1300512862599095,
    "EERGF": 0.12987485932256446,
    "PRPRF": 0.12984377806979766,
    "CWVLF": 0.1298277033950405,
    "ORXGF": 0.12975482101880517,
    "ROYTL": 0.12904646276341106,
    "VBHI": 0.12888716539414724,
    "EEENF": 0.12861192207386124,
    "ENQUF": 0.12861020685043242,
    "FARYF": 0.12841933511699308,
    "ARGYF": 0.12822839842282124,
    "SQZZF": 0.12804310763878934,
    "MGUY": 0.12794325323248565,
    "DGOCF": 0.1277176662163243,
    "AXAS": 0.1275298589475393,
    "TAPOF": 0.12744395293274935,
    "LRDC": 0.12725654768938,
    "SPND": 0.12661202681536055,
    "BDGR": 0.12554175933582382,
    "JRNGF": 0.12526687846677242,
    "XCPT": 0.12501188358653773,
    "BNGLF": 0.12450231695230532,
    "BKBEF": 0.12432651625439464,
    "PNWRF": 0.12416809138558846,
    "ROAOF": 0.12367870035290181,
    "MKRYF": 0.12365136366788915,
    "EXNT": 0.1235899917938726,
    "GTE": 0.12358539613242088,
    "APA": 0.1231214969728929,
    "PQEFF": 0.12298474282322958,
    "SRMLF": 0.12249427906588886,
    "MCF": 0.12214894482860207,
    "IPOOF": 0.12201761921227723,
    "STGAF": 0.12189893976549183,
    "CKX": 0.12176030855695617,
    "SPGYF": 0.12123218322377187,
    "CRC": 0.12119600333882183,
    "VIST": 0.12076900978506996,
    "VSOGF": 0.12076900978506996,
    "AECFF": 0.12063482348340682,
    "RDFEF": 0.12044350474004822,
    "SOCLF": 0.12026414389490421,
    "BNEFF": 0.11976587818882739,
    "ESTE": 0.11960443699392512,
    "MDMP": 0.11950430948406841,
    "VNHLF": 0.11934041159532398,
    "AMAZ": 0.11914516404416625,
    "TUWLF": 0.11875959680797434,
    "TUWOY": 0.11875959680797434,
    "OISHF": 0.1184947157408313,
    "OISHY": 0.1184947157408313,
    "BRLL": 0.118437105722809,
    "NZEOF": 0.1183436016717188,
    "PSUD": 0.1183184540356781,
    "RITE": 0.11822652306345344,
    "ECCE": 0.11817113662114423,
    "HMLA": 0.11797791224756106,
    "OCTX": 0.11782133058885227,
    "PGNYF": 0.11769002754040843,
    "REOS": 0.11759870171516287,
    "COG": 0.1174659347744476,
    "ARSLF": 0.11720455457535946,
    "CLR": 0.11692366822108193,
    "COIL": 0.1168948099645806,
    "HYBE": 0.11661416591265092,
    "EMPR": 0.11615785342242481,
    "PTALF": 0.11609535249338439,
    "PRMRF": 0.11557731393640595,
    "IPXHF": 0.11540426833996366,
    "IPXHY": 0.11540426833996366,
    "IONAF": 0.11501915718706059,
    "TAOIF": 0.11495346965531796,
    "GRVE": 0.11493409737480333,
    "CGRA": 0.1148414421066846,
    "OOIL": 0.11482579638825684,
    "YGRAF": 0.11474051516716309,
    "ERHE": 0.11465611904149038,