{
    "BRZV": 1.0000000000000002,
    "BKEN": 0.19362186698653683,
    "BROE": 0.16367683778609501,
    "MGLG": 0.1618771835166074,
    "DENR": 0.1602599359949919,
    "SHASF": 0.15739429714063957,
    "CNENF": 0.1551301382984107,
    "WCYN": 0.15377100318516834,
    "TXSO": 0.15126169122523944,
    "TNEN": 0.15035437273463595,
    "RKOS": 0.14872306561585324,
    "CRRDF": 0.14806905915410012,
    "PED": 0.14746041911490693,
    "EGYF": 0.14722974376661618,
    "EWPMF": 0.14646741957852719,
    "STMGF": 0.144233847819089,
    "USEG": 0.1438103875512605,
    "LBYE": 0.14073501569925345,
    "EFIR": 0.14032864074760795,
    "BWPC": 0.13221989569656645,
    "HRST": 0.1321161551367269,
    "BNEFF": 0.13187047716592393,
    "PYDPF": 0.1302956037210609,
    "UAPC": 0.12994295470324754,
    "SOQDQ": 0.12985199440367232,
    "PTALF": 0.12933402395204682,
    "PNRG": 0.12926739090198003,
    "SGLRF": 0.12873918443102417,
    "RDOIF": 0.12821411869546237,
    "GASXF": 0.1269491682285491,
    "UVSE": 0.12503433704462907,
    "AOIFF": 0.12456501937696404,
    "MTDR": 0.12430942575940261,
    "CGRA": 0.12425424054408472,
    "PEYUF": 0.12349291131806336,
    "BYROF": 0.12308907159944721,
    "IPOOF": 0.12308410614837541,
    "CPG": 0.12298549223363865,
    "SKPI": 0.12291400952653866,
    "TCRRF": 0.1226762915554802,
    "DMEHF": 0.12204968589899724,
    "SOGFF": 0.12099313653795489,
    "AERN": 0.11961874290350658,
    "IPXHF": 0.11941203769955991,
    "IPXHY": 0.11941203769955991,
    "STPJF": 0.11803084627830608,
    "HPMCF": 0.11691867918681656,
    "EERGF": 0.11660896071648519,
    "ATPGQ": 0.11614670199273952,
    "BKBEF": 0.11609290030710875,
    "MITSF": 0.11570764213640511,
    "MITSY": 0.11570764213640511,
    "GBBLF": 0.1151021359987953,
    "PTHRF": 0.11467096748484311,
    "SPRN": 0.11460525150069363,
    "SPND": 0.11411948271581665,
    "SCNG": 0.11404169203692104,
    "DBRM": 0.11402850953674593,
    "HUSA": 0.11361508532639776,
    "PBEGF": 0.1131789415344753,
    "PHX": 0.11267002505716041,
    "RRC": 0.11265734824616343,
    "CYNS": 0.11229777658688488,
    "JNEXF": 0.11228600292629941,
    "PRPRF": 0.11216046746370364,
    "AAVVF": 0.11206393201397392,
    "UNEGF": 0.1117039692288547,
    "OISHF": 0.11039222571414156,
    "OISHY": 0.11039222571414156,
    "PRIEF": 0.11028608151589968,
    "NSLPQ": 0.10988529492213561,
    "MKRYF": 0.10938327579583891,
    "CLR": 0.1093511373308659,
    "REI": 0.10913469106303232,
    "ALME": 0.10861682663154938,
    "TRCH": 0.10810661547063809,
    "TAOIF": 0.10808303127849901,
    "RDFEF": 0.10774233122000043,
    "CNUCF": 0.10742875483359404,
    "AMPY": 0.10713696826150909,
    "VCYE": 0.10692208480010612,
    "CDEV": 0.10689039909694988,
    "XCPT": 0.10672734985027574,
    "PDCE": 0.10562025287409173,
    "NOVKY": 0.10488173826163916,
    "SD": 0.10474042989586443,
    "ECCE": 0.10444886125093733,
    "OAS": 0.10440934660707886,
    "JROOF": 0.10341449657003428,
    "GFKSY": 0.10340389833745979,
    "GUKYF": 0.10340389833745979,
    "MXMSF": 0.10289249924141787,
    "FTMR": 0.10286544391535599,
    "STGAF": 0.102850350203663,
    "AXGC": 0.10265058227121802,
    "AMAZ": 0.10199929553333055,
    "FNRC": 0.10125702449980882,
    "TELL": 0.10104537227344412,
    "EPSN": 0.10098803063196747,
    "BTEGF": 0.1008494120707195,
    "NRIS": 0.1007651798487232,
    "VET": 0.10055773611239588,
    "NXTFF": 0.10043835482107524,
    "LPI": 0.0995772263478407,
    "CRC": 0.09926243311170921,
    "BRLL": 0.09917208387298244,
    "ZPTAF": 0.09880246369570557,
    "ANTGF": 0.09873343691815485,
    "MNVN": 0.09823926148874748,
    "HMENF": 0.09812229993187029,
    "TTRHF": 0.097939271314153,
    "COGLF": 0.09784751908289153,
    "CRBO": 0.0978250515100183,
    "BDGR": 0.0977991281370821,
    "PTCO": 0.09767865418485899,
    "TAPOF": 0.09766061908707657,
    "AEXFF": 0.0974308310065562,
    "EXCE": 0.09733162758272447,
    "WLL": 0.0972345836987498,
    "LONE": 0.09688745446256053,
    "MXC": 0.09677101308681521,
    "SWN": 0.09651370343064347,
    "AXAS": 0.09648501027780165,
    "FDMQQ": 0.09610977162605297,
    "DELKY": 0.0957977768149353,
    "DLKGF": 0.0957977768149353,
    "EEENF": 0.09576063281564876,
    "PSTRQ": 0.09570296987388498,
    "OPTBF": 0.0956914219631339,
    "TOPZ": 0.09563394351753253,
    "TRMLF": 0.09548154430376575,
    "MKGP": 0.09534927739850224,
    "WCHEF": 0.09508947831286071,
    "OUTB": 0.09496492147574119,
    "MLORF": 0.09457005788176355,
    "OILY": 0.09444183112828564,
    "ARET": 0.09435080632552051,
    "STTX": 0.09402561084596954,
    "ATHOF": 0.0939995615245882,
    "CKX": 0.09384379013483068,
    "CRK": 0.09383350042642372,
    "APA": 0.09345730027102328,
    "CRLFF": 0.09340276447222737,
    "WTXR": 0.09310868013220924,
    "CWVLF": 0.09303923929490794,
    "PEXNY": 0.09289204908560841,
    "ENQUF": 0.0928367625559435,
    "TPL": 0.09195432380221731,
    "BRY": 0.09189737351635874,
    "STDE": 0.09170783020966207,
    "BYOGF": 0.09169216562174812,
    "PRMRF": 0.0915626051684098,
    "AKVA": 0.09153023266464928,
    "WTI": 0.0914061754513655,
    "VBHI": 0.09139677748912875,
    "BATL": 0.09132573360437034,
    "OVV": 0.09120690462500408,
    "SVSE": 0.09116728301586954,
    "AEGG": 0.09103862521748904,
    "ONTRF": 0.09082596073626188,
    "HES": 0.090407874002051,
    "DDRIQ": 0.09032571351521547,
    "DEN": 0.0903046424810157,
    "FANG": 0.08997163331097172,
    "KGEIF": 0.08980223589017686,
    "STSC": 0.08977331609164357,
    "ERAO": 0.08923121546597092,
    "ALOD": 0.08922899092472483,
    "GSPE": 0.08914435873486325,
    "CETG": 0.0890607880266921,
    "SM": 0.08897700145479125,
    "XOG": 0.08865662189749382,
    "FARYF": 0.08832183288974381,
    "CLMT": 0.08823653245185915,
    "CHK": 0.08821622516225061,
    "PSUD": 0.0881773746914479,
    "NOG": 0.08809523843259048,
    "COHG": 0.0879290002282195,
    "BBLS": 0.08758888744059992,
    "MTR": 0.08751805026767087,
    "VIST": 0.08726610865709016,
    "VSOGF": 0.08726610865709016,
    "PSSS": 0.08707929199099901,
    "TROG": 0.08707460127196795,
    "NFEI": 0.08663562896379055,
    "RSRV": 0.08636238094320993,
    "PFNO": 0.0863116953101743,
    "MRO": 0.08628214112786753,
    "SBOW": 0.08582806184925809,
    "HENI": 0.08539895747464632,
    "WMELF": 0.08531135119322533,
    "MDMP": 0.08524872139652881,
    "PIFYF": 0.08520635826211419,
    "POEFF": 0.08509502479302708,
    "ROYL": 0.0850102501488062,
    "HUML": 0.08492192197478146,
    "TRSI": 0.08489523861668771,
    "MEGEF": 0.0846560233531976,
    "ERINQ": 0.08460125773005044,
    "VPTOF": 0.0845189750058084,
    "SFPI": 0.08444298406503814,
    "HDYNQ": 0.08431915471295624,
    "FECCF": 0.0843140276246962,
    "MMEX": 0.08425794542387961,
    "PTRC": 0.08424012767832678,
    "OEDVQ": 0.08419558229819825,
    "CDID": 0.08405373260676474,
    "BCHEY": 0.08404065797980534,
    "BEPTF": 0.08404065797980534,
    "TRKX": 0.0839974716217221,
    "PVRS": 0.08398649873919747,
    "AMEN": 0.0838978491463178,
    "VKIN": 0.08388478409819823,
    "REPX": 0.08331665883801437,
    "KDKN": 0.08331344994346797,
    "NKRN": 0.08324307986584928,
    "BOPFF": 0.08319898509341653,
    "COG": 0.08305715567087224,
    "IPRC": 0.08305233135222649,
    "GRVE": 0.08286606182360512,
    "AUNXF": 0.08280378529368254,
    "CNRR": 0.08252687985525357,
    "NKRSF": 0.08245213530840433,
    "CWEGF": 0.08230876027632028,
    "GASE": 0.08224500193585271,
    "MGUY": 0.08212761894410035,
    "APHE": 0.08211479398891978,
    "SPOWF": 0.08210496779156193,
    "HENC": 0.08184993116542785,
    "MNVWF": 0.08173010330165478,
    "HZNFF": 0.08163124619132472,
    "TBTEF": 0.08140210842389398,
    "GTE": 0.0807363648870857,
    "EXNT": 0.08053893132601975,
    "DGOCF": 0.08037611172080494,
    "ARGYF": 0.08029179524378867,
    "CPPXF": 0.07999773951643473,
    "AOGC": 0.07983778783553593,
    "AECFF": 0.07973160688044593,
    "CRT": 0.07955829814899842,
    "NZERF": 0.0794468697810175,