{
    "CHK": 0.9999999999999999,
    "USEG": 0.4350831175054365,
    "EXCE": 0.3881639029601366,
    "BTEGF": 0.3844128191099297,
    "GDP": 0.3762409963130772,
    "MTDR": 0.3642607472154389,
    "NOG": 0.35100890481399705,
    "MCF": 0.3476314842210171,
    "PVAC": 0.3441309121669642,
    "MNRL": 0.34359856217268975,
    "AMPY": 0.34149134717201973,
    "CRBO": 0.3406280934297152,
    "GPORQ": 0.3376483939026288,
    "TRCH": 0.3373993575364685,
    "PSTRQ": 0.33344347383350204,
    "MXC": 0.3314801364240896,
    "JNEXF": 0.3297782012411578,
    "FANG": 0.32877318494504604,
    "ECCE": 0.32077679339164383,
    "RSRV": 0.3189668300776206,
    "WTI": 0.31779541461716687,
    "SPND": 0.31724276691924186,
    "SWN": 0.31537557524759957,
    "HPK": 0.31491700218716745,
    "PXD": 0.3148138307258179,
    "EPSN": 0.31454489934503915,
    "AXAS": 0.31273672044387146,
    "CLR": 0.31257663675188735,
    "CPE": 0.31211802651172305,
    "CRK": 0.3101014990397272,
    "DVN": 0.30806856692448986,
    "SFPI": 0.30798432813374643,
    "FNRC": 0.30661692340415325,
    "CHKR": 0.3045143906680464,
    "LONE": 0.30344806936755964,
    "SD": 0.30290024812570493,
    "CRT": 0.3015234087321449,
    "VEI": 0.30150207381037186,
    "ARET": 0.3011669890258239,
    "WLL": 0.2992108688259929,
    "ESTE": 0.298040308311059,
    "SM": 0.297975934053117,
    "REPX": 0.29664879393182214,
    "TXSO": 0.29518088686645316,
    "ANTGF": 0.2944006141563679,
    "ATPGQ": 0.2940695412210796,
    "COG": 0.29398503114211755,
    "MGY": 0.29387626574689624,
    "DGOCF": 0.2930294303618323,
    "BATL": 0.29188076534368995,
    "MRO": 0.29111437432762605,
    "MLORF": 0.2894205400004845,
    "ATHOF": 0.2894183716101711,
    "EFIR": 0.28790640128887424,
    "BYROF": 0.28636537601183576,
    "AXGC": 0.2856070660553735,
    "WTXR": 0.285091608111011,
    "EQT": 0.28377148731318963,
    "PDCE": 0.2835940915958038,
    "MKRYF": 0.28313157643795517,
    "SBR": 0.28261567024878026,
    "BIREF": 0.28073122287474783,
    "MTR": 0.28047135833001313,
    "CETG": 0.27881646004056704,
    "TTEN": 0.27858771966419454,
    "MKGP": 0.27858184341523284,
    "IPOOF": 0.2775343563875889,
    "RRC": 0.2770704956906074,
    "AKVA": 0.2761107567253133,
    "HUSA": 0.27436345997677597,
    "AMAZ": 0.274035837718313,
    "LPI": 0.27348283029331605,
    "SOGFF": 0.27332233669427486,
    "XOG": 0.2732275313735587,
    "NSLPQ": 0.2727259470904101,
    "SGER": 0.2721591401600582,
    "BLMC": 0.27209305094790526,
    "PIFYF": 0.2716820037673096,
    "RCKHF": 0.271340957335599,
    "RDFEF": 0.27118925284767625,
    "ROYL": 0.2711816215148972,
    "TCEC": 0.27115428261444213,
    "CDEV": 0.2710019385196762,
    "TNEYF": 0.2709072365677492,
    "ROAOF": 0.2706441255581762,
    "VET": 0.2706091258378918,
    "AETUF": 0.2690956562570457,
    "CWEGF": 0.26901942173613974,
    "WCHEF": 0.2675296362852972,
    "EOG": 0.2674466469904609,
    "XEC": 0.26744117613434537,
    "FRHLF": 0.2666238916880514,
    "BOPFF": 0.266285026773562,
    "DBRM": 0.26500089785414177,
    "VIST": 0.2649041634093565,
    "VSOGF": 0.2649041634093565,
    "DELKY": 0.26321531911992657,
    "DLKGF": 0.26321531911992657,
    "PNRC": 0.26297423930427827,
    "PNRG": 0.26288368363935355,
    "KRP": 0.2623843956003294,
    "BCEI": 0.26209083427414925,
    "PERS": 0.26173594305054204,
    "PMGYF": 0.26153638560021164,
    "COHG": 0.26053704987753273,
    "GTE": 0.2595953524406747,
    "DEN": 0.25952198108612456,
    "KGEIF": 0.2589149530797938,
    "TELL": 0.2586709849027486,
    "BSM": 0.2586292585621382,
    "ROYTL": 0.2585876237014391,
    "OVV": 0.257417568673754,
    "PARXF": 0.256657884146888,
    "EXNT": 0.2563739135102211,
    "PRIEF": 0.2559382083395509,
    "AR": 0.2558319266758854,
    "OAS": 0.255802934761805,
    "VOC": 0.255731718023234,
    "PNWRF": 0.25529919592303096,
    "HDYNQ": 0.254906092951209,
    "CEI": 0.2542028965109411,
    "COGLF": 0.2530572746919794,
    "FTMR": 0.2530016899053437,
    "IXOG": 0.252618482747299,
    "AAVVF": 0.25183023156518447,
    "FLMN": 0.2516158746016058,
    "TRMLF": 0.2495444547501088,
    "RKOS": 0.248981090763629,
    "FTXP": 0.24878758357329597,
    "STGAF": 0.24877311229244778,
    "UVSE": 0.24847384104074097,
    "SQZZF": 0.24748807327034616,
    "PHX": 0.2473848983702749,
    "UAPC": 0.24701666017823498,
    "PTHRF": 0.24689011305257372,
    "PRPRF": 0.2456945688633927,
    "BBLS": 0.24546925820260435,
    "MVO": 0.24531204546003002,
    "ERF": 0.24483976312726308,
    "TUWLF": 0.24423229089271,
    "TUWOY": 0.24423229089271,
    "AOGC": 0.2423020207331173,
    "HRST": 0.24229550876465739,
    "CRC": 0.24212552274572835,
    "FOLGF": 0.24189080235516225,
    "POEFF": 0.2417351018336981,
    "TALO": 0.23942143838627072,
    "SJT": 0.23905647230135077,
    "FECCF": 0.2389798978894796,
    "YGRAF": 0.23813564849440005,
    "HES": 0.23778966456947087,
    "CRLFF": 0.23687233327540053,
    "BNEFF": 0.23600653342697925,
    "EPM": 0.23594012243897775,
    "CNX": 0.23530478378092534,
    "MNVN": 0.23510587560367185,
    "MNVWF": 0.23292506918264752,
    "OEDVQ": 0.23240474194956662,
    "NUVSF": 0.23152819474306718,
    "HGTXU": 0.2306970684616624,
    "HZNFF": 0.2294674944045672,
    "SBOW": 0.22929367126906203,
    "PED": 0.22926858206102838,
    "TRSI": 0.22924328007119424,
    "APHE": 0.22911555010046633,
    "PTRC": 0.22830401655742033,
    "OCTX": 0.22720483195229096,
    "AMEN": 0.2267677016708307,
    "HENC": 0.22672382110131686,
    "NKRSF": 0.2259064865087319,
    "CNUCF": 0.2258119255525123,
    "VCYE": 0.2256970745149297,
    "PCQRF": 0.22535183969965647,
    "TAPOF": 0.22463828763528357,
    "SOCLF": 0.2233973156094719,
    "MDMP": 0.22323620926760424,
    "PYDPF": 0.22307334633461615,
    "TGA": 0.22283864087642924,
    "ZPTAF": 0.22249991481610587,
    "ALVOF": 0.22222324063665458,
    "BRNGF": 0.22217054813819295,
    "PVRS": 0.22200990813375202,
    "EWPMF": 0.2217890558420354,
    "COIL": 0.221637489402759,
    "ENQUF": 0.22157311034822383,
    "ARGYF": 0.2198754284551225,
    "SPOWF": 0.2198238087335189,
    "EEENF": 0.21964773692935655,
    "DTNOF": 0.2194335771824661,
    "DTNOY": 0.2194335771824661,
    "STSC": 0.21916049148516956,
    "NZEOF": 0.21900315797769757,
    "SPRN": 0.21837885859924677,
    "LBYE": 0.21833871361883928,
    "QTEYF": 0.21820394433047147,
    "WHZT": 0.21788724001585613,
    "PBT": 0.21716438285752535,
    "BRY": 0.2150017900700179,
    "VPTOF": 0.2149673089333864,
    "ALOD": 0.214879308129281,
    "PRMRF": 0.21345940239501152,
    "DMEHF": 0.213342872595222,
    "ERAO": 0.2126296660438735,
    "SDTTU": 0.21247534479177269,
    "PBEGF": 0.21224044465664993,
    "TAOIF": 0.21158561642258017,
    "HPMCF": 0.21140470886578167,
    "OISHF": 0.21100010938190975,
    "OISHY": 0.21100010938190975,
    "SKPI": 0.2102933415465372,
    "IPXHF": 0.20997213220305933,
    "IPXHY": 0.20997213220305933,
    "ZDEXF": 0.20970933562583552,
    "KRNGF": 0.20968539983332726,
    "ALTX": 0.2096574674080388,
    "VKIN": 0.20881745525896164,
    "ALME": 0.20865433226347277,
    "COP": 0.20694444377385254,
    "FPPP": 0.20685459820256813,
    "YUMAQ": 0.20660339055640986,
    "CPG": 0.20610096283014845,
    "PFNO": 0.20589964380705944,
    "IPRC": 0.20462122101521718,
    "HMENF": 0.20457611157901487,
    "FARYF": 0.2043743240571322,
    "DMLP": 0.20436151008834713,
    "CYNS": 0.20382856900067864,
    "DENR": 0.20319016098891174,
    "BPIGF": 0.20313872327700827,
    "PEYUF": 0.20237120124962887,
    "GASE": 0.20122110846409885,
    "RECAF": 0.20084019597086922,
    "REI": 0.1999719830122741,
    "GENGF": 0.19885362805936835,
    "AUNXF": 0.198480512025496,
    "OPTBF": 0.19830923333934417,
    "BDGR": 0.19830031791227024,
    "APA": 0.19803266870391184,
    "NRIS": 0.19677674706343584,
    "HENI": 0.1965716029719488,
    "BRLL": 0.1963120150414762,
    "MUR": 0.19622296262336594,
    "PSHIF": 0.19527407945091155,
    "PRT": 0.19519452025338876,
    "PNNEF": 0.19413092440261812,