{
    "EFIR": 1.0000000000000002,
    "MNVN": 0.3620299279882789,
    "SPND": 0.3523644254904704,
    "JNEXF": 0.3133465770996673,
    "FANG": 0.31227468189212076,
    "MTDR": 0.3094957349568727,
    "WTXR": 0.30834946063016805,
    "USEG": 0.3050965111800869,
    "PYDPF": 0.30242847822225927,
    "AXAS": 0.30190836705824076,
    "OAS": 0.3018814718990292,
    "NOG": 0.3007786461496789,
    "AMAZ": 0.29783085039346335,
    "AKVA": 0.2941798195224841,
    "UVSE": 0.29376641305075263,
    "LPI": 0.29254067587875415,
    "PRIEF": 0.2911367992035379,
    "PNRG": 0.2904009613411813,
    "COHG": 0.2893233149483911,
    "CHK": 0.28790640128887424,
    "ARET": 0.2872197277449325,
    "TXSO": 0.28703745300647426,
    "TRCH": 0.2832401271836414,
    "BYROF": 0.27823407468974065,
    "SFPI": 0.2769805809522045,
    "PDCE": 0.2744931494611076,
    "BNEFF": 0.27214081415157954,
    "RRC": 0.27076056864399495,
    "TAPOF": 0.2698927097772214,
    "CNUCF": 0.2682884815033686,
    "GDP": 0.26777630045350037,
    "PXD": 0.2662088395960963,
    "NSLPQ": 0.26350176574274714,
    "MDMP": 0.26323376476806976,
    "WCHEF": 0.2618951279654599,
    "LONE": 0.26027501636807193,
    "OISHF": 0.2601019884886302,
    "OISHY": 0.2601019884886302,
    "COG": 0.26001417968340357,
    "SOGFF": 0.25985340933260914,
    "DELKY": 0.25975075795925373,
    "DLKGF": 0.25975075795925373,
    "WLL": 0.25846012414717773,
    "CRK": 0.25828252953681974,
    "UAPC": 0.25788977561698184,
    "PTHRF": 0.2574643204387475,
    "APA": 0.25719921064395573,
    "EXCE": 0.25676616154261966,
    "BROE": 0.25648874950844963,
    "MTR": 0.2549228801597792,
    "RDFEF": 0.254795190796286,
    "FTMR": 0.25399995637180134,
    "BATL": 0.2532477853143999,
    "CPG": 0.25312234138047895,
    "MNRL": 0.2525363214744063,
    "MKGP": 0.2522469861351642,
    "REI": 0.25218597395892983,
    "SD": 0.25150996379395546,
    "ERAO": 0.2511498733909176,
    "EPSN": 0.2508752430000247,
    "AXGC": 0.2506890380800204,
    "SWN": 0.25010846852304774,
    "CETG": 0.2500363985076604,
    "MXC": 0.24989990903348705,
    "CRBO": 0.24971921277684725,
    "PIFYF": 0.2495317608304346,
    "WTI": 0.2492243190570341,
    "MRO": 0.24821586240620333,
    "ANTGF": 0.24796355767777442,
    "BBLS": 0.24736238388947496,
    "DDRIQ": 0.24725076344009747,
    "ENQUF": 0.24697127849475844,
    "XCPT": 0.2467338792649517,
    "ALME": 0.2467155452803554,
    "OEDVQ": 0.24524790477183572,
    "IPOOF": 0.245244612787656,
    "AEXFF": 0.2451095575625966,
    "ATPGQ": 0.2449560891572403,
    "DBRM": 0.24472342474641598,
    "CRC": 0.24471567962385782,
    "BCEI": 0.24471017474761536,
    "VCYE": 0.24445939080344947,
    "CYNS": 0.2437198957607187,
    "AMPY": 0.24333056428292676,
    "MKRYF": 0.24328197506194194,
    "BTEGF": 0.24293614023377702,
    "MCF": 0.2427626513039668,
    "ATHOF": 0.24189994996925226,
    "CDEV": 0.24125566225478015,
    "RCKHF": 0.24125011556198978,
    "AMEN": 0.24116363636081337,
    "PERS": 0.24112561538877703,
    "HUSA": 0.24106065166639812,
    "RSRV": 0.24019359782780839,
    "SQZZF": 0.24016529963171282,
    "ECCE": 0.2399458733094862,
    "OVV": 0.2397315608974324,
    "DEN": 0.23914038220804723,
    "COGLF": 0.23886318436747161,
    "STSC": 0.2382736842427768,
    "ROYL": 0.23739086063052275,
    "XOG": 0.23706070050800865,
    "HPK": 0.23673306556317666,
    "MLORF": 0.23672713679938798,
    "BRLL": 0.23649100979837293,
    "PMGYF": 0.2363022234775274,
    "TCEC": 0.23606250035955384,
    "STTX": 0.23568020968641135,
    "DGOCF": 0.2351115721968461,
    "HES": 0.23508158411331323,
    "SM": 0.23475568641160544,
    "STGAF": 0.2343662306169509,
    "ROAOF": 0.23429946741621663,
    "EWPMF": 0.23406577723669855,
    "IPXHF": 0.2337895040839634,
    "IPXHY": 0.2337895040839634,
    "PRPRF": 0.2337292530535668,
    "SGER": 0.23312066820001429,
    "MNVWF": 0.2326433780458913,
    "REPX": 0.23185554610541767,
    "PSTRQ": 0.2317192116196983,
    "CLR": 0.23144662467223792,
    "PVAC": 0.231262316246948,
    "HRST": 0.2310658061442052,
    "MVO": 0.23086004328271403,
    "SPRN": 0.23007030598834097,
    "PED": 0.22958303751585074,
    "ALOD": 0.2294012910823575,
    "IXOG": 0.2293952047853084,
    "AOGC": 0.22929834566444815,
    "MGY": 0.22813583398813395,
    "EOG": 0.22806047830301082,
    "LBYE": 0.22771107388714182,
    "BIREF": 0.22770557274515865,
    "VET": 0.22735628690145676,
    "TAOIF": 0.22688142672022993,
    "PVRS": 0.22633696320964508,
    "AERN": 0.22606055190251928,
    "PRMRF": 0.22494089719219051,
    "TPL": 0.22461776577112308,
    "MMEX": 0.22426406444782265,
    "PNRC": 0.22346432447595968,
    "MITSF": 0.22204960944908622,
    "MITSY": 0.22204960944908622,
    "CRT": 0.22175689787109792,
    "TALO": 0.2214447274241091,
    "DMEHF": 0.22137482225102154,
    "FRHLF": 0.22062037903403406,
    "CWEGF": 0.21996050001230294,
    "PHX": 0.2198550028122526,
    "PRT": 0.21974874891486343,
    "EEENF": 0.2196137579802918,
    "SKPI": 0.21932839175585203,
    "YUMAQ": 0.21910084235654528,
    "CPE": 0.21831939014410423,
    "EPM": 0.2182744210591731,
    "EERGF": 0.2178547638730624,
    "PBEGF": 0.21685863068013786,
    "NKRSF": 0.21662215676040228,
    "SBR": 0.21645459953590623,
    "QOIL": 0.21591017331690993,
    "IPRC": 0.21501335591984364,
    "NZEOF": 0.21448684116192643,
    "VKIN": 0.21416885294079333,
    "HENI": 0.21296927260488238,
    "CNRR": 0.21285418098550585,
    "PSSS": 0.21237089124758368,
    "BOPFF": 0.21226974619704977,
    "NUVSF": 0.21180616499365282,
    "TGA": 0.21179894057270546,
    "HZNFF": 0.2117975984059563,
    "ZPTAF": 0.21172126872813776,
    "CEI": 0.21069939362291934,
    "OPTBF": 0.21061376632376522,
    "NRIS": 0.21051932668724432,
    "GSPE": 0.21047026699539484,
    "TRMLF": 0.2104504807380266,
    "APHE": 0.20978147336488348,
    "EXNT": 0.20971392635218222,
    "TNEYF": 0.20937555930901933,
    "POEFF": 0.20848454280323594,
    "PFNO": 0.20835563775222854,
    "AAVVF": 0.20824211199076087,
    "SPOWF": 0.20767557605707218,
    "FDMQQ": 0.20736171531639586,
    "XEC": 0.20726248033490416,
    "ARGYF": 0.207130265376537,
    "RKOS": 0.20712753553355648,
    "VPTOF": 0.2063376899599343,
    "PGNYF": 0.20595570510507047,
    "BRNGF": 0.20531998152972766,
    "MGUY": 0.20509360191915002,
    "PQEFF": 0.20497584127713245,
    "XBOR": 0.20489603746418458,
    "FTXP": 0.20480139780825352,
    "ZDEXF": 0.2047380974489671,
    "PARXF": 0.20468044574913946,
    "AGGI": 0.20464630084241692,
    "UNEGF": 0.2046291413727403,
    "FECCF": 0.20455080540652676,
    "EGY": 0.20435138632176747,
    "BCHEY": 0.20426530203213553,
    "BEPTF": 0.20426530203213553,
    "ROYTL": 0.2042123916344772,
    "ESTE": 0.20407322661001845,
    "CDID": 0.20391256060661261,
    "KGEIF": 0.20295860954796416,
    "TUWLF": 0.20279125884260454,
    "TUWOY": 0.20279125884260454,
    "TTEN": 0.20187300882057457,
    "SOCLF": 0.2018700443522481,
    "KDKN": 0.20072242702516288,
    "TRKX": 0.1997902961783457,
    "GPORQ": 0.1995386939562933,
    "OTTEF": 0.19936434352249044,
    "DWOG": 0.1989224855239813,
    "CGRA": 0.19841191435391942,
    "FARYF": 0.19825636594484344,
    "VOC": 0.1980670003154021,
    "COIL": 0.19798385665664567,
    "TRSI": 0.19793538591158755,
    "CRLFF": 0.1977170545380195,
    "MUR": 0.19731259904922227,
    "GTE": 0.19685858958732383,
    "BYOGF": 0.19653586046472674,
    "WHZT": 0.19613416426207486,
    "PTCO": 0.19601672573180184,
    "HENC": 0.19538970402097977,
    "FPPP": 0.1948942165287857,
    "TCRRF": 0.19470744957904962,
    "RITE": 0.19469639618116155,
    "AECFF": 0.19440793733995773,
    "DMLP": 0.1938767680638551,
    "TOPZ": 0.1936930907502545,
    "WCYN": 0.192986020843407,
    "PSUD": 0.19209195982222874,
    "FNRC": 0.19202574590773247,
    "BERI": 0.191793084976998,
    "QTEYF": 0.19147927932251785,
    "GASE": 0.19140521770867086,
    "SPRL": 0.19099929412313615,
    "AETUF": 0.19079994192851932,
    "PTRRY": 0.19060477814846,