{
    "ERINQ": 1.0000000000000002,
    "PSTRQ": 0.36967939427716723,
    "CYNS": 0.3515020055109318,
    "DDRIQ": 0.3028872590476401,
    "ATPGQ": 0.2861757314161297,
    "HENI": 0.2830513248337175,
    "FWDEQ": 0.2785893664552835,
    "GPORQ": 0.2758456250441667,
    "YUMAQ": 0.2713612049599616,
    "HPMCF": 0.2657280088303244,
    "SD": 0.26278026651554376,
    "TXSO": 0.24038644314567767,
    "HDYNQ": 0.22848471915038662,
    "WTI": 0.2284352983527169,
    "FECCF": 0.22599707504103808,
    "MGUY": 0.2257149464265985,
    "AXGC": 0.21960553163380636,
    "INDO": 0.21180373745300565,
    "FPPP": 0.2079696302484966,
    "MXC": 0.20519404068227232,
    "ONTRF": 0.2042112257367663,
    "CRBO": 0.20420847315072999,
    "VELXF": 0.2024204149018346,
    "GASE": 0.20105539411812448,
    "CDID": 0.19994751603825717,
    "GSPE": 0.19836801260871212,
    "BBLS": 0.19763704250644012,
    "USEG": 0.1968357283052313,
    "REOS": 0.1963568993409388,
    "SSER": 0.19612740982654667,
    "EGY": 0.1951873249335147,
    "DVN": 0.19510469176091616,
    "BCHEY": 0.19404357923741605,
    "BEPTF": 0.19404357923741605,
    "TOILF": 0.1938577065977035,
    "FECOF": 0.19352012963076992,
    "BATL": 0.19248948646394404,
    "RDFEF": 0.19201895962888407,
    "VCYE": 0.19174002294829964,
    "ADNY": 0.19122986153787908,
    "HENC": 0.18980775014789256,
    "IVCTF": 0.18912726206364877,
    "UVSE": 0.1874123024090052,
    "IFNY": 0.1869694176044005,
    "PDCE": 0.18457739369727547,
    "IXOG": 0.18320158737337816,
    "AOIFF": 0.18287868838435645,
    "APHE": 0.1823767213105153,
    "KOS": 0.18203011078464132,
    "TCEC": 0.18133761099130397,
    "FARYF": 0.18018555954426158,
    "EEENF": 0.18017438239516687,
    "RKOS": 0.17950164039154745,
    "STGAF": 0.17878310533220262,
    "NZEOF": 0.17869421609963573,
    "NSLPQ": 0.17655693770316894,
    "KRNGF": 0.17609619008207772,
    "SMBZF": 0.17569541343669018,
    "SM": 0.17559367361967831,
    "PED": 0.17428765781495564,
    "BYROF": 0.17372807619186253,
    "TALO": 0.17260858597795137,
    "PYDPF": 0.1722590169444887,
    "TUWLF": 0.17117858280949103,
    "TUWOY": 0.17117858280949103,
    "WCYN": 0.17103465973419885,
    "AXAS": 0.17012669354224796,
    "BKEN": 0.1694381327843342,
    "RNSFF": 0.16942271586344815,
    "RRC": 0.16819410423535233,
    "DMEHF": 0.16800823190888933,
    "PNRG": 0.1676193341780431,
    "CGXEF": 0.16681720560781294,
    "PRIEF": 0.16658727255199735,
    "RECAF": 0.16622504672057642,
    "BRY": 0.164982039019823,
    "EXCE": 0.16490501562937457,
    "HMENF": 0.16484997675020735,
    "HPK": 0.16358656606923447,
    "SWN": 0.16312151467090746,
    "CRK": 0.16293719613808658,
    "OEDVQ": 0.16250712155355013,
    "SOQDQ": 0.16208421298414116,
    "MRO": 0.16198157401488134,
    "ANTGF": 0.16077297668383062,
    "BRNGF": 0.16061559992137145,
    "AUNXF": 0.16052686124937457,
    "SPOWF": 0.16022461704996477,
    "EMPR": 0.15897418055114385,
    "HUSA": 0.15793645181848753,
    "BNGLF": 0.15773641592490367,
    "AOGC": 0.15732700815215087,
    "LONE": 0.1571268526415303,
    "CPPXF": 0.15705259656185463,
    "BROE": 0.15659338761997846,
    "WLL": 0.1559256120756425,
    "FOLGF": 0.15590355083398078,
    "PNRC": 0.15560074878252325,
    "COG": 0.15511995578911936,
    "VPTOF": 0.1546167983187049,
    "DELKY": 0.15435798461301356,
    "DLKGF": 0.15435798461301356,
    "MUR": 0.1539060690061186,
    "OTTEF": 0.15355626304350842,
    "AGGI": 0.15348038922254958,
    "DENR": 0.15296343739101156,
    "NFEI": 0.15282700628599621,
    "FTMR": 0.1520376517633691,
    "EFIR": 0.15157670525274983,
    "MKRYF": 0.1514502719133446,
    "WTXR": 0.15128296754226517,
    "PQEFF": 0.15119791238525143,
    "AMPY": 0.14997503637766732,
    "PVAC": 0.14972882156143721,
    "APA": 0.14913124630067395,
    "PXD": 0.14897433548770364,
    "UNEGF": 0.14886432245604708,
    "JRNGF": 0.14862703194487878,
    "VKIN": 0.14784101527650892,
    "GLRP": 0.14768802028762087,
    "NOG": 0.14619511848808414,
    "CNRR": 0.14595402254309559,
    "IPXHF": 0.14576711634369985,
    "IPXHY": 0.14576711634369985,
    "ERAO": 0.14572598805642642,
    "OPTBF": 0.14563249929340522,
    "SPRN": 0.1455306149482734,
    "HRCXF": 0.14537224607982233,
    "AR": 0.1452412673624157,
    "SGLRF": 0.1450333729310867,
    "MTDR": 0.1448917543298938,
    "AKVA": 0.14480819314964818,
    "CEI": 0.14450989839648268,
    "SKPI": 0.1444942853669064,
    "CHK": 0.14427110094303,
    "HYBE": 0.1442150629214517,
    "CWVLF": 0.14420975196638244,
    "SOCLF": 0.1433988478998226,
    "CDEV": 0.14330067526615045,
    "KDKN": 0.1429328743718924,
    "KGEIF": 0.14284948669375327,
    "TCRRF": 0.14230848417023856,
    "WCHEF": 0.14217591588907091,
    "CNUCF": 0.14197800106820838,
    "ATHOF": 0.14190730456149714,
    "SBOW": 0.14190098987008398,
    "CETG": 0.1416413954221691,
    "TCFF": 0.141450232412307,
    "MCF": 0.14130322956376412,
    "EPSN": 0.14124840968517424,
    "ADXRF": 0.14119985894115503,
    "PNWRF": 0.1411310076077884,
    "ESTE": 0.1410754741902854,
    "BNEFF": 0.1404398762083076,
    "LPI": 0.1404043631745783,
    "JNEXF": 0.13970220978208095,
    "BLMC": 0.13924977934374316,
    "BCEI": 0.13915170064117227,
    "CWEGF": 0.1389998504578997,
    "HLRTF": 0.1388407091730987,
    "TRKX": 0.1386283019053392,
    "VEI": 0.13856392218870725,
    "EWPMF": 0.13844973041030664,
    "STTX": 0.1380321693901181,
    "PBEGF": 0.13753072380818804,
    "VNLEF": 0.13736072863297508,
    "LBYE": 0.1372417343329584,
    "NWUC": 0.1370517574134415,
    "FANG": 0.13702825336840987,
    "CRC": 0.13674785431082434,
    "PRTDF": 0.13647188070144692,
    "PVRS": 0.13607747922485666,
    "TGA": 0.13581017761219621,
    "GPRK": 0.13556857444995238,
    "EPM": 0.13533644056412006,
    "NRIS": 0.1352965876651487,
    "TOPZ": 0.13515276161782008,
    "PTHRF": 0.13514234862701194,
    "REI": 0.13509002277411894,
    "CRNCY": 0.1348037425094406,
    "CTARF": 0.1343068314990018,
    "PFNO": 0.13426579286642576,
    "VBHI": 0.13404462374090562,
    "TRCH": 0.13389959309211877,
    "AMAZ": 0.1337403033623364,
    "PMGYF": 0.13372007499970462,
    "PTCO": 0.13371985393087593,
    "CNENF": 0.13342959239090388,
    "BKBEF": 0.13337039289692112,
    "GTE": 0.1327044361420293,
    "ERHE": 0.13248531102484679,
    "XOG": 0.13219716530037168,
    "QOIL": 0.1321367441414115,
    "HES": 0.13204755284266215,
    "OAS": 0.13181143601366443,
    "GDP": 0.13122102822977855,
    "VNHLF": 0.13099510388473548,
    "RDOIF": 0.13050645411409065,
    "MGLG": 0.13042437847464233,
    "PTALF": 0.12985339378865196,
    "MLORF": 0.129452154511941,
    "NWSTF": 0.12896844980027758,
    "ICNOF": 0.12893378413069367,
    "SGER": 0.1287008062769744,
    "PCQRF": 0.12868082043651213,
    "MKSEF": 0.1286345538753574,
    "ARGYF": 0.12836490638542575,
    "EXNT": 0.12789815102240026,
    "MNAP": 0.12769485869033315,
    "COGLF": 0.12733430183077957,
    "SPND": 0.12729946899177724,
    "DEN": 0.12728954618212304,
    "COHG": 0.12712844624763067,
    "XBOR": 0.12711860385526916,
    "ALOD": 0.1270413835182681,
    "OBELF": 0.1268726814108993,
    "EERGF": 0.12669070097071986,
    "TAOIF": 0.12649803883443264,
    "QTEYF": 0.12585990345806922,
    "COIL": 0.1258264752928785,
    "DBRM": 0.1255045767094252,
    "AECFF": 0.12549923920389408,
    "CNX": 0.12541729498836182,
    "AERN": 0.12457949742325268,
    "NUVSF": 0.12444928452075,
    "MNVWF": 0.124421954080565,
    "AEGG": 0.12433540677639195,
    "MXMSF": 0.12425354415374512,
    "SFPI": 0.12418538055934905,
    "ZPTAF": 0.12387622936642714,
    "BRLL": 0.12386777609571742,
    "JROOF": 0.12345672867583656,
    "HBRIY": 0.12340554901821724,
    "PMOIF": 0.12340554901821724,
    "EQT": 0.12307930649274948,
    "PARXF": 0.12304380381317456,
    "BPIGF": 0.12281424822566164,
    "CPE": 0.12266133407739244,
    "DWOG": 0.12155382994087077,
    "CRLFF": 0.12135914698628271,
    "PTRRY": 0.12098069712900124,
    "ENQUF": 0.12071016697740158,