{
    "FTMR": 1.0000000000000002,
    "PRIEF": 0.3739085602217171,
    "MLORF": 0.3554102618563519,
    "WTXR": 0.34412738241444124,
    "BOPFF": 0.336873174335729,
    "PCQRF": 0.33016550923034504,
    "OILCF": 0.3275927406107683,
    "EEENF": 0.32684459506067937,
    "ANTGF": 0.3261686175140058,
    "JNEXF": 0.31973320813354245,
    "IPOOF": 0.317451011793055,
    "TCEC": 0.3169651135715768,
    "FOLGF": 0.2999673163603495,
    "CNRR": 0.28821362171124265,
    "EXCE": 0.27930477812494403,
    "ROAOF": 0.2785368549080621,
    "MKRYF": 0.27813276096759915,
    "BRNGF": 0.27771511672544524,
    "COIL": 0.27713290128362605,
    "AKVA": 0.2767540076623773,
    "POEFF": 0.2735056949286271,
    "PRPRF": 0.2725074867331229,
    "DMEHF": 0.27241967038216003,
    "PTHRF": 0.26885079702579,
    "KRNGF": 0.2681303169854384,
    "APHE": 0.2675399866871289,
    "HPMCF": 0.2663876625004981,
    "EWPMF": 0.26539773150176615,
    "BBLS": 0.26302309434521987,
    "STGAF": 0.2608633012812029,
    "DBRM": 0.26057323754083445,
    "FTXP": 0.2593187240333556,
    "TOILF": 0.2585026460200412,
    "USEG": 0.2561469198878856,
    "CNUCF": 0.2544916596697558,
    "EFIR": 0.25399995637180134,
    "SPOWF": 0.25381283932434107,
    "HMENF": 0.25321398788794763,
    "CHK": 0.2530016899053437,
    "CWVLF": 0.25273474519955275,
    "SQZZF": 0.25123171550980805,
    "EXNT": 0.251121403771888,
    "BDGR": 0.2510833801333595,
    "NUVSF": 0.2501925388091605,
    "SOQDQ": 0.24935626792691928,
    "TAOIF": 0.24801950766439593,
    "BYROF": 0.24794766812705035,
    "UAPC": 0.24748278384390304,
    "AUNXF": 0.24716153082012923,
    "BNEFF": 0.2467318393584752,
    "ZPTAF": 0.24655737568630845,
    "FECOF": 0.2458665284501408,
    "ARGYF": 0.24542338927740487,
    "IFNY": 0.24538406347740155,
    "PTRUF": 0.24527878048345692,
    "PVRS": 0.24463196236849788,
    "LONE": 0.2442074177232542,
    "CWEGF": 0.24403341571839546,
    "ALOD": 0.24402417463810008,
    "PIFYF": 0.24344117429760317,
    "WTI": 0.24326585569962964,
    "NOG": 0.24076572016005768,
    "FNRC": 0.23976249530134855,
    "PQEFF": 0.23919690930651888,
    "TRCH": 0.23905801300842425,
    "KDKN": 0.2384718121119621,
    "TRKX": 0.23579918363621383,
    "MTDR": 0.235533646473076,
    "AETUF": 0.2318819808006512,
    "HENC": 0.23162391327197623,
    "RNSFF": 0.2316031075591025,
    "PMGYF": 0.23088870984022097,
    "SOGFF": 0.23081356881245235,
    "FARYF": 0.23069441359122742,
    "WCHEF": 0.2303493673057175,
    "ATUUF": 0.23005606213830998,
    "PARXF": 0.22915432572597733,
    "NRIS": 0.22906552093505558,
    "NZEOF": 0.22863480437280126,
    "DDRIQ": 0.2276469177904628,
    "SGER": 0.22697925357180776,
    "BATL": 0.22682969540642375,
    "VCYE": 0.22634594219587942,
    "HDYNQ": 0.22612956738961718,
    "MXMSF": 0.2251032305377775,
    "CRBO": 0.22500644787494165,
    "VNHLF": 0.22486587188588403,
    "GPORQ": 0.2245430487298671,
    "SD": 0.22399972358209805,
    "YGRAF": 0.22384499100484043,
    "SOCLF": 0.2236877063762138,
    "NKRSF": 0.22331852580808964,
    "DENR": 0.22328876384519622,
    "CETG": 0.22315412670551213,
    "OIEXF": 0.22257124606845372,
    "STTX": 0.22201333300752502,
    "SBOW": 0.22126629069041226,
    "CRK": 0.22106963806095853,
    "XBOR": 0.22077971853455006,
    "FANG": 0.22040791590877637,
    "ATHOF": 0.22016416871321837,
    "COHG": 0.21953829991319856,
    "RDFEF": 0.21898217565446138,
    "IPRC": 0.21832835973430736,
    "BPIGF": 0.21785715563385508,
    "RECAF": 0.21739430824227185,
    "SRMLF": 0.21734817397872988,
    "SPRN": 0.21659293017076475,
    "PNRC": 0.21600437081540533,
    "RCKHF": 0.2156044516405261,
    "PTRRY": 0.21503789992925573,
    "ARET": 0.21485569564860368,
    "DELKY": 0.21405954741815097,
    "DLKGF": 0.21405954741815097,
    "SVSE": 0.21388413670435927,
    "TXSO": 0.21370279751334303,
    "BRLL": 0.21318664115341565,
    "PBEGF": 0.21312722624850922,
    "MNRL": 0.2130880782920322,
    "EPM": 0.21263539736097162,
    "DWOG": 0.2117690476629685,
    "MNVN": 0.21143402741882045,
    "QTEYF": 0.21131063629580735,
    "VET": 0.21058192467202774,
    "OTTEF": 0.21035949160879658,
    "AXAS": 0.21001887212627685,
    "OVV": 0.20986482704508205,
    "PDCE": 0.2095743782166033,
    "RRC": 0.2092145213516223,
    "ENQUF": 0.2090809811141995,
    "BIREF": 0.2087959523202753,
    "PGNYF": 0.20862977527268356,
    "MKGP": 0.20841277176296705,
    "OPTBF": 0.20794604380390172,
    "ZDEXF": 0.20751691938095332,
    "UVSE": 0.20588793024360408,
    "PSHIF": 0.20524314156313642,
    "HZNFF": 0.2051252368419643,
    "CRT": 0.20445454605120772,
    "PTCO": 0.20407757743215144,
    "ROYL": 0.20388408943659703,
    "PYDPF": 0.20355619624604468,
    "AXGC": 0.20353551282124416,
    "TCRRF": 0.2034998274318397,
    "PRMRF": 0.2031093564587988,
    "OCTX": 0.20254996788124507,
    "CRC": 0.2024232865529881,
    "OEDVQ": 0.2017711248518543,
    "BTEGF": 0.20142219346473525,
    "CDEV": 0.20107458722672364,
    "KGEIF": 0.20073608675040897,
    "STSC": 0.20031684932543198,
    "OAS": 0.19927400333880022,
    "MXC": 0.19919571630315927,
    "BERI": 0.1990773532748513,
    "LPI": 0.19892597776540938,
    "XOG": 0.19855727762013933,
    "ATPGQ": 0.19844674164277754,
    "WKLN": 0.19839912806245436,
    "MVO": 0.19816999288493112,
    "VIST": 0.19764318186062177,
    "VSOGF": 0.19764318186062177,
    "DEN": 0.1975838080461804,
    "GDP": 0.19754555933127646,
    "ROXIF": 0.19742551519946072,
    "PXD": 0.19728135553246104,
    "SMBZF": 0.19713156666035273,
    "MGY": 0.19708066562858498,
    "GSPE": 0.19660008863340458,
    "TAPOF": 0.19633111110934323,
    "PSSS": 0.19568772412943258,
    "SFPI": 0.1955684928170736,
    "REI": 0.19445400441925811,
    "GTE": 0.19385205017338947,
    "TNEYF": 0.19332198685799243,
    "SPLM": 0.19291998536163793,
    "PNWRF": 0.19241777332729995,
    "BCEI": 0.19181858443319547,
    "SPND": 0.19164505772460483,
    "HPK": 0.1908494048151296,
    "COGLF": 0.19055554919840384,
    "MTR": 0.19002496495897103,
    "VPTOF": 0.18921408851575375,
    "HMLA": 0.18913361200123674,
    "BNGLF": 0.18909350254862517,
    "WLL": 0.18900647321211625,
    "RDOIF": 0.18786122060414054,
    "SHASF": 0.18749126711184397,
    "BRY": 0.18713492798601894,
    "MEGEF": 0.1868646640151742,
    "CRRDF": 0.18665996300918775,
    "STPJF": 0.186614656021667,
    "HES": 0.18597218193130155,
    "CRLFF": 0.18556461762139348,
    "BSM": 0.1848440337922447,
    "VELXF": 0.1846092373488575,
    "MNVWF": 0.18448236409998073,
    "TTEN": 0.18443572216233195,
    "TBDYF": 0.18380461931036876,
    "MCF": 0.18362008899272245,
    "GASE": 0.183549072184688,
    "PHX": 0.1834995623957333,
    "PED": 0.1830117253474,
    "ALTX": 0.18291083861490529,
    "TRMLF": 0.18283412809455835,
    "IPXHF": 0.18278365253887677,
    "IPXHY": 0.18278365253887677,
    "EPSN": 0.18272763715214355,
    "IVCTF": 0.18271419053802332,
    "AEGG": 0.18259888727819185,
    "HENI": 0.18229360319549054,
    "EERGF": 0.1821083602273741,
    "FRHLF": 0.18193927012164487,
    "DVN": 0.18143655489206467,
    "MDMP": 0.1807444851563648,
    "AMAZ": 0.18056642446198473,
    "RSRV": 0.18043172752575037,
    "TRSI": 0.18043049774175765,
    "AMEN": 0.18023379831186911,
    "INDO": 0.17987256205027008,
    "MKSEF": 0.17910836076090514,
    "BLMC": 0.179095145503199,
    "VKIN": 0.17908890665996002,
    "REOS": 0.17876506967373207,
    "BWPC": 0.1786391669992355,
    "EOG": 0.1783885838668559,
    "TGA": 0.17823125481410498,
    "DGOCF": 0.1781326657283019,
    "CYNS": 0.17805223982273033,
    "AR": 0.17761416694829607,
    "NFEI": 0.17746037488340285,
    "SKPI": 0.17735073356218367,
    "PNRG": 0.17731999717533645,
    "PFNO": 0.17709877543864258,
    "FLMN": 0.17708060832532554,
    "SWN": 0.17662768050028166,
    "PSTRQ": 0.17560656362244567,
    "REPX": 0.17435410170719567,
    "PNNEF": 0.17431114049977492,
    "TALO": 0.17314577014002952,
    "ERHE": 0.17310642767067044,
    "AOGC": 0.1728811862447963,