{
    "GRVE": 1.0000000000000002,
    "CLMT": 0.13554203287327782,
    "PHX": 0.12184626771058664,
    "BERI": 0.11493409737480333,
    "KDKN": 0.10838293268461771,
    "SBOW": 0.10746610488042008,
    "VCYE": 0.10703311556922994,
    "TXSO": 0.10564452583408011,
    "NKRN": 0.10407057898259582,
    "NRIS": 0.10052420745624537,
    "PBEGF": 0.0999709200076049,
    "AMEN": 0.09819596921790319,
    "EGYF": 0.09581145843566236,
    "ARGYF": 0.09570294436040477,
    "TRKX": 0.09552631268786253,
    "STSC": 0.09517992550883739,
    "CTARF": 0.09465097227034067,
    "SPRN": 0.09386662867563035,
    "PDCE": 0.09333876226432977,
    "VKIN": 0.09278283698053895,
    "ERAO": 0.09261884910775421,
    "PSUD": 0.09227314401315825,
    "KGEIF": 0.09134503747907725,
    "AERN": 0.0911133767366481,
    "GSPE": 0.09089697757512707,
    "NOVKY": 0.08856659556408662,
    "CGRA": 0.0884966577565396,
    "STTX": 0.08840306537881,
    "NOG": 0.08816689775510424,
    "DEN": 0.08745805805778703,
    "DBRM": 0.08717990727849738,
    "BROE": 0.08682688965680263,
    "MKRYF": 0.08672011124164385,
    "PRIEF": 0.0864957804283221,
    "TCFF": 0.08630046156652353,
    "NFEI": 0.08618214716708762,
    "OEDVQ": 0.0853239216505299,
    "GASE": 0.0848814529881311,
    "PSSS": 0.08486688276980134,
    "VBHI": 0.08462177538216913,
    "AGGI": 0.08396083737456604,
    "LRDC": 0.083894529414768,
    "JRNGF": 0.08317284219160137,
    "CEI": 0.08304032758155619,
    "SKPI": 0.08291285026645258,
    "ORXGF": 0.08286610305418993,
    "BRZV": 0.08286606182360512,
    "TOPZ": 0.08178386346495405,
    "MKSEF": 0.08145863173368703,
    "WTXR": 0.08109984726615928,
    "LPI": 0.07903049142445343,
    "EFIR": 0.07866939949215569,
    "XCPT": 0.07850057368091229,
    "ATUUF": 0.07718796290162952,
    "DWOG": 0.07715808749510485,
    "HYBE": 0.07669808185520098,
    "SVSE": 0.07660554743523146,
    "FTMR": 0.07618011545533625,
    "MXMSF": 0.07602136442535828,
    "OVV": 0.07593140704163982,
    "BDGR": 0.07589574438717574,
    "JNEXF": 0.07582061821349596,
    "PNRG": 0.0756058271786518,
    "OILY": 0.07537130383372352,
    "ALOD": 0.07436121181722913,
    "PVRS": 0.07295135450546839,
    "CDEV": 0.0728252244081845,
    "AECFF": 0.07274799636078706,
    "CRBO": 0.0721537775677847,
    "IPRC": 0.07167902838731995,
    "EERGF": 0.07088997972963601,
    "MITSF": 0.07077766194089374,
    "MITSY": 0.07077766194089374,
    "CKX": 0.07043644849748334,
    "IXOG": 0.07016023946469128,
    "MTDR": 0.06945667012013872,
    "ARET": 0.06936496102804075,
    "REI": 0.06927837888242125,
    "STMGF": 0.06917368937537356,
    "XBOR": 0.06872802622928577,
    "SFPI": 0.06868223740423543,
    "HENC": 0.06834941712376756,
    "PQEFF": 0.0678326014171994,
    "MRO": 0.06769836521377932,
    "SD": 0.06756638770269283,
    "HPK": 0.06718987056213926,
    "SMBZF": 0.06708726644334802,
    "SM": 0.06690825117096473,
    "CNRR": 0.06681657944506704,
    "TBDYF": 0.06680600915480712,
    "JROOF": 0.06651873094733561,
    "CDID": 0.06629695051469509,
    "EWPMF": 0.06566108349973691,
    "PYDPF": 0.06516220802208207,
    "ERINQ": 0.0650052775841232,
    "IFNY": 0.06491971338156517,
    "DENR": 0.06487969530238026,
    "OOIL": 0.06475925880373565,
    "CRK": 0.06463330954416036,
    "QOIL": 0.06444048201534631,
    "SOGFF": 0.06442243448403256,
    "PROP": 0.06401159086275096,
    "SPOWF": 0.06363447280665316,
    "ADNY": 0.06347959289409037,
    "RRC": 0.06324111313257165,
    "LBYE": 0.06276986040607663,
    "TNEN": 0.06268270125339466,
    "BCEI": 0.062118174649216866,
    "CWVLF": 0.061426366815561344,
    "PTALF": 0.06124242605968274,
    "MMEX": 0.061149590007626244,
    "HUML": 0.06110466533883702,
    "FTXP": 0.06080741070372029,
    "PTCO": 0.06078353991951756,
    "APHE": 0.06034556607759551,
    "MDMP": 0.0601101740393154,
    "ONTRF": 0.060084174332150894,
    "FECOF": 0.059327947901197844,
    "OISHF": 0.0589542728095377,
    "OISHY": 0.0589542728095377,
    "FDMQQ": 0.05863511523601668,
    "ZNOG": 0.05836522886144808,
    "ESSE": 0.05831081584621372,
    "OAS": 0.058225831174640405,
    "AMAZ": 0.05786074206039326,
    "SPLM": 0.057511611378990496,
    "SHASF": 0.057147369730615294,
    "CETG": 0.056949878421086224,
    "OOAG": 0.0568586321369357,
    "ROYL": 0.056643560060777115,
    "EOG": 0.05654664985250743,
    "TCRRF": 0.05650403791786179,
    "BNGLF": 0.05632703613646459,
    "GTE": 0.05624282719029494,
    "DMEHF": 0.05608396434789279,
    "REOS": 0.05598145580183797,
    "COGLF": 0.05560878904210341,
    "TRSI": 0.05553776045916783,
    "EXNT": 0.055415875064694996,
    "RDOIF": 0.055381740252345206,
    "EXCE": 0.05511289686559612,
    "RITE": 0.05500361278129945,
    "HENI": 0.05500006642038277,
    "ROAOF": 0.05486534396880918,
    "DDRIQ": 0.054577113976995016,
    "CYNS": 0.05433418536693472,
    "IONAF": 0.05426939424472508,
    "ALTX": 0.05411091265203129,
    "HXPN": 0.05370361139173693,
    "PVL": 0.053703103155293065,
    "RDFEF": 0.05353217948879155,
    "FSEI": 0.05347384740175436,
    "SOQDQ": 0.05344336604917466,
    "RKOS": 0.05335408363106914,
    "MXC": 0.053169799437576507,
    "VPTOF": 0.0531592488670324,
    "STDE": 0.0531307355820901,
    "IVCTF": 0.05266001397023828,
    "TRCH": 0.05261891928291368,
    "EGY": 0.05257183073005896,
    "SPND": 0.05164036585021144,
    "VELXF": 0.05163732886513489,
    "WCYN": 0.051415940880015686,
    "LONE": 0.05138068106399012,
    "PARXF": 0.05107337277653881,
    "TAOIF": 0.050490985363689775,
    "MUR": 0.05032595477244867,
    "BKEN": 0.050226251174826334,
    "PTRRY": 0.04978227281071797,
    "PED": 0.04976473988850817,
    "PMGYF": 0.04973690598822876,
    "KRNGF": 0.049725436770942585,
    "BATL": 0.049446788095360704,
    "ATHOF": 0.049349981290655376,
    "CPPXF": 0.04923066909989161,
    "WTI": 0.049178331268441386,
    "BRLL": 0.049049906179165936,
    "CRC": 0.04885608528567087,
    "PSHIF": 0.04865248480509463,
    "AUNXF": 0.04845022346413165,
    "CLR": 0.048447870504296026,
    "PEXNY": 0.04842993104788349,
    "AAVVF": 0.04836659587198868,
    "PNWRF": 0.04827332682497657,
    "SSER": 0.04825441871473859,
    "FARYF": 0.04821220575196292,
    "COHG": 0.04807081438956866,
    "APA": 0.047983025925897906,
    "FECCF": 0.04792189031907451,
    "GLRP": 0.04790706865202036,
    "TNEYF": 0.04775666634842461,
    "VEI": 0.04768268551701027,
    "OCTX": 0.04742362463386641,
    "BCHEY": 0.04732752244446661,
    "BEPTF": 0.04732752244446661,
    "SPGYF": 0.047313947800389576,
    "COIL": 0.0473075046205885,
    "MNRL": 0.0471481957602971,
    "YUMAQ": 0.04713080933509678,
    "FANG": 0.047086753764751285,
    "UAPC": 0.04708325412638405,
    "ZPTAF": 0.04705673111231962,
    "CNUCF": 0.04704832126523999,
    "DELKY": 0.046907425017856115,
    "DLKGF": 0.046907425017856115,
    "WLL": 0.0467995174724592,
    "EMPR": 0.04679688452718317,
    "ROYTL": 0.04678967825926528,
    "AOIFF": 0.04666302970160404,
    "CNX": 0.04657116373166126,
    "AXGC": 0.04649850826038298,
    "CGXEF": 0.04636021260523764,
    "ANTGF": 0.04617606530944909,
    "PSTRQ": 0.0459609107189548,
    "MNVN": 0.04578946539524003,
    "MGUY": 0.04565319592636676,
    "UVSE": 0.04479521093167747,
    "RHCCF": 0.044672495708728235,
    "AOGC": 0.04459012158875101,
    "USEG": 0.044579283079899695,
    "XOG": 0.0444125326555081,
    "STGAF": 0.04408262663304127,
    "CWEGF": 0.044078599591400286,
    "TAPOF": 0.044076100164998404,
    "AXAS": 0.04396458491471866,
    "VNHLF": 0.04382814560310968,
    "ICNOF": 0.04369542135011484,
    "PRPRF": 0.043615315025265174,
    "TALO": 0.043477876832498825,
    "HZNFF": 0.043257291084431146,
    "PEYUF": 0.0431419256128805,
    "HLRTF": 0.04286051356449253,
    "OBELF": 0.04271730704156393,
    "BYROF": 0.04268193376352404,
    "ROXIF": 0.04242853225161378,
    "MNAP": 0.04235038858767785,
    "TPDDF": 0.042245341021064156,
    "CRRDF": 0.04224373671304221,
    "BRY": 0.04220928850381452,
    "ZDEXF": 0.042165938532084876,