{
    "HPK": 1.0,
    "ESTE": 0.4030756089907995,
    "CRK": 0.3532047327286237,
    "USEG": 0.3530008118660829,
    "LONE": 0.35208870196839614,
    "FANG": 0.3432588074409212,
    "PXD": 0.34286037352254306,
    "CPE": 0.3366707332396217,
    "SM": 0.33524025882952296,
    "MCF": 0.32959589477739126,
    "AXAS": 0.3291648456221763,
    "SWN": 0.3285877162188585,
    "CHK": 0.31491700218716745,
    "BCEI": 0.3141234768422033,
    "SPND": 0.3126283050044558,
    "PIFYF": 0.3111404215778504,
    "NOG": 0.3081618117420986,
    "WTI": 0.30662924753928283,
    "BTEGF": 0.30416624198047515,
    "WLL": 0.30317191277503497,
    "LPI": 0.30276978099275714,
    "TXSO": 0.300579632197848,
    "CWEGF": 0.2992165462104731,
    "CEI": 0.29873459740851294,
    "EXNT": 0.29674841612260555,
    "AMAZ": 0.29489977381340166,
    "XEC": 0.29321873103705687,
    "MXC": 0.2927142125719004,
    "MDMP": 0.2901215780170604,
    "BATL": 0.28846522993664486,
    "ARET": 0.2879756730246899,
    "PDCE": 0.2874905700615216,
    "PVAC": 0.28566241741677073,
    "TALO": 0.28498251113556966,
    "EQT": 0.2838975335461175,
    "EOG": 0.28301490678302604,
    "RRC": 0.2826087645657901,
    "KGEIF": 0.2825614446772449,
    "EXCE": 0.28171546515719126,
    "JNEXF": 0.28132524317731095,
    "MTDR": 0.2808076166223327,
    "XOG": 0.2799663480286101,
    "ROAOF": 0.2790803754966584,
    "GDP": 0.27902496929398163,
    "PARXF": 0.27847581236101765,
    "REPX": 0.2777876719305298,
    "EPSN": 0.27704352944434946,
    "VCYE": 0.2740952855141581,
    "OAS": 0.2705155377317388,
    "SFPI": 0.26881683135919926,
    "GTE": 0.2676977615427459,
    "UVSE": 0.26607017363284485,
    "TCEC": 0.2658120571748959,
    "TRCH": 0.26554353198909997,
    "MRO": 0.264139580848543,
    "GPORQ": 0.26198681026291304,
    "AXGC": 0.2606875694631411,
    "CRLFF": 0.2601465526000602,
    "REI": 0.2589642434983522,
    "DGOCF": 0.2554811701564162,
    "CRC": 0.25498196098119436,
    "ERF": 0.25496179631622873,
    "BIREF": 0.25481876647271823,
    "PMGYF": 0.25445593435517777,
    "CDEV": 0.2535553176234727,
    "DEN": 0.2534313617950725,
    "GASE": 0.2513561235719048,
    "YGRAF": 0.2506317795167219,
    "PNWRF": 0.24978743020946736,
    "BLMC": 0.2497820590417482,
    "WTXR": 0.2493470507322118,
    "TTEN": 0.24890735907194414,
    "ANTGF": 0.24874078657518345,
    "CETG": 0.24828350116080752,
    "PVRS": 0.248143842150893,
    "MKRYF": 0.24780743900686342,
    "CLR": 0.24726720356635837,
    "SBOW": 0.2469579643586183,
    "HRST": 0.24616205103900424,
    "DVN": 0.24472599614575924,
    "PNRC": 0.24378168525957988,
    "CRBO": 0.2434169183899037,
    "AMPY": 0.24138695540947108,
    "IXOG": 0.24135904430802516,
    "STGAF": 0.23982119396545948,
    "SD": 0.23949912353939923,
    "HUSA": 0.2377918042774563,
    "EFIR": 0.23673306556317666,
    "PRIEF": 0.2355164094942439,
    "AETUF": 0.23512851624949418,
    "PSHIF": 0.23488194358975767,
    "PSTRQ": 0.23468561736775004,
    "APHE": 0.2336024858819133,
    "AAVVF": 0.23270014871592162,
    "PHX": 0.23229399662523229,
    "TRSI": 0.2307435443927468,
    "DELKY": 0.23054772159858647,
    "DLKGF": 0.23054772159858647,
    "PEYUF": 0.23031501932006063,
    "OEDVQ": 0.22968355742205376,
    "DBRM": 0.22916207199869984,
    "COG": 0.22909017485886043,
    "XBOR": 0.2289380683999787,
    "WCHEF": 0.22780467248869526,
    "ATPGQ": 0.22755662046387543,
    "ERAO": 0.22741062854038477,
    "PED": 0.22664815292714366,
    "VKIN": 0.22649485630081032,
    "REOS": 0.2258166963421468,
    "HES": 0.2248468900716453,
    "NUVSF": 0.22455624548516223,
    "BROE": 0.22425079953831664,
    "CNNEF": 0.22421404216573518,
    "BNEFF": 0.22372972088564588,
    "IPOOF": 0.22327847758583708,
    "SGER": 0.2231318258637944,
    "HDYNQ": 0.2221600986095862,
    "OVV": 0.22166260000081744,
    "GSPE": 0.22116043382512954,
    "JRNGF": 0.21990789861585383,
    "NRIS": 0.21969021641565614,
    "VIST": 0.21902261198732736,
    "VSOGF": 0.21902261198732736,
    "FTXP": 0.21896220363651087,
    "MNRL": 0.21872130088514016,
    "CTARF": 0.2179157374793914,
    "FECCF": 0.2179145636270946,
    "MGY": 0.21728121930253544,
    "ECCE": 0.21347244239653906,
    "ATHOF": 0.21276550601679436,
    "RDFEF": 0.21273023597050364,
    "ROYTL": 0.2127276734285575,
    "EWPMF": 0.211293434907,
    "NKRSF": 0.20977881988484529,
    "HENI": 0.20956737667956674,
    "IPXHF": 0.20914955381293945,
    "IPXHY": 0.20914955381293945,
    "BYROF": 0.20826814383478318,
    "UNEGF": 0.20810101404819653,
    "PRT": 0.20703714854604519,
    "ZDEXF": 0.20680537268194546,
    "PYDPF": 0.20677576862855368,
    "BCHEY": 0.20659106088423448,
    "BEPTF": 0.20659106088423448,
    "AOGC": 0.20642060582309776,
    "MNVWF": 0.20612787847762643,
    "NFEI": 0.20588141015554556,
    "AKVA": 0.20571328938217304,
    "MNVN": 0.2051656061625585,
    "OISHF": 0.20480796557500602,
    "OISHY": 0.20480796557500602,
    "PBEGF": 0.20408055003404757,
    "VEI": 0.2032257666039951,
    "MMEX": 0.20268315519720229,
    "TELL": 0.20235812238753917,
    "RKOS": 0.20200852066037708,
    "HZNFF": 0.20105197310328704,
    "MKGP": 0.20030021035681814,
    "PRMRF": 0.20002091174194708,
    "ALOD": 0.19996431338519516,
    "AR": 0.19978607025642994,
    "SOGFF": 0.19973221785323617,
    "COIL": 0.19796475487014192,
    "BRNGF": 0.19766128257689147,
    "TUWLF": 0.19546811412371834,
    "TUWOY": 0.19546811412371834,
    "TGA": 0.19533986003456177,
    "ROYL": 0.194025417952935,
    "DTNOF": 0.19331415882144865,
    "DTNOY": 0.19331415882144865,
    "BRY": 0.19308529790014264,
    "CNRR": 0.19295401886042046,
    "VOC": 0.19261882345860107,
    "BOPFF": 0.19253271669115868,
    "SRMLF": 0.19248264672674628,
    "TRKX": 0.1924619701367103,
    "ENQUF": 0.19186985337837992,
    "ARGYF": 0.19183040786584546,
    "CNQ": 0.19167901141145754,
    "AECFF": 0.19130483194551454,
    "WCYN": 0.19105124547497618,
    "COHG": 0.19085354639441948,
    "FTMR": 0.1908494048151296,
    "PNRG": 0.19076370244287408,
    "BSM": 0.19000512014689916,
    "EGY": 0.18995509738221053,
    "ALVOF": 0.18854031900205873,
    "PRPRF": 0.18816619214935298,
    "CPG": 0.18757769901735658,
    "SPRN": 0.18722630329540554,
    "PTHRF": 0.1856940526662195,
    "CYNS": 0.1851116287679286,
    "NZEOF": 0.18508883403951537,
    "BKBEF": 0.1849936576790413,
    "NSLPQ": 0.18422593297739753,
    "STTX": 0.18413471493191325,
    "PERS": 0.18411095179099818,
    "UAPC": 0.18334172398972715,
    "TAPOF": 0.18330738968827895,
    "MGUY": 0.18291962270375858,
    "RSRV": 0.18238878109128676,
    "FOLGF": 0.18219464009395567,
    "AGGI": 0.1820703515969254,
    "LBYE": 0.1819900402989206,
    "FECOF": 0.18187955256985544,
    "ATUUF": 0.1813123036813889,
    "DDRIQ": 0.1811647772828921,
    "TCFF": 0.18108740722324038,
    "SKPI": 0.18100340593426084,
    "CRNCY": 0.17990029161853052,
    "DWOG": 0.17961400180144757,
    "MVO": 0.17921797052102048,
    "NXTFF": 0.17866683712357345,
    "COGLF": 0.17863445900709804,
    "ALTX": 0.17857858815352667,
    "IPRC": 0.17717908537106758,
    "CHKR": 0.17707148269892486,
    "SQZZF": 0.1757700483632955,
    "BBLS": 0.17505837984173964,
    "OTTEF": 0.1747187615534932,
    "TAOIF": 0.17435385732885278,
    "COP": 0.17406278115019796,
    "VPTOF": 0.17382120122316036,
    "MUR": 0.17303779900870767,
    "MLORF": 0.17287796794071655,
    "ZPTAF": 0.1728383348934312,
    "POEFF": 0.1716931037598682,
    "KRNGF": 0.1711517356879091,
    "IFNY": 0.17105592772157824,
    "KOS": 0.17022050851073703,
    "TBTEF": 0.16991828815974624,
    "SPGYF": 0.1695668239949294,
    "SVSE": 0.1691647432911072,
    "TOPZ": 0.1690396572820452,
    "KRP": 0.1690054570563233,
    "PTCO": 0.16889038230102987,
    "EPM": 0.16868871297068833,
    "BPIGF": 0.1666819015874388,
    "SPOWF": 0.16651421339994735,
    "CDID": 0.1663731413153926,
    "MTR": 0.1661775885759469,
    "BNGLF": 0.165474874038638,
    "HENC": 0.1654732144636603,
    "SGLRF": 0.16532755324839987,