{
    "KDKN": 1.0,
    "TRCH": 0.2965389571330995,
    "OVV": 0.2764511357309894,
    "AETUF": 0.2711307974246894,
    "TRMLF": 0.2618828217008218,
    "JNEXF": 0.25993593354089406,
    "ROAOF": 0.25338724347023306,
    "PRMRF": 0.25128248981633344,
    "HMENF": 0.2488184550996781,
    "CPG": 0.2445951644126587,
    "SOGFF": 0.2428434069849938,
    "PMGYF": 0.23900440774670595,
    "FTMR": 0.2384718121119621,
    "PRIEF": 0.23845873565418374,
    "BIREF": 0.23781379554637724,
    "MKRYF": 0.23717977361840056,
    "TXSO": 0.23669441463257684,
    "PDCE": 0.23355929909263867,
    "BNEFF": 0.23347192019777144,
    "QOIL": 0.22981075531932915,
    "REOS": 0.2245834353394309,
    "BOPFF": 0.2235687224256511,
    "PRPRF": 0.22144648475095316,
    "ROYL": 0.2204446233702223,
    "GTE": 0.21953294199275572,
    "WTXR": 0.2158835083407338,
    "CDID": 0.21558326181887918,
    "DWOG": 0.21346257111242373,
    "SVSE": 0.2134374351206575,
    "TNEYF": 0.21319118847331903,
    "PHX": 0.21134496283065513,
    "AAVVF": 0.21111140220681776,
    "ATHOF": 0.2105927326915381,
    "RDFEF": 0.2103952299915659,
    "CTARF": 0.20980213184031027,
    "PYDPF": 0.20851916208569204,
    "SPND": 0.20841118451158303,
    "BTEGF": 0.2083430620481218,
    "SRMLF": 0.20592225798085387,
    "ANTGF": 0.20574441105174693,
    "TAOIF": 0.20553903580426913,
    "FECCF": 0.20536338908122895,
    "CNUCF": 0.20507585449387894,
    "REI": 0.20380937171401584,
    "CETG": 0.20371283885111607,
    "PBEGF": 0.203511380913408,
    "IPOOF": 0.203379638405909,
    "SOQDQ": 0.20309749118938702,
    "FNRC": 0.20272554810543106,
    "BBLS": 0.2025140473527099,
    "MKSEF": 0.20184944460214888,
    "STGAF": 0.20158337022580577,
    "TGA": 0.2013917368153058,
    "EFIR": 0.20072242702516288,
    "FRHLF": 0.1996789915023686,
    "AMAZ": 0.1992997893875836,
    "SD": 0.19896567229627732,
    "PNWRF": 0.1985356851618103,
    "MLORF": 0.19773728773052512,
    "SPGYF": 0.19755482779698982,
    "CWEGF": 0.19746451724234498,
    "USEG": 0.19742289576736016,
    "PTHRF": 0.1970223673633503,
    "EWPMF": 0.19590442963092497,
    "ATUUF": 0.19543530094840306,
    "DELKY": 0.19514884068170477,
    "DLKGF": 0.19514884068170477,
    "VIST": 0.19481111526078407,
    "VSOGF": 0.19481111526078407,
    "QTEYF": 0.19310215654566934,
    "CRBO": 0.19303143702621356,
    "BSM": 0.19292902496174202,
    "CNRR": 0.19283651683284522,
    "TCEC": 0.19240969896426566,
    "TBDYF": 0.19183817691751706,
    "HDYNQ": 0.19155624721469622,
    "PNRG": 0.1913287676789129,
    "MXC": 0.1911858230516486,
    "AMEN": 0.19110011263232063,
    "CHK": 0.1910473491266322,
    "NFEI": 0.19064065715059528,
    "ARGYF": 0.19015950249907967,
    "JRNGF": 0.19009318709027545,
    "ERAO": 0.18992758757198283,
    "PIFYF": 0.18988768487570515,
    "VNHLF": 0.1897522204204417,
    "APA": 0.18948023046874352,
    "UAPC": 0.18932099381640682,
    "WCHEF": 0.1887694137804027,
    "ZPTAF": 0.1877163622143946,
    "EOG": 0.18768193359959368,
    "RRC": 0.18754606400890494,
    "RKOS": 0.18740170120932964,
    "SPRN": 0.18695008011437678,
    "TNEN": 0.18693408958347624,
    "SPOWF": 0.18639239220119302,
    "BCEI": 0.18559294707958085,
    "HZNFF": 0.1852468440755608,
    "ERF": 0.18470120540513923,
    "CRLFF": 0.18412001986092166,
    "TCFF": 0.18401896755177385,
    "CDEV": 0.18387731827832432,
    "GSPE": 0.18373718650716284,
    "HES": 0.18340362199228996,
    "VCYE": 0.18215561524390414,
    "OEDVQ": 0.18157081825970767,
    "SMBZF": 0.18152397536786183,
    "COGLF": 0.18127312010367902,
    "MEGEF": 0.18063517119933423,
    "PNNEF": 0.17978067158799127,
    "OCTX": 0.17905096974765372,
    "CNX": 0.17897613437760398,
    "APHE": 0.17884763521480093,
    "VPTOF": 0.17863551524309862,
    "WTI": 0.1783964038847938,
    "MTDR": 0.1783084589949788,
    "KGEIF": 0.1779672644516406,
    "VKIN": 0.17773795024612407,
    "WCYN": 0.17731801350472126,
    "COHG": 0.17728465515839212,
    "DBRM": 0.17708997474847218,
    "POEFF": 0.1769182131065311,
    "BATL": 0.17503712495178722,
    "CWVLF": 0.1748923535954502,
    "AOGC": 0.17449761387912632,
    "UVSE": 0.17432784381835306,
    "LPI": 0.17405437976458102,
    "ARET": 0.17368150701989496,
    "DMEHF": 0.17338547913420604,
    "GASE": 0.17329001861772497,
    "MUR": 0.1729914122672254,
    "FECOF": 0.17275212366411685,
    "CRK": 0.17275033649507168,
    "BROE": 0.17274059707874642,
    "BCHEY": 0.17271329570024258,
    "BEPTF": 0.17271329570024258,
    "CLR": 0.17249325845251273,
    "WLL": 0.1723673601844617,
    "AKVA": 0.17203021078865804,
    "FANG": 0.1719403205271297,
    "PSSS": 0.17173131358595678,
    "NRIS": 0.17139878561357552,
    "LBYE": 0.17113292332410046,
    "BYROF": 0.17072356202562627,
    "COG": 0.17063416416481428,
    "DEN": 0.17009812913223166,
    "SKPI": 0.1698452104649954,
    "HUSA": 0.1698059098733612,
    "SWN": 0.16967224656987107,
    "NKRSF": 0.16911907538798787,
    "MTR": 0.1687551424360378,
    "VET": 0.16875029373235523,
    "OTTEF": 0.1681284423604222,
    "AECFF": 0.16811986957867997,
    "STSC": 0.16798756071050044,
    "IONAF": 0.1674206423030571,
    "GENGF": 0.1666126747274286,
    "MRO": 0.1665432192703772,
    "EEENF": 0.16593468769383832,
    "PARXF": 0.1659118194651473,
    "SBOW": 0.16440432441500047,
    "AXGC": 0.16439610376603248,
    "EXCE": 0.16411059177612286,
    "ONTRF": 0.16400564502837972,
    "MCF": 0.16372076360932775,
    "AUNXF": 0.1635757904610164,
    "OAS": 0.16357445652172306,
    "NOG": 0.16326363747417016,
    "EXNT": 0.16312344112145052,
    "OILCF": 0.1630120599465502,
    "TRSI": 0.16277649941703823,
    "AOIFF": 0.16277156646578045,
    "HPK": 0.16223689921854184,
    "SM": 0.16190862649533558,
    "DDRIQ": 0.16156503775132916,
    "XBOR": 0.16141768012801744,
    "ORXGF": 0.161331816186789,
    "SQZZF": 0.1611515679700475,
    "AGGI": 0.16107744854019881,
    "PXD": 0.16087228712542262,
    "TCRRF": 0.16081030620581468,
    "CEI": 0.16059212918128796,
    "BRLL": 0.1602814478708884,
    "FLMN": 0.1602327194825218,
    "MNRL": 0.15977123157632692,
    "ALME": 0.15905845066434512,
    "CGXEF": 0.1587574638845021,
    "NUVSF": 0.15854789054238355,
    "MNVN": 0.15817101918213436,
    "NSLPQ": 0.15727649024009255,
    "RCKHF": 0.15726224256017554,
    "OISHF": 0.15722781786578535,
    "OISHY": 0.15722781786578535,
    "EPM": 0.15689220432038398,
    "ALTX": 0.1560882928747864,
    "FARYF": 0.15578755747678932,
    "NXTFF": 0.15562296532087558,
    "NWSTF": 0.15518463832046298,
    "EGY": 0.15453516040203832,
    "PVAC": 0.15435410589226098,
    "VELXF": 0.15342481009343453,
    "CNENF": 0.1524965706704219,
    "HENC": 0.15237281700498853,
    "TAPOF": 0.15227935226948866,
    "STTX": 0.15218357512423158,
    "SSLZY": 0.15211176591366968,
    "STOSF": 0.15211176591366968,
    "GPORQ": 0.15207213538876221,
    "YGRAF": 0.151981337097001,
    "ALOD": 0.15181683640117494,
    "AXAS": 0.15153591903631997,
    "PED": 0.15152525263016325,
    "MNVWF": 0.15143076676512823,
    "GDP": 0.15071572107988743,
    "BRNGF": 0.15026597558794585,
    "ADNY": 0.1502497995708875,
    "AMPY": 0.14994037760829598,
    "BERI": 0.14952183089969545,
    "CPPXF": 0.14947774630497795,
    "TTEN": 0.14930670849635522,
    "CYNS": 0.1491283094670106,
    "TRKX": 0.1488102034080958,
    "DVN": 0.14866710572086667,
    "XCPT": 0.14854563199701634,
    "JROOF": 0.14840414795615964,
    "NZEOF": 0.14814677985392097,
    "HPMCF": 0.14751557749757788,
    "CRT": 0.14713102311583184,
    "DENR": 0.14706735014726785,
    "RDOIF": 0.14700394127569696,
    "BNGLF": 0.14624663815351677,
    "MXMSF": 0.1455674024430352,
    "OBELF": 0.145432734157392,
    "LONE": 0.14525137830310872,
    "SFPI": 0.14515331831133355,
    "PSTRQ": 0.14389235759413002,
    "PTRUF": 0.143874739744883,
    "PEYUF": 0.14384261988117378,
    "RSRV": 0.14362136399829478,
    "TALO": 0.14333702982175406,
    "SOCLF": 0.14319684812036687,
    "SHASF": 0.14314865215305672,