{
    "MXMSF": 1.0000000000000002,
    "RECAF": 0.24533413213097804,
    "TRKX": 0.23975323667886683,
    "RNSFF": 0.2384359336151268,
    "SMBZF": 0.23835995047706707,
    "ARSLF": 0.23563313840867625,
    "OCTX": 0.22976286696216586,
    "WTXR": 0.22584214102810948,
    "FTMR": 0.2251032305377775,
    "PRIEF": 0.22142797921289012,
    "CNRR": 0.21937620506931,
    "SBOW": 0.20963754674698304,
    "IFNY": 0.20906516256303037,
    "PRTDF": 0.20695363848170173,
    "CRK": 0.2046243409955181,
    "JNEXF": 0.20455906385322276,
    "NKRSF": 0.20351599806002915,
    "PNRG": 0.20216048302803682,
    "XBOR": 0.20197493635872257,
    "MTDR": 0.20190133105074315,
    "LONE": 0.19970782460621253,
    "STGAF": 0.1992954752771938,
    "PBEGF": 0.19927030683995495,
    "HPMCF": 0.1988058974830325,
    "CRRDF": 0.19619524517754655,
    "TXSO": 0.1955714734279201,
    "SOGFF": 0.19442468940342564,
    "AETUF": 0.19441856263428656,
    "CNUCF": 0.19413637640712544,
    "TOPZ": 0.19329171701655334,
    "PVRS": 0.19256741948564446,
    "TRSI": 0.19146419713009646,
    "SHASF": 0.1908860309553422,
    "FECOF": 0.19082076484109586,
    "SOQDQ": 0.18967306517106866,
    "RRC": 0.18905011826747176,
    "AEGG": 0.18833065190813442,
    "PTHRF": 0.1878909646465315,
    "EWPMF": 0.18758720209792484,
    "ALOD": 0.18671522761458795,
    "YGRAF": 0.1856093292493342,
    "AERN": 0.18391861384463717,
    "TAOIF": 0.18285890615991882,
    "DEN": 0.18164582292792628,
    "ZDEXF": 0.1794646350260795,
    "BERI": 0.17910013303058223,
    "VCYE": 0.17891444659893696,
    "BROE": 0.17889177075595383,
    "SPRN": 0.17637919220139434,
    "SRMLF": 0.17637074491350357,
    "APHE": 0.17585663178956829,
    "PRMRF": 0.17578948789556031,
    "EXCE": 0.17535756601664743,
    "CDEV": 0.17485474293676057,
    "KRNGF": 0.17452066123137022,
    "MKRYF": 0.174200151748738,
    "VNLEF": 0.1732028626376955,
    "ARET": 0.1726370768190869,
    "GSPE": 0.1719908067954683,
    "PXD": 0.17035520970528753,
    "SPGYF": 0.16968047658058721,
    "OILCF": 0.16948211823662857,
    "MLORF": 0.16900756371766573,
    "MKSEF": 0.168838639607856,
    "DDRIQ": 0.16829166765748915,
    "ARGYF": 0.16798072632885147,
    "AAVVF": 0.16774853864338965,
    "ANTGF": 0.16731360600604855,
    "PDCE": 0.1672951216475741,
    "FARYF": 0.16605494038484062,
    "EFIR": 0.1655020906708171,
    "DBRM": 0.16548589901636696,
    "DWOG": 0.16514380633932113,
    "ROAOF": 0.16471438489740292,
    "INDO": 0.16441337347455157,
    "BDGR": 0.1643602980802272,
    "NUVSF": 0.1639776854988584,
    "IPRC": 0.162949900664121,
    "DELKY": 0.1621203905826545,
    "DLKGF": 0.1621203905826545,
    "COGLF": 0.1620081781826485,
    "UVSE": 0.1615502018996862,
    "HDYNQ": 0.1606962207224563,
    "GFKSY": 0.15979023140133694,
    "GUKYF": 0.15979023140133694,
    "ROXIF": 0.15955768051055458,
    "PARXF": 0.15889262837152723,
    "PSSS": 0.15873223782703366,
    "GTE": 0.15846292568222414,
    "SVSE": 0.1583484180529678,
    "OEDVQ": 0.15826314188844,
    "TRCH": 0.1582563431960988,
    "AECFF": 0.15803735808297417,
    "BNGLF": 0.1579149177436981,
    "PRPRF": 0.1573018073050896,
    "TOILF": 0.156083259450006,
    "EEENF": 0.15580397806288657,
    "PMGYF": 0.1557676969674612,
    "BNEFF": 0.15487327380830415,
    "OAS": 0.15457299776708358,
    "NZEOF": 0.15398447838756238,
    "CETG": 0.15398124385480652,
    "USEG": 0.15359254730646402,
    "EPM": 0.15271602791227762,
    "CLR": 0.1526623179613988,
    "FOLGF": 0.15144679552049406,
    "NRIS": 0.15119311745400266,
    "PYDPF": 0.15089099286746466,
    "IPXHF": 0.15035666659127922,
    "IPXHY": 0.15035666659127922,
    "EOG": 0.15019942950897844,
    "VNHLF": 0.1501559184904564,
    "BIREF": 0.1501224301681504,
    "HENC": 0.14998214279126112,
    "NOG": 0.1487451796263701,
    "CHK": 0.14873717500724334,
    "LPI": 0.14830902860213024,
    "ERAO": 0.14823462633220247,
    "PTCO": 0.14774454464073106,
    "GASE": 0.14765477406427233,
    "OBELF": 0.14755800220429596,
    "SKPI": 0.14736232645435482,
    "VKIN": 0.1473550626540537,
    "BBLS": 0.14726597410807862,
    "SGLRF": 0.14720985946740467,
    "VELXF": 0.14685429965608085,
    "PHX": 0.14672302931284498,
    "TNEYF": 0.14672274684835465,
    "SPOWF": 0.14599819611717282,
    "CRLFF": 0.14579090848296086,
    "CYNS": 0.14577638114274918,
    "DMEHF": 0.1457258508589782,
    "KDKN": 0.1455674024430352,
    "UAPC": 0.14555921110973907,
    "AMEN": 0.14542355229454917,
    "VPTOF": 0.1453162108451088,
    "COHG": 0.1446325552555956,
    "CWEGF": 0.1444688069520989,
    "POEFF": 0.1439873725903451,
    "ENQUF": 0.14369739083224595,
    "KGEIF": 0.1432535405511673,
    "CGXEF": 0.1431350700563832,
    "STMGF": 0.14280429187088703,
    "EXNT": 0.14279720630245873,
    "SQZZF": 0.14261923195746784,
    "IPOOF": 0.14132762289197173,
    "APA": 0.14069584537115015,
    "EGY": 0.14061281915586338,
    "MNVWF": 0.1404598693005139,
    "HLRTF": 0.13991718157968033,
    "OVV": 0.139567648010892,
    "STSC": 0.13952126252784755,
    "CRC": 0.13911034322274518,
    "GASXF": 0.13904314710758142,
    "MNVN": 0.13863532819060806,
    "BKBEF": 0.13823339875235038,
    "AGGI": 0.13804777851883804,
    "TUWLF": 0.13802531243115732,
    "TUWOY": 0.13802531243115732,
    "FRHLF": 0.13801240631985848,
    "BATL": 0.1378031776562819,
    "SPND": 0.13776776685150308,
    "HPK": 0.13753122016874775,
    "EERGF": 0.13721270721740178,
    "PGNYF": 0.13715676806508267,
    "AUNXF": 0.1369620881692096,
    "HMLA": 0.1369459094692526,
    "SFPI": 0.1369304262583141,
    "CEI": 0.1367648104247071,
    "TCEC": 0.1365457213571042,
    "BOPFF": 0.13604063071069863,
    "ATHOF": 0.13594816259760203,
    "AR": 0.13593992473696997,
    "CRNCY": 0.13585289978207712,
    "GDP": 0.1355614088049947,
    "CDID": 0.1352009119103181,
    "AXGC": 0.13504518163689755,
    "WLL": 0.13488829321495455,
    "MEGEF": 0.13487299730056868,
    "BCEI": 0.1348008785417324,
    "BYROF": 0.1346745104174022,
    "PIFYF": 0.13446327554509782,
    "CPG": 0.1343796861702182,
    "WTI": 0.13382163141742692,
    "JRNGF": 0.13376308777731458,
    "IXOG": 0.13352854145525075,
    "CNQ": 0.1333330428104234,
    "HES": 0.1331777814218769,
    "FDMQQ": 0.13282620912003534,
    "OIGLF": 0.1327291796274325,
    "ONTRF": 0.13257846443833277,
    "ATPGQ": 0.1324881612190791,
    "TELL": 0.13238219282940492,
    "MDMP": 0.13226823698165363,
    "SGER": 0.1317667268404819,
    "STPJF": 0.1316734846947135,
    "TCRRF": 0.13148264318559044,
    "BTEGF": 0.13083012684735812,
    "PNNEF": 0.13046886390074122,
    "FANG": 0.13041625022208495,
    "NFEI": 0.130277416974757,
    "RSRV": 0.1302307699257053,
    "CRBO": 0.12996365747211544,
    "ADXRF": 0.12986518471846295,
    "BRNGF": 0.12986140204785526,
    "FNRC": 0.12977797409101888,
    "ATUUF": 0.1294523533258275,
    "CNX": 0.1294301106780976,
    "PTRUF": 0.12926330986826656,
    "SPLM": 0.12913928858123178,
    "SD": 0.12872800879193813,
    "EMPR": 0.12848622675629254,
    "MKGP": 0.12777812964933705,
    "HZNFF": 0.1276781870885318,
    "DENR": 0.127439537766799,
    "TBTEF": 0.127336631068205,
    "EPSN": 0.12707715199581088,
    "MTR": 0.12697401098075162,
    "STTX": 0.12686656840524246,
    "OTTEF": 0.12683614949414787,
    "BRLL": 0.12682905329418023,
    "PCQRF": 0.12644904741741989,
    "SPRL": 0.12621903164845863,
    "AXAS": 0.12600804775324326,
    "OIEXF": 0.12581525831822668,
    "REOS": 0.1257874294436952,
    "MXC": 0.1257231347256614,
    "PSHIF": 0.12557189921106568,
    "IVCTF": 0.12533994033278073,
    "OOIL": 0.12527592483463826,
    "REI": 0.12524322481390796,
    "TNEN": 0.1251974389066381,
    "YUMAQ": 0.12491264504437384,
    "SM": 0.12471516070220731,
    "FECCF": 0.12444792850418902,
    "MCF": 0.12439447573158577,
    "SWN": 0.12438568717736032,
    "ROYL": 0.12435885883985415,
    "QOIL": 0.12427607754874549,
    "ERINQ": 0.12425354415374512,
    "IONAF": 0.12424677684225921,
    "LBYE": 0.124182855438811,