{
    "NOG": 1.0,
    "MNVWF": 0.5039389694633895,
    "PSHIF": 0.49615763355031495,
    "USEG": 0.47979454433452934,
    "CRK": 0.407874609192206,
    "FANG": 0.3855408504922037,
    "AMPY": 0.37622254954047374,
    "AXAS": 0.3704129900645241,
    "MCF": 0.3672458987114451,
    "PVAC": 0.36267385233193605,
    "PXD": 0.3617929528333781,
    "TALO": 0.3592331381001146,
    "WLL": 0.356056634905474,
    "CHK": 0.35100890481399705,
    "AKVA": 0.35072633746767246,
    "MXC": 0.3488118420432785,
    "SM": 0.3451002602446599,
    "PARXF": 0.3402400703288655,
    "JNEXF": 0.33766984688613044,
    "ARET": 0.33664235468545234,
    "ATPGQ": 0.33628679210149826,
    "HES": 0.3334567570686604,
    "GDP": 0.3320511973621682,
    "MNRL": 0.32880456169136996,
    "BATL": 0.3270622009676273,
    "ESTE": 0.3218316698478498,
    "XEC": 0.3207746557724343,
    "XOG": 0.319837488578463,
    "MNVN": 0.31655504989750716,
    "OAS": 0.3152987385118216,
    "BYROF": 0.3118440531625309,
    "TRCH": 0.31168599214781156,
    "RSRV": 0.3107002094437251,
    "SPND": 0.31006930750217054,
    "BTEGF": 0.30986549118848844,
    "GTE": 0.30943937158641294,
    "WTI": 0.3084684409623004,
    "HPK": 0.3081618117420986,
    "YGRAF": 0.30453989526317127,
    "PDCE": 0.3041798569429073,
    "BOPFF": 0.30284302586165635,
    "DEN": 0.30220368407674575,
    "CRC": 0.30081335265037984,
    "EFIR": 0.3007786461496789,
    "MTDR": 0.2996612777318999,
    "EXCE": 0.29939325850938786,
    "CLR": 0.2992293789704285,
    "UVSE": 0.2969115784551419,
    "ROAOF": 0.2952895453984311,
    "BSM": 0.2943676790099709,
    "EOG": 0.2935148091568558,
    "BCEI": 0.2934036284023347,
    "ERF": 0.29293355755344386,
    "ANTGF": 0.2925442140839267,
    "ENQUF": 0.2884415947740481,
    "EPSN": 0.2866136879969737,
    "SWN": 0.2865253794933991,
    "STTX": 0.28557466173541257,
    "LPI": 0.2852375633595561,
    "PNRC": 0.28506848703440824,
    "CRLFF": 0.28466568837514383,
    "HUSA": 0.28426020527384266,
    "SD": 0.283873478502201,
    "BIREF": 0.2834592538094818,
    "AETUF": 0.2834532780267215,
    "PNWRF": 0.2806478110668383,
    "PSTRQ": 0.28008873009749213,
    "AMAZ": 0.2799884561051777,
    "PIFYF": 0.2789689033294262,
    "CETG": 0.2785116850710701,
    "EQT": 0.2781681448404531,
    "CPE": 0.2762831852861897,
    "EXNT": 0.2755788184484436,
    "DGOCF": 0.27471763619042827,
    "COHG": 0.27440434868687796,
    "CPG": 0.2736145906654941,
    "KGEIF": 0.27334345823796324,
    "CEI": 0.2729247666493365,
    "CWEGF": 0.27249777313242185,
    "TCEC": 0.27161628558519163,
    "DELKY": 0.2712119078386939,
    "DLKGF": 0.2712119078386939,
    "MLORF": 0.26934876271300107,
    "RRC": 0.26785630665811966,
    "MRO": 0.26570809982876054,
    "SGER": 0.26454206040653905,
    "DBRM": 0.262595755071526,
    "AXGC": 0.2611872117926582,
    "SQZZF": 0.26103981711095564,
    "PRPRF": 0.25976943489887516,
    "BCHEY": 0.2597269840226911,
    "BEPTF": 0.2597269840226911,
    "CRBO": 0.2592701117624761,
    "GPORQ": 0.25849016072735154,
    "SFPI": 0.2583942574928334,
    "RCKHF": 0.2575616728953068,
    "ARGYF": 0.2568227449937686,
    "PYDPF": 0.25636687611530484,
    "LONE": 0.2561854084521936,
    "ROYTL": 0.25583555812532666,
    "WCHEF": 0.25432452625073415,
    "PVRS": 0.25425488761722614,
    "FECCF": 0.2526956404260638,
    "CDEV": 0.25204291163367937,
    "TUWLF": 0.2515209403814007,
    "TUWOY": 0.2515209403814007,
    "PTHRF": 0.25128854643899234,
    "MKRYF": 0.2510573458948885,
    "OISHF": 0.2509971866877432,
    "OISHY": 0.2509971866877432,
    "BKEN": 0.24960659906175517,
    "MTR": 0.24916015390715104,
    "TXSO": 0.24874055481849344,
    "BRNGF": 0.24789682294350723,
    "RDFEF": 0.24753949939428457,
    "UNEGF": 0.24750903170892463,
    "IPOOF": 0.24714179941991984,
    "HRST": 0.2469258789184033,
    "FRHLF": 0.24652932621954574,
    "ATHOF": 0.24562792256092522,
    "IXOG": 0.24555178735413744,
    "VIST": 0.24535207700682085,
    "VSOGF": 0.24535207700682085,
    "VOC": 0.245314900753311,
    "MVO": 0.24522588981214252,
    "VET": 0.24335327767309495,
    "STGAF": 0.2429629986496211,
    "COG": 0.24244181105402632,
    "PBEGF": 0.24238118102184603,
    "REPX": 0.2411933892445075,
    "DVN": 0.24080506482021782,
    "FTMR": 0.24076572016005768,
    "AOGC": 0.24064044946332067,
    "SRMLF": 0.2382445749304426,
    "XBOR": 0.23769386176608584,
    "MDMP": 0.23727683436298455,
    "APHE": 0.23702163092268666,
    "BNEFF": 0.23695598156117748,
    "FTXP": 0.23607450953863554,
    "EEENF": 0.23599827057509085,
    "FOLGF": 0.23482635589313208,
    "PRIEF": 0.23363769229569775,
    "DTNOF": 0.2331844316511056,
    "DTNOY": 0.2331844316511056,
    "SPRN": 0.2325437160884489,
    "NUVSF": 0.23202330961577397,
    "ZDEXF": 0.23189171782668558,
    "AR": 0.23011070231119124,
    "TAPOF": 0.22968746230711995,
    "GASE": 0.22885745144462952,
    "UAPC": 0.22872377318521714,
    "SOGFF": 0.22862006099483728,
    "CNUCF": 0.2285374445780046,
    "KRP": 0.22850892871476314,
    "WTXR": 0.22791354738018185,
    "PEYUF": 0.22749598649393732,
    "PMGYF": 0.22726151123010122,
    "VCYE": 0.22693450992841985,
    "ECCE": 0.22581050508150857,
    "PHX": 0.22543250197774456,
    "PFNO": 0.22447592201754116,
    "MKGP": 0.2244177306024749,
    "PNRG": 0.22431722748975874,
    "MGY": 0.22411785990796795,
    "OEDVQ": 0.22330265227601917,
    "PED": 0.22287467022771143,
    "GSPE": 0.2227661785409203,
    "COGLF": 0.22160003133082562,
    "EPM": 0.22152018454383385,
    "NSLPQ": 0.2213541133142055,
    "COIL": 0.22063721310547374,
    "BERI": 0.22014212936544697,
    "CNRR": 0.21973785193647047,
    "OVV": 0.2180625368726307,
    "REI": 0.21741752565312827,
    "BLMC": 0.21719017640409244,
    "ALTX": 0.2171559252014543,
    "BRY": 0.21697789419900415,
    "CHKR": 0.2164623776262328,
    "IPXHF": 0.2157377927340432,
    "IPXHY": 0.2157377927340432,
    "TELL": 0.21559166248843178,
    "HZNFF": 0.21539285250569395,
    "NKRSF": 0.21501395435464732,
    "EWPMF": 0.21495900138260746,
    "HDYNQ": 0.21434264768486797,
    "ALVOF": 0.21369109945184916,
    "AMEN": 0.21366274004431743,
    "NZEOF": 0.21320634232833374,
    "AECFF": 0.21317303024795137,
    "CNQ": 0.2122636987139643,
    "FNRC": 0.21220556253655254,
    "SPOWF": 0.21186697926629328,
    "LBYE": 0.2118614049673827,
    "JRNGF": 0.21006390393875735,
    "TGA": 0.2098079239555726,
    "CWVLF": 0.20937208765028112,
    "DDRIQ": 0.2090922101715132,
    "BROE": 0.20874047957760794,
    "HENI": 0.20840094809087695,
    "NRIS": 0.20820262112157592,
    "SBR": 0.20803357841703585,
    "CRNCY": 0.20748126623708268,
    "ALOD": 0.20747989743414724,
    "ERHE": 0.2066977207391295,
    "TRKX": 0.20658048656481004,
    "SBOW": 0.2062586473962163,
    "DMEHF": 0.20594030517992945,
    "FECOF": 0.20566147313155794,
    "PGNYF": 0.2054324999924954,
    "CRT": 0.20509304491119135,
    "AAVVF": 0.20396714105575997,
    "EERGF": 0.2025915721181911,
    "CYNS": 0.20168309653940947,
    "ROYL": 0.20054599895552938,
    "TAOIF": 0.20001403170768403,
    "PRMRF": 0.1996530122295659,
    "ATUUF": 0.19942781204450707,
    "SKPI": 0.19940412488359416,
    "TRMLF": 0.1978607713267879,
    "NFEI": 0.19754553651879322,
    "STSC": 0.1967266992216048,
    "POEFF": 0.19641557194610257,
    "HENC": 0.1963135764735615,
    "NXTFF": 0.19625922694741693,
    "KRNGF": 0.19604920638438844,
    "TTEN": 0.1954659624892521,
    "VKIN": 0.19537428280422972,
    "DWOG": 0.19518911661896998,
    "PTRUF": 0.1949773661702733,
    "IPRC": 0.19456060863952696,
    "BRLL": 0.19426940161024614,
    "RKOS": 0.19393316287710402,
    "SOCLF": 0.19328438659512714,
    "DMLP": 0.19293886900084417,
    "WHZT": 0.19266856882213812,
    "BPIGF": 0.19248106668849183,
    "SVSE": 0.19229846104103368,
    "RECAF": 0.19202998650580202,
    "PTRRY": 0.19193041486542348,
    "BBLS": 0.19158861535402588,
    "VPTOF": 0.19074202657812145,
    "EMPR": 0.19006809046466666,
    "VNLEF": 0.18933637825480074,