{
    "PERS": 1.0000000000000002,
    "SDTTU": 0.4212758760352376,
    "FANG": 0.3441133567603573,
    "PBT": 0.3427616387557392,
    "PRT": 0.3379229983728635,
    "MTR": 0.33448131663201014,
    "PVL": 0.32723907780779465,
    "USEG": 0.3262365813319317,
    "CRT": 0.3234440532115599,
    "TTYP": 0.32237697247536945,
    "WTXR": 0.3045914941913384,
    "HUSA": 0.30151264251974713,
    "SBR": 0.2981859709200605,
    "REPX": 0.296395500037551,
    "HGTXU": 0.29252443234060443,
    "ROYTL": 0.28808994403846694,
    "MDMP": 0.2862177547499781,
    "WHZT": 0.2853861879079318,
    "MNRL": 0.2853509364423559,
    "CHKR": 0.2765164016020632,
    "SJT": 0.2737676095528096,
    "KRP": 0.269595504352245,
    "WCHEF": 0.267181980994198,
    "MVO": 0.2657598997083234,
    "AXAS": 0.2630508641511495,
    "CHK": 0.26173594305054204,
    "SGER": 0.2600330978869831,
    "AXGC": 0.25490930120706323,
    "ECCE": 0.24680361561286374,
    "AMAZ": 0.2432494675164819,
    "EFIR": 0.24112561538877703,
    "CPE": 0.2404382118124028,
    "GULTU": 0.23912644233328653,
    "APA": 0.23682013306686606,
    "PED": 0.23240017051935535,
    "SD": 0.23083848384651579,
    "PXD": 0.22714648590587727,
    "TXSO": 0.22540649386992423,
    "TRCH": 0.22312525915717732,
    "ARGYF": 0.22209664407729346,
    "LPI": 0.22013043982398148,
    "CDEV": 0.219357549051995,
    "PYDPF": 0.21592269687410467,
    "ANTGF": 0.21573544645359038,
    "AMEN": 0.21429094015351707,
    "AKVA": 0.2133476202262549,
    "GDP": 0.21247608458067938,
    "UAPC": 0.21240871452185178,
    "MGUY": 0.21236388543605242,
    "SFPI": 0.21148293702769863,
    "BBLS": 0.2081492276200552,
    "AMPY": 0.20626480981496753,
    "ROYL": 0.20562925619519826,
    "HRST": 0.20480949783226382,
    "BSM": 0.2046559283309978,
    "MKGP": 0.20355759818576002,
    "IPRC": 0.20351079214290962,
    "TRMLF": 0.20225264107687413,
    "DMLP": 0.20183667866999547,
    "ARET": 0.20045882649274718,
    "BYROF": 0.19918881589401977,
    "JNEXF": 0.1987168926929991,
    "MTDR": 0.19844962906675176,
    "TCRRF": 0.1981793280333558,
    "TCEC": 0.19466404267946927,
    "OVV": 0.19424193323822,
    "LONE": 0.19419654891410842,
    "VCYE": 0.19366915915815766,
    "WTI": 0.19334804263376237,
    "PVAC": 0.19290344360959683,
    "VOC": 0.19182822206748368,
    "SPND": 0.1915265857442099,
    "FRHLF": 0.19112499717488055,
    "PTHRF": 0.19067137670737624,
    "REI": 0.19034789744445693,
    "LBYE": 0.18923390675131682,
    "NOG": 0.18881649835285322,
    "EXCE": 0.1882407803719379,
    "EPM": 0.18792060006176392,
    "SOGFF": 0.1877751483128051,
    "PGNYF": 0.1877270897436934,
    "EPSN": 0.18766643458624122,
    "MNVN": 0.1871424370653446,
    "MCF": 0.18597174370165492,
    "IPOOF": 0.1858591476927157,
    "OAS": 0.1847743203204526,
    "TTEN": 0.18422156239351906,
    "HPK": 0.18411095179099818,
    "PCOGF": 0.18323886131311526,
    "FNRC": 0.18287105477077542,
    "MXC": 0.18214084363648567,
    "BNEFF": 0.182093950929127,
    "STSC": 0.18016805228376356,
    "BATL": 0.1801366348002086,
    "PVRS": 0.17876806763766134,
    "PMGYF": 0.17765764339613413,
    "AOGC": 0.17756502308338368,
    "OILCF": 0.17710236710080884,
    "COGLF": 0.17663524565638122,
    "FLMN": 0.17556751636955553,
    "MGY": 0.17523282653342395,
    "BRNGF": 0.1745337159966928,
    "MLORF": 0.1740100425508245,
    "PRIEF": 0.17363962582693013,
    "RSRV": 0.17247694509193523,
    "CYNS": 0.17230681294711483,
    "PNRG": 0.17217699894346278,
    "PDCE": 0.17166663211633523,
    "TAPOF": 0.1715101986617477,
    "BOPFF": 0.17055081748411924,
    "STGAF": 0.17038575898556876,
    "TALO": 0.1703219197557427,
    "CRK": 0.1701336191844346,
    "ROAOF": 0.16970905759449945,
    "DEN": 0.16911407011476556,
    "DELKY": 0.16899285588443022,
    "DLKGF": 0.16899285588443022,
    "CRBO": 0.16855617296164765,
    "COIL": 0.16849451219489217,
    "NKRSF": 0.16796598429530854,
    "NUVSF": 0.16791832440005466,
    "PIFYF": 0.16699675087035176,
    "BTEGF": 0.16675839754256244,
    "FTMR": 0.1647951641130506,
    "EWPMF": 0.16446466466056026,
    "OPTBF": 0.16405855106015035,
    "BROE": 0.16405254493182697,
    "SM": 0.16377777795256435,
    "ATPGQ": 0.16360615015884822,
    "VPTOF": 0.1629979298983988,
    "XEC": 0.16296688413202867,
    "DDRIQ": 0.16239112222755192,
    "HDYNQ": 0.1623576828782193,
    "ZDEXF": 0.16169020170927187,
    "HZNFF": 0.16122299401922024,
    "COG": 0.16077244238319477,
    "CETG": 0.16030911951136806,
    "VNLEF": 0.16000193857684838,
    "CNUCF": 0.15969616049780128,
    "PTRC": 0.15968858194211497,
    "DMEHF": 0.15889427534710035,
    "UVSE": 0.15725865639472425,
    "BIREF": 0.15641317613788888,
    "VEI": 0.15635004292654278,
    "ALME": 0.15634266635236058,
    "CEI": 0.1555079546002622,
    "KPHWF": 0.15540590087202144,
    "FOLGF": 0.15534912694050776,
    "RKOS": 0.1549319040517723,
    "FDMQQ": 0.15490261314290155,
    "SWN": 0.15472183364952763,
    "TRSI": 0.15445428222180344,
    "HENI": 0.154432709687236,
    "PRMRF": 0.15441703929916992,
    "AETUF": 0.15407109810657782,
    "VKIN": 0.1535995319355251,
    "BERI": 0.1534752402676921,
    "TELL": 0.1533680444702047,
    "COHG": 0.15315316063769738,
    "SVSE": 0.15312929363698288,
    "AGGI": 0.15306973229971682,
    "TAOIF": 0.15242505627175587,
    "POEFF": 0.15098464774518386,
    "PEYUF": 0.15093914627067825,
    "PARXF": 0.15079665283717814,
    "ENQUF": 0.15067602310213454,
    "IXOG": 0.14991346247290316,
    "YUMAQ": 0.1497938005618489,
    "MNVWF": 0.14978183536103837,
    "AEGG": 0.14912692593628282,
    "PTCO": 0.14882832941647048,
    "SQZZF": 0.14881462756371372,
    "HMLA": 0.14788735146571483,
    "AECFF": 0.14729755423934338,
    "SOCLF": 0.14675107518060532,
    "ERAO": 0.14559789970337625,
    "CWEGF": 0.14551062600393808,
    "PRPRF": 0.14543994438396204,
    "DENR": 0.1454299009925486,
    "NZEOF": 0.145114888931577,
    "RRC": 0.14509789623423017,
    "SBOW": 0.1444730021660129,
    "PSSS": 0.14400115194377242,
    "MKRYF": 0.14399739081948248,
    "HENC": 0.14374455986122217,
    "NRIS": 0.14323244246810998,
    "RCKHF": 0.14314745817804364,
    "STTX": 0.1427747070287999,
    "DGOCF": 0.142319354133432,
    "TOILF": 0.14175523177370034,
    "RECAF": 0.14144068769923807,
    "XOG": 0.1412870685914427,
    "KRNGF": 0.14082714524170492,
    "VIST": 0.1404468241057693,
    "VSOGF": 0.1404468241057693,
    "EOG": 0.14032663318168054,
    "EGY": 0.14030752505356098,
    "TGA": 0.14024413345030348,
    "ALTX": 0.1400363531652248,
    "ESTE": 0.13970378295486494,
    "EXNT": 0.1392078793279045,
    "MUR": 0.13911232927960865,
    "ATHOF": 0.13847996279819172,
    "DBRM": 0.13811578900857904,
    "FTXP": 0.13796439634464866,
    "CPG": 0.13739590924954287,
    "ALVOF": 0.13678621363197507,
    "QOIL": 0.13661351119916598,
    "GTE": 0.13659683364601435,
    "BRLL": 0.13638144921328,
    "APHE": 0.13623329489911273,
    "WLL": 0.1360187919205716,
    "TPDDF": 0.13585018685511832,
    "PSTRQ": 0.13573527340933955,
    "FARYF": 0.13562514920668495,
    "BYOGF": 0.13509135461298452,
    "EEENF": 0.13484750039386162,
    "MRO": 0.13479011560291027,
    "CRC": 0.13471897324174537,
    "CWVLF": 0.13434233062545023,
    "PFNO": 0.1342950963414606,
    "MMEX": 0.13368544597063095,
    "PBEGF": 0.13349191700411772,
    "PTALF": 0.1330911191944795,
    "IVCTF": 0.13273146152254947,
    "CNRR": 0.13253585838065035,
    "CRLFF": 0.13249672989240038,
    "COP": 0.13248044652158958,
    "SKPI": 0.13232570222981974,
    "WCYN": 0.1323067844838167,
    "PNNEF": 0.13220334780724455,
    "SPOWF": 0.1319783824401838,
    "BCEI": 0.13195504769814212,
    "PNWRF": 0.13161786009006524,
    "OIEXF": 0.13137487593940178,
    "RDFEF": 0.13119300040390994,
    "GSPE": 0.1308695590383129,
    "PNRC": 0.1308588254896723,
    "BRY": 0.12920959661318626,
    "PTRRY": 0.12888258385425252,
    "ZPTAF": 0.12825718556381624,
    "TPL": 0.12779190343854135,
    "HES": 0.12762043182540717,