{
    "PRT": 1.0,
    "FANG": 0.36294322154666103,
    "PERS": 0.3379229983728635,
    "PED": 0.33012026452980575,
    "PBT": 0.3032244720724089,
    "VOC": 0.2998008825334096,
    "USEG": 0.29834650159919435,
    "REPX": 0.29411864659524534,
    "WCHEF": 0.2936975421830874,
    "MNRL": 0.28731261487974297,
    "VET": 0.2846191589097415,
    "REI": 0.28092292825120524,
    "MDMP": 0.27854677761553226,
    "CDEV": 0.26930134014835894,
    "LONE": 0.263068424166049,
    "AXAS": 0.26279100119439774,
    "MGY": 0.2503814755988229,
    "ZPTAF": 0.2446318772383705,
    "EXCE": 0.24237083534349743,
    "SGER": 0.23927150131134925,
    "CRT": 0.23906660236087712,
    "WHZT": 0.23829482272564165,
    "EPSN": 0.23585786107272833,
    "OAS": 0.2323054142924651,
    "MTR": 0.225628818823752,
    "PTRUF": 0.22475454260425862,
    "CPE": 0.22374940997534828,
    "RSRV": 0.22348969959409867,
    "AMAZ": 0.22247475180458026,
    "EFIR": 0.21974874891486343,
    "SJT": 0.21893723792803266,
    "XOG": 0.21696029905283545,
    "ROYTL": 0.21588860933559045,
    "DMLP": 0.21201590797945435,
    "LPI": 0.20726109240732055,
    "HPK": 0.20703714854604519,
    "MVO": 0.2049053163090317,
    "BATL": 0.20112784987846438,
    "AKVA": 0.20053395062331075,
    "HUSA": 0.20006258204833788,
    "PVL": 0.19902684475981325,
    "TTEN": 0.19834512752261957,
    "TRCH": 0.19825935031784506,
    "SPND": 0.1962634266009464,
    "CHK": 0.19519452025338876,
    "KRP": 0.19413059677438937,
    "BPIGF": 0.1924126495153082,
    "IPRC": 0.19124844948036807,
    "PXD": 0.1834638851769995,
    "CETG": 0.18328671714160089,
    "NUVSF": 0.18246007072191517,
    "PSTRQ": 0.18236230585456584,
    "ATHOF": 0.18217421612308834,
    "WLL": 0.17997602431255827,
    "WTI": 0.17829243947478987,
    "PTHRF": 0.17711805760962349,
    "HGTXU": 0.176172530486913,
    "ROYL": 0.17267425526155175,
    "ALOD": 0.17190827119719124,
    "OVV": 0.17148968085758579,
    "TCEC": 0.16997871108758658,
    "MNVN": 0.1684624553939144,
    "FTMR": 0.1682523550903579,
    "CRBO": 0.16790419309715124,
    "TRSI": 0.16721064882286787,
    "WTXR": 0.16676479684602594,
    "VEI": 0.1666703773931303,
    "TXSO": 0.1666657855290306,
    "SWN": 0.16662091406949092,
    "GPORQ": 0.1655143708311923,
    "MKGP": 0.1654343732015702,
    "BOPFF": 0.16537620163056324,
    "ECCE": 0.16465287185758484,
    "AXGC": 0.16456138866757164,
    "APHE": 0.1638250041365535,
    "REOS": 0.1634544573031348,
    "XEC": 0.16309598963590277,
    "RRC": 0.16228934552034482,
    "CKX": 0.15989029944409575,
    "TTYP": 0.15950604521734577,
    "SFPI": 0.15900532116708174,
    "CWEGF": 0.1581446013864686,
    "JNEXF": 0.158052661357546,
    "EEENF": 0.15796349594252593,
    "PMGYF": 0.15776706447589528,
    "OILCF": 0.1573072732075668,
    "BRLL": 0.15701149070583997,
    "APA": 0.1566244446888203,
    "AOGC": 0.156111216531881,
    "COGLF": 0.15530935893419673,
    "EWPMF": 0.15513472479088627,
    "BRNGF": 0.15508859660582422,
    "TRMLF": 0.1545273533462042,
    "STTX": 0.15435085229564033,
    "FOLGF": 0.15430881899723686,
    "ANTGF": 0.15423242937732828,
    "CHKR": 0.15415666756519716,
    "MNVWF": 0.15381982086698648,
    "VCYE": 0.15341445553980268,
    "HENI": 0.15306807529291044,
    "NOG": 0.15240610225802312,
    "PNWRF": 0.15222254172049846,
    "UAPC": 0.15213918747323982,
    "FTXP": 0.15201564504290607,
    "FNRC": 0.15141695367929872,
    "PDCE": 0.15095036568998735,
    "SD": 0.1509205645538705,
    "PQEFF": 0.15026206354442764,
    "SBR": 0.150036887967122,
    "MXC": 0.1499938761337651,
    "PCQRF": 0.1488086425455553,
    "FLMN": 0.14843608627666965,
    "DDRIQ": 0.14809028028837262,
    "PRIEF": 0.14805573091683671,
    "RDFEF": 0.14780003750477644,
    "MLORF": 0.14774499556200152,
    "BBLS": 0.14735383583707162,
    "MGUY": 0.14634964709437878,
    "BTEGF": 0.14616668896938406,
    "SOCLF": 0.1460766908602522,
    "ATPGQ": 0.14589011843359273,
    "SDTTU": 0.14582056988757294,
    "ALME": 0.1452643667262404,
    "DMEHF": 0.14516010218213843,
    "MTDR": 0.1449686108333638,
    "NZEOF": 0.14469116515433464,
    "GDP": 0.1442588787326358,
    "BRY": 0.1441872944345647,
    "ZDEXF": 0.1440185528724628,
    "SOQDQ": 0.14350133332343026,
    "YUMAQ": 0.14336950377315105,
    "PCOGF": 0.14287961291158502,
    "RDOIF": 0.14096438879989287,
    "EXNT": 0.14092892212530253,
    "SM": 0.14057406140157078,
    "BNEFF": 0.14023473684924387,
    "MCF": 0.14013511680304003,
    "ESTE": 0.14008139137833572,
    "PYDPF": 0.1396373898886376,
    "COIL": 0.13899690014205537,
    "QTEYF": 0.13818932870704487,
    "RCKHF": 0.1380646991377636,
    "BYROF": 0.13778243006216656,
    "MKRYF": 0.13759507976802898,
    "GASE": 0.1365889608404903,
    "OTTEF": 0.13636493571060404,
    "KGEIF": 0.13631699123316648,
    "COG": 0.1359971913754628,
    "PTRRY": 0.1357986095905632,
    "PSHIF": 0.1357441610495202,
    "BSM": 0.13566888897340343,
    "DBRM": 0.13513119679342345,
    "KRNGF": 0.13504520371252182,
    "ERAO": 0.13474550285655182,
    "CYNS": 0.13440095629582655,
    "MRO": 0.1343960392167317,
    "COHG": 0.13430532429772132,
    "VPTOF": 0.13376738128700297,
    "HMENF": 0.13350106880839158,
    "PTCO": 0.1331541536515148,
    "CRC": 0.13288870666105723,
    "PNRC": 0.13288157804248885,
    "MMEX": 0.13286620919168365,
    "AAVVF": 0.13280724277381703,
    "CRK": 0.13225339819201554,
    "TALO": 0.13211900948302543,
    "PIFYF": 0.13205081084313028,
    "PVRS": 0.13197779813544103,
    "SQZZF": 0.13194963073641416,
    "CNUCF": 0.13188940345584035,
    "DELKY": 0.13174103582553953,
    "DLKGF": 0.13174103582553953,
    "TOILF": 0.13130124163203719,
    "IPOOF": 0.1309430471806879,
    "PVAC": 0.13076147890486786,
    "CNX": 0.1304316869444532,
    "TELL": 0.1297693729932265,
    "GSPE": 0.12968993674102972,
    "POEFF": 0.12923354029833428,
    "CWVLF": 0.1292016252379724,
    "AMEN": 0.12898086708058862,
    "STGAF": 0.12735601640991362,
    "DGOCF": 0.12716317094138757,
    "TAOIF": 0.12634718341332807,
    "EOG": 0.12580100292585422,
    "AUNXF": 0.12528591748044704,
    "PFNO": 0.1250748820349563,
    "LBYE": 0.12459388761197145,
    "NRIS": 0.12427811520548819,
    "GULTU": 0.1239936095764556,
    "FPPP": 0.1237008483774239,
    "ARGYF": 0.12332847530783937,
    "BROE": 0.12316757632230237,
    "KOS": 0.12310442172058118,
    "LEKOF": 0.122946006021032,
    "BIREF": 0.12279653143480804,
    "CEI": 0.12262986410483667,
    "EPM": 0.12231377663091592,
    "IXOG": 0.12190066504100995,
    "SOGFF": 0.12132062877222889,
    "VIST": 0.12131549808615913,
    "VSOGF": 0.12131549808615913,
    "AMPY": 0.12117683456796079,
    "ARET": 0.12100566978171817,
    "PRPRF": 0.12096615401845473,
    "NSLPQ": 0.12084111084460186,
    "TGA": 0.11983768521022205,
    "IFNY": 0.11961540522954646,
    "RKOS": 0.11933058346259101,
    "XBOR": 0.1192642459338936,
    "AR": 0.11869753356938552,
    "HENC": 0.11850191818848677,
    "OBELF": 0.11803539454248656,
    "DEN": 0.11799983270297149,
    "SPRN": 0.11797146249375265,
    "TAPOF": 0.11783138072178562,
    "UVSE": 0.11778369470396337,
    "HDYNQ": 0.11776623468342776,
    "SPLM": 0.11681657600599125,
    "HZNFF": 0.11675184705921471,
    "HES": 0.11673794460100545,
    "HRST": 0.11651529544134555,
    "PSSS": 0.11541167300764801,
    "SKPI": 0.11461266671646025,
    "PARXF": 0.114405835756002,
    "SRLY": 0.11368278935829369,
    "FRHLF": 0.11365171817926704,
    "PHX": 0.11363271993022744,
    "VKIN": 0.11301990243353313,
    "AETUF": 0.11283387197485958,
    "ADXRF": 0.11226996540195827,
    "OEDVQ": 0.1120423130110403,
    "IVCTF": 0.11201065758397964,
    "SMBZF": 0.11178687446467672,
    "ALVOF": 0.11111788773813451,
    "ERHE": 0.1108923120297881,
    "BLMC": 0.10799900487527672,
    "PNRG": 0.1079037638925914,
    "VNHLF": 0.1078398153526264,
    "NKRSF": 0.10735653415777714,
    "FECOF": 0.10672608616772818,
    "TPL": 0.10668609587720865,
    "DENR": 0.10667099693219068,