{
    "PTRRY": 1.0,
    "USEG": 0.23966072604514832,
    "KRNGF": 0.23032558064179684,
    "CWVLF": 0.2239340670284339,
    "JNEXF": 0.22232063714102507,
    "NZEOF": 0.21986817554466442,
    "FTMR": 0.21503789992925573,
    "HPMCF": 0.2076612168386696,
    "BRNGF": 0.20154055582648542,
    "OIEXF": 0.20063795666902587,
    "STGAF": 0.19932576175876218,
    "FOLGF": 0.19859210017230283,
    "TOILF": 0.19756029966141261,
    "MTR": 0.19741763007513288,
    "TCEC": 0.19699422627052118,
    "ANTGF": 0.19461240770544644,
    "RNSFF": 0.19431159475425694,
    "NOG": 0.19193041486542348,
    "EXCE": 0.19117959129757633,
    "EFIR": 0.19060477814846,
    "VIST": 0.19052399629080574,
    "VSOGF": 0.19052399629080574,
    "FANG": 0.1898236234010082,
    "CHK": 0.18933110993982588,
    "EEENF": 0.18835470187441603,
    "XOG": 0.18785930829788178,
    "DELKY": 0.18539762019598957,
    "DLKGF": 0.18539762019598957,
    "BNEFF": 0.18537252332034015,
    "NEXT": 0.18467269398790964,
    "GPORQ": 0.1838223290789878,
    "BOPFF": 0.18315787822245333,
    "MKRYF": 0.1821581468549961,
    "COIL": 0.18176584806682394,
    "MMEX": 0.18167110009375967,
    "BYROF": 0.1816127542310911,
    "SPND": 0.1813584897893149,
    "RDFEF": 0.1810035092870798,
    "WCHEF": 0.17994630490175448,
    "WTI": 0.1778769302404117,
    "EXNT": 0.1776486754121215,
    "WLL": 0.17708472186063998,
    "UAPC": 0.17657356389145876,
    "DMEHF": 0.1762023195373589,
    "HDYNQ": 0.1761673016570957,
    "PDCE": 0.17532740689651474,
    "TAOIF": 0.17453046397666436,
    "LONE": 0.1739072620616372,
    "CWEGF": 0.17389947308311265,
    "PARXF": 0.17342310040862033,
    "PTRC": 0.17329770175381068,
    "NUVSF": 0.1730641839648114,
    "PIFYF": 0.17305949698409448,
    "SPOWF": 0.17293400219118743,
    "AXAS": 0.17216517147644514,
    "PRIEF": 0.17209207619238256,
    "PRPRF": 0.17118195324087807,
    "AKVA": 0.17106349556916717,
    "PNRC": 0.17012742925243265,
    "PTHRF": 0.17002759836664522,
    "MCF": 0.16944767217091106,
    "MTDR": 0.16916428389093094,
    "HZNFF": 0.1689289778230122,
    "PSTRQ": 0.16880644138777595,
    "ROYTL": 0.16852573850606126,
    "MKGP": 0.16848495531678104,
    "OAS": 0.16838846393177892,
    "SGER": 0.1679239662491008,
    "BBLS": 0.167781195880479,
    "MNVN": 0.16758142463246384,
    "HENI": 0.16711650435768202,
    "MRO": 0.16687745738388204,
    "EWPMF": 0.16676584734897085,
    "COHG": 0.166684716671784,
    "PRTDF": 0.16665513880669308,
    "PCQRF": 0.16652351907428764,
    "EPM": 0.1662635640571614,
    "CRC": 0.16615809148616098,
    "TAPOF": 0.16573650327830264,
    "GDP": 0.1649551750744764,
    "PMGYF": 0.1644907971863108,
    "MLORF": 0.16442085151909516,
    "BCEI": 0.16388421486881885,
    "HES": 0.16375790525163172,
    "SM": 0.16336835165308847,
    "BATL": 0.1629355862060941,
    "ARET": 0.16288899961354725,
    "DGOCF": 0.16207122122189857,
    "DBRM": 0.16195582699659375,
    "RRC": 0.16186874875416601,
    "SHASF": 0.16154894733910213,
    "CDEV": 0.16107694297972153,
    "ATPGQ": 0.1610512219391591,
    "CETG": 0.16092306179791246,
    "SQZZF": 0.16058057009909388,
    "VPTOF": 0.1603680141572583,
    "ENQUF": 0.15974470483036093,
    "FPPP": 0.159192499233213,
    "GTE": 0.1591449097514458,
    "DEN": 0.15891733309091208,
    "LPI": 0.15883339978764638,
    "PXD": 0.15803843715906926,
    "ROAOF": 0.15756335215814601,
    "APHE": 0.15742633524148802,
    "ATHOF": 0.15740211034544935,
    "PNWRF": 0.1570003170217774,
    "BTEGF": 0.15690702231792183,
    "GFKSY": 0.15677979694593833,
    "GUKYF": 0.15677979694593833,
    "DDRIQ": 0.1566662264288276,
    "SWN": 0.15595975456926592,
    "INDO": 0.15573555708650694,
    "AOGC": 0.155701965298295,
    "TALO": 0.15562190257544836,
    "FARYF": 0.15557877200298614,
    "IPOOF": 0.1553347959448304,
    "UVSE": 0.15454796550006739,
    "MNRL": 0.15398203711815384,
    "OILCF": 0.15392972473145813,
    "SOGFF": 0.15360203947291284,
    "AUNXF": 0.153471625861469,
    "AXGC": 0.15344741231535006,
    "TRCH": 0.15324654293141632,
    "SOCLF": 0.1532326853653682,
    "BIREF": 0.15322578270039486,
    "SFPI": 0.15287118057179855,
    "PBEGF": 0.1528268799479927,
    "AAVVF": 0.15276421648709507,
    "OIGLF": 0.15246231506048458,
    "HPK": 0.15209321113311325,
    "MGY": 0.15190999091415194,
    "MVO": 0.1515802999877278,
    "PVAC": 0.1515589877004222,
    "VCYE": 0.15133663873102154,
    "EPSN": 0.1510795091614389,
    "CRK": 0.1508771412473311,
    "FTXP": 0.1508203023058148,
    "SJT": 0.1507671675451278,
    "DTNOF": 0.15018231967174772,
    "DTNOY": 0.15018231967174772,
    "CPE": 0.15012074145199708,
    "AMAZ": 0.14959684513852975,
    "MDMP": 0.14955985722646375,
    "HUSA": 0.14949928299778995,
    "BCHEY": 0.14943466527636026,
    "BEPTF": 0.14943466527636026,
    "HENC": 0.14873523019369844,
    "PGNYF": 0.14852537488753542,
    "GPRK": 0.14839988050339234,
    "COG": 0.14822232087831713,
    "EOG": 0.1479198999539154,
    "MNVWF": 0.14780880840540264,
    "PYDPF": 0.14774750845279383,
    "ALVOF": 0.14729074066567108,
    "SRMLF": 0.14696429535863792,
    "ROYL": 0.14661146951176462,
    "PTALF": 0.14618218372604644,
    "NKRSF": 0.14561342288655868,
    "CRBO": 0.14477748494052842,
    "RECAF": 0.1445712504160161,
    "TRMLF": 0.14382244496439328,
    "YGRAF": 0.14329827475280416,
    "OISHF": 0.14277481746775797,
    "OISHY": 0.14277481746775797,
    "SD": 0.14263749486108687,
    "FNRC": 0.1425705263235735,
    "MXC": 0.1418915930212858,
    "SMBZF": 0.1416974492911417,
    "CNUCF": 0.1415354761931406,
    "TNEYF": 0.141261544993689,
    "STDE": 0.14098855881672012,
    "PED": 0.1409674203318039,
    "TXSO": 0.14090356214203525,
    "AETUF": 0.140408983787123,
    "POEFF": 0.1401532223375163,
    "DENR": 0.14007324817483377,
    "ERF": 0.13959031946013195,
    "BPIGF": 0.13942330110432863,
    "VNLEF": 0.13917712583272926,
    "AMPY": 0.13875107521412203,
    "TGA": 0.1385799330997767,
    "ESTE": 0.13843765226825963,
    "PVRS": 0.13814269875255544,
    "VET": 0.13805714644483372,
    "IXOG": 0.13793954813601808,
    "ARGYF": 0.1379016183281828,
    "RCKHF": 0.13778580707034924,
    "COGLF": 0.13757271401882595,
    "PTRUF": 0.1372407455253214,
    "CRLFF": 0.1371124709773964,
    "PTCO": 0.13690179447479478,
    "ADXRF": 0.1368368511943384,
    "GSPE": 0.13662596575376823,
    "ECCE": 0.13662086128305756,
    "PSHIF": 0.13599217553319795,
    "FECCF": 0.13594519086616827,
    "PRT": 0.1357986095905632,
    "WTXR": 0.13567725138267814,
    "CNRR": 0.13558677566859936,
    "GASE": 0.13468290499641433,
    "KGEIF": 0.1344855417814185,
    "ZDEXF": 0.134469296121002,
    "CLR": 0.1342721276186898,
    "MITSF": 0.13417659210292357,
    "MITSY": 0.13417659210292357,
    "VOC": 0.13345171022597288,
    "SPRN": 0.13336470508507775,
    "HRST": 0.1327124861255567,
    "PQEFF": 0.13249829305333483,
    "OVV": 0.13240612508283578,
    "CYNS": 0.13222091698231045,
    "EERGF": 0.132169470785597,
    "ZPTAF": 0.13190406779331076,
    "TTEN": 0.1318459428280132,
    "RKOS": 0.13172852124419235,
    "SKPI": 0.131528126389415,
    "BRY": 0.1313519071328978,
    "ROXIF": 0.13116574537788478,
    "PHX": 0.13102255328762435,
    "CPG": 0.13091143302585462,
    "LBYE": 0.13090630794971456,
    "OEDVQ": 0.1307191577957319,
    "XCPT": 0.13064165546757459,
    "SPLM": 0.13059211245413252,
    "REPX": 0.1303647443876982,
    "VEI": 0.13024701872710592,
    "XEC": 0.13003776806403453,
    "TUWLF": 0.1300215298206714,
    "TUWOY": 0.1300215298206714,
    "PFNO": 0.12983528236488023,
    "STSC": 0.12982998604750431,
    "PSSS": 0.12979080607137755,
    "OPTBF": 0.129625821027934,
    "TELL": 0.12962502143200097,
    "PERS": 0.12888258385425252,
    "AR": 0.1288330651332431,
    "VNHLF": 0.12859037405901338,
    "SOQDQ": 0.1283197174305241,
    "PNRG": 0.12830844754168882,
    "FECOF": 0.12798056496265123,
    "NOVKY": 0.1278432357110529,
    "REI": 0.12764287856153958,
    "AEXFF": 0.1274831614767333,