{
    "SGTN": 1.0000000000000002,
    "MNVN": 0.1304443356983336,
    "BYROF": 0.12720880190312092,
    "OIGLF": 0.12506486665104605,
    "PRIEF": 0.12437859400648153,
    "ROYL": 0.12218477462131971,
    "CRC": 0.12203360330934646,
    "EFIR": 0.12096906539675728,
    "RITE": 0.11815761707083379,
    "JNEXF": 0.11641103192398551,
    "PYDPF": 0.11384971913997258,
    "SKPI": 0.10950924585246216,
    "HENC": 0.10740732233111097,
    "CLR": 0.10653736387658987,
    "ARET": 0.10520101576874061,
    "STGAF": 0.10501895083294076,
    "TXSO": 0.10245011921357508,
    "COIL": 0.10136971493625235,
    "OISHF": 0.10075162178648596,
    "OISHY": 0.10075162178648596,
    "RRC": 0.10022947450551493,
    "IPXHF": 0.0999175285881594,
    "IPXHY": 0.0999175285881594,
    "TRCH": 0.09965731435074965,
    "MITSF": 0.0992361487488349,
    "MITSY": 0.0992361487488349,
    "OAS": 0.09796616708103027,
    "PARXF": 0.09694222795062134,
    "BRLL": 0.0968550405017948,
    "ATPGQ": 0.09683900919575827,
    "CNUCF": 0.09650562250311166,
    "CHK": 0.09631912609047537,
    "SPND": 0.09597373349364371,
    "PTHRF": 0.09594276520978112,
    "PNRG": 0.09573034498047388,
    "MTDR": 0.09545498542407213,
    "OXY": 0.09531680647262275,
    "PBEGF": 0.0942755795241818,
    "CETG": 0.09338900787622426,
    "UVSE": 0.09245023266315908,
    "HES": 0.09152416227033347,
    "FNRC": 0.09048754365542236,
    "PGNYF": 0.09048706889753526,
    "SGER": 0.09025916011630834,
    "USEG": 0.09004649397972034,
    "EWPMF": 0.08975841965408984,
    "AXAS": 0.08940834073530439,
    "ENQUF": 0.08892453112325768,
    "OVV": 0.08844772853248166,
    "NOG": 0.08826506132917775,
    "SD": 0.08792475535144036,
    "PDCE": 0.08790997885110427,
    "WCHEF": 0.08771972503873826,
    "COG": 0.08758403056850453,
    "AECFF": 0.08726737823235384,
    "DELKY": 0.0872183309037318,
    "DLKGF": 0.0872183309037318,
    "AXGC": 0.08717148965991836,
    "CGRA": 0.08661583033980051,
    "GSPE": 0.08657306972366692,
    "TAPOF": 0.08626956711620642,
    "CGXEF": 0.08588065090789229,
    "IPRC": 0.08586575014807055,
    "MNVWF": 0.08581498882383828,
    "EPSN": 0.08579280169132547,
    "NKRN": 0.08575050441393323,
    "FARYF": 0.08567384034964644,
    "APA": 0.08524291689205632,
    "CDEV": 0.08509747639190121,
    "AAVVF": 0.08470359548784456,
    "SWN": 0.08468245443149078,
    "FTXP": 0.08448115793687,
    "OEDVQ": 0.08429157837097005,
    "SOGFF": 0.08407323782713975,
    "NSLPQ": 0.08388383232377904,
    "FECCF": 0.08378733580509369,
    "SFPI": 0.08347841445725393,
    "ALVOF": 0.08324321778943986,
    "NKRSF": 0.08316606162669957,
    "XCPT": 0.08316601304201607,
    "ALTX": 0.08301525252421407,
    "ERAO": 0.08297482033469113,
    "BROE": 0.08296276260246689,
    "GDP": 0.08282751767400706,
    "CRBO": 0.08278943399087227,
    "RDFEF": 0.08278160586730614,
    "AKVA": 0.08276928496119226,
    "MLORF": 0.08274709193207694,
    "SVSE": 0.08263431839843374,
    "VIVK": 0.08260075977808201,
    "BDGR": 0.08255014326357359,
    "BTEGF": 0.08242601824862186,
    "SMBZF": 0.08230409414431707,
    "DGOCF": 0.08222666681984578,
    "TNEN": 0.08207124240366684,
    "XOG": 0.08174840824661062,
    "ANTGF": 0.08159664650916082,
    "CPG": 0.08153165466837203,
    "WLL": 0.08146410313660898,
    "TPL": 0.08133972259489357,
    "HLRTF": 0.08101730228198775,
    "FTMR": 0.08034460369363214,
    "LPI": 0.080222826092631,
    "PRPRF": 0.08010867543958393,
    "FANG": 0.07990239424246273,
    "AERN": 0.07960727802253321,
    "AMEN": 0.07956288372372576,
    "PVRS": 0.07897273093483634,
    "PXD": 0.07890856245967254,
    "PHX": 0.0788386309861211,
    "PRMRF": 0.07869080669039846,
    "PFNO": 0.07855811211919178,
    "VNLEF": 0.07854502112374154,
    "FECOF": 0.07832880539328729,
    "MVO": 0.07831906991112686,
    "DBRM": 0.07831637329268834,
    "MTR": 0.07798497902827499,
    "PQEFF": 0.0779558651042357,
    "TRSI": 0.07783539296524314,
    "STDE": 0.07777163977441458,
    "ROYTL": 0.07748272888585735,
    "OTTEF": 0.07735346589248936,
    "BERI": 0.07692958101346235,
    "CNRR": 0.07668198873670942,
    "OPTBF": 0.0765079500477538,
    "YUMAQ": 0.07640781711113226,
    "SPRN": 0.07620574093181032,
    "HBRIY": 0.0761496269111072,
    "PMOIF": 0.0761496269111072,
    "IXOG": 0.07602225674886076,
    "LONE": 0.07597571899902918,
    "CYNS": 0.07580399017475095,
    "HYBE": 0.07572707235275342,
    "MNRL": 0.07557687275871951,
    "APHE": 0.07553920698084456,
    "VIST": 0.07551608728546297,
    "VSOGF": 0.07551608728546297,
    "MCF": 0.07547416847349567,
    "MXMSF": 0.07511236909630926,
    "EOG": 0.07498138011824201,
    "SBR": 0.07493064477090809,
    "MKRYF": 0.07483927717730886,
    "BNEFF": 0.07480755439179064,
    "PRTDF": 0.07436634074963802,
    "MKGP": 0.07420523676743637,
    "HENI": 0.07392162649306994,
    "AMPY": 0.07388882674176545,
    "AXPT": 0.07369555100020209,
    "COHG": 0.07338446840916499,
    "MRO": 0.07336354282642708,
    "HZNFF": 0.0727902271145993,
    "BCEI": 0.0726670518534245,
    "SAEC": 0.07259519781086453,
    "PSSS": 0.07231585220373832,
    "NZEOF": 0.07225186079036137,
    "DEN": 0.07222651748942951,
    "NUVSF": 0.0722121869339036,
    "SSER": 0.07218120911905623,
    "EERGF": 0.07212697480666352,
    "BIREF": 0.07211054878580893,
    "RSRV": 0.0721052393786968,
    "IPOOF": 0.07207727265784385,
    "HUSA": 0.07205728558965817,
    "EPM": 0.0719681861696299,
    "PIFYF": 0.0717530120608264,
    "TAOIF": 0.07172420947679911,
    "ECCE": 0.07169192640721016,
    "NXTFF": 0.07169075976639287,
    "ESSE": 0.07160871248139379,
    "KPHWF": 0.07157415690558183,
    "REI": 0.07152182759790576,
    "EXCE": 0.07137371970859896,
    "SOCLF": 0.07133033162905583,
    "CDID": 0.07132950271016912,
    "KGEIF": 0.07122974760556197,
    "FDMQQ": 0.07092976066351765,
    "PTCO": 0.07074025988960554,
    "MXC": 0.07057356948255349,
    "XBOR": 0.07055172687518657,
    "STSC": 0.07050469914091217,
    "TRMLF": 0.07048885190900674,
    "UAPC": 0.07047444301597447,
    "SQZZF": 0.07045593649489862,
    "VCYE": 0.07044931059890426,
    "VKIN": 0.07037512500338365,
    "BRNGF": 0.07018186196488826,
    "TUWLF": 0.07017795049830722,
    "TUWOY": 0.07017795049830722,
    "ROAOF": 0.0699363728599055,
    "WTI": 0.06992677861899893,
    "KRNGF": 0.06991071984238274,
    "CRK": 0.06990184012188225,
    "GTE": 0.06981500832996376,
    "MDMP": 0.06971387236983723,
    "BOPFF": 0.06940258386518466,
    "KDKN": 0.06935954773414621,
    "VNHLF": 0.06932141735411407,
    "CWVLF": 0.06925258348190338,
    "AOGC": 0.06884232362750216,
    "NFEI": 0.06866692311779352,
    "ARGYF": 0.06844170933188659,
    "BYOGF": 0.06825737230175873,
    "NWSTF": 0.06825193375971003,
    "WTXR": 0.06820650562288659,
    "QOIL": 0.06804447619516335,
    "DDRIQ": 0.06796299960407771,
    "TRKX": 0.06795315578029269,
    "PED": 0.06789281443264801,
    "CRLFF": 0.06774272347929758,
    "PERS": 0.06765450337658693,
    "CRNCY": 0.06760955662691372,
    "MMEX": 0.06760881853757672,
    "AMAZ": 0.06760085324574058,
    "AEXFF": 0.06746292173477157,
    "UNEGF": 0.06726125945684153,
    "BBLS": 0.06703695782357307,
    "RDOIF": 0.06692692404567224,
    "PEXNY": 0.06692346549294192,
    "ATHOF": 0.06692276086945574,
    "SM": 0.06672730270659938,
    "HRST": 0.06655281016532465,
    "CRT": 0.06652584578845933,
    "ALOD": 0.06651633469848532,
    "BRY": 0.06650019189394576,
    "IONAF": 0.06610263087428288,
    "EEENF": 0.06605766670246116,
    "HPK": 0.06587482923325647,
    "VPTOF": 0.06580006677192096,
    "SPRL": 0.06567630032496627,
    "GBBLF": 0.06560079916560822,
    "DMEHF": 0.06547327375122593,
    "COGLF": 0.06539244187177218,
    "EXNT": 0.06531336363976784,
    "WHZT": 0.06521278597423608,
    "RCKHF": 0.0651633800151082,
    "STTX": 0.06506845855120068,
    "CLMT": 0.06487974347764476,
    "BRZV": 0.064794089652389,
    "TALO": 0.06471936266243307,
    "BATL": 0.06467878138591639,
    "PMGYF": 0.06458996400348858,