{
    "TBTEF": 1.0000000000000002,
    "GENGF": 0.388228589544619,
    "CRLFF": 0.3269252788582388,
    "JNEXF": 0.2715626926283033,
    "ARSLF": 0.2675607131882856,
    "OBELF": 0.2548069879136711,
    "YGRAF": 0.25278463147896924,
    "NKRSF": 0.25076556878219647,
    "SOGFF": 0.23527120009688407,
    "CPG": 0.23064141869825158,
    "CWEGF": 0.23025567388237625,
    "NXTFF": 0.2286396492910003,
    "ROAOF": 0.22847859750031332,
    "BTEGF": 0.22693169582872308,
    "SPRL": 0.22232987161275233,
    "PRMRF": 0.22071541007652315,
    "UVSE": 0.21807759316200087,
    "PMGYF": 0.21579784134343066,
    "COGLF": 0.21527057501331553,
    "MGLG": 0.21431953666200648,
    "MKRYF": 0.2136183402483593,
    "NUVSF": 0.21317365564195814,
    "HLRTF": 0.21171181198071334,
    "DELKY": 0.2103468971612852,
    "DLKGF": 0.2103468971612852,
    "PNNEF": 0.20999430472727348,
    "AXGC": 0.20876066593488538,
    "TAOIF": 0.20775677697996867,
    "IPOOF": 0.20529401734259325,
    "AETUF": 0.20334964493780883,
    "TTRHF": 0.2023503243846784,
    "AUNXF": 0.20221151278758442,
    "BRNGF": 0.20204914750994876,
    "BKBEF": 0.2018253825285081,
    "ANTGF": 0.20110920833008844,
    "MLORF": 0.2004611041464335,
    "ATHOF": 0.1982992736828674,
    "USEG": 0.1979380850167952,
    "PRPRF": 0.19647018775473807,
    "MVO": 0.1959529970838817,
    "BNGLF": 0.19583497968652316,
    "PIFYF": 0.19213041882292006,
    "EXNT": 0.1917470287460294,
    "PDCE": 0.19108614639316274,
    "FDMQQ": 0.1910770023884333,
    "WLL": 0.1910112297631743,
    "BBLS": 0.19012140759485288,
    "MNVWF": 0.18847351187033,
    "PBEGF": 0.18843977154768882,
    "ADXRF": 0.18649770458725745,
    "SPND": 0.18613575380158762,
    "AAVVF": 0.18583121878742312,
    "ERF": 0.18456823420334523,
    "POEFF": 0.1841893453007512,
    "BIREF": 0.1841795063520809,
    "VCYE": 0.1834886983619916,
    "SFPI": 0.18339327979472944,
    "AXAS": 0.18326456111114767,
    "BYROF": 0.18237692072693418,
    "MTDR": 0.18229834714818008,
    "TNEYF": 0.18226774257736103,
    "FRHLF": 0.18216052317157133,
    "CNRR": 0.18098066155292677,
    "ARET": 0.18000800973259234,
    "ARGYF": 0.1799643641192682,
    "TGA": 0.17866745987710725,
    "HUSA": 0.1785420372460262,
    "ALVOF": 0.17839696477167663,
    "RECAF": 0.17784100723405627,
    "CHK": 0.17771124157871213,
    "SHASF": 0.17757695705096269,
    "BNEFF": 0.17737496572717257,
    "GTE": 0.17652447205611435,
    "BCEI": 0.17502519916402556,
    "BOPFF": 0.17489507054204545,
    "PNWRF": 0.17425358969842727,
    "SPLM": 0.17402911072328217,
    "RDOIF": 0.17326717116885668,
    "EPSN": 0.17309741871647458,
    "LPI": 0.17281321630210825,
    "COHG": 0.17252883679995523,
    "EWPMF": 0.17170557208729453,
    "PARXF": 0.17089245535026984,
    "NOG": 0.1704072579862096,
    "HPK": 0.16991828815974624,
    "TRMLF": 0.1699182308930332,
    "FTXP": 0.1696037377273437,
    "ROYL": 0.169497876210079,
    "VNLEF": 0.1690054020761983,
    "RRC": 0.16772879736298918,
    "DEN": 0.1673077608510895,
    "CETG": 0.16725220438081873,
    "TAPOF": 0.16671254888348952,
    "KRNGF": 0.1661843086353429,
    "AKVA": 0.16615635232284548,
    "SRMLF": 0.16607552948127852,
    "MKSEF": 0.16589356824841042,
    "ONTRF": 0.16582886799055568,
    "TRCH": 0.16499342359734634,
    "NFEI": 0.16422117432575423,
    "SWN": 0.16402105112732185,
    "MKGP": 0.16316410474929058,
    "PRIEF": 0.1630106698484536,
    "AECFF": 0.1628142218495607,
    "SM": 0.16197998849797757,
    "PVRS": 0.16157889057257316,
    "OAS": 0.16152899018774763,
    "EXCE": 0.16080906650619453,
    "PSTRQ": 0.16018831807886205,
    "PYDPF": 0.15889785740784418,
    "STGAF": 0.15848735580750975,
    "DMEHF": 0.15800915343829341,
    "TCEC": 0.1577588676264773,
    "CRK": 0.15772081403743302,
    "PXD": 0.15737707314765217,
    "FANG": 0.15661855050586296,
    "COP": 0.1557935096030939,
    "EFIR": 0.15554989505968078,
    "XOG": 0.15523031020781047,
    "RKOS": 0.15500730818279115,
    "SPOWF": 0.15478078914826496,
    "ECCE": 0.15460004677738998,
    "LONE": 0.1545989881506837,
    "WCHEF": 0.1535646075500813,
    "HES": 0.15330582063448217,
    "COIL": 0.1530091383228509,
    "WTI": 0.15292642712522278,
    "EENC": 0.1529041164658258,
    "FTMR": 0.15289521192199493,
    "SOQDQ": 0.15253614060809542,
    "CDID": 0.15233508965445544,
    "DVN": 0.1518723971554281,
    "ZDEXF": 0.15144573878908682,
    "LBYE": 0.15115845759379595,
    "GDP": 0.1508966963070691,
    "WOPEF": 0.14980018305166465,
    "WOPEY": 0.14980018305166465,
    "OPTBF": 0.1493703653935843,
    "OEDVQ": 0.1488283929486732,
    "MCF": 0.1486668703130774,
    "SGER": 0.14839099649792165,
    "MEGEF": 0.14835961107554366,
    "DENR": 0.1481106974908346,
    "FOLGF": 0.14797277053527974,
    "SD": 0.1479458550551088,
    "HZNFF": 0.14753761262727705,
    "TXSO": 0.14718678089355383,
    "GFKSY": 0.14714330372551462,
    "GUKYF": 0.14714330372551462,
    "CNENF": 0.1467724991970065,
    "PTHRF": 0.14639838023359752,
    "PCQRF": 0.14609575162439906,
    "HRST": 0.14604006696970787,
    "HPMCF": 0.1456820932007628,
    "STPJF": 0.14504270376661393,
    "VPTOF": 0.14470297970695,
    "OVV": 0.14466223131677586,
    "SGLRF": 0.1446482090948715,
    "MXC": 0.14461849333595347,
    "PNRG": 0.1446038055251839,
    "RDFEF": 0.14444423445282503,
    "MNVN": 0.144415742828009,
    "CPE": 0.14422197357385183,
    "FECCF": 0.1440551138961729,
    "EGYF": 0.14388058130580964,
    "SQZZF": 0.14335826275007935,
    "CRBO": 0.14257917389741706,
    "KPHWF": 0.142578458184733,
    "HDYNQ": 0.14241381144547083,
    "APHE": 0.14120687454695352,
    "BATL": 0.14076415708881823,
    "CNQ": 0.140288792940114,
    "DTNOF": 0.1402850478295856,
    "DTNOY": 0.1402850478295856,
    "TUWLF": 0.14018913281224366,
    "TUWOY": 0.14018913281224366,
    "AOGC": 0.140176571894227,
    "HENI": 0.1398905558492338,
    "EEENF": 0.13986742510811193,
    "CNUCF": 0.13977710848135633,
    "NZEOF": 0.13954969168925085,
    "JRNGF": 0.13941888931229687,
    "PEYUF": 0.13931313835466608,
    "AMPY": 0.13911093365252208,
    "RCKHF": 0.13894710198862054,
    "AMAZ": 0.13849670264558953,
    "BCHEY": 0.13831366858588748,
    "BEPTF": 0.13831366858588748,
    "KGEIF": 0.13767100745199953,
    "CRNCY": 0.13710284151609436,
    "SVSE": 0.13688179719764604,
    "NOVKY": 0.13669608811797798,
    "PFNO": 0.13643947695059983,
    "TALO": 0.1361472537818446,
    "TNEN": 0.13584907170036792,
    "KDKN": 0.13583368098833667,
    "PTRC": 0.135739921481393,
    "EPM": 0.13499160044089237,
    "CNNEF": 0.13467329219068072,
    "DGOCF": 0.13443463536195693,
    "KOS": 0.13427022097978383,
    "VKIN": 0.13409357323031126,
    "MRO": 0.1339626046832746,
    "ZPTAF": 0.1335374833364428,
    "BYOGF": 0.1333797570193695,
    "OIEXF": 0.1330228464983986,
    "ATPGQ": 0.1329181741878138,
    "BRLL": 0.13270674579811534,
    "PSHIF": 0.13233992019292373,
    "UAPC": 0.13208798206508954,
    "BROE": 0.13207007204716606,
    "MMEX": 0.13204110841067837,
    "CWVLF": 0.13179003567790248,
    "MTR": 0.13175744400892556,
    "AEGG": 0.13173485930890727,
    "STMGF": 0.1314565475288436,
    "BRY": 0.1313564025475737,
    "VET": 0.13126322415180505,
    "HMENF": 0.13117103995047086,
    "SKPI": 0.13114016733408607,
    "CRRDF": 0.13070890316037062,
    "RSRV": 0.13050784932098444,
    "MDMP": 0.13049323252648065,
    "MGY": 0.13035789037921025,
    "IONAF": 0.12983418030389005,
    "CRC": 0.1296828046129548,
    "VEI": 0.12965965007468222,
    "ENQUF": 0.12963573543379914,
    "BKEN": 0.12959656764304014,
    "VELXF": 0.1294421183539527,
    "GBBLF": 0.1289567622102398,
    "CGXEF": 0.12884471778702883,
    "GSPE": 0.1287338644482824,
    "FARYF": 0.12873143541879947,
    "CYNS": 0.12850024506535696,
    "VIVK": 0.1284863600728319,
    "SPGYF": 0.12821482270047171,
    "NRIS": 0.1277952477783409,
    "QTEYF": 0.12745181269386402,
    "TCRRF": 0.12740530289462326,
    "MXMSF": 0.127336631068205,
    "DWOG": 0.1272340867047236,