{
    "TCFF": 1.0,
    "PNWRF": 0.4009886628767786,
    "GASXF": 0.29757236462314857,
    "TXSO": 0.2444187690492534,
    "CRK": 0.24023296578623374,
    "ERAO": 0.2322408395858949,
    "PRIEF": 0.19946451894726538,
    "MGUY": 0.1983593697037675,
    "PBEGF": 0.19659456493057403,
    "VCYE": 0.19468108969148118,
    "OEDVQ": 0.19411460492311505,
    "PDCE": 0.19100141383385993,
    "KGEIF": 0.18906942794925669,
    "CTARF": 0.18701176388870774,
    "CETG": 0.1855067502799835,
    "PNRC": 0.1853873993694596,
    "VKIN": 0.18520858581324584,
    "TNEN": 0.18506269378274876,
    "GSPE": 0.18439456787753156,
    "KDKN": 0.18401896755177385,
    "ZNOG": 0.18369668484210946,
    "BROE": 0.18328390109346593,
    "SPRN": 0.18263088623713028,
    "DELKY": 0.18200974435367495,
    "DLKGF": 0.18200974435367495,
    "STGAF": 0.181653034390608,
    "NRIS": 0.18152722313862132,
    "HUML": 0.18145445254380702,
    "HPK": 0.18108740722324038,
    "BERI": 0.17740152047494995,
    "GTE": 0.17720216408326867,
    "LBYE": 0.1758089655814054,
    "OVV": 0.17444276642556975,
    "EQT": 0.17422829567694295,
    "RDFEF": 0.17392269816523867,
    "VPTOF": 0.17390475185438412,
    "GASE": 0.1714157276087037,
    "NFEI": 0.170666652729681,
    "AGGI": 0.16990269679335668,
    "XEC": 0.16905684449968073,
    "PSTRQ": 0.16744558247660188,
    "RCKHF": 0.1663496256026294,
    "DENR": 0.16483853586489153,
    "ESSE": 0.1644227960735539,
    "UVSE": 0.16437908171411142,
    "AECFF": 0.1642358307712045,
    "IFNY": 0.16404435905739007,
    "AXAS": 0.16314178839216623,
    "TAOIF": 0.16311180205986647,
    "SMBZF": 0.16249803115832911,
    "EFIR": 0.16191459355967167,
    "SFPI": 0.1611642864435672,
    "REI": 0.16079291465907178,
    "USEG": 0.16044581900535876,
    "SM": 0.16024235494595754,
    "MTDR": 0.15988334362737758,
    "AMEN": 0.1598485442382568,
    "BCEI": 0.15956050798005553,
    "CDID": 0.15946728047962463,
    "DEN": 0.1594245561065768,
    "JRNGF": 0.1590878892250041,
    "MXC": 0.1589856920100828,
    "JNEXF": 0.15869710867909878,
    "AMAZ": 0.158590543514665,
    "WCYN": 0.15841372319053423,
    "SBOW": 0.1582043637166922,
    "PHX": 0.1580969706020959,
    "BCHEY": 0.1578609571556265,
    "BEPTF": 0.1578609571556265,
    "CEI": 0.1574455068077403,
    "LPI": 0.1570221113809686,
    "RKOS": 0.1563513113527055,
    "HDYNQ": 0.15425190041887243,
    "WTXR": 0.1540646829868109,
    "CRBO": 0.1540466868766821,
    "PMGYF": 0.15388626962157423,
    "TOPZ": 0.1537643080619255,
    "DWOG": 0.1532488230177217,
    "AOIFF": 0.15317368357579916,
    "ATUUF": 0.1531228565915396,
    "TBDYF": 0.15265814658831747,
    "MKSEF": 0.15159649855578736,
    "ARET": 0.15151949152414124,
    "FECCF": 0.15126084814422758,
    "VIST": 0.15110546040414358,
    "VSOGF": 0.15110546040414358,
    "TRCH": 0.15081758950301397,
    "HYBE": 0.14960222903929882,
    "SVSE": 0.14920099711963367,
    "DBRM": 0.14915411334575673,
    "PNRG": 0.1483199512717881,
    "RRC": 0.14766029316106954,
    "WCHEF": 0.14733952601757588,
    "STMGF": 0.14662877713190062,
    "APHE": 0.14632086444637812,
    "STSC": 0.14619167244284312,
    "AXGC": 0.14604589899227496,
    "AERN": 0.14600112328786036,
    "TGA": 0.1458625200018329,
    "PYDPF": 0.1452735141666066,
    "TRKX": 0.14434509744599044,
    "NOG": 0.14430190572797813,
    "TAPOF": 0.14418267573276433,
    "HZNFF": 0.14354247608785564,
    "FANG": 0.14340352297168452,
    "OAS": 0.14337619094411586,
    "MRO": 0.14330282365211613,
    "DDRIQ": 0.1431377044924971,
    "SWN": 0.14308397972610923,
    "SPND": 0.14287402092832835,
    "CNRR": 0.14272408278471424,
    "SD": 0.14269499805786764,
    "PSSS": 0.14204681081672446,
    "FECOF": 0.1417135739855691,
    "ERINQ": 0.141450232412307,
    "ALOD": 0.14096974800464473,
    "DVN": 0.14056174270380983,
    "BKEN": 0.1398755280482081,
    "PVRS": 0.1397845236895143,
    "EWPMF": 0.13976250953984015,
    "CRNCY": 0.13952819906160746,
    "SKPI": 0.1392573156661136,
    "ADNY": 0.13908289930168086,
    "RDOIF": 0.13804614994900408,
    "AR": 0.13795964967975033,
    "COGLF": 0.1376729705098273,
    "SOCLF": 0.137293023208356,
    "STTX": 0.1369244614438718,
    "ORXGF": 0.13647329144741555,
    "EXNT": 0.1360710102078829,
    "CGRA": 0.13597671440541223,
    "REOS": 0.13580981187246463,
    "BTEGF": 0.13571681862560922,
    "MKRYF": 0.13552549481677204,
    "GPORQ": 0.13522786453346003,
    "EOG": 0.13506322894368145,
    "SOGFF": 0.1349580317631371,
    "IXOG": 0.134530483427364,
    "RITE": 0.13443674522386503,
    "FDMQQ": 0.13441507951352666,
    "JROOF": 0.13375327201157142,
    "TUWLF": 0.13362921649604848,
    "TUWOY": 0.13362921649604848,
    "TCRRF": 0.133422866991906,
    "PSUD": 0.13320448630151832,
    "CYNS": 0.13303590180294883,
    "CHK": 0.13284846842958237,
    "APA": 0.13280296921092336,
    "PIFYF": 0.13246822016670265,
    "VET": 0.1323363147985909,
    "HLRTF": 0.13204726653256954,
    "DMEHF": 0.13185492258843154,
    "ROYL": 0.1318029591285306,
    "FARYF": 0.13157982835602625,
    "VNHLF": 0.13139776126317568,
    "BNGLF": 0.13129459803537114,
    "TTEN": 0.13090921984227036,
    "SSLZY": 0.13076976998592596,
    "STOSF": 0.13076976998592596,
    "FTMR": 0.13070091866813505,
    "PXD": 0.13026476680237448,
    "AAVVF": 0.1300799443409154,
    "COIL": 0.12986237022911823,
    "RECAF": 0.12939979648477076,
    "PTHRF": 0.1293462419955239,
    "ONTRF": 0.1293085889563978,
    "PQEFF": 0.12925940307239042,
    "CNX": 0.12921775223243415,
    "CNENF": 0.12830468322856106,
    "ARGYF": 0.12793482048159394,
    "SGER": 0.12784174797675024,
    "EGY": 0.12720798819833096,
    "ROAOF": 0.12712782629291258,
    "AUNXF": 0.1270976934927421,
    "CPG": 0.12695057127041584,
    "AMPY": 0.12683415898509734,
    "HPMCF": 0.12669621749874022,
    "NKRSF": 0.12659696879313986,
    "FTXP": 0.126375918342528,
    "AKVA": 0.12614029707737853,
    "BYROF": 0.12599152663692076,
    "TNEYF": 0.12592926221462286,
    "CDEV": 0.1258695094089407,
    "HMENF": 0.12570789211511613,
    "ICNOF": 0.12534202170375178,
    "SPLM": 0.12522431114278382,
    "BNEFF": 0.1252064196601816,
    "OTTEF": 0.12491740466838148,
    "PARXF": 0.12451908528438405,
    "LONE": 0.12380902398488795,
    "WTI": 0.12376366819753935,
    "XBOR": 0.12331177711377282,
    "ZPTAF": 0.12302840969993604,
    "CGXEF": 0.12298311597897982,
    "MVO": 0.12289315230668696,
    "CLR": 0.12288079001721892,
    "AEXFF": 0.12264317200798211,
    "YUMAQ": 0.1224600995455853,
    "MXMSF": 0.12240089618032324,
    "ATHOF": 0.1222892295739648,
    "SOQDQ": 0.12227426906102892,
    "HUSA": 0.12226141129210641,
    "EERGF": 0.12210807363916623,
    "PED": 0.12173013114617685,
    "TBTEF": 0.12163520356934367,
    "BATL": 0.12162815540435207,
    "GDP": 0.12147411242371778,
    "ZDEXF": 0.12143370952925027,
    "CRLFF": 0.12106074587877491,
    "WLL": 0.12084408509063109,
    "ANTGF": 0.12077007109896153,
    "UAPC": 0.12050237394654571,
    "MUR": 0.12028172581224067,
    "BRNGF": 0.12022527067750657,
    "HENC": 0.12021126864688574,
    "PRPRF": 0.12012650967233796,
    "SQZZF": 0.11989838614673244,
    "PTCO": 0.11982249332238445,
    "XCPT": 0.11980948131393498,
    "GENGF": 0.11942593355625572,
    "MKGP": 0.1192521829222586,
    "QOIL": 0.11910413966849276,
    "BIREF": 0.11883283907617337,
    "SPOWF": 0.11874613404604249,
    "MNRL": 0.11864098721084872,
    "VELXF": 0.11854565330523863,
    "BDGR": 0.11841926150674402,
    "LRDC": 0.11833797981207377,
    "CWEGF": 0.11819289166139786,
    "SHASF": 0.11817041956120983,
    "TELL": 0.11803633612571016,
    "TCEC": 0.11793100299365315,
    "AOGC": 0.11768993624083592,
    "EGYF": 0.11751829371793196,
    "RSRV": 0.1169664885237048,
    "PRMRF": 0.11688948693140018,
    "TALO": 0.11674496345915272,
    "IONAF": 0.11649112820449259,
    "NZEOF": 0.11640467905587243,
    "IPXHF": 0.116397069818097,
    "IPXHY": 0.116397069818097,
    "DGOCF": 0.11638584040021838,
    "BBLS": 0.11617712541795065,