{
    "CTG": 1.0000000000000002,
    "CFTLF": 0.3774722625079316,
    "CAPMF": 0.36253184279525524,
    "CGEMY": 0.36253184279525524,
    "EPAM": 0.3386766861271439,
    "G": 0.33693781178205984,
    "IBM": 0.3291654841729912,
    "ALYA": 0.3254008346175806,
    "SYKE": 0.3197651360339824,
    "ITTOY": 0.31613950638469523,
    "CSVI": 0.3148752171100956,
    "DXC": 0.3131254154597487,
    "ETEC": 0.3093425293047053,
    "AEXAF": 0.3007662938804451,
    "AEXAY": 0.3007662938804451,
    "CBRI": 0.2988910959539261,
    "CTSH": 0.29705082214919404,
    "CACI": 0.29669779491246684,
    "PRSP": 0.2957693695116343,
    "TKGL": 0.2931991668433496,
    "CTSDF": 0.28836351665459453,
    "PRFT": 0.28572183505709,
    "GDYN": 0.2852762249153962,
    "WIT": 0.28514326932331524,
    "ENHT": 0.2829709570597564,
    "LDOS": 0.281549686363551,
    "GIB": 0.2809576134861164,
    "NGRRF": 0.27957363695103443,
    "XRX": 0.2771691411720901,
    "CNXC": 0.2750025344035286,
    "IAIC": 0.2713667568549089,
    "NOSUF": 0.27085327803830467,
    "TSYHF": 0.27054778502760485,
    "TSYHY": 0.27054778502760485,
    "CSPI": 0.26838052224337633,
    "DTST": 0.26748238274514946,
    "IMCI": 0.266730226591778,
    "FJTSF": 0.2659652898509083,
    "FJTSY": 0.2659652898509083,
    "SCSKF": 0.26326651005260365,
    "BR": 0.25854435163903206,
    "TISNF": 0.2575626993032581,
    "CEJOF": 0.2551709684605581,
    "TSCC": 0.25422522362987826,
    "CNDT": 0.25421849984869604,
    "NRILY": 0.24480848344749664,
    "CLPS": 0.24360982240724563,
    "NSIT": 0.2427358136276916,
    "CSYJF": 0.24122512456244982,
    "STGGQ": 0.2388999539164961,
    "QUISF": 0.23842243973660562,
    "CDW": 0.23465745343741418,
    "AMADF": 0.23445140109838805,
    "AMADY": 0.23445140109838805,
    "EXLS": 0.22711811792159226,
    "ISMAY": 0.2244197256626916,
    "FISV": 0.2239240175468096,
    "SSFT": 0.2225970685433972,
    "INOD": 0.21963421527749583,
    "SYSX": 0.21930301303117253,
    "DCHIF": 0.21717238922807788,
    "TDC": 0.21707182775521092,
    "INFY": 0.21378940453834588,
    "TLS": 0.21294343216543754,
    "CPIHF": 0.2119736242303032,
    "SAIC": 0.2074502462488948,
    "SLLN": 0.20672829766934683,
    "DRGV": 0.20417460383524416,
    "GDS": 0.20356357053596577,
    "FIS": 0.20241184345335764,
    "CIOXY": 0.20072632373539692,
    "VNET": 0.2004506414595734,
    "HCKT": 0.19978646855673082,
    "BLLI": 0.19900793322944213,
    "CD": 0.1962056561559062,
    "GSDT": 0.19603064053562125,
    "CLGX": 0.19550095385015853,
    "FLT": 0.19537510803494215,
    "NCR": 0.194448647227856,
    "UIS": 0.1928585646828403,
    "VEII": 0.1928175846802991,
    "ISDR": 0.192712771015939,
    "CDWD": 0.19208727221745808,
    "NTDTY": 0.19159681322206423,
    "KNRLF": 0.1904113280775154,
    "IIIV": 0.1897989595254155,
    "AVCT": 0.18938467713616908,
    "FDRVF": 0.18818057946846337,
    "NWITY": 0.18550472535286094,
    "CMSQF": 0.18420042637549294,
    "CMSQY": 0.18420042637549294,
    "ICLD": 0.1818223493063953,
    "ACN": 0.17930992005610755,
    "CCTR": 0.17929628530175606,
    "SWCH": 0.17904443592365318,
    "SNX": 0.1738340529587825,
    "TPPPF": 0.17381985522059099,
    "NUVCF": 0.17241019628511148,
    "HMNY": 0.1713069089271746,
    "CLVT": 0.17056973386703195,
    "TSSI": 0.17055593798380334,
    "CTEK": 0.16966419590748505,
    "DNB": 0.16919034029233015,
    "NDVN": 0.16918687961074216,
    "SFBTF": 0.1681846461573625,
    "NVGI": 0.16808068826591227,
    "HUBV": 0.16730548508498422,
    "DUSXF": 0.1661529175312108,
    "RPYTF": 0.1654485551381976,
    "IMXI": 0.16295893650412613,
    "RTNB": 0.16190228047664568,
    "WYY": 0.16175808129598246,
    "PSCO": 0.1588203921370557,
    "YIPI": 0.15810951309357993,
    "DIGAF": 0.15795779303559862,
    "TTEC": 0.15676717257032113,
    "PRTH": 0.15615956134047004,
    "PRTHU": 0.15615956134047004,
    "ALYI": 0.15526241914844247,
    "FCCN": 0.15509904810129926,
    "ATHC": 0.15472135855159988,
    "DLTI": 0.15404186691533114,
    "SABR": 0.1531132026115377,
    "SABRP": 0.1531132026115377,
    "USIO": 0.15179605378889283,
    "DCSX": 0.1513720748744873,
    "PKKFF": 0.15054628400923464,
    "ESYL": 0.14985082341167003,
    "EXCC": 0.14974111371602486,
    "SCNTQ": 0.14880220058556845,
    "DMRC": 0.14832137891436917,
    "VSSSF": 0.14796342466731083,
    "RSSS": 0.14679269695137093,
    "JKHY": 0.1466080165726876,
    "FORTY": 0.14631815248847593,
    "SEAV": 0.1458735973763701,
    "SDVI": 0.144335160857102,
    "PCPJ": 0.14306925739482393,
    "IT": 0.1427844657652526,
    "MOBIF": 0.14239363441735303,
    "XTMIF": 0.1390263208013669,
    "CTLP": 0.13566067099202236,
    "CRGE": 0.13498473839365963,
    "XALL": 0.13475604224494636,
    "RCMH": 0.13287588147412738,
    "FLYW": 0.1315634747995768,
    "DTMXF": 0.13097591732766736,
    "APPEF": 0.13018189587391948,
    "APXYY": 0.13018189587391948,
    "ONOV": 0.1295167895469037,
    "IPSI": 0.12879735258331573,
    "CTLPP": 0.1273671006421523,
    "RAMP": 0.12482755767520214,
    "KTHGF": 0.12401599331815187,
    "PRZM": 0.12316943467264882,
    "ATYG": 0.12052138056769417,
    "APQT": 0.11780078722344302,
    "MDCKF": 0.11645108558082522,
    "CCRC": 0.11541912451221854,
    "AI": 0.11503873046094464,
    "AFRM": 0.1146076826679232,
    "UTRX": 0.11308638978637797,
    "ZWBC": 0.10665021745949017,
    "SPOFF": 0.10604794805220985,
    "SGLB": 0.10342655422668301,
    "ACHKF": 0.10329987063644876,
    "CNGFF": 0.10251991188817791,
    "GB": 0.10050645183651363,
    "GAXY": 0.09961895607881566,
    "JCDAF": 0.09520344095575498,
    "PSFE": 0.09471266489731188,
    "DLB": 0.09350702683137271,
    "RGGI": 0.09309234639635303,
    "NCPL": 0.09213274947272415,
    "GTCH": 0.08972120222614659,
    "CBEV": 0.08906484189896254,
    "CMPY": 0.0875640871802422,
    "EAXR": 0.08724722888963864,
    "HZHI": 0.08517164413795157,
    "BLFDF": 0.08326198382387316,
    "SUIC": 0.07707164977825551,
    "THDS": 0.076546168078377,
    "DGIF": 0.07500354349076961,
    "CNLK": 0.07168853364579637,
    "PRLO": 0.06828960579489218,
    "SGTB": 0.06767801736472004,
    "TRIT": 0.0669254085495365,
    "GLG": 0.060190242717179133,
    "POSAF": 0.06005373503766765,
    "BNXAF": 0.05466477528590302,
    "MOOIF": 0.030973033067283544,
    "CLTS": 0.01905704192529919
}