{
    "LDOS": 1.0000000000000002,
    "CACI": 0.47669420373506893,
    "SAIC": 0.42200773838702227,
    "STGGQ": 0.40797462438258314,
    "ISMAY": 0.3695780618605508,
    "IBM": 0.36893015353013453,
    "PRSP": 0.3541443680095717,
    "CSPI": 0.3530560089972705,
    "PRFT": 0.3498806213439518,
    "CNDT": 0.34686843648763943,
    "AEXAF": 0.34561218571095814,
    "AEXAY": 0.34561218571095814,
    "NRILY": 0.3428423935866417,
    "SCSKF": 0.3397967605697228,
    "DXC": 0.3360398741882502,
    "IAIC": 0.33408373561695437,
    "ITTOY": 0.33378894548201055,
    "CAPMF": 0.33147716502059676,
    "CGEMY": 0.33147716502059676,
    "ALYA": 0.33047240577741144,
    "ETEC": 0.3297740128292765,
    "XRX": 0.3293630718289717,
    "EPAM": 0.3270634225467745,
    "FJTSF": 0.3237532806888052,
    "FJTSY": 0.3237532806888052,
    "CTSH": 0.32016719260321663,
    "FIS": 0.31967261684907705,
    "G": 0.31464953508424837,
    "TKGL": 0.30805845918874963,
    "CFTLF": 0.307916185524528,
    "GIB": 0.3055334024847691,
    "WIT": 0.29955706328350284,
    "DTST": 0.2979381147056883,
    "NSIT": 0.29610080977599434,
    "CSYJF": 0.2940737637748716,
    "NOSUF": 0.29275512793995134,
    "CTSDF": 0.29197726433085663,
    "TSCC": 0.29143147968137917,
    "CDW": 0.28877362548537605,
    "TLS": 0.2849427577783557,
    "TISNF": 0.2831356947769853,
    "CTG": 0.281549686363551,
    "BR": 0.28086188654690564,
    "CSVI": 0.280194925339496,
    "SYKE": 0.27964137505845366,
    "IMCI": 0.27818773108782247,
    "NCR": 0.2755788569927079,
    "INOD": 0.2748276839664238,
    "CLPS": 0.2728377420388418,
    "CPIHF": 0.2666706145005646,
    "ENHT": 0.26627612519719307,
    "SSFT": 0.2660983655844071,
    "CNXC": 0.26525864984154207,
    "DCHIF": 0.265145981253594,
    "CEJOF": 0.265065094579801,
    "FISV": 0.2635264032246685,
    "TSYHF": 0.261810968147788,
    "TSYHY": 0.261810968147788,
    "SYSX": 0.2607982362349612,
    "UIS": 0.26002872513813197,
    "EXLS": 0.2593228297334736,
    "ALYI": 0.2499703148874376,
    "NGRRF": 0.2496028485316151,
    "ICLD": 0.2494960804537714,
    "CCTR": 0.24502757210652132,
    "VEII": 0.2439949509481106,
    "CBRI": 0.24350322979483438,
    "FLT": 0.2427066225786047,
    "QUISF": 0.23569561703237682,
    "NWITY": 0.23490842830170874,
    "VNET": 0.2345588729390915,
    "IT": 0.23302040852835537,
    "CLGX": 0.23251996896292484,
    "WYY": 0.2305149320513824,
    "TSSI": 0.23042271000012168,
    "AMADF": 0.23039758073385555,
    "AMADY": 0.23039758073385555,
    "DRGV": 0.22814280491250413,
    "DLTI": 0.22772968532378038,
    "CMSQF": 0.2276976389217151,
    "CMSQY": 0.2276976389217151,
    "FDRVF": 0.22708098411667627,
    "SABR": 0.22467888812911174,
    "SABRP": 0.22467888812911174,
    "IIIV": 0.22334768919814676,
    "CLVT": 0.22166337904954855,
    "CIOXY": 0.21770546257694248,
    "SNX": 0.21692054075455344,
    "RSSS": 0.21653255002166494,
    "SWCH": 0.21541234934993914,
    "CD": 0.21294924096633902,
    "GDYN": 0.21256202041002037,
    "TDC": 0.21067620286560157,
    "KNRLF": 0.20708117365290052,
    "PRTH": 0.20652203636297942,
    "PRTHU": 0.20652203636297942,
    "NVGI": 0.20614421537489375,
    "GSDT": 0.20520044042773972,
    "DNB": 0.2048389359835208,
    "RTNB": 0.20473453892701474,
    "SFBTF": 0.2046471060833079,
    "GDS": 0.20397698448124368,
    "SLLN": 0.20280724628400773,
    "BLLI": 0.20144842104073662,
    "DMRC": 0.20049443401705488,
    "XALL": 0.2001940550092631,
    "ISDR": 0.19956550415375357,
    "DUSXF": 0.19840786512321873,
    "HUBV": 0.19784938382815964,
    "APPEF": 0.1975091671619906,
    "APXYY": 0.1975091671619906,
    "ONOV": 0.19709350210199658,
    "RPYTF": 0.19693998538579016,
    "AVCT": 0.1959845548770116,
    "JKHY": 0.19590716575671743,
    "SDVI": 0.19326710327800545,
    "USIO": 0.19253733177841512,
    "RCMH": 0.19206094087822934,
    "DCSX": 0.19155355370986882,
    "ACN": 0.18635567354297375,
    "HCKT": 0.18552752347167376,
    "NTDTY": 0.18488267312440618,
    "KTHGF": 0.18374310069942157,
    "CTEK": 0.1814764585372669,
    "CTLP": 0.18114826518413196,
    "TTEC": 0.18077905084134668,
    "TPPPF": 0.17611517604838736,
    "YIPI": 0.17524546820573436,
    "EXCC": 0.1735974453511251,
    "CTLPP": 0.17345687192533113,
    "INFY": 0.17280316903955426,
    "ESYL": 0.17260451358163367,
    "NDVN": 0.17128840089414374,
    "PKKFF": 0.17116929489449842,
    "ATHC": 0.1698926506549741,
    "FCCN": 0.1698119309771566,
    "CDWD": 0.16537255448576435,
    "VSSSF": 0.16511726152289935,
    "FLYW": 0.1640266577664173,
    "HMNY": 0.16397370795678423,
    "XTMIF": 0.16167334337885886,
    "RAMP": 0.16137410220547216,
    "AFRM": 0.1611903642125308,
    "PSCO": 0.16041302676576483,
    "DTMXF": 0.1579610975782676,
    "IMXI": 0.15696345595547176,
    "MOBIF": 0.15559379295153536,
    "ZWBC": 0.15288382447225793,
    "FORTY": 0.15155200742433864,
    "SCNTQ": 0.1507090638211098,
    "CRGE": 0.14993861258003052,
    "NUVCF": 0.1498949377377741,
    "HZHI": 0.1483222012692435,
    "AI": 0.14646398507627117,
    "IPSI": 0.13690510672066603,
    "CCRC": 0.1323945770418334,
    "SPOFF": 0.13004493014741492,
    "EAXR": 0.1257930569717883,
    "GAXY": 0.12495104488827524,
    "UTRX": 0.12462942534497295,
    "ACHKF": 0.12184096813504026,
    "PCPJ": 0.12163604091123718,
    "SEAV": 0.11866862917201725,
    "PRLO": 0.11818284176917587,
    "BNXAF": 0.1178162023772174,
    "DIGAF": 0.11527251556956827,
    "GTCH": 0.11385314904120394,
    "MDCKF": 0.11324691867803012,
    "APQT": 0.11301758330779076,
    "GB": 0.11291768139166113,
    "POSAF": 0.11225533484819564,
    "SGLB": 0.11205156487337255,
    "JCDAF": 0.11006443545014397,
    "RGGI": 0.11000600222572049,
    "DLB": 0.10793469718615921,
    "CMPY": 0.1076626359810584,
    "CNGFF": 0.10742473953145333,
    "DGIF": 0.10695093812278567,
    "PRZM": 0.1019670861585545,
    "ATYG": 0.0975472502329722,
    "NCPL": 0.0936435696024562,
    "CNLK": 0.09077386041059754,
    "BLFDF": 0.09066068726411393,
    "GLG": 0.08170240047637642,
    "TRIT": 0.08086600569124025,
    "SGTB": 0.07851642730285716,
    "THDS": 0.07535190778253259,
    "SUIC": 0.07432909312482583,
    "CLTS": 0.06899942249486066,
    "CBEV": 0.06435371538559166,
    "PSFE": 0.06259951993496406,
    "MOOIF": 0.04119512481148062
}