{
    "NUVCF": 1.0000000000000004,
    "IIIV": 0.31575979696537126,
    "XRX": 0.26687307648007447,
    "NWITY": 0.2614722003208942,
    "CAPMF": 0.2496401943038544,
    "CGEMY": 0.2496401943038544,
    "FISV": 0.23962854093710328,
    "EXCC": 0.23702609588454118,
    "PRTH": 0.2365295454120103,
    "PRTHU": 0.2365295454120103,
    "CTSH": 0.22267011904100337,
    "TKGL": 0.22051345582561732,
    "FLYW": 0.21892969187043823,
    "TDC": 0.216676474661905,
    "NTDTY": 0.21343453448609384,
    "AFRM": 0.21338759895300438,
    "FIS": 0.21079211108170007,
    "CTLP": 0.20840346970048917,
    "MOBIF": 0.2077023842305276,
    "CTLPP": 0.20697286116451288,
    "CACI": 0.2045588285384036,
    "NOSUF": 0.20247541121467524,
    "WYY": 0.20239310937808244,
    "CLPS": 0.20189867014673551,
    "G": 0.19951460150904599,
    "FLT": 0.1988143408067927,
    "RCMH": 0.1967972034010404,
    "NSIT": 0.19665745830561226,
    "CTSDF": 0.19604869427990845,
    "SNX": 0.19487408690628463,
    "EPAM": 0.1923068137491729,
    "CPIHF": 0.19097489212830857,
    "IMXI": 0.1904564040287724,
    "NRILY": 0.18995690925857125,
    "STGGQ": 0.18984103352795828,
    "GIB": 0.18968956366683457,
    "NVGI": 0.18820727516520844,
    "TSCC": 0.1878399364483996,
    "SCSKF": 0.1876783944868464,
    "CSVI": 0.1850866823159947,
    "IBM": 0.1825052212234268,
    "VEII": 0.18212515250087516,
    "CIOXY": 0.1815827867382193,
    "NGRRF": 0.18156169032810596,
    "CDWD": 0.18131209122941516,
    "TISNF": 0.1804022717394089,
    "CDW": 0.18003734934488044,
    "CFTLF": 0.17989295492070725,
    "NCR": 0.17978838551516654,
    "ITTOY": 0.17923700214425706,
    "QUISF": 0.17879249794621166,
    "SYKE": 0.17874500883705804,
    "ALYI": 0.17722277172284542,
    "DNB": 0.17633237878591498,
    "INOD": 0.17524406814852336,
    "ISDR": 0.1749190904162754,
    "ALYA": 0.17466079582586733,
    "CSPI": 0.1745999832954441,
    "USIO": 0.17444483597251922,
    "XTMIF": 0.17419165123123145,
    "CTG": 0.17241019628511148,
    "DRGV": 0.1715413943316625,
    "IAIC": 0.17086892751928548,
    "IMCI": 0.1698827723648388,
    "CSYJF": 0.1673493093608759,
    "DXC": 0.16696495263838923,
    "FJTSF": 0.1654638137501643,
    "FJTSY": 0.1654638137501643,
    "CNXC": 0.1647806227749245,
    "TLS": 0.1642221486549268,
    "PRFT": 0.1640827950859367,
    "ATHC": 0.16382870291697788,
    "BR": 0.16330680950114862,
    "PRSP": 0.16245164177403917,
    "PSCO": 0.1624382985413499,
    "DMRC": 0.16163088217982277,
    "ISMAY": 0.16101337453106956,
    "CNDT": 0.16049448140652103,
    "SSFT": 0.15971147279225392,
    "FCCN": 0.15955263136476183,
    "ETEC": 0.15865917483196879,
    "DTST": 0.1569372695759664,
    "DIGAF": 0.15664956469803215,
    "UIS": 0.1563261924927375,
    "IPSI": 0.155404734280293,
    "CLGX": 0.1545536596635659,
    "SABR": 0.1527642530507718,
    "SABRP": 0.1527642530507718,
    "AEXAF": 0.152646602302633,
    "AEXAY": 0.152646602302633,
    "XALL": 0.1517420554882907,
    "LDOS": 0.1498949377377741,
    "CMPY": 0.14931582411023514,
    "SFBTF": 0.14750760343766509,
    "RSSS": 0.1469270337382717,
    "CLVT": 0.14571355821537446,
    "INFY": 0.1429031613272511,
    "JKHY": 0.14186242715182426,
    "YIPI": 0.13789764823994752,
    "VSSSF": 0.13652234781156508,
    "DUSXF": 0.13599091544333836,
    "SAIC": 0.13484286953642272,
    "WIT": 0.13379614827298592,
    "DCSX": 0.13344165023624965,
    "HCKT": 0.13308665629118208,
    "DCHIF": 0.13279106852537734,
    "GB": 0.13105329105909536,
    "SYSX": 0.13090473572534272,
    "AMADF": 0.13046026909673028,
    "AMADY": 0.13046026909673028,
    "CD": 0.13019111628432226,
    "CEJOF": 0.12962193989680992,
    "KTHGF": 0.12929359536038273,
    "VNET": 0.12905196984570436,
    "CBRI": 0.12898011683522473,
    "EXLS": 0.1286074393541259,
    "BLLI": 0.12728031243555404,
    "ACHKF": 0.1270387274111677,
    "PKKFF": 0.12650001537615424,
    "HUBV": 0.12518502345999225,
    "ESYL": 0.1243309538846555,
    "RPYTF": 0.12329891395428083,
    "FDRVF": 0.12324246516633822,
    "AVCT": 0.12126471242010378,
    "TSYHF": 0.12085621891425459,
    "TSYHY": 0.12085621891425459,
    "ICLD": 0.12075690261846979,
    "SGTB": 0.12069474265421279,
    "RAMP": 0.11955218975884557,
    "IT": 0.1193131931035978,
    "UTRX": 0.11928375041668181,
    "CRGE": 0.11895894735255733,
    "EAXR": 0.11734841255403772,
    "SWCH": 0.11724442677833795,
    "DTMXF": 0.11711834668912888,
    "BNXAF": 0.11704084231507507,
    "CCRC": 0.11696419578505118,
    "ENHT": 0.11692863651910729,
    "GDYN": 0.1166790046346534,
    "SDVI": 0.11648966750378843,
    "APPEF": 0.1154800976693843,
    "APXYY": 0.1154800976693843,
    "CMSQF": 0.11532326959073964,
    "CMSQY": 0.11532326959073964,
    "HMNY": 0.11404191952777411,
    "TSSI": 0.11295295023120955,
    "TPPPF": 0.11096504537322355,
    "KNRLF": 0.11039062582706927,
    "CCTR": 0.1099882373322833,
    "SLLN": 0.10946185809627897,
    "CNGFF": 0.10865703739578789,
    "DLTI": 0.10771799590961481,
    "TTEC": 0.10732340963777942,
    "RGGI": 0.10665273912381748,
    "SPOFF": 0.10535397192184599,
    "ATYG": 0.10296676281688233,
    "ZWBC": 0.10229277951540879,
    "GSDT": 0.10137171132313204,
    "POSAF": 0.10116324999897056,
    "RTNB": 0.09989226403815431,
    "BLFDF": 0.09985506168919493,
    "ACN": 0.0994577717518308,
    "CTEK": 0.09902776084923244,
    "NDVN": 0.09806409312721094,
    "JCDAF": 0.09730179952373487,
    "GDS": 0.09686602900272286,
    "GAXY": 0.09471272755958028,
    "ONOV": 0.09241662706053208,
    "FORTY": 0.09233867001962275,
    "HZHI": 0.08850997217594676,
    "SCNTQ": 0.08756034980035296,
    "APQT": 0.08674191353468617,
    "SEAV": 0.08611262467623707,
    "PRZM": 0.0859826231480487,
    "NCPL": 0.08514826430971145,
    "GTCH": 0.08274990404775336,
    "TRIT": 0.07943702914709463,
    "DLB": 0.0793242400753287,
    "SGLB": 0.07924449435761094,
    "CBEV": 0.07812795631043133,
    "AI": 0.07598170435485577,
    "PCPJ": 0.07027624114090758,
    "THDS": 0.0684138246270673,
    "CNLK": 0.06701569990796666,
    "MDCKF": 0.06598485084729308,
    "MOOIF": 0.05593512093568691,
    "PSFE": 0.050587149191077554,
    "DGIF": 0.04964419235185382,
    "PRLO": 0.045503013156664496,
    "SUIC": 0.044290456621725406,
    "GLG": 0.03853667064760876,
    "CLTS": 0.03825595784492018
}