{
    "RPYTF": 1.0000000000000002,
    "ALYA": 0.27796235083286946,
    "CFTLF": 0.26539020399891167,
    "PRFT": 0.26057742718910104,
    "IBM": 0.24661854520572898,
    "CAPMF": 0.24152436565455687,
    "CGEMY": 0.24152436565455687,
    "ITTOY": 0.2389604749638257,
    "G": 0.2312280418204661,
    "NRILY": 0.225802496747021,
    "CACI": 0.2247128943668564,
    "AEXAF": 0.22388457827847041,
    "AEXAY": 0.22388457827847041,
    "EPAM": 0.22211814531962448,
    "XRX": 0.21766617978696873,
    "CTSH": 0.2155100454819272,
    "STGGQ": 0.2138759834616184,
    "ISMAY": 0.21194228350927427,
    "NGRRF": 0.2089607058525939,
    "CLPS": 0.20863801924899922,
    "SCSKF": 0.2071591591170303,
    "FJTSF": 0.2064526689566209,
    "FJTSY": 0.2064526689566209,
    "TLS": 0.20547604570705055,
    "DNB": 0.20496213040567457,
    "DCHIF": 0.20474862095229587,
    "BR": 0.20309817375874767,
    "ETEC": 0.19958167933602028,
    "LDOS": 0.19693998538579016,
    "DXC": 0.19684670855671432,
    "GIB": 0.1957622624620636,
    "INOD": 0.19482228373107108,
    "TKGL": 0.19477938311542511,
    "INFY": 0.18947881604274713,
    "EXLS": 0.18823229442342074,
    "CSPI": 0.18754237196255183,
    "PRSP": 0.1867156049165621,
    "SYKE": 0.1844884638781961,
    "TISNF": 0.1843772476769555,
    "CSVI": 0.18376829665818753,
    "CSYJF": 0.18301181086803486,
    "IMCI": 0.18262306565978842,
    "FISV": 0.1817189423312376,
    "TSCC": 0.18050033343913807,
    "CPIHF": 0.18026719341798822,
    "WIT": 0.17952801647337369,
    "NOSUF": 0.17858802558035683,
    "FLT": 0.1762787335398766,
    "DTST": 0.17613657014462505,
    "DMRC": 0.17613471249193702,
    "CNDT": 0.17581350467641618,
    "NSIT": 0.17320036072566292,
    "CEJOF": 0.17308827135767815,
    "CLVT": 0.1721050354755131,
    "CBRI": 0.17195334639996082,
    "NVGI": 0.17187413249849762,
    "QUISF": 0.17169353746457597,
    "AFRM": 0.17147927168415986,
    "GDYN": 0.16799545584990802,
    "CTSDF": 0.16560783859312195,
    "CTG": 0.1654485551381976,
    "CIOXY": 0.1653988290682085,
    "HUBV": 0.16492004211294523,
    "IAIC": 0.16459935628631847,
    "ISDR": 0.16365081035731438,
    "FDRVF": 0.16318109564790323,
    "CDW": 0.162638206754018,
    "DRGV": 0.161108437189896,
    "ENHT": 0.16033984909461033,
    "CNXC": 0.15991497973303392,
    "NCR": 0.15902346489251765,
    "CTLPP": 0.15892724442451467,
    "ATHC": 0.1567183453731533,
    "SSFT": 0.15653359610967535,
    "DCSX": 0.15640233348577068,
    "CTLP": 0.15598894113248113,
    "NWITY": 0.15561413356639636,
    "RSSS": 0.15529584967160026,
    "FIS": 0.1551737719798753,
    "UIS": 0.1551419565591714,
    "TDC": 0.15509015343662705,
    "CMSQF": 0.1546183449883251,
    "CMSQY": 0.1546183449883251,
    "DTMXF": 0.15354074197736112,
    "IIIV": 0.15095862073754707,
    "VEII": 0.15057250957299104,
    "AMADF": 0.15057166812204778,
    "AMADY": 0.15057166812204778,
    "ACN": 0.1505502046236236,
    "CCTR": 0.15001548687832866,
    "ALYI": 0.14998007429285437,
    "VNET": 0.14808219970435327,
    "SAIC": 0.1478526624645593,
    "HCKT": 0.1467300562341041,
    "SNX": 0.14672857180998156,
    "ICLD": 0.14462568848838758,
    "USIO": 0.14322773543118028,
    "NTDTY": 0.14194414428082652,
    "RCMH": 0.1413172496872534,
    "VSSSF": 0.14104287721220013,
    "CDWD": 0.14077327924893526,
    "GDS": 0.138187486584221,
    "IT": 0.13809999433874898,
    "TSYHF": 0.1376560443094469,
    "TSYHY": 0.1376560443094469,
    "JKHY": 0.1370950151796292,
    "TSSI": 0.13281136585691536,
    "AI": 0.13267223629114455,
    "EXCC": 0.13056459356788092,
    "CD": 0.13024854746608602,
    "PRTH": 0.13010696299739777,
    "PRTHU": 0.13010696299739777,
    "DUSXF": 0.12959782468344141,
    "KNRLF": 0.12875681913260617,
    "CTEK": 0.12866723174564476,
    "FCCN": 0.12779563685444686,
    "APPEF": 0.1277360235846622,
    "APXYY": 0.1277360235846622,
    "YIPI": 0.1261551193647752,
    "TTEC": 0.12605774401733544,
    "KTHGF": 0.12469985965494772,
    "SWCH": 0.12344805384793821,
    "NUVCF": 0.12329891395428083,
    "CCRC": 0.12303258107256954,
    "GSDT": 0.122761088752451,
    "XALL": 0.12249113325166813,
    "SYSX": 0.12207202990460041,
    "ESYL": 0.12137024331990778,
    "CLGX": 0.12056804710593613,
    "DLB": 0.11952269671141073,
    "SLLN": 0.11929528632914416,
    "PSCO": 0.11870245920581717,
    "FLYW": 0.1174002256377777,
    "WYY": 0.1172381784006389,
    "PKKFF": 0.11538681320702808,
    "MDCKF": 0.11408212962770185,
    "EAXR": 0.11151462096767692,
    "PCPJ": 0.11119800915406045,
    "XTMIF": 0.11109248882353626,
    "MOBIF": 0.1097009901721189,
    "SPOFF": 0.108536265878528,
    "ACHKF": 0.10768005625648588,
    "SDVI": 0.10736454771677911,
    "SABR": 0.10735640576178834,
    "SABRP": 0.10735640576178834,
    "AVCT": 0.10597537669043415,
    "BLLI": 0.10572916870180978,
    "RAMP": 0.10507784210642455,
    "ZWBC": 0.10483237777259678,
    "DLTI": 0.10367963279819424,
    "SFBTF": 0.10249510895390976,
    "RTNB": 0.1002816959307207,
    "CRGE": 0.09998480482982353,
    "HMNY": 0.09878529829734703,
    "GTCH": 0.09872282836401688,
    "UTRX": 0.0980870668350473,
    "NDVN": 0.09792253544696733,
    "IPSI": 0.09788478270991781,
    "FORTY": 0.09639453814933475,
    "SGLB": 0.09593418370334167,
    "IMXI": 0.09529688391378335,
    "JCDAF": 0.09399609137287765,
    "TPPPF": 0.09217212267747828,
    "CMPY": 0.09053871931906596,
    "DIGAF": 0.08889802549306129,
    "CNLK": 0.0886911387791029,
    "ONOV": 0.08700999184034063,
    "GAXY": 0.08680981331239959,
    "SEAV": 0.08610467139564307,
    "RGGI": 0.08530875258598417,
    "NCPL": 0.084710546433015,
    "SGTB": 0.07998328756873076,
    "BNXAF": 0.07996902068891708,
    "SCNTQ": 0.07958398198413161,
    "POSAF": 0.07915826374807125,
    "ATYG": 0.07808093103263801,
    "BLFDF": 0.07715442064316724,
    "PRZM": 0.07708189544762625,
    "GB": 0.07624549996820693,
    "CNGFF": 0.0756033853436581,
    "DGIF": 0.07459969898086176,
    "APQT": 0.0722433525496855,
    "HZHI": 0.0680990865676142,
    "CBEV": 0.06331799967001021,
    "TRIT": 0.06259925557749961,
    "PRLO": 0.0577305063140768,
    "THDS": 0.053038601074224395,
    "GLG": 0.04839524692586761,
    "CLTS": 0.04145231427292186,
    "SUIC": 0.037793575830623614,
    "MOOIF": 0.03773311651383224,
    "PSFE": 0.03656724264716114
}