{
    "SABR": 1.0000000000000002,
    "SABRP": 1.0000000000000002,
    "AMADF": 0.4131132586988187,
    "AMADY": 0.4131132586988187,
    "NCR": 0.26874830676293837,
    "SCSKF": 0.2676731546430261,
    "FLT": 0.26707459346745416,
    "FIS": 0.2541218308075803,
    "FJTSF": 0.2536105500322034,
    "FJTSY": 0.2536105500322034,
    "CTSH": 0.2517186056340134,
    "CACI": 0.2511642818741354,
    "TSYHF": 0.2498370668304082,
    "TSYHY": 0.2498370668304082,
    "XRX": 0.24678084596071861,
    "IBM": 0.2446712818758284,
    "NRILY": 0.23682081965813487,
    "EPAM": 0.23451710641814508,
    "CSPI": 0.2328592234735279,
    "ITTOY": 0.2255730351459727,
    "LDOS": 0.22467888812911174,
    "CTSDF": 0.22248889574468092,
    "DXC": 0.22223226386138037,
    "CNXC": 0.22135692241446173,
    "INOD": 0.21569465775330926,
    "STGGQ": 0.21526655279598006,
    "CNDT": 0.21359873730245185,
    "UIS": 0.21316254020273595,
    "PRFT": 0.21073132146836132,
    "FISV": 0.2104495276290631,
    "G": 0.21034375399179991,
    "TKGL": 0.20737764152177987,
    "CDW": 0.20594182301679625,
    "BR": 0.20592417463317106,
    "SSFT": 0.20427857533679716,
    "NSIT": 0.20196989957688177,
    "CPIHF": 0.20189196233456266,
    "DCSX": 0.20127470163666306,
    "IAIC": 0.2002273620718579,
    "CFTLF": 0.1994212687212168,
    "TDC": 0.19875763443683298,
    "TISNF": 0.19814523034217704,
    "AEXAF": 0.1975873280591824,
    "AEXAY": 0.1975873280591824,
    "DCHIF": 0.19746419486009384,
    "TSCC": 0.1944616779554362,
    "DTST": 0.1912860797840255,
    "DRGV": 0.190529867757482,
    "WIT": 0.19047648083411278,
    "CSVI": 0.18994923113397888,
    "NGRRF": 0.1897104483442067,
    "FLYW": 0.1891213722576548,
    "EXLS": 0.18897075789516282,
    "ISMAY": 0.18383755170187593,
    "CLGX": 0.1836675588926805,
    "IIIV": 0.18306290112392057,
    "NOSUF": 0.18257256653124954,
    "ICLD": 0.18131219675643623,
    "CLPS": 0.18084606226904185,
    "VEII": 0.18075763312474125,
    "AFRM": 0.1800004651956178,
    "QUISF": 0.17889074784583314,
    "SDVI": 0.17615435400151758,
    "PRSP": 0.17367269958582723,
    "DMRC": 0.17186646833804672,
    "CAPMF": 0.1718343006349122,
    "CGEMY": 0.1718343006349122,
    "IT": 0.1717249722210147,
    "ALYA": 0.1698413269481344,
    "EXCC": 0.16965396831259807,
    "CSYJF": 0.16918220968774747,
    "CLVT": 0.16830345654648493,
    "GIB": 0.1682957315619805,
    "TLS": 0.16749848581873428,
    "PRTH": 0.1669070027596209,
    "PRTHU": 0.1669070027596209,
    "WYY": 0.16607642015898652,
    "RSSS": 0.16564655551719093,
    "SYKE": 0.1627662834959668,
    "ETEC": 0.16093079618271863,
    "CIOXY": 0.15940310820540615,
    "SAIC": 0.1580320575820353,
    "NWITY": 0.15785178889199863,
    "NTDTY": 0.1567166933446623,
    "PSCO": 0.15613211742128874,
    "TTEC": 0.1557386772646332,
    "CTG": 0.1531132026115377,
    "RAMP": 0.1530445589222296,
    "NUVCF": 0.1527642530507718,
    "ACN": 0.15175007431306567,
    "HUBV": 0.15143165212354323,
    "APPEF": 0.15047883894346736,
    "APXYY": 0.15047883894346736,
    "CCTR": 0.1501555571098899,
    "XTMIF": 0.1499404727738139,
    "NVGI": 0.14886892410747274,
    "SYSX": 0.1484977782059824,
    "CBRI": 0.1473650496263584,
    "JKHY": 0.14713268308567026,
    "CDWD": 0.14709275726656018,
    "SNX": 0.14541609557887503,
    "DNB": 0.14531930584699757,
    "CEJOF": 0.14528504256854033,
    "IMCI": 0.14345868446694854,
    "XALL": 0.1425959341517183,
    "DUSXF": 0.14168852423972417,
    "SLLN": 0.1416475203854628,
    "ISDR": 0.14151250934465714,
    "KTHGF": 0.1413647010109348,
    "CTLP": 0.1407994794489775,
    "RTNB": 0.14078961542330892,
    "CMSQF": 0.14061528554546854,
    "CMSQY": 0.14061528554546854,
    "TSSI": 0.13906531844445147,
    "CRGE": 0.13886370264698977,
    "ENHT": 0.13865161379160149,
    "ALYI": 0.13726947107246892,
    "CD": 0.1367466129181662,
    "PKKFF": 0.13640364649314202,
    "SWCH": 0.13629368555241012,
    "USIO": 0.13604464776029826,
    "MOBIF": 0.13461355833577474,
    "GDYN": 0.13418414471980314,
    "VNET": 0.13357034063707188,
    "FDRVF": 0.13318803035335758,
    "CTLPP": 0.13254193040288376,
    "RCMH": 0.1324390598819488,
    "BLLI": 0.13168472752870047,
    "ESYL": 0.12998559780174482,
    "VSSSF": 0.12865774752640113,
    "SFBTF": 0.1275391910510148,
    "FCCN": 0.124283233844702,
    "YIPI": 0.12379786288640388,
    "HCKT": 0.12312585203272008,
    "IMXI": 0.12009755111397223,
    "KNRLF": 0.11895858025824974,
    "PCPJ": 0.11856384441293578,
    "ATHC": 0.11830251608527811,
    "GDS": 0.11600069854072659,
    "FORTY": 0.11433852633111888,
    "IPSI": 0.1121187323244985,
    "GSDT": 0.11190931268299055,
    "CTEK": 0.11169395033983731,
    "ACHKF": 0.10870324188097019,
    "AVCT": 0.10845881305874416,
    "RPYTF": 0.10735640576178834,
    "SCNTQ": 0.10396961833874177,
    "SPOFF": 0.10292966387938177,
    "DTMXF": 0.10121255341821057,
    "ZWBC": 0.10011518185088725,
    "DLTI": 0.09962522529248466,
    "INFY": 0.09859328125629933,
    "UTRX": 0.0983190034830366,
    "EAXR": 0.09624086771209203,
    "GAXY": 0.09617548848122835,
    "HMNY": 0.09561134169561072,
    "NDVN": 0.09546998721288605,
    "APQT": 0.09489113131628012,
    "AI": 0.09387357775557441,
    "DLB": 0.08917150673631467,
    "JCDAF": 0.08800199832841554,
    "TPPPF": 0.08786403054151332,
    "BLFDF": 0.08688351754912002,
    "GB": 0.08656639700669315,
    "PRZM": 0.0864344753501385,
    "NCPL": 0.08615610682443105,
    "MDCKF": 0.08360657361455863,
    "SEAV": 0.08182337414968761,
    "GTCH": 0.08147085946447091,
    "DIGAF": 0.08112859007525866,
    "ATYG": 0.08093986054587353,
    "CCRC": 0.08090749117375787,
    "POSAF": 0.07917636698787803,
    "ONOV": 0.07888687512026885,
    "RGGI": 0.07822543393153158,
    "HZHI": 0.07641184968545582,
    "TRIT": 0.07424775859673702,
    "CNGFF": 0.07311599676870917,
    "SGLB": 0.07221429345261775,
    "CNLK": 0.07075843713865604,
    "CMPY": 0.069264877328758,
    "DGIF": 0.06756035683333676,
    "CBEV": 0.06663342466775712,
    "BNXAF": 0.06587709121284296,
    "SGTB": 0.06378039328809791,
    "SUIC": 0.06271272056395565,
    "THDS": 0.056816953156991784,
    "PRLO": 0.055990580277127944,
    "GLG": 0.05521071910016291,
    "PSFE": 0.05356953632891634,
    "CLTS": 0.044835666430033935,
    "MOOIF": 0.026538293200782482
}