{
    "WYY": 0.9999999999999999,
    "TLS": 0.2835727276404288,
    "CACI": 0.28121511748368866,
    "ETEC": 0.2661690084961231,
    "CTSH": 0.25686444581879064,
    "XRX": 0.2542223864838262,
    "PRSP": 0.25367816712424696,
    "DXC": 0.250912126299097,
    "CNDT": 0.25056584253073505,
    "TKGL": 0.2490542152714866,
    "STGGQ": 0.2384070885209868,
    "PRFT": 0.23497896600645216,
    "IAIC": 0.23489341936780125,
    "SCSKF": 0.23319793615254636,
    "EPAM": 0.2326742956081894,
    "G": 0.23252192702663982,
    "LDOS": 0.2305149320513824,
    "FLT": 0.22996084515172333,
    "IBM": 0.22562231350192408,
    "FIS": 0.22525466949304074,
    "ITTOY": 0.21987811076649105,
    "CDW": 0.21530209014251914,
    "ALYA": 0.21154088345059988,
    "NSIT": 0.21035701293462725,
    "AEXAF": 0.2100943196406472,
    "AEXAY": 0.2100943196406472,
    "SYKE": 0.20954950402447953,
    "CNXC": 0.2094248816617387,
    "SYSX": 0.20870167710281895,
    "CAPMF": 0.20834797806756356,
    "CGEMY": 0.20834797806756356,
    "NRILY": 0.20650674640269656,
    "CTSDF": 0.20565423194645324,
    "NUVCF": 0.20239310937808244,
    "CFTLF": 0.1997229031440201,
    "BR": 0.1992301202842788,
    "IIIV": 0.19903120658637694,
    "CSPI": 0.1976095142427039,
    "NTDTY": 0.19736975876471693,
    "EXCC": 0.19583700425790568,
    "FJTSF": 0.1957982009515549,
    "FJTSY": 0.1957982009515549,
    "CLPS": 0.19502381897767077,
    "CSVI": 0.19380714728188625,
    "EXLS": 0.19301280732778933,
    "NGRRF": 0.18862197166557185,
    "NCR": 0.18682726944187078,
    "NOSUF": 0.18665009962499804,
    "IMCI": 0.1864558436335939,
    "DTST": 0.18519700158924565,
    "SSFT": 0.18495918754487686,
    "DMRC": 0.18298836870638407,
    "CLGX": 0.18077109797528912,
    "DRGV": 0.17828969977169118,
    "INOD": 0.17652420255149603,
    "ISMAY": 0.17588056521153692,
    "TDC": 0.1748715856508068,
    "ISDR": 0.17418101015454154,
    "TSCC": 0.17400622704278396,
    "CSYJF": 0.1736876574836602,
    "GIB": 0.17330916130730295,
    "RSSS": 0.17164036862183868,
    "CLVT": 0.17113333487520066,
    "QUISF": 0.16919921678217598,
    "PSCO": 0.16770053276902439,
    "SABR": 0.16607642015898652,
    "SABRP": 0.16607642015898652,
    "SNX": 0.16553436730993973,
    "SAIC": 0.16439962577601558,
    "DNB": 0.16421606577274458,
    "FCCN": 0.1641596072447193,
    "FISV": 0.16332000281139933,
    "NWITY": 0.16212159429652193,
    "CTG": 0.16175808129598246,
    "ATHC": 0.16114588713544914,
    "XALL": 0.16096648099635255,
    "UIS": 0.160132560097465,
    "CBRI": 0.15972565589290896,
    "WIT": 0.15797856199690793,
    "FLYW": 0.15618020193097057,
    "DCSX": 0.155571539902508,
    "FDRVF": 0.15533933319615736,
    "ICLD": 0.15478934304380654,
    "SDVI": 0.1543253568255714,
    "VEII": 0.15181816582485785,
    "CPIHF": 0.15120812587925617,
    "PRTH": 0.15080560801134996,
    "PRTHU": 0.15080560801134996,
    "CIOXY": 0.15073599691724562,
    "HCKT": 0.14984853171281076,
    "GSDT": 0.14903521607208006,
    "YIPI": 0.14863554315742672,
    "TISNF": 0.14598764581368365,
    "ENHT": 0.14566093872774213,
    "AVCT": 0.14481732924873736,
    "RAMP": 0.14402967956231486,
    "HUBV": 0.14386562596398506,
    "ZWBC": 0.14371247437092735,
    "SFBTF": 0.14297568283513973,
    "VNET": 0.1426632415556345,
    "NVGI": 0.14150548859542725,
    "MOBIF": 0.1410164361898842,
    "JKHY": 0.14043402287864726,
    "IPSI": 0.13954620142742885,
    "CEJOF": 0.13919866466056988,
    "USIO": 0.1386985603790555,
    "RCMH": 0.13802232351046825,
    "ESYL": 0.13779315827187283,
    "AMADF": 0.13709645184908759,
    "AMADY": 0.13709645184908759,
    "SLLN": 0.1370335779452925,
    "VSSSF": 0.1350984817004281,
    "INFY": 0.13509367475499753,
    "SCNTQ": 0.13452556507131638,
    "CDWD": 0.13323148054394268,
    "GDYN": 0.13274564815295847,
    "ALYI": 0.13156842883539033,
    "BLLI": 0.1313339657443367,
    "IT": 0.13132764947655984,
    "XTMIF": 0.1311693512868349,
    "DLTI": 0.13112735951771537,
    "CTLPP": 0.13083681228896868,
    "DCHIF": 0.1299660131543296,
    "DUSXF": 0.1277455121663883,
    "TSSI": 0.12672552042356003,
    "CRGE": 0.12668945297784928,
    "FORTY": 0.12456629391760035,
    "APPEF": 0.12349016670739256,
    "APXYY": 0.12349016670739256,
    "SWCH": 0.12188862059446427,
    "TSYHF": 0.12140506364517382,
    "TSYHY": 0.12140506364517382,
    "CTLP": 0.12034478420871676,
    "IMXI": 0.11897724429506833,
    "HMNY": 0.11881145178819845,
    "UTRX": 0.11728149504572774,
    "RPYTF": 0.1172381784006389,
    "CTEK": 0.11702339337799057,
    "GDS": 0.11701049242345482,
    "CD": 0.11678894275612076,
    "KNRLF": 0.11607331283908938,
    "TPPPF": 0.11586152365043527,
    "CMSQF": 0.11220664667245939,
    "CMSQY": 0.11220664667245939,
    "NDVN": 0.1114318690389011,
    "SGTB": 0.11137170687883624,
    "CCTR": 0.11078222580822984,
    "ACN": 0.10945389561204373,
    "AFRM": 0.10682098528700887,
    "KTHGF": 0.10629226150892448,
    "PCPJ": 0.10609469018290689,
    "DIGAF": 0.10317261102462787,
    "TTEC": 0.10315892954754569,
    "CBEV": 0.10002482996794117,
    "ACHKF": 0.09685949852980394,
    "SPOFF": 0.09607238044688182,
    "APQT": 0.09605211271762375,
    "JCDAF": 0.09581880948694849,
    "RTNB": 0.09468368903182856,
    "CNLK": 0.09134357469184398,
    "RGGI": 0.09133490024144103,
    "CNGFF": 0.09057284773441662,
    "AI": 0.08936933861524125,
    "PRLO": 0.08898409093660631,
    "PKKFF": 0.08718260392869093,
    "ATYG": 0.08593539542436782,
    "GAXY": 0.0857257839691062,
    "DTMXF": 0.08490280014651432,
    "DLB": 0.08386020970155268,
    "HZHI": 0.08259218116309792,
    "BLFDF": 0.0822575250036292,
    "EAXR": 0.08191483434707328,
    "GB": 0.0817699281620861,
    "CMPY": 0.0812134892633146,
    "BNXAF": 0.07948293574658949,
    "SGLB": 0.07911658351544994,
    "NCPL": 0.07784304914661783,
    "CCRC": 0.07635498483931427,
    "PRZM": 0.07627222299081687,
    "MDCKF": 0.07407784747444013,
    "ONOV": 0.0720950897887839,
    "THDS": 0.06987261022839171,
    "GTCH": 0.06854158223369705,
    "POSAF": 0.0663169648548369,
    "SEAV": 0.06618347360030372,
    "DGIF": 0.06275706129553119,
    "TRIT": 0.06056153223423069,
    "SUIC": 0.05123037803951446,
    "PSFE": 0.03706167871893398,
    "GLG": 0.03599291393562605,
    "MOOIF": 0.03163824113887203,
    "CLTS": 0.031096709665397536
}