{
    "EQR": 1.0,
    "AVB": 0.2732571447458992,
    "MAA-PI": 0.22965629269886081,
    "MAA": 0.22965629269886081,
    "UMH-PC": 0.2014852802770325,
    "UMH-PD": 0.2014852802770325,
    "UMH": 0.2014852802770325,
    "BSRTF": 0.1934850353498308,
    "BOWFF": 0.1838891555586647,
    "AIRC": 0.17369468191790655,
    "APTS": 0.17311465624166902,
    "NXRT": 0.168533565747513,
    "CPT": 0.16493810789077917,
    "BRG": 0.16253663607462746,
    "ESS": 0.15996672433720865,
    "MRTI": 0.1531214371182211,
    "ACC": 0.1489498434938737,
    "UDR": 0.1444949670952073,
    "FLGMF": 0.1403003384254325,
    "FCAFF": 0.14023404940064677,
    "INVH": 0.11687834419912217,
    "AMH-PD": 0.0998299920930043,
    "AMH-PE": 0.0998299920930043,
    "AMH-PF": 0.0998299920930043,
    "AMH-PG": 0.0998299920930043,
    "AMH-PH": 0.0998299920930043,
    "AMH": 0.0998299920930043,
    "IRT": 0.09426100598021014,
    "SNR": 0.09375431846349712,
    "ELS": 0.09346667465412788,
    "SUI": 0.0934348355109491,
    "BRT": 0.09110600620062355,
    "AIV": 0.0903325695137428,
    "CDPYF": 0.06582090668473209
}