{
    "BATRA": 1.0,
    "BATRB": 1.0,
    "BATRK": 1.0,
    "FMYR": 0.10926144527455035,
    "MSGS": 0.10317851524179185,
    "EEGI": 0.09932850302734546,
    "LGMH": 0.09814342284927423,
    "UMGP": 0.0957266243528755,
    "AMEFF": 0.09508736733638395,
    "GBXI": 0.09331827235645608,
    "LBRDA": 0.0884734730135323,
    "LBRDB": 0.0884734730135323,
    "LBRDK": 0.0884734730135323,
    "LBRDP": 0.0884734730135323,
    "WMG": 0.08825380777878393,
    "LBTYA": 0.08810176446350691,
    "LBTYB": 0.08810176446350691,
    "LBTYK": 0.08810176446350691,
    "STGZ": 0.08770324145877684,
    "GFMH": 0.08750048416574792,
    "SNMN": 0.08718628099114765,
    "WRIT": 0.08619868282008636,
    "BSEG": 0.0852616047741095,
    "AEMC": 0.0844831803819845,
    "IFLM": 0.0820040984499892,
    "MOCI": 0.07627630348293622,
    "KWWMF": 0.07422340977127757,
    "AMC": 0.07407362542517112,
    "HUYA": 0.07339256801076567,
    "VIDA": 0.07206017002584826,
    "MIKP": 0.0718501430348517,
    "WWE": 0.0710463176558764,
    "SEGI": 0.07093337296748535,
    "MCHOY": 0.07093166359446132,
    "MCOIF": 0.07093166359446132,
    "SNWR": 0.06935186074534175,
    "BTOW": 0.06862040177749446,
    "ROKU": 0.06816611891281585,
    "MCS": 0.06816585511731414,
    "BOTY": 0.06805185711788377,
    "PRISY": 0.06755929743489687,
    "BOIVF": 0.0673769667737443,
    "EDR": 0.06704795131344486,
    "EVVRF": 0.06613886144493519,
    "MBLV": 0.06596975820169543,
    "SAKL": 0.06551350928841312,
    "THBRF": 0.06521952593515715,
    "LGF-A": 0.06456919590671283,
    "LGF-B": 0.06456919590671283,
    "GBHL": 0.06435064292748091,
    "TIXC": 0.06386575843876585,
    "CIDM": 0.06368341910255602,
    "AFOM": 0.06319311361150184,
    "MVES": 0.06177950670810434,
    "WOW": 0.06167884273685424,
    "CMGR": 0.06047191887278334,
    "AMRU": 0.060053441222036937,
    "BLIAQ": 0.05920590125805073,
    "BLIBQ": 0.05920590125805073,
    "HDUP": 0.05779949967098743,
    "EWKS": 0.05714481570378885,
    "WLDBF": 0.05712143443240776,
    "HMTV": 0.057034861338629055,
    "SLCH": 0.05685433758802002,
    "DISH": 0.05673536071363808,
    "VIAC": 0.05636726726619251,
    "VIACA": 0.05636726726619251,
    "VIACP": 0.05636726726619251,
    "CNNWF": 0.05630962522626975,
    "SVSN": 0.05610463215046279,
    "KLOC": 0.05594817466735744,
    "LYV": 0.0555599920781201,
    "PLFX": 0.054420844049530494,
    "CPXGF": 0.05437085931436622,
    "CMCSA": 0.053518385997203016,
    "TCLRY": 0.05325673270062355,
    "ICABY": 0.05304245619810508,
    "RIVU": 0.05290680913101696,
    "ZUMRF": 0.05274760196457257,
    "HHSE": 0.0526239753526881,
    "HLWD": 0.0524139784711975,
    "UOMO": 0.05180369870777447,
    "MSGN": 0.05173652553696196,
    "ENTI": 0.051721385429416455,
    "TCHC": 0.05167458209720889,
    "CHND": 0.051667837905363924,
    "WOWMF": 0.05163199635162915,
    "MHSDF": 0.05158689425125345,
    "QYOUF": 0.05109227953673645,
    "LDSN": 0.050767623599934995,
    "RDI": 0.050226720291450554,
    "RDIB": 0.050226720291450554,
    "TRMNF": 0.0500116962350885,
    "SAPX": 0.049727858840111154,
    "XSPT": 0.04937421117562731,
    "EMPM": 0.0490094547618501,
    "DIS": 0.048923310336506855,
    "GMSC": 0.04886692742125823,
    "URBT": 0.048845023861328433,
    "CNK": 0.04875546819775228,
    "ESGC": 0.04850904625756371,
    "AFTM": 0.048368689612096456,
    "WEBB": 0.04810629882897921,
    "LIVX": 0.04800015168755248,
    "CEXE": 0.04792894597896385,
    "KDCXF": 0.047573247688782676,
    "ENTEF": 0.04699816199332562,
    "DLPN": 0.04652012947360297,
    "EVLI": 0.045512730197311634,
    "MSGE": 0.045358607905496284,
    "RTRK": 0.0451279474716281,
    "AESE": 0.04426306486288413,
    "FERL": 0.04401718474293915,
    "CJREF": 0.04400082542175452,
    "GNUS": 0.0435510312040571,
    "RLTR": 0.04346743106140508,
    "CHTR": 0.04269169964135624,
    "HOFV": 0.04236030246572151,
    "IPIC": 0.04151357300900986,
    "ATVDY": 0.04096138155813904,
    "CATV": 0.04093784798470221,
    "HWAL": 0.04059288486038043,
    "MGMA": 0.04013873655620249,
    "NENTF": 0.03944229986735024,
    "VNUE": 0.03860802976074954,
    "CCLX": 0.038361565356008,
    "KUKE": 0.0372553438803978,
    "RGMP": 0.0367976597909366,
    "HYWI": 0.03674828459255026,
    "DKMR": 0.03636964242144351,
    "BDIC": 0.03533992044405617,
    "HQGE": 0.03512746435293531,
    "IMAX": 0.03501972910847892,
    "IMTV": 0.035009302235102686,
    "DISCA": 0.034245986449267005,
    "DISCB": 0.034245986449267005,
    "DISCK": 0.034245986449267005,
    "NLMP": 0.033568110741255,
    "NFLX": 0.03342290927734108,
    "CSCW": 0.03273320476913586,
    "WIZD": 0.03254748748221813,
    "RWMI": 0.03208322887241461,
    "APTTF": 0.03180505292870372,
    "MLWN": 0.03108752262644099,
    "HOMU": 0.03041343628430911,
    "GMSQF": 0.029341367478100448,
    "CEVMF": 0.02928372415254293,
    "DAFL": 0.029208732768579604,
    "GULDF": 0.026505657670715718,
    "VGTL": 0.025953545745178733,
    "TGSEF": 0.020024046312188893
}