{
    "BOIVF": 1.0,
    "KDCXF": 0.32455864877312435,
    "TCLRY": 0.3241686996379413,
    "CHTR": 0.27891638468237856,
    "LBTYA": 0.2686117101659016,
    "LBTYB": 0.2686117101659016,
    "LBTYK": 0.2686117101659016,
    "LBRDA": 0.26324405042692933,
    "LBRDB": 0.26324405042692933,
    "LBRDK": 0.26324405042692933,
    "LBRDP": 0.26324405042692933,
    "CPXGF": 0.2584473514118571,
    "LGF-A": 0.25435792655842604,
    "LGF-B": 0.25435792655842604,
    "ROKU": 0.2508404701553901,
    "WLDBF": 0.24743600210052163,
    "WWE": 0.24239383833721823,
    "MHSDF": 0.2404668144705135,
    "WMG": 0.23099814395554893,
    "ENTI": 0.22975159555754954,
    "CJREF": 0.22883388396705548,
    "PRISY": 0.22635192670698087,
    "ICABY": 0.2253383548038855,
    "VIAC": 0.22436726627849976,
    "VIACA": 0.22436726627849976,
    "VIACP": 0.22436726627849976,
    "CIDM": 0.22408790596919265,
    "AMRU": 0.21817621239231522,
    "HWAL": 0.21718793777640125,
    "UOMO": 0.21587065487601814,
    "CMCSA": 0.2150861186106301,
    "MCHOY": 0.21230806563708388,
    "MCOIF": 0.21230806563708388,
    "DISH": 0.21075092346598784,
    "EDR": 0.21051768866882434,
    "KWWMF": 0.2105096695051424,
    "LIVX": 0.2064047747391322,
    "HHSE": 0.20506313075671512,
    "RIVU": 0.20248154610273167,
    "LYV": 0.199306237227905,
    "GFMH": 0.19617452836978239,
    "WOW": 0.19257224931542924,
    "EVLI": 0.19103709927671095,
    "SNMN": 0.18985961853512226,
    "VNUE": 0.18903931332988264,
    "THBRF": 0.18683867735516374,
    "KUKE": 0.18586685332055014,
    "VIDA": 0.18571432642938637,
    "NENTF": 0.18422624320395928,
    "WRIT": 0.18342759944505546,
    "LDSN": 0.18079021465302267,
    "TCHC": 0.175656844977348,
    "APTTF": 0.17563205742317547,
    "ENTEF": 0.17435240061829096,
    "SVSN": 0.17062624246063077,
    "DLPN": 0.17028314389286509,
    "GMSC": 0.16926509821186655,
    "QYOUF": 0.16923024994408156,
    "XSPT": 0.16887096834232615,
    "SEGI": 0.16830622375200596,
    "RLTR": 0.1679851780982091,
    "MBLV": 0.16635569260996835,
    "HMTV": 0.1654180254542445,
    "MCS": 0.16367266745368167,
    "FERL": 0.1630867119631804,
    "GBHL": 0.16038000394656157,
    "TIXC": 0.15873229329226332,
    "IMAX": 0.15869001635004468,
    "SAPX": 0.15848109670472849,
    "FMYR": 0.15732540282203533,
    "BSEG": 0.15730247866270897,
    "ATVDY": 0.15688942754752586,
    "MSGN": 0.1557215070404664,
    "AEMC": 0.15489802598236022,
    "HLWD": 0.15488414730576078,
    "AFTM": 0.1541524507629361,
    "RTRK": 0.15375073604547113,
    "SAKL": 0.15349915365585193,
    "LGMH": 0.15042239839164126,
    "MVES": 0.1495772457623134,
    "ZUMRF": 0.14737852219638697,
    "MIKP": 0.146026612900042,
    "DIS": 0.14579971807479802,
    "VGTL": 0.1453616769086567,
    "DISCA": 0.14293128952969683,
    "DISCB": 0.14293128952969683,
    "DISCK": 0.14293128952969683,
    "AESE": 0.14263548497024664,
    "SLCH": 0.1401370189612662,
    "CHND": 0.13998274754723483,
    "DAFL": 0.13961132934103032,
    "STGZ": 0.13892983071851508,
    "HUYA": 0.13818431962462255,
    "GNUS": 0.13662852074934603,
    "KLOC": 0.13655567332449803,
    "CEVMF": 0.13464909924830062,
    "EWKS": 0.13464218818487475,
    "SNWR": 0.13396090779611283,
    "ESGC": 0.13393583614660312,
    "WOWMF": 0.13381533635516374,
    "WIZD": 0.13203344500100114,
    "CATV": 0.1315242129020321,
    "AMEFF": 0.13106259503516407,
    "AFOM": 0.13100381887887821,
    "HYWI": 0.13021126550074477,
    "IFLM": 0.1297510526743898,
    "NFLX": 0.12764146570128346,
    "IMTV": 0.12498378333265206,
    "MLWN": 0.1237855180409279,
    "NLMP": 0.12296176605469587,
    "BOTY": 0.12230496717779345,
    "AMC": 0.1220483755561356,
    "CNNWF": 0.12035128677669983,
    "MSGE": 0.11969901706703603,
    "EVVRF": 0.11443795043170198,
    "PLFX": 0.11121591699064587,
    "CSCW": 0.11111745204038644,
    "RDI": 0.1110901525461601,
    "RDIB": 0.1110901525461601,
    "GBXI": 0.10864684922969764,
    "IPIC": 0.10847338350404048,
    "HDUP": 0.10468471069189367,
    "UMGP": 0.10451490483419432,
    "URBT": 0.10368751761672498,
    "HQGE": 0.10351017683417259,
    "RGMP": 0.10252163510162178,
    "MOCI": 0.10060818364543313,
    "EMPM": 0.09683652763032327,
    "MGMA": 0.0967021888581735,
    "EEGI": 0.09109117380002567,
    "BLIAQ": 0.08986085330275424,
    "BLIBQ": 0.08986085330275424,
    "CEXE": 0.08935999317054633,
    "BTOW": 0.08888363063986587,
    "GMSQF": 0.08534655793217732,
    "BDIC": 0.08395688556424692,
    "WEBB": 0.08174425897186455,
    "MSGS": 0.08105067897350367,
    "RWMI": 0.07847420576023403,
    "HOFV": 0.07584511731147336,
    "TGSEF": 0.07537514393310937,
    "CCLX": 0.07424612782260218,
    "CNK": 0.06964218218243277,
    "BATRA": 0.0673769667737443,
    "BATRB": 0.0673769667737443,
    "BATRK": 0.0673769667737443,
    "GULDF": 0.06373981930367748,
    "TRMNF": 0.06259461724316,
    "CMGR": 0.05942696267133898,
    "DKMR": 0.054923966540872775,
    "HOMU": 0.05376042755595128
}