{
    "CHTR": 1.0,
    "LBRDA": 0.5053538003498306,
    "LBRDB": 0.5053538003498306,
    "LBRDK": 0.5053538003498306,
    "LBRDP": 0.5053538003498306,
    "LBTYA": 0.47234777714580994,
    "LBTYB": 0.47234777714580994,
    "LBTYK": 0.47234777714580994,
    "WOW": 0.3583210058690774,
    "MHSDF": 0.3474417610678524,
    "CMCSA": 0.3367516919521164,
    "TCLRY": 0.3131415878835209,
    "KDCXF": 0.3064255335367314,
    "ICABY": 0.3039420204164699,
    "HWAL": 0.28107312760270287,
    "BOIVF": 0.27891638468237856,
    "ROKU": 0.27343880091213796,
    "CPXGF": 0.2704870125492391,
    "DISH": 0.26295989923506013,
    "AMRU": 0.26252801412707116,
    "MBLV": 0.24840861212041787,
    "ENTI": 0.24061675952608796,
    "LIVX": 0.23851434658843945,
    "CIDM": 0.238351790106236,
    "LGF-A": 0.23537014445616,
    "LGF-B": 0.23537014445616,
    "MCHOY": 0.23532825634321106,
    "MCOIF": 0.23532825634321106,
    "VIAC": 0.23193992222747895,
    "VIACA": 0.23193992222747895,
    "VIACP": 0.23193992222747895,
    "EDR": 0.23131296647673583,
    "WLDBF": 0.231026450886621,
    "HMTV": 0.22221834580449726,
    "WWE": 0.21217461511727254,
    "LYV": 0.21213727178507766,
    "UOMO": 0.20666678501882108,
    "APTTF": 0.20556501516253733,
    "EVLI": 0.20474148231573144,
    "PRISY": 0.2046180323076486,
    "FERL": 0.2033665730061927,
    "WMG": 0.20002107586287907,
    "LGMH": 0.1974917895846084,
    "AEMC": 0.1952156050177411,
    "SNMN": 0.19326842929682742,
    "VIDA": 0.18733491035024974,
    "DLPN": 0.18697104309285464,
    "CATV": 0.18672131813855156,
    "RLTR": 0.18604149750047158,
    "NENTF": 0.18301909234691807,
    "MSGN": 0.1816997687149492,
    "XSPT": 0.17997092553974126,
    "CJREF": 0.17765546567355672,
    "TCHC": 0.17473923889497883,
    "QYOUF": 0.17450701216863007,
    "LDSN": 0.17298622189503327,
    "ZUMRF": 0.17202843078064617,
    "VNUE": 0.1718546688096428,
    "MCS": 0.17161195120556527,
    "KUKE": 0.17031545471358367,
    "NFLX": 0.16830783148836867,
    "DISCA": 0.1680176288573085,
    "DISCB": 0.1680176288573085,
    "DISCK": 0.1680176288573085,
    "THBRF": 0.16615906309152562,
    "SVSN": 0.16469558129631698,
    "HHSE": 0.1644639386406971,
    "SLCH": 0.16370859076940208,
    "KWWMF": 0.16225178440401636,
    "SNWR": 0.1587381367950361,
    "TIXC": 0.15859836543396533,
    "NLMP": 0.15764593079892308,
    "DIS": 0.15742759885221067,
    "WOWMF": 0.1556472988965698,
    "BSEG": 0.15493748182085756,
    "MVES": 0.14988964564992502,
    "GFMH": 0.14954830817389805,
    "WRIT": 0.14941354813896757,
    "AESE": 0.14817928137687664,
    "ENTEF": 0.14721777618316917,
    "BOTY": 0.14568732028945341,
    "HUYA": 0.14396567882417582,
    "WIZD": 0.14319136948922623,
    "SEGI": 0.14153095417114572,
    "SAPX": 0.14122887784165683,
    "AMEFF": 0.14085263077571641,
    "HLWD": 0.13970344254033382,
    "FMYR": 0.13869009749262656,
    "SAKL": 0.1379655471628246,
    "DAFL": 0.13794844195201805,
    "IMAX": 0.1365263230802287,
    "URBT": 0.13476019578752288,
    "AMC": 0.13472664114695054,
    "GMSC": 0.1343974978439538,
    "GBHL": 0.13329769175847436,
    "AFTM": 0.1312349510297975,
    "MOCI": 0.1254227565625853,
    "GNUS": 0.1243709016679003,
    "STGZ": 0.12383423515481853,
    "VGTL": 0.12383341432703694,
    "BDIC": 0.12310195904728294,
    "AFOM": 0.12306204267682738,
    "EEGI": 0.12185971998756684,
    "HQGE": 0.12181367128828789,
    "IFLM": 0.12037260433203252,
    "RIVU": 0.11985797090124635,
    "ATVDY": 0.11820126816998819,
    "CHND": 0.11805997212905545,
    "CEVMF": 0.11782413475849024,
    "MSGE": 0.11713570236780035,
    "ESGC": 0.1168724903877359,
    "HYWI": 0.11628863093506553,
    "KLOC": 0.11520184572530637,
    "MIKP": 0.11506514942147741,
    "CEXE": 0.11478033283230214,
    "RTRK": 0.1139762968970275,
    "IMTV": 0.11144663637125353,
    "RGMP": 0.10967298182988083,
    "IPIC": 0.1082792434023166,
    "CSCW": 0.10776856732972234,
    "CNNWF": 0.10418938597901371,
    "HDUP": 0.1035461694065295,
    "WEBB": 0.10328060083532083,
    "EMPM": 0.10090191239628006,
    "EWKS": 0.09916600473739454,
    "EVVRF": 0.0985102338611853,
    "RDI": 0.0980656153083657,
    "RDIB": 0.0980656153083657,
    "GMSQF": 0.09790588272428834,
    "CCLX": 0.09509433046076907,
    "MLWN": 0.09407025182248366,
    "UMGP": 0.09347718417149704,
    "MSGS": 0.08990135963670003,
    "GBXI": 0.08943974376576917,
    "TGSEF": 0.08818178952358657,
    "BLIAQ": 0.08677845690497825,
    "BLIBQ": 0.08677845690497825,
    "CNK": 0.08197830807569523,
    "HOFV": 0.081739360706771,
    "HOMU": 0.07883498530431854,
    "BTOW": 0.07873427603223981,
    "MGMA": 0.07737804932479324,
    "RWMI": 0.06941050491192516,
    "DKMR": 0.06609035340175105,
    "PLFX": 0.0642551909105795,
    "GULDF": 0.062273025221507884,
    "TRMNF": 0.06178653603486629,
    "CMGR": 0.05341605639284323,
    "BATRA": 0.04269169964135624,
    "BATRB": 0.04269169964135624,
    "BATRK": 0.04269169964135624
}