{
    "DAFL": 1.0,
    "VGTL": 0.2589248854643157,
    "FERL": 0.2188231555887562,
    "EMPM": 0.20280110468013565,
    "CIDM": 0.2019258767541874,
    "HLWD": 0.18889927516614355,
    "TCLRY": 0.186557916542411,
    "LGF-A": 0.18210059609174345,
    "LGF-B": 0.18210059609174345,
    "SAPX": 0.1747769399106652,
    "RGMP": 0.16131087368700708,
    "HWAL": 0.154359079219494,
    "LBRDA": 0.15402944868485344,
    "LBRDB": 0.15402944868485344,
    "LBRDK": 0.15402944868485344,
    "LBRDP": 0.15402944868485344,
    "EDR": 0.1536041028172051,
    "VNUE": 0.15355336189939472,
    "GMSC": 0.1522951049522515,
    "CPXGF": 0.15193822598824377,
    "LIVX": 0.1518560614072194,
    "CEXE": 0.1494891532313962,
    "ICABY": 0.14715256047060588,
    "MSGN": 0.14609437602277323,
    "LBTYA": 0.14496142074977916,
    "LBTYB": 0.14496142074977916,
    "LBTYK": 0.14496142074977916,
    "SVSN": 0.14309137749648362,
    "DLPN": 0.14224539357446675,
    "KDCXF": 0.14184502056921838,
    "MSGE": 0.1406610904936101,
    "BOIVF": 0.13961132934103032,
    "ROKU": 0.13901609491530958,
    "MCHOY": 0.13864676125906553,
    "MCOIF": 0.13864676125906553,
    "CHTR": 0.13794844195201805,
    "WMG": 0.1378882385626564,
    "MHSDF": 0.1376682829217415,
    "RLTR": 0.1374193117075131,
    "VIAC": 0.13735754085620372,
    "VIACA": 0.13735754085620372,
    "VIACP": 0.13735754085620372,
    "FMYR": 0.13715499613506818,
    "IFLM": 0.13637095391994325,
    "MSGS": 0.13551089520698592,
    "AMEFF": 0.13543159562949073,
    "RIVU": 0.13518660623027282,
    "WOWMF": 0.1347170257533678,
    "STGZ": 0.13454071011035829,
    "WOW": 0.13245482839855016,
    "SNMN": 0.1316696027566799,
    "EVLI": 0.13006825513411818,
    "UOMO": 0.12947425016557373,
    "IMAX": 0.12880397864559168,
    "WLDBF": 0.12823274045086322,
    "HHSE": 0.1268975655907723,
    "KWWMF": 0.1268390855315122,
    "VIDA": 0.12606680639013537,
    "HOMU": 0.1260631807330775,
    "CJREF": 0.12435433956859547,
    "ENTI": 0.12252945368840962,
    "HDUP": 0.12199537550343126,
    "GBHL": 0.12123703306147765,
    "AEMC": 0.12009340590821165,
    "AFTM": 0.11971227254835336,
    "PRISY": 0.11867491351536051,
    "HYWI": 0.11766381313659885,
    "AFOM": 0.11699917333360665,
    "LGMH": 0.11638830611090306,
    "CMCSA": 0.11617311685913971,
    "WWE": 0.11615186423325705,
    "GFMH": 0.11610239436836647,
    "MVES": 0.11603908024705749,
    "SAKL": 0.11435461196363166,
    "MBLV": 0.11276576045650341,
    "CSCW": 0.11225426718498495,
    "KUKE": 0.1118538206557426,
    "LDSN": 0.1090854760463151,
    "AMRU": 0.10827097453886397,
    "THBRF": 0.10671158983625591,
    "TCHC": 0.10578547585402241,
    "QYOUF": 0.10550894086195019,
    "WRIT": 0.10445290237805671,
    "DISH": 0.10027417017034922,
    "WEBB": 0.0997975291942245,
    "HMTV": 0.09672465412417386,
    "IPIC": 0.09607268464701352,
    "BSEG": 0.09580688937662168,
    "BOTY": 0.09573400116120286,
    "MOCI": 0.09386375474110696,
    "DIS": 0.09273909402410871,
    "SEGI": 0.09038833891327112,
    "APTTF": 0.09028885467225896,
    "NFLX": 0.0898741237299614,
    "XSPT": 0.08979030003461992,
    "MIKP": 0.08944676765764907,
    "UMGP": 0.08869986569862703,
    "MCS": 0.08769344057444826,
    "TRMNF": 0.08702584241637444,
    "RTRK": 0.0869558508585592,
    "NENTF": 0.08675062809746985,
    "LYV": 0.08620882370031559,
    "ESGC": 0.08614536657632903,
    "ATVDY": 0.08457227770779886,
    "CMGR": 0.08135456613825438,
    "SLCH": 0.08133810845041421,
    "DISCA": 0.08096926805378016,
    "DISCB": 0.08096926805378016,
    "DISCK": 0.08096926805378016,
    "TIXC": 0.08074563472645427,
    "EWKS": 0.07973603153052262,
    "BTOW": 0.07842020274801072,
    "ENTEF": 0.07734217183474781,
    "CHND": 0.07731215491421989,
    "CCLX": 0.077170853413438,
    "KLOC": 0.077097826821518,
    "TGSEF": 0.07622530936984176,
    "MLWN": 0.07188806728465161,
    "EEGI": 0.07043546343838601,
    "NLMP": 0.06869088837764012,
    "CATV": 0.06798709480071465,
    "RWMI": 0.06760390026046532,
    "HUYA": 0.06686691744154641,
    "WIZD": 0.0663421565929907,
    "ZUMRF": 0.06597365690261009,
    "GNUS": 0.06356336892621328,
    "AMC": 0.06297380812362742,
    "RDI": 0.06255822482427142,
    "RDIB": 0.06255822482427142,
    "IMTV": 0.061793663363792876,
    "HQGE": 0.06150044654459421,
    "AESE": 0.06068953088038336,
    "GBXI": 0.0605617864366577,
    "MGMA": 0.05681546812579257,
    "CEVMF": 0.05468366313536998,
    "GMSQF": 0.05323789085600684,
    "EVVRF": 0.05320525443982578,
    "CNNWF": 0.052777069160207295,
    "SNWR": 0.05132674634345424,
    "BDIC": 0.051060570483557256,
    "BLIAQ": 0.04959380377684955,
    "BLIBQ": 0.04959380377684955,
    "URBT": 0.04685416932052169,
    "DKMR": 0.043137532243547855,
    "HOFV": 0.040236377744854675,
    "GULDF": 0.03936693391693949,
    "CNK": 0.03844904864467249,
    "BATRA": 0.029208732768579604,
    "BATRB": 0.029208732768579604,
    "BATRK": 0.029208732768579604,
    "PLFX": 0.01942700216272665
}