{
    "HOFV": 0.9999999999999998,
    "MSGE": 0.14820760452536208,
    "DIS": 0.1340934411910153,
    "WWE": 0.12080879303478367,
    "VIDA": 0.11202633871413949,
    "STGZ": 0.10720124256693166,
    "SVSN": 0.10678953458185632,
    "CEXE": 0.10389349298475326,
    "CPXGF": 0.10222098646560719,
    "AMC": 0.10158614394803527,
    "AEMC": 0.09979001061364746,
    "EDR": 0.0995526702625984,
    "KWWMF": 0.0994773630322739,
    "VIAC": 0.09854927772032862,
    "VIACA": 0.09854927772032862,
    "VIACP": 0.09854927772032862,
    "BSEG": 0.09782769453826859,
    "WOW": 0.0948255719416087,
    "FMYR": 0.09373093993928164,
    "AMEFF": 0.09274589915299661,
    "LGF-A": 0.09235245159208502,
    "LGF-B": 0.09235245159208502,
    "AFTM": 0.09206586114281283,
    "DLPN": 0.09186608372585997,
    "AFOM": 0.09177567785659066,
    "EVLI": 0.08877225587755921,
    "AESE": 0.08818882968136595,
    "MCS": 0.08704862685432586,
    "WLDBF": 0.08698243087902358,
    "ROKU": 0.0867546524893061,
    "MCHOY": 0.08665570051326968,
    "MCOIF": 0.08665570051326968,
    "CMCSA": 0.08628371426961029,
    "MSGN": 0.08582275191624905,
    "RLTR": 0.08533499235676255,
    "PRISY": 0.08451902424011813,
    "CIDM": 0.08248877862673426,
    "LBRDA": 0.08176752810251293,
    "LBRDB": 0.08176752810251293,
    "LBRDK": 0.08176752810251293,
    "LBRDP": 0.08176752810251293,
    "CHTR": 0.081739360706771,
    "AMRU": 0.08113496009468839,
    "GMSC": 0.08011073106257749,
    "MSGS": 0.07967787342272259,
    "LYV": 0.07959732699168968,
    "WMG": 0.0789943139041106,
    "SEGI": 0.07845959163728027,
    "BOTY": 0.07843679244409388,
    "EWKS": 0.07762824272813951,
    "UOMO": 0.07733800178829442,
    "HDUP": 0.07688325264976684,
    "MBLV": 0.07678007677780448,
    "XSPT": 0.07674295526738721,
    "GBHL": 0.0766634248941353,
    "SAPX": 0.0763198874968075,
    "BOIVF": 0.07584511731147336,
    "LGMH": 0.07568505264082527,
    "TCLRY": 0.07557495282251411,
    "SNMN": 0.07417648934489073,
    "ICABY": 0.07393194488993034,
    "ENTEF": 0.07365528409801803,
    "GFMH": 0.07344686596639233,
    "HWAL": 0.07315693050858478,
    "RGMP": 0.07256385132995544,
    "LBTYA": 0.07183653094760829,
    "LBTYB": 0.07183653094760829,
    "LBTYK": 0.07183653094760829,
    "CJREF": 0.07179204664576604,
    "HLWD": 0.07105443452279038,
    "MVES": 0.07072293173187941,
    "HUYA": 0.07032385781082123,
    "HMTV": 0.07030767521737039,
    "MIKP": 0.07027127610734209,
    "WOWMF": 0.06980661292309165,
    "MHSDF": 0.06942373185933326,
    "QYOUF": 0.06894216048179634,
    "SAKL": 0.06881287773615916,
    "THBRF": 0.06789351052972183,
    "KUKE": 0.06726061619372486,
    "RIVU": 0.06725141219147111,
    "CNNWF": 0.06649395553878427,
    "TIXC": 0.06616274530383975,
    "LIVX": 0.06591067546311731,
    "RTRK": 0.06465346303432556,
    "KLOC": 0.06411218159299228,
    "GBXI": 0.06398250725206857,
    "IPIC": 0.06386925797932906,
    "IFLM": 0.0624656592489478,
    "ENTI": 0.06112486887197331,
    "UMGP": 0.05948271859608284,
    "WRIT": 0.059022066793775634,
    "ATVDY": 0.058875995587176995,
    "NENTF": 0.058829000779233885,
    "EMPM": 0.0586471227054462,
    "ZUMRF": 0.058145937614060755,
    "URBT": 0.05810939408554265,
    "NFLX": 0.05795430329491727,
    "KDCXF": 0.057651361408285764,
    "NLMP": 0.05727542760758677,
    "HOMU": 0.056333604178867576,
    "RDI": 0.05627229423811168,
    "RDIB": 0.05627229423811168,
    "DISH": 0.05602538008415202,
    "FERL": 0.05581833083132954,
    "VNUE": 0.05518606905859252,
    "CNK": 0.054683023323812384,
    "TCHC": 0.05446792593398575,
    "BLIAQ": 0.05392176300986592,
    "BLIBQ": 0.05392176300986592,
    "CHND": 0.05326986053434264,
    "DISCA": 0.05302844428119031,
    "DISCB": 0.05302844428119031,
    "DISCK": 0.05302844428119031,
    "LDSN": 0.05286570963297674,
    "WIZD": 0.05228943008997216,
    "HHSE": 0.052175389312673744,
    "MOCI": 0.05199153929208117,
    "ESGC": 0.050119418705361095,
    "MLWN": 0.049612350443688946,
    "BTOW": 0.04929575776048143,
    "HYWI": 0.04917973448696006,
    "IMTV": 0.04784158855129555,
    "EEGI": 0.04714769279491712,
    "GNUS": 0.04714591426047386,
    "APTTF": 0.04703495637000099,
    "CCLX": 0.04515711109935343,
    "MGMA": 0.0448793429246697,
    "EVVRF": 0.04441542340791801,
    "SLCH": 0.04339181613078651,
    "WEBB": 0.04330302645367617,
    "CATV": 0.043017492084715676,
    "IMAX": 0.042856148742181445,
    "BATRA": 0.04236030246572151,
    "BATRB": 0.04236030246572151,
    "BATRK": 0.04236030246572151,
    "GMSQF": 0.041319632350390226,
    "SNWR": 0.040840126269529334,
    "CEVMF": 0.040689348576282064,
    "RWMI": 0.04061460688555297,
    "DAFL": 0.040236377744854675,
    "VGTL": 0.040219807505880834,
    "HQGE": 0.0381737773731866,
    "CSCW": 0.03771921745832853,
    "CMGR": 0.037575234707071525,
    "PLFX": 0.03624866946848968,
    "TRMNF": 0.03496121661615397,
    "GULDF": 0.03340639258208296,
    "DKMR": 0.03126541421184165,
    "BDIC": 0.029522146702583855,
    "TGSEF": 0.02911599281211069
}