{
    "VIDA": 1.0,
    "ROKU": 0.29372878149045056,
    "ENTI": 0.27207371233430694,
    "LGF-A": 0.2668912892790058,
    "LGF-B": 0.2668912892790058,
    "MCHOY": 0.2487822629639256,
    "MCOIF": 0.2487822629639256,
    "MVES": 0.24531791741503425,
    "LBRDA": 0.23524797018909324,
    "LBRDB": 0.23524797018909324,
    "LBRDK": 0.23524797018909324,
    "LBRDP": 0.23524797018909324,
    "LIVX": 0.23509223344161562,
    "XSPT": 0.2265599858158366,
    "WLDBF": 0.2251545021256112,
    "HHSE": 0.22281587411340675,
    "TCLRY": 0.22228773375885744,
    "CPXGF": 0.2090315790092769,
    "WWE": 0.2070877980774587,
    "TCHC": 0.20527490546637414,
    "FMYR": 0.2051920266770211,
    "BDIC": 0.2018428410151737,
    "VNUE": 0.20147307969663658,
    "UOMO": 0.20047317457454997,
    "HUYA": 0.19959113372482754,
    "ENTEF": 0.19906245478656193,
    "NENTF": 0.1978093062377794,
    "GBHL": 0.19193766321453987,
    "LBTYA": 0.19192277140681005,
    "LBTYB": 0.19192277140681005,
    "LBTYK": 0.19192277140681005,
    "CIDM": 0.18866498519043823,
    "EDR": 0.18741247818234927,
    "CHTR": 0.18733491035024974,
    "SVSN": 0.18611711359248365,
    "BOIVF": 0.18571432642938637,
    "MBLV": 0.18454395581603933,
    "WOW": 0.18123895396886233,
    "GFMH": 0.18107816215289915,
    "LYV": 0.18058499998179828,
    "THBRF": 0.1767260005914192,
    "SAPX": 0.17407086285829773,
    "LGMH": 0.17403118708698045,
    "CJREF": 0.17317559176387598,
    "CMCSA": 0.1708534683051755,
    "DLPN": 0.17066425479446337,
    "WRIT": 0.17013061353297787,
    "PRISY": 0.16987757134856082,
    "ESGC": 0.1678618503982148,
    "AMRU": 0.1667291508606886,
    "GNUS": 0.16629365077353947,
    "MHSDF": 0.1653545145188539,
    "AEMC": 0.16512116908271857,
    "TIXC": 0.16415536060458524,
    "MSGN": 0.1628761911582598,
    "RLTR": 0.16236836940064983,
    "STGZ": 0.1620212475270095,
    "SNMN": 0.1620057945313593,
    "KDCXF": 0.16166918880937714,
    "VIAC": 0.1599968386663139,
    "VIACA": 0.1599968386663139,
    "VIACP": 0.1599968386663139,
    "WMG": 0.15972034220592451,
    "FERL": 0.15951680049503003,
    "EWKS": 0.15873416059918039,
    "IFLM": 0.15717441600457213,
    "HLWD": 0.1554905708643838,
    "MCS": 0.15531061586183423,
    "KWWMF": 0.15486613982175845,
    "GMSC": 0.15486117013091735,
    "RIVU": 0.15419595276644676,
    "AESE": 0.15298548351775332,
    "HWAL": 0.15257784517731043,
    "SEGI": 0.1523904502434217,
    "AMEFF": 0.1509429136714661,
    "EVLI": 0.1502545751491386,
    "ICABY": 0.1492833170243553,
    "WOWMF": 0.14814455496673906,
    "CHND": 0.1476185190423323,
    "QYOUF": 0.14624991985575925,
    "BSEG": 0.14244837939034738,
    "DISH": 0.14174031394115857,
    "BOTY": 0.14063129675843156,
    "AFOM": 0.13998895550761808,
    "EVVRF": 0.1394191658508332,
    "SAKL": 0.138530966548378,
    "SNWR": 0.1374727965202121,
    "MOCI": 0.13742605606892982,
    "DISCA": 0.13480038738448688,
    "DISCB": 0.13480038738448688,
    "DISCK": 0.13480038738448688,
    "KUKE": 0.13442002803714825,
    "MSGS": 0.133937425849346,
    "CATV": 0.13339591228914568,
    "WIZD": 0.13193306303386731,
    "ATVDY": 0.13060845253938796,
    "MIKP": 0.12867675410266363,
    "AFTM": 0.12841227043478995,
    "NFLX": 0.1279563980278517,
    "DAFL": 0.12606680639013537,
    "HDUP": 0.12538176418577332,
    "GMSQF": 0.12482212736633701,
    "CEXE": 0.12421343605609933,
    "ZUMRF": 0.12337989268041676,
    "PLFX": 0.12325263977846321,
    "MSGE": 0.12301487418377575,
    "DIS": 0.12278108263534912,
    "HMTV": 0.12195110928967152,
    "AMC": 0.12077170832588928,
    "CSCW": 0.11927454273759305,
    "VGTL": 0.11518905481737932,
    "BLIAQ": 0.11366937616342632,
    "BLIBQ": 0.11366937616342632,
    "HOFV": 0.11202633871413949,
    "IMAX": 0.11175794210960148,
    "UMGP": 0.11174664846906354,
    "IPIC": 0.11103371219306035,
    "CNNWF": 0.10901342375599535,
    "LDSN": 0.10872145874327593,
    "RGMP": 0.10795685507629885,
    "NLMP": 0.10647004427416401,
    "RTRK": 0.10350296414833261,
    "GBXI": 0.1027179583124325,
    "WEBB": 0.10266647081895117,
    "SLCH": 0.10259550039026907,
    "RDI": 0.10237911174390824,
    "RDIB": 0.10237911174390824,
    "KLOC": 0.10138133215204648,
    "BTOW": 0.10101877387405618,
    "CEVMF": 0.09753174390059187,
    "URBT": 0.09669270087913948,
    "MLWN": 0.09611949346052281,
    "MGMA": 0.09070857085226688,
    "EMPM": 0.08976506848182811,
    "IMTV": 0.08793139100429252,
    "GULDF": 0.0831136477370744,
    "TGSEF": 0.08254539336927724,
    "RWMI": 0.0823787777316348,
    "HYWI": 0.0817849340390003,
    "HQGE": 0.08028997538403201,
    "APTTF": 0.07723250667260902,
    "EEGI": 0.076439293970234,
    "HOMU": 0.07463253652001031,
    "CNK": 0.07363764404794974,
    "BATRA": 0.07206017002584826,
    "BATRB": 0.07206017002584826,
    "BATRK": 0.07206017002584826,
    "TRMNF": 0.0705110969114951,
    "CMGR": 0.06941321895622868,
    "CCLX": 0.0687349373503493,
    "DKMR": 0.06347847714119326
}