{
    "WLDBF": 1.0,
    "LGF-A": 0.33845004890585245,
    "LGF-B": 0.33845004890585245,
    "CJREF": 0.31453628972404835,
    "VIAC": 0.2944705745456105,
    "VIACA": 0.2944705745456105,
    "VIACP": 0.2944705745456105,
    "CIDM": 0.29083188334252263,
    "ROKU": 0.2825707643277193,
    "LYV": 0.2666306738959142,
    "WWE": 0.25860070729255696,
    "WRIT": 0.257333045347268,
    "CMCSA": 0.25462626780848,
    "THBRF": 0.2521308758068818,
    "CHND": 0.24857082027446387,
    "FMYR": 0.24780354572986868,
    "TCLRY": 0.24755809768239512,
    "BOIVF": 0.24743600210052163,
    "GMSC": 0.24240842519163924,
    "EDR": 0.2417637705180587,
    "WMG": 0.24163153603014592,
    "SVSN": 0.24159760275673273,
    "MCHOY": 0.23892113349907107,
    "MCOIF": 0.23892113349907107,
    "CPXGF": 0.23796977187978532,
    "LBRDA": 0.2363795029803231,
    "LBRDB": 0.2363795029803231,
    "LBRDK": 0.2363795029803231,
    "LBRDP": 0.2363795029803231,
    "NENTF": 0.23426476224480983,
    "ICABY": 0.23341011257373886,
    "GFMH": 0.23325223751893503,
    "WOWMF": 0.2325408336586649,
    "ENTI": 0.23187728261912124,
    "CHTR": 0.231026450886621,
    "MHSDF": 0.23033348587237645,
    "LIVX": 0.23032310300739361,
    "LBTYA": 0.23024831551294445,
    "LBTYB": 0.23024831551294445,
    "LBTYK": 0.23024831551294445,
    "KWWMF": 0.22859606396907214,
    "GNUS": 0.2272447012795881,
    "CSCW": 0.2261117168232419,
    "VIDA": 0.2251545021256112,
    "UOMO": 0.22259925210383572,
    "AMEFF": 0.22248734901337558,
    "AMRU": 0.220300338989188,
    "HUYA": 0.21982334480625737,
    "MVES": 0.21870625937954566,
    "EWKS": 0.21775831978343232,
    "KDCXF": 0.21697293983686264,
    "DISH": 0.2165996447881128,
    "QYOUF": 0.21515980811936836,
    "WOW": 0.2144087644511599,
    "HMTV": 0.21295870263993036,
    "SNMN": 0.21166104055654011,
    "SAPX": 0.21068882802509667,
    "HHSE": 0.20840290486416888,
    "MBLV": 0.2074464005841977,
    "IFLM": 0.20693052957889863,
    "RIVU": 0.20599374092306091,
    "VNUE": 0.20383506669599047,
    "DISCA": 0.20108401987630514,
    "DISCB": 0.20108401987630514,
    "DISCK": 0.20108401987630514,
    "KLOC": 0.200893840972366,
    "PRISY": 0.19795679357755047,
    "KUKE": 0.19685405146668264,
    "MCS": 0.19479886110898242,
    "HWAL": 0.19273558871844543,
    "DLPN": 0.19196595931106558,
    "DIS": 0.1919572876720471,
    "AFOM": 0.18842878383468195,
    "BSEG": 0.18733434328133727,
    "MSGN": 0.1844255742795387,
    "URBT": 0.1827514154540741,
    "ZUMRF": 0.18137853679138402,
    "MIKP": 0.1788890593156428,
    "LGMH": 0.17737848386652694,
    "MSGE": 0.1771017380134646,
    "STGZ": 0.17686985494798801,
    "FERL": 0.1745983259143226,
    "TIXC": 0.1731430074901068,
    "RLTR": 0.17298565848681405,
    "BOTY": 0.16910824846047895,
    "APTTF": 0.1678541193560343,
    "EVLI": 0.1673575569614764,
    "ENTEF": 0.1660792169647341,
    "SAKL": 0.16603212650544988,
    "WIZD": 0.16494878017677142,
    "HLWD": 0.15978256616179012,
    "GBHL": 0.1573586808990916,
    "XSPT": 0.15655624584872055,
    "UMGP": 0.14977569431478163,
    "AESE": 0.1470787983775947,
    "IMAX": 0.14552870323894268,
    "LDSN": 0.14471555696044835,
    "ATVDY": 0.14373664796830993,
    "AEMC": 0.1432404089875917,
    "SEGI": 0.14121875218149393,
    "NFLX": 0.14120042583681272,
    "CATV": 0.14014791810541768,
    "NLMP": 0.13854673838006987,
    "AMC": 0.13845015985723244,
    "AFTM": 0.13833012221375823,
    "TCHC": 0.1361960398543257,
    "ESGC": 0.13540774457810334,
    "SLCH": 0.13201825866579128,
    "RTRK": 0.13154416350207393,
    "CEVMF": 0.1302999931264108,
    "DAFL": 0.12823274045086322,
    "HDUP": 0.12809196662035416,
    "MLWN": 0.12481316301920763,
    "CEXE": 0.12432981583338537,
    "MSGS": 0.12212793758823597,
    "IPIC": 0.11928991925628263,
    "VGTL": 0.11925862028295456,
    "RDI": 0.11730774092316767,
    "RDIB": 0.11730774092316767,
    "MOCI": 0.11709265751805627,
    "RGMP": 0.11595648332395354,
    "MGMA": 0.11547415007060799,
    "EVVRF": 0.11525758746360559,
    "GBXI": 0.1103165802601862,
    "HYWI": 0.10800866789423196,
    "EMPM": 0.10767694809474553,
    "CNNWF": 0.10689401916105089,
    "HQGE": 0.10569247207729977,
    "RWMI": 0.10560019670570991,
    "WEBB": 0.10458057955271952,
    "IMTV": 0.10356516412035385,
    "BLIAQ": 0.10234369103637089,
    "BLIBQ": 0.10234369103637089,
    "TGSEF": 0.10042584814559313,
    "BTOW": 0.09932226546210941,
    "GULDF": 0.09854315230254179,
    "TRMNF": 0.09771181607121876,
    "EEGI": 0.09751851328794928,
    "HOMU": 0.09220034154743681,
    "BDIC": 0.08833710249626597,
    "HOFV": 0.08698243087902358,
    "GMSQF": 0.08451256859135282,
    "SNWR": 0.08424924293982392,
    "CCLX": 0.07809094860784248,
    "PLFX": 0.07721894922848165,
    "CMGR": 0.0763906600306952,
    "CNK": 0.07590937554682778,
    "DKMR": 0.07349900038706339,
    "BATRA": 0.05712143443240776,
    "BATRB": 0.05712143443240776,
    "BATRK": 0.05712143443240776
}