{
    "ALLT": 1.0000000000000002,
    "NTCT": 0.1803013211942886,
    "SWI": 0.16326946989431787,
    "TUFN": 0.1503343802822293,
    "CHKP": 0.14242566283836394,
    "SPMYY": 0.13963840683838033,
    "SPNUF": 0.13963840683838033,
    "GAWK": 0.13576632644125253,
    "CGNT": 0.13299300318156868,
    "FFIV": 0.13173861082746263,
    "STWRY": 0.13169376159331414,
    "SWDAF": 0.13169376159331414,
    "VRNS": 0.1309472478801211,
    "RDWR": 0.1289696889782112,
    "CYBR": 0.12775714662072907,
    "QLYS": 0.12708379856480947,
    "PLAN": 0.12653335864717358,
    "TMICF": 0.12570172420177114,
    "TMICY": 0.12570172420177114,
    "TIXT": 0.1255930548159157,
    "CSGS": 0.12422654337153821,
    "NET": 0.12379718244119073,
    "SFET": 0.12161043258532482,
    "FOUR": 0.12132003992385115,
    "DOX": 0.12016929059853243,
    "ATEN": 0.11841266961768704,
    "PFPT": 0.11747868462681643,
    "ADBE": 0.11709044597791432,
    "DRKOF": 0.11681088063162419,
    "AKAM": 0.11566368096770385,
    "FEYE": 0.11558384435657344,
    "TLND": 0.11416654931647849,
    "CYRN": 0.11416333227345406,
    "FSOYF": 0.11340345109637578,
    "VHC": 0.11337857540195977,
    "WEX": 0.11199477961239138,
    "TCX": 0.11149506290581182,
    "FTNT": 0.11095954613604764,
    "SFOR": 0.11035951543108447,
    "SAIL": 0.11009469761963529,
    "RXT": 0.11001075552902605,
    "PANW": 0.1096445983318088,
    "EPAY": 0.10898031501448047,
    "CETX": 0.1080422209309749,
    "CETXP": 0.1080422209309749,
    "NLOK": 0.1079788750066538,
    "SLXXF": 0.10691983009376824,
    "CYBNY": 0.10683736590436603,
    "SRBBF": 0.1065178691061829,
    "DAVA": 0.10532656812268197,
    "LLNW": 0.10489544695168847,
    "OKTA": 0.10481907982843305,
    "SKKY": 0.10469327306544059,
    "ZIXI": 0.10339964853290425,
    "PAGS": 0.10320200691355079,
    "ZVLO": 0.10280208626822457,
    "VRNT": 0.10209211950389772,
    "JCOM": 0.10205803153483167,
    "TAOP": 0.10183722066840822,
    "OSPN": 0.09987667438478888,
    "VTLR": 0.09933216691806561,
    "EVTC": 0.09822821547031542,
    "NEXPF": 0.09750304256611989,
    "NEXXY": 0.09750304256611989,
    "MSFT": 0.09688076678643547,
    "GDDY": 0.09662726569179442,
    "NBVAF": 0.09541034631424433,
    "NEWR": 0.09444039206228197,
    "FGBDF": 0.09407686301528441,
    "ZS": 0.09399161847827744,
    "DOCN": 0.09340115237317152,
    "BKI": 0.09261259792048607,
    "BRTI": 0.09231332507236466,
    "DCLT": 0.09229470453498512,
    "NTFY": 0.09194869503532264,
    "SFIIF": 0.09181440653857846,
    "CRWD": 0.09109982792843767,
    "ATDS": 0.0888252930428628,
    "SNPS": 0.08848857283149354,
    "EVOP": 0.08812705103360545,
    "YHEKF": 0.08656776933734489,
    "EEFT": 0.08651870523545026,
    "SPLK": 0.08647573886560903,
    "TUYA": 0.0862378762105831,
    "BOX": 0.08601820812252206,
    "ALTR": 0.08517586889535346,
    "REKR": 0.08486817499788638,
    "SCWX": 0.08439558478788672,
    "BL": 0.08437262771978812,
    "SPSC": 0.083846802010455,
    "TENB": 0.08304250277961839,
    "AVRN": 0.08298486723286172,
    "IDTY": 0.08297272396132836,
    "TLPC": 0.08251197796062365,
    "BAND": 0.082197468292195,
    "VISM": 0.08199572327723509,
    "ASAIF": 0.08178455682663908,
    "WMDH": 0.08123501032619353,
    "MIME": 0.08112361027405968,
    "ADYEY": 0.08025251441056541,
    "ADYYF": 0.08025251441056541,
    "SMKG": 0.08010750004923188,
    "VERI": 0.0800926310613719,
    "DTSS": 0.07986377489079871,
    "IMKI": 0.07982647001223567,
    "XDSL": 0.07958353984619883,
    "SAMOF": 0.07929018888446963,
    "NETE": 0.07854528845611504,
    "SUMO": 0.07721293505058821,
    "VMW": 0.07701230320582672,
    "RACMF": 0.0770003668822816,
    "CISO": 0.07687753407315438,
    "PING": 0.07685822872670314,
    "NTNX": 0.07658484534705275,
    "TGCB": 0.07595696710512582,
    "YEXT": 0.07535388535334543,
    "RKNEF": 0.0752656502445784,
    "CYBF": 0.07464285303566458,
    "OVTZ": 0.07423339031236595,
    "FIVN": 0.07352856494532956,
    "HAIVF": 0.07341754464932479,
    "PLTR": 0.07230083866449079,
    "AWEB": 0.07149654947942172,
    "APPN": 0.07090880719349459,
    "BPRMF": 0.06970916370745488,
    "BLIN": 0.069068915841585,
    "POTTF": 0.06875662032825587,
    "LSYN": 0.06794169900839535,
    "ISOL": 0.0677186222760437,
    "APCX": 0.06750860585246304,
    "TAALF": 0.06721177561252534,
    "KNBE": 0.06631758694671677,
    "ETWO": 0.06543412801490964,
    "ISDCF": 0.06536702286908684,
    "NTTCF": 0.06521815148172791,
    "SEII": 0.06502443514403637,
    "RCWDF": 0.06436311045507952,
    "VRSN": 0.06425145390316789,
    "CLOQ": 0.0635788836356889,
    "KSIH": 0.06315845679136844,
    "UEPS": 0.062406551636959504,
    "ACIW": 0.061994139885813114,
    "MCFUF": 0.06133016480155911,
    "MFGP": 0.06133016480155911,
    "CGLO": 0.06074781885036468,
    "PAYA": 0.060703526630494685,
    "BB": 0.06027684589265663,
    "SNSFF": 0.06001389931256197,
    "CMFV": 0.0599969093922601,
    "ORCL": 0.059415498839742474,
    "ABANF": 0.05939142387861483,
    "WIX": 0.05903688435791866,
    "SKTCF": 0.05902574811487544,
    "DGLT": 0.05896339168192957,
    "DBX": 0.058936792062630555,
    "SOS": 0.05892110490750244,
    "INOTF": 0.0582754377068006,
    "PLYZ": 0.05747827263776674,
    "PATH": 0.056236184228804095,
    "TLVLF": 0.05595629776464999,
    "INAR": 0.05566304176243367,
    "DGGXF": 0.055639914043838695,
    "DTSRF": 0.05365405602005609,
    "LBRG": 0.052992221948410946,
    "STTTF": 0.052809090115441965,
    "PKLBF": 0.05176979223271923,
    "RPAY": 0.051434791533018276,
    "STEM": 0.05105615267201507,
    "AFTPF": 0.050916296080868034,
    "AFTPY": 0.050916296080868034,
    "KPAY": 0.049748001943497364,
    "IPNFF": 0.04962070610353555,
    "ITLL": 0.04950010475915029,
    "SQSP": 0.04857686427688472,
    "CLOK": 0.04820085350180311,
    "TOITF": 0.04750597276231365,
    "DEMO": 0.04745990592242391,
    "NTPY": 0.04728296990521507,
    "GSKY": 0.04634699866025601,
    "BLGI": 0.04591133837702312,
    "FFZY": 0.04536098540898715,
    "MDB": 0.04511708075374637,
    "ZUO": 0.04258608365921327,
    "MOMT": 0.04184056757294396,
    "DKGH": 0.041408907518160884,
    "SQ": 0.04097324704832957,
    "SMME": 0.03984938144808289,
    "GPSI": 0.039406263981961905,
    "GBOX": 0.03802838673603409,
    "SANP": 0.03682536191169634,
    "OPRA": 0.03546713439740101,
    "PLCKF": 0.034773407535713605,
    "TECXF": 0.02933315144301711,
    "WECT": 0.024855508941986897,
    "ITNF": 0.018314384224266907
}