{
    "ZS": 1.0000000000000002,
    "RXT": 0.26288283727155237,
    "GAWK": 0.22558596304126605,
    "SWI": 0.21960618119905678,
    "STWRY": 0.21714185852460824,
    "SWDAF": 0.21714185852460824,
    "OKTA": 0.21228429735819265,
    "VRNS": 0.2103809102624478,
    "CYBR": 0.21015023121611318,
    "FFIV": 0.20919445508671589,
    "NTCT": 0.2083636664262527,
    "NET": 0.20519741382692994,
    "TIXT": 0.19975394067812158,
    "DOX": 0.19551276969759274,
    "PFPT": 0.19539340336551048,
    "PANW": 0.19532258983984413,
    "EPAY": 0.19210921380471788,
    "FEYE": 0.18867220663763817,
    "GDDY": 0.1857423296895551,
    "PLAN": 0.1855660482266031,
    "QLYS": 0.18539677730621812,
    "ADBE": 0.18370403022897264,
    "VRNT": 0.18358402345349145,
    "AKAM": 0.18345124713631275,
    "DAVA": 0.18282838597562734,
    "TAOP": 0.18254093178920247,
    "SKKY": 0.18094705037233413,
    "RDWR": 0.1801996831840143,
    "TMICF": 0.18006094884944118,
    "TMICY": 0.18006094884944118,
    "BOX": 0.17759474517476018,
    "CSGS": 0.17479420703063617,
    "FOUR": 0.17468250754457773,
    "SRBBF": 0.1744295805082881,
    "VHC": 0.1727902509832453,
    "TCX": 0.1727026944742764,
    "SAIL": 0.1700781798436064,
    "DOCN": 0.16891960708806414,
    "ATEN": 0.168676570248221,
    "SFET": 0.1686438803577476,
    "DRKOF": 0.16759313302661694,
    "JCOM": 0.16720989358591593,
    "SPMYY": 0.16660076686849595,
    "SPNUF": 0.16660076686849595,
    "TUYA": 0.1661319883671029,
    "ISOL": 0.1657637690534841,
    "TLND": 0.16472559976583734,
    "OSPN": 0.16400153891655686,
    "SFOR": 0.1639577821397097,
    "NEWR": 0.1639507235705003,
    "TUFN": 0.16265719587112276,
    "VTLR": 0.16218664578938094,
    "WEX": 0.16191328465881907,
    "NTNX": 0.16145091651977397,
    "NTFY": 0.1593345463469122,
    "CRWD": 0.1581121295146804,
    "ZIXI": 0.15793105646988398,
    "FSOYF": 0.15792175112092097,
    "ATDS": 0.15697882474790945,
    "CHKP": 0.1569389537814283,
    "CYBNY": 0.15561322060256602,
    "TLPC": 0.15523555410919812,
    "LLNW": 0.15423814895200083,
    "FIVN": 0.1540303574889484,
    "BAND": 0.15375039579986646,
    "XDSL": 0.15316244095959158,
    "IDTY": 0.15207365375770984,
    "FTNT": 0.15077680573814167,
    "ASAIF": 0.15072834423752127,
    "BKI": 0.15070704261368026,
    "CETX": 0.15044639733891826,
    "CETXP": 0.15044639733891826,
    "YHEKF": 0.14983443977352778,
    "NEXPF": 0.14939025405338982,
    "NEXXY": 0.14939025405338982,
    "MSFT": 0.1493457076101032,
    "IMKI": 0.1492111378404645,
    "BL": 0.1485372885467626,
    "BRTI": 0.1464425081540152,
    "SUMO": 0.14613342113414515,
    "CGNT": 0.14613236099464272,
    "OVTZ": 0.14519830407016585,
    "MIME": 0.14512101157942403,
    "YEXT": 0.14294155077907927,
    "NLOK": 0.142150268964402,
    "PAGS": 0.14070333916587202,
    "ETWO": 0.13955623051688576,
    "SCWX": 0.13851326316532306,
    "SNPS": 0.1380750452988503,
    "TGCB": 0.1378129417427052,
    "VMW": 0.13680215397114429,
    "AVRN": 0.13650454067266687,
    "SPLK": 0.134680004928613,
    "ITLL": 0.13388711193753858,
    "VERI": 0.13296959720204204,
    "EVTC": 0.13258742319519112,
    "ALTR": 0.13255763744618326,
    "SMKG": 0.13148789540150232,
    "DCLT": 0.13147203777423047,
    "SPSC": 0.13126473295019062,
    "AWEB": 0.1299141234167142,
    "PING": 0.12905839675681582,
    "HAIVF": 0.1286395801837194,
    "CGLO": 0.1285507585498246,
    "VISM": 0.1272379053338061,
    "CYBF": 0.1271998157361939,
    "DTSS": 0.12715658699335883,
    "CLOQ": 0.12706740906377756,
    "KNBE": 0.1265330034127469,
    "SLXXF": 0.12512707459769512,
    "RKNEF": 0.12482203544028297,
    "CYRN": 0.12397127970751375,
    "PATH": 0.12371234364948151,
    "REKR": 0.12315470121054553,
    "ADYEY": 0.12299810671250615,
    "ADYYF": 0.12299810671250615,
    "TENB": 0.1226523697704686,
    "APPN": 0.12216813070208507,
    "EEFT": 0.12128435102311573,
    "LSYN": 0.12126945368423689,
    "NETE": 0.12044589486346695,
    "DTSRF": 0.12039748222690584,
    "SFIIF": 0.11998443255154488,
    "VRSN": 0.11988976858364932,
    "DBX": 0.11954991000509102,
    "FGBDF": 0.1186719440854757,
    "PLTR": 0.11850116715827226,
    "RCWDF": 0.11783166093246866,
    "NTTCF": 0.11724963095709806,
    "BLIN": 0.11628528648678216,
    "RACMF": 0.11483374032463751,
    "SAMOF": 0.11457109975956119,
    "CISO": 0.1132161412145053,
    "MDB": 0.11290266548174191,
    "WMDH": 0.11264594245077257,
    "ACIW": 0.11260797312956032,
    "KSIH": 0.11260004986404136,
    "DGLT": 0.11219020789916893,
    "EVOP": 0.111295369432132,
    "PKLBF": 0.1108874210476553,
    "ORCL": 0.11060772448366923,
    "MCFUF": 0.10992054812174543,
    "MFGP": 0.10992054812174543,
    "BPRMF": 0.10768777329779353,
    "INOTF": 0.10496056939926396,
    "NBVAF": 0.10467393683353081,
    "WIX": 0.10382900947064605,
    "MOMT": 0.10223117167072161,
    "POTTF": 0.10217023541556164,
    "ISDCF": 0.10098845709936627,
    "SEII": 0.1009152489896119,
    "SNSFF": 0.1003444733016781,
    "ZVLO": 0.09884411231914007,
    "BB": 0.09770005590905581,
    "APCX": 0.09695781745638839,
    "PLYZ": 0.0961411037169045,
    "PAYA": 0.09612039810782505,
    "TAALF": 0.0949257678882302,
    "ALLT": 0.09399161847827744,
    "LBRG": 0.09272585224425449,
    "SKTCF": 0.09253491072541654,
    "BLGI": 0.09248360207661692,
    "SQSP": 0.08966862436466685,
    "UEPS": 0.08915371153063908,
    "IPNFF": 0.08902673921829642,
    "INAR": 0.08663970752133596,
    "GSKY": 0.084593554403245,
    "DGGXF": 0.0841650030114101,
    "CMFV": 0.08334674178497342,
    "DEMO": 0.08314566742112013,
    "GPSI": 0.08132139073817185,
    "TLVLF": 0.07834890785204347,
    "GBOX": 0.07824303335961022,
    "STTTF": 0.07801578506133586,
    "KPAY": 0.07728618459307984,
    "TOITF": 0.07720164666748566,
    "CLOK": 0.07683813783289561,
    "SOS": 0.0765056158274013,
    "FFZY": 0.07615984187092295,
    "RPAY": 0.0756911373117814,
    "STEM": 0.07542436434674173,
    "NTPY": 0.07400331575302149,
    "ZUO": 0.0720657022419826,
    "SQ": 0.070998042445188,
    "SMME": 0.07049459679573923,
    "ABANF": 0.07027741619534829,
    "AFTPF": 0.07009060488199413,
    "AFTPY": 0.07009060488199413,
    "DKGH": 0.06795078153169298,
    "TECXF": 0.06236953236689903,
    "PLCKF": 0.062244447733724305,
    "SANP": 0.05398864136278342,
    "ITNF": 0.04768274658979789,
    "WECT": 0.04713503229104833,
    "OPRA": 0.04615722024308298
}