{
    "NORX": 1.0000000000000016,
    "AEDC": 0.406619297054592,
    "ZAZA": 0.3365007397747161,
    "OGNG": 0.28039219775757207
}