{
    "CLW": 1.0,
    "RFP": 0.43519981331415186,
    "SEOAY": 0.38192430697593494,
    "SEOJF": 0.38192430697593494,
    "KLBAY": 0.37045610472995727,
    "VRS": 0.3615392395399105,
    "SPPJY": 0.3586150399105198,
    "UFS": 0.3558787763142787,
    "CADNF": 0.34926048162113776,
    "MERC": 0.3427725810835534,
    "OJIPY": 0.3419470817403898,
    "SUZ": 0.34147189190779714,
    "MONDF": 0.3373957740229131,
    "MONDY": 0.3373957740229131,
    "NP": 0.3200531391474041,
    "NDGPF": 0.3107280826946183,
    "NDGPY": 0.3107280826946183,
    "GLT": 0.3004995731802642,
    "ZCOM": 0.2962057474577878,
    "HAIPF": 0.2942308450635818,
    "ITP": 0.2822601364937536,
    "UPMKF": 0.27968741254222274,
    "UPMMY": 0.27968741254222274,
    "SGMD": 0.2791675575639054,
    "WBNEF": 0.2694180828057076,
    "CADGF": 0.26438338755298785,
    "SWM": 0.2512322682860172,
    "LMPMY": 0.24457378424994192,
    "BOTX": 0.2028224731612607,
    "BPMI": 0.1943251099060653,
    "NKSJF": 0.14725944247569203
}