{
    "ITP": 1.0000000000000002,
    "NDGPF": 0.37204764629798165,
    "NDGPY": 0.37204764629798165,
    "KLBAY": 0.3145722280060649,
    "UFS": 0.3104873272306319,
    "NP": 0.30476485065493103,
    "SUZ": 0.297694050941271,
    "LMPMY": 0.29453060885337684,
    "SPPJY": 0.29128569553186034,
    "SGMD": 0.2885739539350635,
    "HAIPF": 0.2850263548148684,
    "MONDF": 0.2849087169774795,
    "MONDY": 0.2849087169774795,
    "CLW": 0.2822601364937536,
    "RFP": 0.2811212566634622,
    "SEOAY": 0.2804700569181273,
    "SEOJF": 0.2804700569181273,
    "CADNF": 0.2797615614527536,
    "CADGF": 0.2747624771600379,
    "OJIPY": 0.27178177779617063,
    "VRS": 0.26723024317963295,
    "MERC": 0.23543695756290528,
    "BOTX": 0.23290081682303987,
    "WBNEF": 0.22990363689380755,
    "ZCOM": 0.22820039796525934,
    "UPMKF": 0.2213194621979035,
    "UPMMY": 0.2213194621979035,
    "SWM": 0.2065526422862535,
    "BPMI": 0.19408139821372716,
    "GLT": 0.1804367999214777,
    "NKSJF": 0.17332429085147544
}