{
    "SWM": 1.0,
    "GLT": 0.35917776491284065,
    "SEOAY": 0.3411568298020545,
    "SEOJF": 0.3411568298020545,
    "UFS": 0.33027131002757554,
    "NP": 0.3293909005022713,
    "MONDF": 0.3264140202817105,
    "MONDY": 0.3264140202817105,
    "SPPJY": 0.2876887281488226,
    "UPMKF": 0.2847572704980251,
    "UPMMY": 0.2847572704980251,
    "OJIPY": 0.2785042566642776,
    "KLBAY": 0.27078279032267927,
    "RFP": 0.2696860318301704,
    "CADNF": 0.2640115171724126,
    "SUZ": 0.2594422678149737,
    "CLW": 0.2512322682860172,
    "VRS": 0.2498434849280396,
    "CADGF": 0.2396896282287148,
    "MERC": 0.2370636795083484,
    "HAIPF": 0.2369548037749431,
    "BPMI": 0.23459481241429436,
    "LMPMY": 0.2328671711640269,
    "NDGPF": 0.22187887633057382,
    "NDGPY": 0.22187887633057382,
    "SGMD": 0.2088820616540613,
    "ITP": 0.2065526422862535,
    "BOTX": 0.19360523850548356,
    "WBNEF": 0.18148299920080266,
    "ZCOM": 0.17669665449505695,
    "NKSJF": 0.1219835723978131
}