{
    "LSCC": 1.0000000000000002,
    "XLNX": 0.3975519082514103,
    "SMTC": 0.3754358034516039,
    "MTSI": 0.30297309435405195,
    "RMBS": 0.29458693977508665,
    "QUIK": 0.2940682261083847,
    "STM": 0.29255069608146966,
    "STMEF": 0.29255069608146966,
    "TXCCQ": 0.28807635739993176,
    "RNECF": 0.2877403577983555,
    "RNECY": 0.2877403577983555,
    "MXIM": 0.2844567744836528,
    "OIIM": 0.2815641304607852,
    "HHUSF": 0.27901614303566225,
    "TXN": 0.2770890222496152,
    "MX": 0.27621868939246674,
    "INTC": 0.2761077479162427,
    "DIOD": 0.27112856139791763,
    "ALGM": 0.26784153400542243,
    "TSM": 0.2674410643163282,
    "ON": 0.26699469463085607,
    "NLST": 0.26203106697781375,
    "QCOM": 0.2616153168918107,
    "SITM": 0.2593205616296711,
    "NXPI": 0.2583856909199129,
    "SGH": 0.2573568480935282,
    "MPWR": 0.25562824658106686,
    "MCHP": 0.2555114186026758,
    "ADI": 0.25533896769749054,
    "POWI": 0.25478799611434944,
    "QRVO": 0.24977527285151657,
    "LASR": 0.24698790104896326,
    "EMKR": 0.24212247818419358,
    "SKYT": 0.24106089481532056,
    "SYNA": 0.238394980668467,
    "NDCVF": 0.23826438751942655,
    "CEVA": 0.23529100713125894,
    "PXLW": 0.23420301304459884,
    "SLAB": 0.23329529496907675,
    "ITCJ": 0.23061136259800086,
    "NVEC": 0.2292870159906062,
    "GSIT": 0.22753951466900196,
    "MXL": 0.22595340195822172,
    "MOSY": 0.2256659918144474,
    "FORM": 0.22115801499601534,
    "MU": 0.22101879222037873,
    "CYBL": 0.22097395466183528,
    "UMC": 0.22056101661383926,
    "TSEM": 0.21995525309139075,
    "AMKR": 0.21946779155876553,
    "INTT": 0.21141611344157096,
    "AOSL": 0.21127354002236828,
    "NVDA": 0.21102515330535715,
    "IMOS": 0.21032082871502417,
    "WKEY": 0.2096707201951298,
    "WISA": 0.20957019181481185,
    "HIMX": 0.20953154664543772,
    "SWKS": 0.2091092941566821,
    "ROHCY": 0.20739636041613982,
    "STRB": 0.20689674372331424,
    "SIMO": 0.20513827348335378,
    "MRVL": 0.200785762627064,
    "CRUS": 0.2001674358575351,
    "MRAM": 0.19950593653807966,
    "NPTN": 0.19895091334608472,
    "DSPG": 0.19792869819448283,
    "CREE": 0.19555308188590745,
    "AVGO": 0.19377747611053725,
    "AVGOP": 0.19377747611053725,
    "LEDS": 0.19037735352624885,
    "AMSSY": 0.18862606364680834,
    "AUKUF": 0.18862606364680834,
    "VSH": 0.1883944674816711,
    "SQNS": 0.18311529392778175,
    "DLGNF": 0.18098130359049136,
    "AAOI": 0.17928323576601812,
    "NMGC": 0.1752930217017165,
    "POETF": 0.17336517950405522,
    "ONTO": 0.17240755513890071,
    "ASX": 0.17038860086116714,
    "RESN": 0.16652240713509486,
    "PRKR": 0.16594091008203818,
    "MTNX": 0.16578366234265815,
    "IFNNF": 0.161799809862733,
    "IFNNY": 0.161799809862733,
    "MMTIF": 0.13175439767690605,
    "BRCHF": 0.12867140940400576,
    "ODII": 0.12572674036588227,
    "SSLLF": 0.11656888647459339,
    "SILXF": 0.10937401982200343,
    "SILXY": 0.10937401982200343,
    "AMD": 0.09926914704844012,
    "QNCCF": 0.09426523099677722,
    "PSFT": 0.05944296241056253,
    "CXCQ": 0.04988180180691655
}