{
    "MRAM": 1.0000000000000007,
    "MXIM": 0.2513137920163512,
    "RMBS": 0.23322852043085493,
    "SMTC": 0.2289162548852632,
    "GSIT": 0.22798328060846146,
    "MU": 0.22738080050201545,
    "NLST": 0.22538845240207236,
    "XLNX": 0.2243776829182627,
    "MPWR": 0.2230589803243835,
    "MTSI": 0.2221681513494058,
    "RNECF": 0.2210806565203594,
    "RNECY": 0.2210806565203594,
    "MCHP": 0.2201998623815116,
    "INTC": 0.21881155633356145,
    "ALGM": 0.21323779851930344,
    "MXL": 0.21192288490838904,
    "HHUSF": 0.21187214185039238,
    "UMC": 0.2102347121732712,
    "ADI": 0.20724209680135589,
    "SITM": 0.2050902169040975,
    "SGH": 0.2013037157207423,
    "QRVO": 0.19999050665580306,
    "LSCC": 0.19950593653807966,
    "TSEM": 0.19772488055690696,
    "TXN": 0.1956185572601351,
    "LASR": 0.19429801400472235,
    "OIIM": 0.19426354216753874,
    "EMKR": 0.19390299027176067,
    "TXCCQ": 0.19334972767661465,
    "POWI": 0.19231233427795413,
    "NXPI": 0.19083432632689673,
    "SKYT": 0.19080530970326848,
    "MOSY": 0.18933666228797727,
    "FORM": 0.18872831658144917,
    "MX": 0.18651388943889116,
    "SLAB": 0.18600411980135317,
    "ON": 0.18525655886974404,
    "QCOM": 0.18350159185964335,
    "NVEC": 0.18332672492344107,
    "HIMX": 0.1833233330029305,
    "DSPG": 0.18040424427542734,
    "IMOS": 0.176108590189977,
    "AAOI": 0.17543533967068586,
    "WISA": 0.17441839008668397,
    "POETF": 0.17156561749863614,
    "QUIK": 0.1706278635058594,
    "SYNA": 0.16917681988099453,
    "STM": 0.16907748106188933,
    "STMEF": 0.16907748106188933,
    "NVDA": 0.16784840660393302,
    "CEVA": 0.16741606840500942,
    "DIOD": 0.16703709877997974,
    "AOSL": 0.16623558645793343,
    "SIMO": 0.1657144474562042,
    "NDCVF": 0.16484042213359262,
    "AMKR": 0.15896015658102636,
    "PXLW": 0.15872656474218197,
    "CREE": 0.15748558028079385,
    "PRKR": 0.15564584713723748,
    "MMTIF": 0.15526964768454016,
    "STRB": 0.1552574517830951,
    "CRUS": 0.15377037223058795,
    "IFNNF": 0.15228374063593805,
    "IFNNY": 0.15228374063593805,
    "TSM": 0.15152876827795564,
    "AMSSY": 0.1492966251065151,
    "AUKUF": 0.1492966251065151,
    "ROHCY": 0.14917615769984713,
    "LEDS": 0.14906293348634012,
    "MRVL": 0.14372879992095772,
    "CYBL": 0.14337074178342854,
    "NPTN": 0.14267165957805034,
    "RESN": 0.14025938477056188,
    "WKEY": 0.13905271767291116,
    "SWKS": 0.13683027835588793,
    "ONTO": 0.13466764186495514,
    "INTT": 0.12832049663965944,
    "VSH": 0.1261194852230615,
    "ASX": 0.12189045247764525,
    "DLGNF": 0.11913196520912861,
    "MTNX": 0.11908877998154908,
    "SQNS": 0.11752038978147714,
    "ITCJ": 0.11511006855356337,
    "AVGO": 0.10715441861080559,
    "AVGOP": 0.10715441861080559,
    "NMGC": 0.1035004223031514,
    "BRCHF": 0.10084243001205884,
    "ODII": 0.08484257397093263,
    "AMD": 0.08444424769203711,
    "QNCCF": 0.07622852689636518,
    "SSLLF": 0.07482350244821648,
    "PSFT": 0.04645617175611453,
    "SILXF": 0.04464181492184437,
    "SILXY": 0.04464181492184437,
    "CXCQ": 0.042223038925704975
}