{
    "MTSI": 1.0,
    "SMTC": 0.44827723833698085,
    "MXL": 0.3928206689049225,
    "EMKR": 0.3764663351435954,
    "ADI": 0.3692375875237855,
    "GSIT": 0.35839674245691644,
    "OIIM": 0.3533972840396896,
    "RNECF": 0.3511664084230924,
    "RNECY": 0.3511664084230924,
    "XLNX": 0.34981162699875573,
    "QRVO": 0.34874025342650994,
    "LASR": 0.3445766569134747,
    "MPWR": 0.3416659684200632,
    "MXIM": 0.33955114834832245,
    "STM": 0.33795749903486455,
    "STMEF": 0.33795749903486455,
    "DIOD": 0.33430729746713894,
    "TXN": 0.3266395515064058,
    "ROHCY": 0.32658558396085424,
    "ALGM": 0.30878915675443075,
    "TXCCQ": 0.3065070448299733,
    "NDCVF": 0.3051048607939109,
    "LSCC": 0.30297309435405195,
    "VSH": 0.3007725221793496,
    "SLAB": 0.3002023034280707,
    "FORM": 0.29958029306284556,
    "SKYT": 0.2940017837680974,
    "AMKR": 0.2938173005505402,
    "RMBS": 0.293600349041964,
    "NXPI": 0.2895471098236416,
    "QCOM": 0.28867636702475424,
    "INTC": 0.28810214257195893,
    "POWI": 0.2867490561534667,
    "IMOS": 0.2846345223462402,
    "ON": 0.28274563838202416,
    "SITM": 0.2825807076859492,
    "CRUS": 0.28243060776077294,
    "SGH": 0.27982369773962995,
    "IFNNF": 0.27391730641460904,
    "IFNNY": 0.27391730641460904,
    "HHUSF": 0.27362803522804924,
    "MX": 0.271878783024185,
    "CYBL": 0.27120257797807507,
    "NLST": 0.2711008033889536,
    "RESN": 0.27051408369465985,
    "SWKS": 0.2698999802658,
    "INTT": 0.26901277045024163,
    "CREE": 0.2684086772462199,
    "AOSL": 0.26649749507408427,
    "CEVA": 0.2644531427319414,
    "MU": 0.2617323207204662,
    "SYNA": 0.25985720662641476,
    "NVEC": 0.2596041892597713,
    "MCHP": 0.25879612060496626,
    "MTNX": 0.25666578631508635,
    "MOSY": 0.2560241734118325,
    "WKEY": 0.25162539687551033,
    "PXLW": 0.24997332638063202,
    "HIMX": 0.249067479454094,
    "TSM": 0.2488130420397632,
    "POETF": 0.24839507360034482,
    "ONTO": 0.24557288286149193,
    "WISA": 0.24289708582961517,
    "PRKR": 0.24284197532320753,
    "STRB": 0.24267244314947856,
    "NPTN": 0.24056509406191368,
    "AVGO": 0.23967423009683395,
    "AVGOP": 0.23967423009683395,
    "TSEM": 0.2354764075891979,
    "SQNS": 0.23231032280623423,
    "AAOI": 0.23050200512901448,
    "DSPG": 0.22965802393200813,
    "ASX": 0.2294797391149299,
    "SIMO": 0.22930867148070236,
    "QUIK": 0.22588935313662042,
    "LEDS": 0.22439687053469376,
    "MRAM": 0.2221681513494058,
    "AMSSY": 0.21911916033415302,
    "AUKUF": 0.21911916033415302,
    "MRVL": 0.21420710191703385,
    "DLGNF": 0.2090430988765291,
    "UMC": 0.2073668881845847,
    "NMGC": 0.20221216453040075,
    "NVDA": 0.2021415084010002,
    "ITCJ": 0.19501395057407245,
    "BRCHF": 0.1948171832246574,
    "MMTIF": 0.1547295006572247,
    "ODII": 0.14499599709309663,
    "SSLLF": 0.13470013703535771,
    "QNCCF": 0.133960279904329,
    "AMD": 0.1129868074836017,
    "SILXF": 0.10338034158926585,
    "SILXY": 0.10338034158926585,
    "CXCQ": 0.08915482357243075,
    "PSFT": 0.07793203005924672
}