{
    "NMGC": 1.0,
    "NXPI": 0.25752040160439676,
    "CEVA": 0.24777017068801724,
    "TXN": 0.23192503838592132,
    "SMTC": 0.22589023252905355,
    "RNECF": 0.2192850679160729,
    "RNECY": 0.2192850679160729,
    "WKEY": 0.21888125944965367,
    "INTC": 0.2073166047967639,
    "AVGO": 0.20500453493441134,
    "AVGOP": 0.20500453493441134,
    "STM": 0.2040111671688181,
    "STMEF": 0.2040111671688181,
    "PXLW": 0.2037740678293877,
    "MTSI": 0.20221216453040075,
    "TXCCQ": 0.2010837391499951,
    "XLNX": 0.19903687744118728,
    "QUIK": 0.19772201402302156,
    "HIMX": 0.19471802894602222,
    "SGH": 0.19386078237424206,
    "SLAB": 0.19201836485597257,
    "CRUS": 0.1899602552462556,
    "SYNA": 0.18760453003953104,
    "OIIM": 0.1867244122576573,
    "NDCVF": 0.1847523291254385,
    "ADI": 0.1846726832106084,
    "ON": 0.1823911879584239,
    "QRVO": 0.18089628442157374,
    "FORM": 0.17878056769245781,
    "EMKR": 0.17803635222405462,
    "DIOD": 0.17770381641759805,
    "SIMO": 0.17761911741098801,
    "ROHCY": 0.1775291847442816,
    "LSCC": 0.1752930217017165,
    "POWI": 0.17505378253827833,
    "RMBS": 0.17452611370704138,
    "QCOM": 0.17297204924662954,
    "IMOS": 0.1721436826470124,
    "MRVL": 0.16887039431536827,
    "ITCJ": 0.16852865856365384,
    "SITM": 0.1679962913959043,
    "MXIM": 0.16470313693672978,
    "MXL": 0.16354196086288625,
    "ALGM": 0.1634400794088125,
    "NPTN": 0.16324256764813533,
    "LASR": 0.16136256832039345,
    "MU": 0.16055722486475535,
    "POETF": 0.1602560683191788,
    "MPWR": 0.15915141604954483,
    "NVDA": 0.15872924233143823,
    "AMKR": 0.1554564425229974,
    "GSIT": 0.1553965845094245,
    "MX": 0.15460670461155587,
    "AMSSY": 0.15307066968901775,
    "AUKUF": 0.15307066968901775,
    "MOSY": 0.1496623340691258,
    "AOSL": 0.1484596594642311,
    "RESN": 0.1454612387358558,
    "DSPG": 0.14461279103388716,
    "MCHP": 0.14447561518836305,
    "INTT": 0.14398250343534152,
    "STRB": 0.14331600273450082,
    "WISA": 0.1409839050861691,
    "IFNNF": 0.14054638027934732,
    "IFNNY": 0.14054638027934732,
    "HHUSF": 0.1405224467207305,
    "DLGNF": 0.1401974488076539,
    "NVEC": 0.1395607986762822,
    "NLST": 0.13787805743073214,
    "TSM": 0.13642340037533435,
    "CYBL": 0.1361164868305065,
    "CREE": 0.13471583436526355,
    "AAOI": 0.13395970180080427,
    "TSEM": 0.1322947563870625,
    "UMC": 0.130651973525934,
    "ONTO": 0.12834409182017334,
    "SKYT": 0.12297047563368657,
    "LEDS": 0.12135052371802005,
    "VSH": 0.11928206708033628,
    "ASX": 0.11323397300423244,
    "BRCHF": 0.11132265021367152,
    "SWKS": 0.10717567850008966,
    "AMD": 0.10675801614434643,
    "SQNS": 0.10673482430870526,
    "MRAM": 0.1035004223031514,
    "MTNX": 0.10046503101182301,
    "PRKR": 0.09892043843030467,
    "MMTIF": 0.08585247110113979,
    "QNCCF": 0.08539998142568465,
    "SSLLF": 0.08366944616788512,
    "ODII": 0.07054705904390177,
    "CXCQ": 0.059306289556373765,
    "SILXF": 0.05910970896336067,
    "SILXY": 0.05910970896336067,
    "PSFT": 0.0486115641099828
}