{
    "PXLW": 1.0000000000000002,
    "ADI": 0.3561079299940756,
    "SMTC": 0.33549311838835855,
    "XLNX": 0.29050437972504434,
    "QUIK": 0.2832464166311164,
    "TXN": 0.2785419392430973,
    "HIMX": 0.2779512930197535,
    "CRUS": 0.2764103208559277,
    "ALGM": 0.27316178673019353,
    "SYNA": 0.2716968117297747,
    "RMBS": 0.26928628750400135,
    "RNECF": 0.2655790564151714,
    "RNECY": 0.2655790564151714,
    "MPWR": 0.2652235594773197,
    "ITCJ": 0.2620085088561571,
    "MXL": 0.2612729277242887,
    "MXIM": 0.26088299524218994,
    "IMOS": 0.25947646003812136,
    "MTSI": 0.24997332638063202,
    "CEVA": 0.2498850579619474,
    "SLAB": 0.24176875903124223,
    "STM": 0.23641552879802927,
    "STMEF": 0.23641552879802927,
    "WKEY": 0.23483943556961445,
    "LSCC": 0.23420301304459884,
    "DLGNF": 0.23265012667775514,
    "OIIM": 0.23228659444682564,
    "INTC": 0.23087725895958922,
    "POWI": 0.22826373080584234,
    "HHUSF": 0.2252840681823957,
    "AVGO": 0.22233037575749434,
    "AVGOP": 0.22233037575749434,
    "ROHCY": 0.22166428136363903,
    "DIOD": 0.2212419717272166,
    "QCOM": 0.22005540621921005,
    "ON": 0.21994241562283756,
    "TSEM": 0.21990816202473248,
    "MOSY": 0.21519700528554356,
    "FORM": 0.21393652278002237,
    "CYBL": 0.21250187227528278,
    "ONTO": 0.2124981207549586,
    "STRB": 0.20935580102339071,
    "TXCCQ": 0.20887212678162884,
    "MRVL": 0.20730607922963656,
    "MX": 0.20671190464790634,
    "NDCVF": 0.20462251702029,
    "NMGC": 0.2037740678293877,
    "AMKR": 0.20211907697111545,
    "EMKR": 0.2019663244374661,
    "AOSL": 0.2016864620747258,
    "SKYT": 0.20158372160328022,
    "LASR": 0.19962222645452332,
    "SGH": 0.19668615623906796,
    "INTT": 0.19632633437637895,
    "MCHP": 0.19446490453160642,
    "GSIT": 0.19336134672579877,
    "MU": 0.1929924005546594,
    "NXPI": 0.18938052448289272,
    "SITM": 0.18840918956775787,
    "QRVO": 0.1881684891228698,
    "DSPG": 0.1860462580623934,
    "BRCHF": 0.18472202983429878,
    "VSH": 0.18228094830054342,
    "NLST": 0.18198320298946774,
    "RESN": 0.17735995372588378,
    "NPTN": 0.17732249536683437,
    "WISA": 0.17555592172142,
    "SIMO": 0.1732656611085005,
    "TSM": 0.17004561565637222,
    "UMC": 0.16990772889169725,
    "AMSSY": 0.16623458019515927,
    "AUKUF": 0.16623458019515927,
    "IFNNF": 0.16615594854479146,
    "IFNNY": 0.16615594854479146,
    "NVEC": 0.16600617677132054,
    "NVDA": 0.16526603039991017,
    "MRAM": 0.15872656474218197,
    "SQNS": 0.15707601354227763,
    "POETF": 0.15467920254682319,
    "SWKS": 0.15185520042411016,
    "ASX": 0.1516930258764711,
    "CREE": 0.1515464496258034,
    "LEDS": 0.1491478110069778,
    "ODII": 0.14910457834423488,
    "AAOI": 0.14312769400692282,
    "PRKR": 0.1248844853700278,
    "MTNX": 0.11748329326174445,
    "AMD": 0.11173507441544547,
    "SSLLF": 0.1058301462766773,
    "MMTIF": 0.1036298509925914,
    "QNCCF": 0.09596950791005832,
    "SILXF": 0.0929230696804575,
    "SILXY": 0.0929230696804575,
    "CXCQ": 0.06885718809059212,
    "PSFT": 0.05879990233531434
}