{
    "KHZM": 1.0,
    "CMGO": 0.3214738340013927,
    "TRKA": 0.2719159021256974,
    "HKUOY": 0.2555669211423661,
    "OMC": 0.23998444553120932,
    "DBMM": 0.22764234828222168,
    "DMS": 0.22720723309270097,
    "FLNT": 0.22435729923693126,
    "MDCA": 0.2177380313933384,
    "IPG": 0.21024420258712848,
    "PGPEF": 0.20903151408731727,
    "PUBGY": 0.20903151408731727,
    "WPPGF": 0.20676104981124727,
    "WPP": 0.20670171982481075,
    "TSQ": 0.2041329224398731,
    "BAOS": 0.1847253014810024,
    "ACTL": 0.1748253708234533,
    "HRTH": 0.1697034893538218,
    "MYRY": 0.1664124483868371,
    "COGV": 0.16539343039456894,
    "LOGX": 0.15982865082131703,
    "QUOT": 0.15913111792849982,
    "FBCD": 0.15518098382422432,
    "SCPPF": 0.15476845919474463,
    "ADV": 0.1530628319003694,
    "EPGC": 0.15271392575546583,
    "CNFN": 0.15182209446587924,
    "DNTUF": 0.14868778229580995,
    "DNTUY": 0.14868778229580995,
    "CNET": 0.1477406591958964,
    "KNIT": 0.14742051953404708,
    "QNST": 0.14718696565288988,
    "MOBQ": 0.14456299287204033,
    "INUV": 0.14411146176663958,
    "XNET": 0.14105554380662538,
    "MMND": 0.13810257534549597,
    "YUGVF": 0.137798610023668,
    "VIZC": 0.13518606525740662,
    "ACGX": 0.13383837419215275,
    "AATV": 0.1315188699983056,
    "NHLPF": 0.13117848402212837,
    "GTNM": 0.12921792878478675,
    "PSYC": 0.12860662073557408,
    "CYAGF": 0.12820223910074852,
    "CYGIY": 0.12820223910074852,
    "CRTO": 0.12813580156095003,
    "CMPR": 0.1260832272392322,
    "UCPA": 0.12472931053076393,
    "PROM": 0.12082804890943499,
    "MOBO": 0.11950061929718751,
    "MGNI": 0.11653685590452134,
    "BXNG": 0.11605485373611457,
    "NXMR": 0.11417155593315176,
    "SRAX": 0.10953161840442302,
    "EEX": 0.1093199066663106,
    "ICLK": 0.10883658595820501,
    "DLX": 0.1082150667469299,
    "CCO": 0.10756244092167716,
    "TTTPF": 0.10518177018248961,
    "NWCN": 0.10470101515657874,
    "PVSP": 0.09914624544947435,
    "MCHX": 0.09806146213632425,
    "ISIG": 0.0954818099610629,
    "VPSN": 0.09479642618386867,
    "IFUS": 0.09385541727948654,
    "ISML": 0.09318487240120822,
    "WWIO": 0.0930556779232319,
    "SNIPF": 0.08948833782283419,
    "STCB": 0.0892003373003427,
    "NCMI": 0.08870864457469128,
    "BYOC": 0.08785986250651476,
    "INEOF": 0.08440230733124707,
    "BLAB": 0.08337513487792744,
    "TRBO": 0.08088017476047507,
    "CYGT": 0.07372270002409005,
    "ITKH": 0.07101311211909866,
    "GOOLF": 0.06979847215914838,
    "GTRL": 0.06829646139486585,
    "ZULU": 0.06779253406369484,
    "ENGA": 0.06684364324597196,
    "OPESF": 0.062105404664305294,
    "PRKI": 0.0611596095739517,
    "CKPDY": 0.06050221751358717,
    "MYSL": 0.05787752297437755,
    "WIMI": 0.05726809465510982,
    "MMDDF": 0.056730508627380494,
    "BOMN": 0.055560204969372765,
    "SWWI": 0.055495280151837224,
    "ADMG": 0.054193353400491306,
    "CQER": 0.050302010621240165,
    "LIGA": 0.050106098187855885,
    "JCDXF": 0.048532895726748716,
    "EZOO": 0.04290072628422195,
    "RFII": 0.038156798577720946
}