{
    "KNIT": 1.0000000000000002,
    "DBMM": 0.3413323644613859,
    "OMC": 0.2834396151442779,
    "IPG": 0.2492301818139299,
    "CMGO": 0.24178985515724558,
    "MDCA": 0.23975175861047252,
    "ACGX": 0.23011701948893007,
    "ACTL": 0.22332186139393267,
    "SCPPF": 0.21588209228978686,
    "DMS": 0.2141126307598895,
    "TRKA": 0.21393372921754036,
    "DNTUF": 0.21074148992910394,
    "DNTUY": 0.21074148992910394,
    "TSQ": 0.21012080568575453,
    "HRTH": 0.20767106269315902,
    "CYAGF": 0.1962043840855735,
    "CYGIY": 0.1962043840855735,
    "ICLK": 0.1925631782847096,
    "DLX": 0.19251840028232425,
    "EPGC": 0.18902971379302289,
    "MMND": 0.18888656112476804,
    "HKUOY": 0.18825709367457943,
    "CMPR": 0.18804069328738307,
    "PGPEF": 0.1871790230825828,
    "PUBGY": 0.1871790230825828,
    "BAOS": 0.18118088871855142,
    "QNST": 0.17714622467312646,
    "VIZC": 0.17599936556651655,
    "WPPGF": 0.17593027938679642,
    "FLNT": 0.17588105670079016,
    "WPP": 0.1746428548435289,
    "NHLPF": 0.1708225243181999,
    "CRTO": 0.1664683369630407,
    "TRBO": 0.16608868001601299,
    "YUGVF": 0.16522653639536944,
    "INUV": 0.1639781927963626,
    "EEX": 0.160887583248125,
    "ADV": 0.1558048696357163,
    "BYOC": 0.15190697700928896,
    "GTNM": 0.14972447838144853,
    "CYGT": 0.14934417063356253,
    "KHZM": 0.14742051953404708,
    "SRAX": 0.13677851831887802,
    "TTTPF": 0.13611003929463322,
    "MOBQ": 0.134468089251597,
    "MCHX": 0.13330049918310038,
    "WWIO": 0.13280062298132717,
    "AATV": 0.13259213251291713,
    "MYRY": 0.13070764777008698,
    "ADMG": 0.1264149857725748,
    "BXNG": 0.12401757788710713,
    "MGNI": 0.12263872844709664,
    "LOGX": 0.12247397052131659,
    "COGV": 0.12244647127734659,
    "CCO": 0.12198390561908769,
    "NWCN": 0.11625136475750468,
    "CNET": 0.11456657753205587,
    "QUOT": 0.11373404233168061,
    "CNFN": 0.11308942941749729,
    "XNET": 0.11296979225402741,
    "ISIG": 0.11286970219536703,
    "PROM": 0.11089647611689481,
    "MMDDF": 0.1101842590432159,
    "INEOF": 0.1074000657834267,
    "ITKH": 0.10534234478848095,
    "PSYC": 0.09877106667043459,
    "FBCD": 0.09784856225906266,
    "STCB": 0.09605483698903146,
    "ISML": 0.09581093221198489,
    "NXMR": 0.09548802005137046,
    "SNIPF": 0.09462153575431322,
    "ENGA": 0.09449653419634084,
    "IFUS": 0.09396759109518951,
    "BOMN": 0.09236476603386364,
    "MOBO": 0.09203682119299653,
    "SWWI": 0.09010770496982963,
    "UCPA": 0.08989293019786491,
    "NCMI": 0.08542560629250374,
    "JCDXF": 0.08525707553711308,
    "BLAB": 0.08509264174869961,
    "OPESF": 0.08481279248860575,
    "ZULU": 0.0842892791812143,
    "PVSP": 0.08388574621665608,
    "LIGA": 0.08276317866774184,
    "GTRL": 0.080971514229517,
    "CKPDY": 0.07761829911838705,
    "PRKI": 0.07440185418229756,
    "GOOLF": 0.06844319231774806,
    "CQER": 0.06362521829776323,
    "MYSL": 0.06233756895140847,
    "EZOO": 0.06108679545220824,
    "WIMI": 0.05075970301971257,
    "VPSN": 0.04713973598909334,
    "RFII": 0.03615537980175806
}