{
    "NWCN": 1.0000000000000002,
    "UCPA": 0.23213845816428164,
    "DNTUF": 0.21053626545307147,
    "DNTUY": 0.21053626545307147,
    "BXNG": 0.19577167663788866,
    "PROM": 0.19095721965244808,
    "IPG": 0.189138844959992,
    "MOBQ": 0.18152414441921366,
    "CNET": 0.1812549788547419,
    "CMGO": 0.1773134730796628,
    "DBMM": 0.1749630326004527,
    "QNST": 0.17274775355476368,
    "NCMI": 0.17239427173880775,
    "OMC": 0.16737946413240468,
    "MGNI": 0.1655457814971959,
    "SCPPF": 0.1639381960255929,
    "ICLK": 0.16376046398185717,
    "BYOC": 0.15973073425312223,
    "MDCA": 0.1580641904888908,
    "JCDXF": 0.1561276171994391,
    "TSQ": 0.1555597068052416,
    "PGPEF": 0.15289490490387855,
    "PUBGY": 0.15289490490387855,
    "FLNT": 0.1525789699277814,
    "HKUOY": 0.14977640563625277,
    "ACGX": 0.14750423185754333,
    "MMDDF": 0.14627819736576975,
    "XNET": 0.14567559145620987,
    "DMS": 0.14445689484438634,
    "SRAX": 0.14416169242858728,
    "TRKA": 0.14150498550887702,
    "AATV": 0.14107008759830988,
    "CCO": 0.13979290563630736,
    "INUV": 0.1395988489339847,
    "VIZC": 0.13852177251370995,
    "PSYC": 0.1343410831930043,
    "NHLPF": 0.13431014755756712,
    "LOGX": 0.1342115986964437,
    "ADV": 0.13351473394070018,
    "WPPGF": 0.1315645798756167,
    "CRTO": 0.13048532468277288,
    "WPP": 0.12988117786962453,
    "EPGC": 0.12675519887330575,
    "BAOS": 0.12478065402630954,
    "COGV": 0.12409909007393657,
    "TTTPF": 0.12075503688799467,
    "HRTH": 0.12047355956588687,
    "BOMN": 0.12013533934702768,
    "CYGT": 0.11969121930136759,
    "KNIT": 0.11625136475750468,
    "DLX": 0.11152216849411159,
    "ISIG": 0.10994981362610177,
    "ZULU": 0.10946170895799218,
    "CYAGF": 0.10809832199533775,
    "CYGIY": 0.10809832199533775,
    "ENGA": 0.10742788404547021,
    "ADMG": 0.10684091266743025,
    "GOOLF": 0.106174216286642,
    "YUGVF": 0.1058618860289553,
    "KHZM": 0.10470101515657874,
    "GTRL": 0.10435945297671084,
    "OPESF": 0.10293437562144354,
    "WWIO": 0.10233370329769573,
    "CMPR": 0.10215988491005805,
    "ACTL": 0.10196416878091663,
    "QUOT": 0.1008898865532895,
    "STCB": 0.09948645492380143,
    "MMND": 0.09651182649692625,
    "FBCD": 0.09643104613248894,
    "INEOF": 0.09641708230534538,
    "BLAB": 0.09494204055428149,
    "GTNM": 0.09488151267227078,
    "CKPDY": 0.09445516339652654,
    "EEX": 0.09413297556389434,
    "CNFN": 0.09324739853078387,
    "MYRY": 0.09313316719139136,
    "IFUS": 0.0903907820197991,
    "MCHX": 0.0875712939953519,
    "MYSL": 0.0875673948291309,
    "SNIPF": 0.0860273114677724,
    "PVSP": 0.08528184730524657,
    "EZOO": 0.08389449076477998,
    "WIMI": 0.08385674554995112,
    "ISML": 0.07402233363389077,
    "VPSN": 0.07000817595062686,
    "TRBO": 0.0670546649791087,
    "PRKI": 0.06649447787927748,
    "ITKH": 0.06555340351657547,
    "LIGA": 0.06522701864433686,
    "NXMR": 0.057501972051441204,
    "CQER": 0.057496253113511336,
    "RFII": 0.05682725605962459,
    "MOBO": 0.05669236870562381,
    "SWWI": 0.05625728604306674
}