{
    "TRKA": 0.9999999999999999,
    "CMGO": 0.44321120486451615,
    "ACGX": 0.40475514229327353,
    "DBMM": 0.3877316790109365,
    "IPG": 0.3423637933944481,
    "SCPPF": 0.3199634736232479,
    "HKUOY": 0.3192621910359849,
    "MDCA": 0.3155126602816429,
    "PGPEF": 0.3059039751192063,
    "PUBGY": 0.3059039751192063,
    "OMC": 0.29766013814564896,
    "TSQ": 0.28534185775309906,
    "WPP": 0.28402571713348773,
    "WPPGF": 0.28367055330687235,
    "ADV": 0.2773092077752661,
    "KHZM": 0.2719159021256974,
    "HRTH": 0.2580934019250513,
    "DMS": 0.2564339353964297,
    "GTNM": 0.25108608739803295,
    "ACTL": 0.2458257721259805,
    "ICLK": 0.24565444765809255,
    "LOGX": 0.2432188044993395,
    "FLNT": 0.24188742901757201,
    "DNTUF": 0.23914085252128148,
    "DNTUY": 0.23914085252128148,
    "QUOT": 0.23493835734261356,
    "MOBQ": 0.23336525002975675,
    "DLX": 0.23179224094307846,
    "INUV": 0.23076762408393892,
    "MGNI": 0.2211960977816852,
    "KNIT": 0.21393372921754036,
    "YUGVF": 0.20682993659329507,
    "CMPR": 0.20657161945335742,
    "BAOS": 0.20546379146285138,
    "PROM": 0.19485520788370128,
    "EEX": 0.19101358665775348,
    "CRTO": 0.19068241783061213,
    "CNET": 0.18943740464456038,
    "NHLPF": 0.18921198940334377,
    "VIZC": 0.1863198883629468,
    "CYAGF": 0.18482056238548333,
    "CYGIY": 0.18482056238548333,
    "AATV": 0.18150199236091993,
    "MMND": 0.18143601153260572,
    "CCO": 0.18007920258506668,
    "SRAX": 0.17423199291434013,
    "BYOC": 0.1691985772606449,
    "MYRY": 0.16901511072129355,
    "XNET": 0.1674507436049558,
    "FBCD": 0.16639073262437457,
    "CNFN": 0.16492334045204662,
    "EPGC": 0.1636781426641516,
    "CYGT": 0.1632261140243174,
    "ISIG": 0.15843383227681224,
    "TTTPF": 0.15583867928374737,
    "MCHX": 0.15072901858082718,
    "SNIPF": 0.1499105508289072,
    "GOOLF": 0.14568312069611927,
    "NXMR": 0.1453369136714193,
    "BXNG": 0.14329484192184425,
    "INEOF": 0.14231896441252995,
    "IFUS": 0.14181935692039896,
    "NWCN": 0.14150498550887702,
    "COGV": 0.13884498967711595,
    "QNST": 0.13873509452435606,
    "STCB": 0.13822757478148384,
    "MMDDF": 0.13312115267063482,
    "GTRL": 0.12065465075239049,
    "ITKH": 0.11971299276990847,
    "PSYC": 0.1192520794369703,
    "PVSP": 0.1180530462336808,
    "ADMG": 0.11788150624363615,
    "LIGA": 0.11441412119172557,
    "ISML": 0.11328129894686546,
    "CKPDY": 0.11309376905621639,
    "ENGA": 0.11041555530468326,
    "ZULU": 0.10884683164416578,
    "UCPA": 0.10592311227001908,
    "NCMI": 0.10527098789920783,
    "OPESF": 0.10495334414658797,
    "PRKI": 0.10463475337162322,
    "JCDXF": 0.10213654516064409,
    "MOBO": 0.0964386790775631,
    "SWWI": 0.09522220773164687,
    "WWIO": 0.09483434985486947,
    "BOMN": 0.09423765358076916,
    "MYSL": 0.09155675996918072,
    "BLAB": 0.09054173899465506,
    "VPSN": 0.07726782944342087,
    "CQER": 0.07402955116369098,
    "WIMI": 0.07140966460156727,
    "TRBO": 0.06964139716134334,
    "EZOO": 0.06301670555092159,
    "RFII": 0.04455825887072868
}