{
    "XNET": 1.0,
    "ICLK": 0.24328247552337132,
    "PROM": 0.24270077306018367,
    "LOGX": 0.24111648316636228,
    "VIZC": 0.2337671078948016,
    "BAOS": 0.23235778107002833,
    "CMGO": 0.22282806423873766,
    "TSQ": 0.221367511187691,
    "CRTO": 0.21866262318759863,
    "MOBQ": 0.21427282657776225,
    "HKUOY": 0.2070208438847931,
    "INUV": 0.1976182860667205,
    "PGPEF": 0.19537072051371587,
    "PUBGY": 0.19537072051371587,
    "OPESF": 0.19106531938050528,
    "SCPPF": 0.1882955292587837,
    "MYRY": 0.18645491837434075,
    "CNET": 0.18298859653482538,
    "MYSL": 0.18227405343263378,
    "CYAGF": 0.17756150030223625,
    "CYGIY": 0.17756150030223625,
    "DBMM": 0.17639254367617258,
    "QUOT": 0.1751908710066131,
    "EZOO": 0.17165351004591262,
    "PSYC": 0.16788387807024852,
    "TRKA": 0.1674507436049558,
    "WPPGF": 0.1633197830790967,
    "CCO": 0.16259127193976622,
    "MGNI": 0.16218472481115895,
    "WPP": 0.16171971959672052,
    "DMS": 0.16003822282288266,
    "FLNT": 0.15599377828284333,
    "TTTPF": 0.15465653347304542,
    "CNFN": 0.15435219491357724,
    "IPG": 0.1514362246000616,
    "AATV": 0.1504470211186062,
    "DNTUF": 0.1485717174241727,
    "DNTUY": 0.1485717174241727,
    "ACTL": 0.14763619193936503,
    "EEX": 0.14734686965055918,
    "NWCN": 0.14567559145620987,
    "HRTH": 0.14161513267976247,
    "KHZM": 0.14105554380662538,
    "ISIG": 0.14014464844254626,
    "QNST": 0.13956082013354104,
    "OMC": 0.1368815768196601,
    "SNIPF": 0.1363102149221979,
    "ACGX": 0.13507395231361422,
    "ADMG": 0.1344271532140086,
    "YUGVF": 0.13435895480290072,
    "CMPR": 0.13153131507702784,
    "MDCA": 0.130256708811302,
    "SRAX": 0.12530468747411028,
    "ADV": 0.12524768272485193,
    "MCHX": 0.12235843087312767,
    "NCMI": 0.11971625147235498,
    "ENGA": 0.11826984603065518,
    "DLX": 0.118157372501486,
    "PVSP": 0.116529705527389,
    "NHLPF": 0.11624823635917735,
    "GTRL": 0.1157135368149397,
    "GTNM": 0.11479781432305403,
    "MMND": 0.11451782148216164,
    "CYGT": 0.11435652973106601,
    "BOMN": 0.11407514342483135,
    "KNIT": 0.11296979225402741,
    "BXNG": 0.11234510838867648,
    "MMDDF": 0.11058277640732546,
    "INEOF": 0.11044246596777928,
    "GOOLF": 0.11022255066180574,
    "FBCD": 0.1101382697431442,
    "MOBO": 0.11008899344533987,
    "WIMI": 0.10890622244420217,
    "EPGC": 0.10696432244189756,
    "UCPA": 0.1015546198626453,
    "COGV": 0.10053311548596218,
    "IFUS": 0.10013587024365736,
    "BYOC": 0.09791660255058068,
    "JCDXF": 0.09387863707495324,
    "WWIO": 0.09216485093527911,
    "ISML": 0.08994453409430192,
    "VPSN": 0.08502709760872147,
    "ITKH": 0.0819840487262158,
    "LIGA": 0.07981874672487904,
    "STCB": 0.07952875209439446,
    "ZULU": 0.07916685770605784,
    "CKPDY": 0.07672114321923681,
    "NXMR": 0.06925281754753826,
    "CQER": 0.06909134473035372,
    "BLAB": 0.06878804661893606,
    "PRKI": 0.06588898610026522,
    "SWWI": 0.05302994519085137,
    "TRBO": 0.052470821018865486,
    "RFII": 0.0403288732614782
}