{
    "AGGL": 0.9999999999999998,
    "GAHD": 0.26977980776461324,
    "YARIY": 0.2507148694874732,
    "YRAIF": 0.2507148694874732,
    "MOS": 0.25012864427037057,
    "FMC": 0.23731922056627286,
    "ICL": 0.22479197319902916,
    "CGA": 0.21544700656558283,
    "EACTF": 0.2121771661386848,
    "NOEC": 0.2120333796946111,
    "AVD": 0.21178813723701512,
    "CTVA": 0.20160253966649858,
    "IPI": 0.2015988804878924,
    "RKDA": 0.2015975178211997,
    "SMG": 0.19344573570292026,
    "SNFRF": 0.18952459919417014,
    "CTA-PA": 0.1834824256637009,
    "CTA-PB": 0.1834824256637009,
    "HUMT": 0.18068594359620016,
    "MBII": 0.17746775641640125,
    "PLHCF": 0.17431095171185035,
    "SEED": 0.17354693523418518,
    "NTR": 0.1724269174772466,
    "USBC": 0.16336306980286208,
    "BWEL": 0.16089143083608107,
    "UAN": 0.159677117713345,
    "CHBU": 0.15708805005027468,
    "BEVVF": 0.15564825427530735,
    "MGPI": 0.1553477317109941,
    "NFRMY": 0.15437547192435408,
    "HFGVF": 0.15269301773296348,
    "VEGL": 0.1524289946095117,
    "KPLUF": 0.15182714703259528,
    "KPLUY": 0.15182714703259528,
    "PHOJY": 0.15116544878969218,
    "CF": 0.14989495524478647,
    "CDBT": 0.14941049771338344,
    "ZGSI": 0.14920117004802597,
    "KWBT": 0.14562022360570975,
    "YTEN": 0.14516367453822585,
    "SAFO": 0.14445178185011143,
    "IGNE": 0.14358407505882745,
    "GREN": 0.13784029661992223,
    "APEOF": 0.13613691374341183,
    "AGYP": 0.1350865204414386,
    "PTAM": 0.12456963095743633,
    "MBCFF": 0.10250957330515693,
    "BIONQ": 0.08373880907961394,
    "MAAFF": 0.0807301204575863,
    "LBTD": 0.07844409794185447,
    "DNKLY": 0.07640466142829273,
    "SBMSF": 0.07640466142829273,
    "BLONF": 0.07573993447732637,
    "PHOS": 0.07544815470094127,
    "AMHPF": 0.0730817542777621,
    "ITRO": 0.0697810227864252
}