{
    "IGNE": 1.0000000000000002,
    "CDBT": 0.2873068464150684,
    "YARIY": 0.2632960053642439,
    "YRAIF": 0.2632960053642439,
    "MOS": 0.25433909464300597,
    "IPI": 0.25421693776632176,
    "SNFRF": 0.243649915231553,
    "HUMT": 0.2321732035219411,
    "ZGSI": 0.22452499152396302,
    "ICL": 0.2212424294979882,
    "MGPI": 0.2097436101648985,
    "NOEC": 0.2076814337468403,
    "FMC": 0.206606040506904,
    "AVD": 0.20305093830421933,
    "CGA": 0.20100000391642336,
    "GAHD": 0.19767165173512463,
    "MBII": 0.19602215173715587,
    "PTAM": 0.19263391235022803,
    "CTVA": 0.1914170531562736,
    "USBC": 0.18386739226101656,
    "SEED": 0.18209561862150325,
    "CTA-PA": 0.18181043476252742,
    "CTA-PB": 0.18181043476252742,
    "PLHCF": 0.18104582946773673,
    "BEVVF": 0.18025702423416234,
    "KPLUF": 0.17844175492785955,
    "KPLUY": 0.17844175492785955,
    "LBTD": 0.17739770375432004,
    "SAFO": 0.17264870899514592,
    "VEGL": 0.17203121572279287,
    "RKDA": 0.1671505932581937,
    "GREN": 0.16294058930531277,
    "CHBU": 0.16268094990652568,
    "SMG": 0.16159191865872416,
    "HFGVF": 0.15915764002750163,
    "PHOJY": 0.15867357992794037,
    "NTR": 0.1530014699826964,
    "EACTF": 0.15140570380628704,
    "DNKLY": 0.14790089603281775,
    "SBMSF": 0.14790089603281775,
    "NFRMY": 0.14467545863537373,
    "AGGL": 0.14358407505882745,
    "YTEN": 0.14354669904887415,
    "KWBT": 0.14178188751433374,
    "CF": 0.14002426079516883,
    "UAN": 0.1391981968318807,
    "BWEL": 0.11833533395199496,
    "MBCFF": 0.11712297559575678,
    "AMHPF": 0.11609589315150297,
    "BLONF": 0.11567241212737495,
    "APEOF": 0.11144352391646747,
    "MAAFF": 0.11073884056261973,
    "PHOS": 0.09664043129146219,
    "AGYP": 0.08524997899373964,
    "ITRO": 0.08411154313844806,
    "BIONQ": 0.07676562175720661
}