{
    "DOMWF": 1.0000000000000002,
    "STRNY": 0.1856459820708684,
    "SVTRF": 0.1856459820708684,
    "SGXXF": 0.16508969620423786,
    "VWTR": 0.15627966745566418,
    "CWAFF": 0.15057221509835456,
    "HYFXF": 0.14878819916832423,
    "AWK": 0.14687506278767704,
    "GWRS": 0.1466301003706131,
    "SJW": 0.14644607340521465,
    "AWR": 0.14628085943789634,
    "ARTNA": 0.1458860736166842,
    "ARTNB": 0.1458860736166842,
    "SZEVF": 0.14520798279910466,
    "SZSAY": 0.14494122653623143,
    "HEOFF": 0.14279988988293577,
    "CWCO": 0.14119723602358736,
    "CDZI": 0.1347286079341246,
    "CWT": 0.13463695813843254,
    "PCYO": 0.13459453273076263,
    "WTRG": 0.13305714885806244,
    "HNRC": 0.13256997400033524,
    "TTAPY": 0.1293586016979626,
    "NESW": 0.12513333682825917,
    "GGDVF": 0.12383097155177536,
    "GGDVY": 0.12383097155177536,
    "MWTCF": 0.12164704977794746,
    "MWTCY": 0.12164704977794746,
    "MSEX": 0.12014205494410822,
    "PEGRF": 0.11723195871036503,
    "PEGRY": 0.11723195871036503,
    "BJWTF": 0.1131239017891631,
    "AEPT": 0.1102437828363167,
    "TORW": 0.10809098340695138,
    "YORW": 0.10698835964345912,
    "MPIR": 0.10553351726851673,
    "UUGRY": 0.09942277328280223,
    "UUGWF": 0.09942277328280223,
    "XGEND": 0.09878663690792507,
    "SBS": 0.09850939312718479
}