{
    "UUGRY": 1.0000000000000002,
    "UUGWF": 1.0000000000000002,
    "PEGRF": 0.4368374697508539,
    "PEGRY": 0.4368374697508539,
    "STRNY": 0.40399942429456903,
    "SVTRF": 0.40399942429456903,
    "AWK": 0.3285341478066721,
    "SGXXF": 0.3139170128835271,
    "SJW": 0.285401666568372,
    "ARTNA": 0.27176981066516454,
    "ARTNB": 0.27176981066516454,
    "CWAFF": 0.26785716576512353,
    "SZEVF": 0.2556659799302558,
    "PCYO": 0.2545116920364815,
    "GWRS": 0.2505938786987915,
    "SZSAY": 0.24739663833906203,
    "WTRG": 0.24544462809237827,
    "BJWTF": 0.23859607150062245,
    "CWCO": 0.2383203102578021,
    "CWT": 0.23378588399854663,
    "AWR": 0.224725732311535,
    "HYFXF": 0.22292261465968072,
    "HEOFF": 0.2200729740081763,
    "CDZI": 0.2158030268351437,
    "SBS": 0.21551951619945148,
    "NESW": 0.2102623438125698,
    "AEPT": 0.20952804218713453,
    "MSEX": 0.1906870773254739,
    "TTAPY": 0.18454102427574756,
    "VWTR": 0.18156250923693967,
    "GGDVF": 0.17837891947713028,
    "GGDVY": 0.17837891947713028,
    "MWTCF": 0.17806455756215073,
    "MWTCY": 0.17806455756215073,
    "YORW": 0.17629141572754398,
    "TORW": 0.17066790255917935,
    "MPIR": 0.1642124975700198,
    "XGEND": 0.12489458661651667,
    "DOMWF": 0.09942277328280223,
    "HNRC": 0.09235355225854322
}