{
    "YORW": 1.0,
    "AWK": 0.2947962256125311,
    "ARTNA": 0.28010964577791636,
    "ARTNB": 0.28010964577791636,
    "PCYO": 0.26844759031692794,
    "HYFXF": 0.2653882929418129,
    "AWR": 0.2589771211586708,
    "SGXXF": 0.25648852036929715,
    "STRNY": 0.25231369396645403,
    "SVTRF": 0.25231369396645403,
    "MSEX": 0.24754088629607895,
    "SZSAY": 0.24327188490332535,
    "HEOFF": 0.24252743206660748,
    "SJW": 0.2417580768747068,
    "SZEVF": 0.24081847869959722,
    "CWCO": 0.2195503162711689,
    "CWT": 0.21372433088483456,
    "PEGRF": 0.21249254624214947,
    "PEGRY": 0.21249254624214947,
    "WTRG": 0.20807298216143083,
    "AEPT": 0.1999432254081097,
    "CWAFF": 0.1913767855243141,
    "TTAPY": 0.18973553596548154,
    "VWTR": 0.17675268149170154,
    "UUGRY": 0.17629141572754398,
    "UUGWF": 0.17629141572754398,
    "MWTCF": 0.17513485505392312,
    "MWTCY": 0.17513485505392312,
    "CDZI": 0.17212230200965997,
    "GWRS": 0.16445297603998565,
    "GGDVF": 0.163350913890734,
    "GGDVY": 0.163350913890734,
    "BJWTF": 0.15202550651169822,
    "NESW": 0.15072759746023162,
    "TORW": 0.1464420629638328,
    "SBS": 0.14367182283120836,
    "XGEND": 0.11665925505136693,
    "DOMWF": 0.10698835964345912,
    "HNRC": 0.08597759938352756,
    "MPIR": 0.07634957358817976
}