{
    "CHYCF": 1.0000000000000004,
    "CHYCY": 1.0000000000000004,
    "ACSAF": 0.33130306756816286,
    "ACSAY": 0.33130306756816286,
    "TISCF": 0.3202103367771232,
    "TISCY": 0.3202103367771232,
    "MCDIF": 0.31756717291146913,
    "PRIM": 0.31104279268479945,
    "MTRX": 0.3085713103760467,
    "WSPOF": 0.3035716046650308,
    "OBYCF": 0.29330020824094993,
    "FLR": 0.28846673557582825,
    "JGCCY": 0.28666106570078104,
    "SHMUF": 0.28661652840083807,
    "SHMUY": 0.28661652840083807,
    "ESOA": 0.2706625621499542,
    "KAJMF": 0.2696032335251631,
    "KAJMY": 0.2696032335251631,
    "STN": 0.26439394442641967,
    "PWR": 0.2623244420453784,
    "AENZ": 0.26227865542197265,
    "AVEPY": 0.26140430931268904,
    "NVEE": 0.2590752629901755,
    "BAFBF": 0.25613622993735996,
    "BAFYY": 0.25613622993735996,
    "CCOHF": 0.25561315375057053,
    "BFLBY": 0.25448334429502734,
    "ARCAY": 0.25223420195540586,
    "ARCVF": 0.25223420195540586,
    "AEGN": 0.25079756305361073,
    "MOPHY": 0.2507971752246428,
    "AVHNY": 0.2504198553687615,
    "LTOUF": 0.24839191816641912,
    "EFGSY": 0.2465754206378665,
    "IEA": 0.24310825186512078,
    "ENG": 0.24004935544508685,
    "SNCAF": 0.23972943799467572,
    "AMRC": 0.23896388423897788,
    "WLDN": 0.23873598039996835,
    "AGX": 0.23839887159211276,
    "VCISF": 0.23317125454915577,
    "VCISY": 0.23317125454915577,
    "LMB": 0.2315469535871752,
    "EME": 0.22911407118179428,
    "TPC": 0.2276233545876001,
    "IBIBF": 0.22561556575586617,
    "KKWFF": 0.22506081945161394,
    "ACXIF": 0.22465494030175212,
    "GVA": 0.22366312776679206,
    "ACM": 0.22227557305650303,
    "BOUYF": 0.22133952849340874,
    "BOUYY": 0.22133952849340874,
    "MYRG": 0.22106945107853557,
    "ICAYY": 0.22070245730996377,
    "MTZ": 0.22060431943126246,
    "CKOCF": 0.2187148756700718,
    "APG": 0.2183986864636277,
    "DY": 0.21533239753233502,
    "COLDF": 0.21504474582662045,
    "MRCR": 0.21323278538258567,
    "LGTHF": 0.21315050034004465,
    "IESC": 0.21182474582478591,
    "TTEK": 0.20890147956960092,
    "LOUIF": 0.2087691339874974,
    "ORN": 0.20775757886946733,
    "SKBSY": 0.2066326911542657,
    "SKSBF": 0.2066326911542657,
    "J": 0.20638644317078383,
    "MCHHF": 0.20412975081615484,
    "HACOF": 0.2012737869919876,
    "AITLF": 0.19853133125506672,
    "HIL": 0.1934613121016527,
    "NWSGY": 0.19064530461494994,
    "MILTY": 0.1903612840670885,
    "STRL": 0.1901008507734128,
    "AMLC": 0.1886197336644521,
    "PUODY": 0.18642800988786384,
    "PYOIF": 0.18642800988786384,
    "ABGOF": 0.1857624801373077,
    "ABGOY": 0.1857624801373077,
    "AGOAF": 0.1857624801373077,
    "IMPJY": 0.18571911330753607,
    "FIX": 0.18550345835347498,
    "BADFF": 0.18533796667892877,
    "ATCX": 0.18253710524709632,
    "CRWOF": 0.18052118751432286,
    "BCKIF": 0.17763151788722578,
    "KBR": 0.17638645254907298,
    "RCMT": 0.17589093833412,
    "JCI": 0.1727130545964724,
    "ROAD": 0.16917675802034118,
    "ELLKY": 0.16890081274341895,
    "KLRGF": 0.16834205608668915,
    "GLDD": 0.1650247492410427,
    "AEGXF": 0.15580416697190605,
    "RIII": 0.15342356692285736,
    "DBMG": 0.15266616091058566,
    "CNRD": 0.1494528866764352,
    "DRTT": 0.14774572200532834,
    "BLD": 0.1469265201029984,
    "HZNOF": 0.1440812133942737,
    "BFTI": 0.13753310078223588,
    "SFHI": 0.1371543693539077,
    "BBCP": 0.1329508913075281,
    "WAXS": 0.10914655958111726,
    "APEUF": 0.10656301336323781,
    "FRCN": 0.09861883083557711,
    "ENMI": 0.09474030307780755,
    "VTWRF": 0.09162082696793919,
    "SODE": 0.07195516489402093,
    "RELT": 0.0709571521997916,
    "CCGM": 0.06298158195875685,
    "VICT": 0.026725231673269623
}