{
    "LMB": 1.0000000000000004,
    "TPC": 0.39212688564902887,
    "ESOA": 0.39052581374630274,
    "EME": 0.3876658829036734,
    "PWR": 0.38439361359132473,
    "SHMUF": 0.3843637027396877,
    "SHMUY": 0.3843637027396877,
    "IESC": 0.38051948255713314,
    "MYRG": 0.36999996167721827,
    "MTRX": 0.3678545106454341,
    "KAJMF": 0.36667805760507555,
    "KAJMY": 0.36667805760507555,
    "EFGSY": 0.3580752602317909,
    "MOPHY": 0.3572694031897843,
    "NVEE": 0.35289504916319775,
    "FIX": 0.3505430566654206,
    "ARCAY": 0.34292181722200277,
    "ARCVF": 0.34292181722200277,
    "WLDN": 0.3428334804837377,
    "MTZ": 0.33943182272503836,
    "WSPOF": 0.33766211211210767,
    "CCOHF": 0.336014583470451,
    "ORN": 0.33467305682420806,
    "TTEK": 0.33333888002230655,
    "ACSAF": 0.32880126388425357,
    "ACSAY": 0.32880126388425357,
    "AMRC": 0.3284912784138435,
    "JCI": 0.32514113572660036,
    "PRIM": 0.32458443742233783,
    "MRCR": 0.3183329666773957,
    "GVA": 0.31693379590208737,
    "STN": 0.31688170220390366,
    "BOUYF": 0.31409239876224593,
    "BOUYY": 0.31409239876224593,
    "AGX": 0.3138747225877655,
    "IEA": 0.3138709112887278,
    "APG": 0.3101980270312985,
    "HACOF": 0.3082318142835407,
    "KKWFF": 0.30812669968672507,
    "ACXIF": 0.3038488147929639,
    "AENZ": 0.3012439150512455,
    "MCHHF": 0.29661429913542864,
    "LOUIF": 0.29595810891150615,
    "TISCF": 0.29567434963326156,
    "TISCY": 0.29567434963326156,
    "LTOUF": 0.2950634598683528,
    "FLR": 0.29473745774451654,
    "VCISF": 0.2946731028924072,
    "VCISY": 0.2946731028924072,
    "AEGN": 0.2935099996632429,
    "MCDIF": 0.2930946829120532,
    "OBYCF": 0.28807776064096585,
    "KBR": 0.28761152122494743,
    "SNCAF": 0.28718995419739735,
    "DY": 0.28537255385964844,
    "BAFBF": 0.2852544253922285,
    "BAFYY": 0.2852544253922285,
    "BFLBY": 0.2847476470652853,
    "ENG": 0.28288261194483005,
    "AVHNY": 0.282476610770605,
    "J": 0.2819517446691847,
    "SKBSY": 0.28190264479184846,
    "SKSBF": 0.28190264479184846,
    "CKOCF": 0.27949940264944934,
    "COLDF": 0.2794573638209192,
    "RCMT": 0.27937669539428195,
    "AVEPY": 0.274937489011159,
    "IBIBF": 0.2715981290630619,
    "ATCX": 0.26590577545210403,
    "AITLF": 0.2567826272028036,
    "STRL": 0.25534640175036755,
    "AMLC": 0.25483758013977037,
    "SFHI": 0.25165014098822963,
    "PUODY": 0.25116010795313426,
    "PYOIF": 0.25116010795313426,
    "HIL": 0.24936027061041413,
    "CRWOF": 0.24926808260708058,
    "ICAYY": 0.24825410663698336,
    "MILTY": 0.2437168472089749,
    "ELLKY": 0.2433395046425186,
    "ACM": 0.24323525218513892,
    "HZNOF": 0.2431274794475968,
    "LGTHF": 0.23617264086592435,
    "RIII": 0.23610773225431012,
    "BADFF": 0.2317524815489382,
    "CHYCF": 0.2315469535871752,
    "CHYCY": 0.2315469535871752,
    "IMPJY": 0.22954086770177215,
    "BCKIF": 0.2277399480034021,
    "NWSGY": 0.22321097888262073,
    "ROAD": 0.22221632087425136,
    "DBMG": 0.21847940950129588,
    "KLRGF": 0.2182497090731105,
    "BLD": 0.21655404634065978,
    "AEGXF": 0.21242992758879972,
    "JGCCY": 0.21062586548808024,
    "ENMI": 0.20589244310793067,
    "ABGOF": 0.2054837797172019,
    "ABGOY": 0.2054837797172019,
    "AGOAF": 0.2054837797172019,
    "BFTI": 0.19231107925061855,
    "CNRD": 0.19110178760976027,
    "GLDD": 0.18786416741002837,
    "DRTT": 0.1824653429727561,
    "BBCP": 0.17214595656826237,
    "APEUF": 0.15290698091130098,
    "WAXS": 0.12440603435368329,
    "SODE": 0.12202814192991067,
    "FRCN": 0.11842955929103448,
    "VTWRF": 0.10657462593837026,
    "RELT": 0.08582005532513046,
    "CCGM": 0.07054279140721531,
    "VICT": 0.021361387346681568
}