{
    "RIII": 0.9999999999999999,
    "NVEE": 0.32406567113278445,
    "PWR": 0.318567714919465,
    "STN": 0.30750621812028084,
    "WSPOF": 0.307381659986167,
    "AEGXF": 0.3063607196976556,
    "SHMUF": 0.2962950549905659,
    "SHMUY": 0.2962950549905659,
    "COLDF": 0.29454625968497417,
    "ARCAY": 0.294457146005199,
    "ARCVF": 0.294457146005199,
    "KAJMF": 0.28258336105346044,
    "KAJMY": 0.28258336105346044,
    "SNCAF": 0.27927903815232374,
    "HZNOF": 0.2756596422809959,
    "PRIM": 0.2750791864684142,
    "TTEK": 0.2674347210056305,
    "GVA": 0.26284852847260576,
    "KBR": 0.26265249091504045,
    "AENZ": 0.2610344348531397,
    "MTZ": 0.26095922908722624,
    "EFGSY": 0.2602331786444404,
    "ATCX": 0.25948400898620516,
    "JCI": 0.2594561324166417,
    "ROAD": 0.2584236418542475,
    "TISCF": 0.2577768895569331,
    "TISCY": 0.2577768895569331,
    "ACM": 0.25739743383925767,
    "IEA": 0.25703504406010713,
    "MRCR": 0.25665966287197506,
    "LTOUF": 0.2566578021381789,
    "APG": 0.2557061860652929,
    "CCOHF": 0.2549431011131862,
    "EME": 0.2531491193090795,
    "ACXIF": 0.25302892478053274,
    "IESC": 0.2528645405216271,
    "MYRG": 0.25273006567243883,
    "J": 0.2522257095343233,
    "OBYCF": 0.24995597476754702,
    "MOPHY": 0.24933780643933712,
    "RCMT": 0.24932936272874384,
    "DY": 0.24930994309865256,
    "IBIBF": 0.24919870406244798,
    "ACSAF": 0.246927454278197,
    "ACSAY": 0.246927454278197,
    "WLDN": 0.2464910487881432,
    "VCISF": 0.2451546510519993,
    "VCISY": 0.2451546510519993,
    "FLR": 0.24402572499405398,
    "MTRX": 0.2438262631915327,
    "BOUYF": 0.24109085824869522,
    "BOUYY": 0.24109085824869522,
    "LOUIF": 0.2406336893833888,
    "MCDIF": 0.2391343011486316,
    "LMB": 0.23610773225431012,
    "TPC": 0.2346624179832466,
    "AGX": 0.23309076543346594,
    "AMRC": 0.23302752190378387,
    "BAFBF": 0.23094537162662473,
    "BAFYY": 0.23094537162662473,
    "AVEPY": 0.23009777329289088,
    "AEGN": 0.22993216118711152,
    "HIL": 0.2277820839984446,
    "BFLBY": 0.22775853493516232,
    "KKWFF": 0.22592274876521756,
    "ESOA": 0.22432142009441433,
    "LGTHF": 0.22219454718621304,
    "ENG": 0.22164532181800345,
    "ORN": 0.220269528634418,
    "DBMG": 0.21949655782704997,
    "NWSGY": 0.21902056308633192,
    "FIX": 0.2185566909546208,
    "DRTT": 0.21754467993728877,
    "KLRGF": 0.2156707673156211,
    "STRL": 0.2124720705927179,
    "CRWOF": 0.212227544027922,
    "AVHNY": 0.2119173160649809,
    "CKOCF": 0.21134512253777596,
    "BADFF": 0.21114343210784353,
    "HACOF": 0.21005512453396366,
    "MCHHF": 0.20650311112406286,
    "BCKIF": 0.20364437796255674,
    "ICAYY": 0.20243574428299047,
    "ELLKY": 0.1999672252002685,
    "ABGOF": 0.19368850159938816,
    "ABGOY": 0.19368850159938816,
    "AGOAF": 0.19368850159938816,
    "IMPJY": 0.18958423296476348,
    "AITLF": 0.18818275221704878,
    "MILTY": 0.18416737270712494,
    "SKBSY": 0.18304829909579445,
    "SKSBF": 0.18304829909579445,
    "PUODY": 0.1811531234519066,
    "PYOIF": 0.1811531234519066,
    "SODE": 0.17999979844027733,
    "AMLC": 0.17905052407049665,
    "ENMI": 0.17877133523893884,
    "BFTI": 0.17458005531287366,
    "JGCCY": 0.17374706050426367,
    "BLD": 0.16792658012778328,
    "BBCP": 0.16350320060892362,
    "GLDD": 0.1562144062867262,
    "SFHI": 0.15500705059503803,
    "CHYCF": 0.15342356692285736,
    "CHYCY": 0.15342356692285736,
    "CNRD": 0.14044563478951333,
    "APEUF": 0.12381672884247431,
    "RELT": 0.12024405014149868,
    "VTWRF": 0.11862192552918169,
    "WAXS": 0.11471134315790897,
    "CCGM": 0.10909646327237157,
    "FRCN": 0.09549323834875334,
    "VICT": 0.014910206677662366
}