{
    "APPH": 1.0,
    "AVO": 0.19477466090434914,
    "FDP": 0.1860832186316085,
    "GLGLF": 0.18454554902291195,
    "CMGHF": 0.1843622629130786,
    "CMGHY": 0.1843622629130786,
    "URBF": 0.1820829521588929,
    "TTPPF": 0.1776917796168661,
    "SGLA": 0.17652351120095455,
    "SLCJY": 0.17106814956341573,
    "IBA": 0.17033335565480628,
    "CHSCL": 0.168988212310204,
    "CHSCM": 0.168988212310204,
    "CHSCN": 0.168988212310204,
    "CHSCO": 0.168988212310204,
    "CHSCP": 0.168988212310204,
    "CHPFF": 0.16827877676316744,
    "CAOX": 0.16298921839120856,
    "SALRF": 0.1625877160376664,
    "SALRY": 0.1625877160376664,
    "ADM": 0.16222186155317508,
    "OGAA": 0.1571774583812606,
    "AGRO": 0.1547891244364962,
    "CATN": 0.15263399568460706,
    "WLMIY": 0.15134704265017113,
    "MRVSY": 0.1509044979338302,
    "SHMP": 0.1492547068966502,
    "HERB": 0.14804586689452467,
    "WLMIF": 0.14412639374454372,
    "VFF": 0.14390765788089735,
    "ADVV": 0.1423036882552666,
    "INDFY": 0.14042495697572335,
    "SIAF": 0.13806856522561248,
    "BRCPF": 0.13792506888949507,
    "LND": 0.13792506888949507,
    "ALCO": 0.1365684455608591,
    "BKFKF": 0.13630593136232125,
    "RSSFF": 0.13575786202005702,
    "LMNR": 0.13572559252107227,
    "CPKPF": 0.1348222762110218,
    "CPKPY": 0.1348222762110218,
    "FFRMF": 0.13412103021369934,
    "FLAF": 0.13407154733948226,
    "BG": 0.13364029492217808,
    "BGEPF": 0.13364029492217808,
    "OGOFF": 0.13291934822191612,
    "WFCF": 0.1299231754512878,
    "AGFS": 0.12907158905656782,
    "HBPE": 0.12772862773313118,
    "GARPF": 0.126426480005775,
    "GARPY": 0.126426480005775,
    "STNT": 0.12590464893602835,
    "STEV": 0.12589638893345054,
    "ASAGF": 0.12299205037296337,
    "GRCLF": 0.12085376645917519,
    "AQB": 0.12061481225519616,
    "LUCC": 0.119259882359064,
    "SANW": 0.11910877401047376,
    "AAGRY": 0.118960937834006,
    "HERF": 0.11659436417368411,
    "KSLLF": 0.11628280565243629,
    "TSN": 0.11609867289418979,
    "GCEH": 0.1138754444244164,
    "MHGVY": 0.11245895621706252,
    "MNHVF": 0.11245895621706252,
    "MSAH": 0.11196865439632946,
    "CALM": 0.1109146808366858,
    "VITL": 0.110771138359493,
    "ASTVF": 0.11020606387056278,
    "CLAD": 0.10914712264204589,
    "SUWN": 0.10530450795746198,
    "AASZF": 0.10135160606010486,
    "RIDYF": 0.09967292967220424,
    "URYL": 0.0972633767927789,
    "PPLFF": 0.09651802274215884,
    "ACOPF": 0.09490686955556865,
    "ACOPY": 0.09490686955556865,
    "IGPFF": 0.09402423853694879,
    "OPTHF": 0.09384352371522507,
    "PNDHF": 0.09090200030594665,
    "UMAM": 0.09012570972908501,
    "YEWB": 0.08995575838567084,
    "BIQIF": 0.08946349242545734,
    "CHYI": 0.08889586234960843,
    "CFPI": 0.0867588181149226,
    "PRCF": 0.08600495456169452,
    "UVPOF": 0.08415967011294576,
    "PME": 0.07643894315209955,
    "HLKKF": 0.07596277731830617,
    "DDEJF": 0.07042378973360287
}