{
    "CFPI": 1.0000000000000002,
    "CAOX": 0.2837224695101799,
    "AVO": 0.1780360769249314,
    "GCEH": 0.14210132283193902,
    "VFF": 0.14092295925606482,
    "UMAM": 0.13636650524145477,
    "AQB": 0.13305451627356243,
    "RSSFF": 0.12687003994649942,
    "CATN": 0.12319507067806466,
    "LMNR": 0.12028170286539705,
    "SIAF": 0.11648700698706325,
    "FFRMF": 0.1162559412625116,
    "CLAD": 0.10647938182183118,
    "FLAF": 0.10348053678380031,
    "GARPF": 0.10284376314672736,
    "GARPY": 0.10284376314672736,
    "WLMIF": 0.09873470064132503,
    "BIQIF": 0.09860886733673217,
    "WFCF": 0.09827844492071397,
    "PRCF": 0.09698957615717384,
    "URYL": 0.09598270349075842,
    "STEV": 0.09456890731129243,
    "CHSCL": 0.09358781533927707,
    "CHSCM": 0.09358781533927707,
    "CHSCN": 0.09358781533927707,
    "CHSCO": 0.09358781533927707,
    "CHSCP": 0.09358781533927707,
    "AAGRY": 0.09184170209145577,
    "INDFY": 0.09140098015264661,
    "AGRO": 0.09139472863349954,
    "UVPOF": 0.0910471305048657,
    "LUCC": 0.09068925172023179,
    "MSAH": 0.0888546845878647,
    "WLMIY": 0.08838959475090355,
    "APPH": 0.0867588181149226,
    "HBPE": 0.080021187607513,
    "HERF": 0.07935594653476201,
    "CHPFF": 0.07897215130182235,
    "FDP": 0.07815089595962038,
    "SLCJY": 0.07814297216290826,
    "IBA": 0.07729841285726514,
    "ALCO": 0.07625153384437987,
    "STNT": 0.07432026146747264,
    "URBF": 0.0740524268204174,
    "CHYI": 0.07390625718438233,
    "CMGHF": 0.07208415466353663,
    "CMGHY": 0.07208415466353663,
    "YEWB": 0.07189597988019801,
    "BRCPF": 0.07184015852956432,
    "LND": 0.07184015852956432,
    "PPLFF": 0.07039508906131103,
    "SHMP": 0.0699138807922175,
    "ADM": 0.06981813252101415,
    "ADVV": 0.06812143889013052,
    "MRVSY": 0.0679479535643014,
    "SALRF": 0.06648364322322618,
    "SALRY": 0.06648364322322618,
    "SUWN": 0.06641956648571642,
    "PNDHF": 0.06620691305300201,
    "OGOFF": 0.06568223377375622,
    "OGAA": 0.0649829363696171,
    "AGFS": 0.0642371428136353,
    "VITL": 0.06411502064110311,
    "GLGLF": 0.06264833868764379,
    "ASTVF": 0.06172822075244281,
    "DDEJF": 0.06155287931362144,
    "HERB": 0.061032697725846304,
    "TSN": 0.06091840390231669,
    "ASAGF": 0.06069993427659663,
    "BG": 0.06036125680805741,
    "BGEPF": 0.06036125680805741,
    "BKFKF": 0.05947504078983803,
    "CPKPF": 0.05920016695517129,
    "CPKPY": 0.05920016695517129,
    "MHGVY": 0.05897335007364444,
    "MNHVF": 0.05897335007364444,
    "IGPFF": 0.05895258998903155,
    "CALM": 0.058243639769141674,
    "SANW": 0.05821449423539189,
    "GRCLF": 0.05539407044737996,
    "ACOPF": 0.05417000415204949,
    "ACOPY": 0.05417000415204949,
    "TTPPF": 0.051172442861929325,
    "AASZF": 0.04864958301898434,
    "RIDYF": 0.04497341418250688,
    "OPTHF": 0.044956192595760176,
    "SGLA": 0.038385374649315185,
    "KSLLF": 0.03660685072700379,
    "HLKKF": 0.03377077048970739,
    "PME": 0.03274132843249263
}