{
    "CLAD": 1.0000000000000002,
    "CATN": 0.1985995091939064,
    "SIAF": 0.19624339937166618,
    "HERB": 0.18413418605301224,
    "HBPE": 0.17861692020859068,
    "CHSCL": 0.17834096153759257,
    "CHSCM": 0.17834096153759257,
    "CHSCN": 0.17834096153759257,
    "CHSCO": 0.17834096153759257,
    "CHSCP": 0.17834096153759257,
    "WLMIF": 0.17277192465107055,
    "SLCJY": 0.16818945999338994,
    "ADVV": 0.15770189307004973,
    "FDP": 0.15530680338813435,
    "AGRO": 0.15489638364957428,
    "OGAA": 0.15180030388987018,
    "VFF": 0.14751646263293594,
    "FFRMF": 0.14726174255488486,
    "IBA": 0.1462578070027651,
    "GARPF": 0.14366179298822995,
    "GARPY": 0.14366179298822995,
    "LUCC": 0.13920360858339453,
    "INDFY": 0.13893639033256436,
    "RSSFF": 0.13771262133184078,
    "WFCF": 0.13750532452363526,
    "CHPFF": 0.13545951731047068,
    "SANW": 0.13346410711691586,
    "CMGHF": 0.13239812881810964,
    "CMGHY": 0.13239812881810964,
    "STEV": 0.1281557373037595,
    "PPLFF": 0.12740197842300388,
    "WLMIY": 0.1273649936354701,
    "SUWN": 0.12659013158102855,
    "LMNR": 0.12623151805743313,
    "BG": 0.12605708709550523,
    "BGEPF": 0.12605708709550523,
    "TSN": 0.12199927732876566,
    "BIQIF": 0.12116006776344637,
    "IGPFF": 0.11900449127096756,
    "AQB": 0.11766086597917366,
    "ADM": 0.11590507298975841,
    "AAGRY": 0.11555618036672678,
    "PRCF": 0.11498012217375067,
    "MRVSY": 0.11357990610814828,
    "ASTVF": 0.11303172434708202,
    "CAOX": 0.11168106881011253,
    "AVO": 0.11072031479368086,
    "BRCPF": 0.11015694765324317,
    "LND": 0.11015694765324317,
    "FLAF": 0.10993418795034651,
    "ALCO": 0.10964340073716967,
    "APPH": 0.10914712264204589,
    "STNT": 0.10755992734487771,
    "CALM": 0.10719284739680203,
    "SALRF": 0.1070634287239244,
    "SALRY": 0.1070634287239244,
    "BKFKF": 0.10682916819469368,
    "CFPI": 0.10647938182183118,
    "PME": 0.10498905397840244,
    "MHGVY": 0.10460996771386978,
    "MNHVF": 0.10460996771386978,
    "AGFS": 0.10408968029881896,
    "HERF": 0.10387432140711673,
    "CPKPF": 0.10315098153871952,
    "CPKPY": 0.10315098153871952,
    "YEWB": 0.09946284024292558,
    "GRCLF": 0.09901118846750753,
    "GCEH": 0.09790418946552848,
    "PNDHF": 0.09589862536102993,
    "URBF": 0.09431209992246391,
    "OPTHF": 0.09418597545666553,
    "DDEJF": 0.0925057417572941,
    "TTPPF": 0.0894402403722445,
    "SHMP": 0.08784359806917869,
    "MSAH": 0.08551024166068369,
    "ASAGF": 0.08477816597232109,
    "SGLA": 0.0828909518863553,
    "UVPOF": 0.08124053958609667,
    "ACOPF": 0.08117036933046565,
    "ACOPY": 0.08117036933046565,
    "URYL": 0.07805278782233582,
    "RIDYF": 0.07712548897103266,
    "GLGLF": 0.07491478677674697,
    "CHYI": 0.06937447266936449,
    "AASZF": 0.06877648473849368,
    "KSLLF": 0.06816470233541344,
    "OGOFF": 0.06691791913862244,
    "UMAM": 0.06137514448487358,
    "VITL": 0.05404682712385004,
    "HLKKF": 0.039476324571124044
}