{
    "KSLLF": 1.0000000000000009,
    "CHPFF": 0.1689025749544787,
    "BG": 0.16284836963222837,
    "BGEPF": 0.16284836963222837,
    "AVO": 0.16039651109068254,
    "RSSFF": 0.15604211330627613,
    "SALRF": 0.1559365896468749,
    "SALRY": 0.1559365896468749,
    "ADM": 0.15573895287290865,
    "CHSCL": 0.15565673276268638,
    "CHSCM": 0.15565673276268638,
    "CHSCN": 0.15565673276268638,
    "CHSCO": 0.15565673276268638,
    "CHSCP": 0.15565673276268638,
    "IBA": 0.15133605514980308,
    "WLMIF": 0.14679725995441642,
    "AGRO": 0.14598463308494664,
    "TTPPF": 0.14593583978049177,
    "WFCF": 0.14320866787387848,
    "WLMIY": 0.14310264041658058,
    "SLCJY": 0.1421075885645099,
    "ASTVF": 0.14045927191010774,
    "GARPF": 0.13696917209837786,
    "GARPY": 0.13696917209837786,
    "AGFS": 0.1367440669293929,
    "SIAF": 0.13640842110190302,
    "BKFKF": 0.13503071443762996,
    "HERB": 0.13356614436770708,
    "CMGHF": 0.12960021889360612,
    "CMGHY": 0.12960021889360612,
    "CPKPF": 0.1294279005597809,
    "CPKPY": 0.1294279005597809,
    "PNDHF": 0.1284698584853882,
    "ADVV": 0.12832364196243726,
    "MRVSY": 0.1282922084351116,
    "FDP": 0.1270468482767015,
    "INDFY": 0.12333142838343444,
    "AASZF": 0.12267653413834376,
    "SHMP": 0.11998653303955173,
    "TSN": 0.1184404112135817,
    "FFRMF": 0.11782063498655539,
    "SUWN": 0.11763538589238287,
    "FLAF": 0.11690224335035192,
    "GRCLF": 0.11628765641495642,
    "APPH": 0.11628280565243629,
    "CALM": 0.11603380799161427,
    "MHGVY": 0.11466063083945041,
    "MNHVF": 0.11466063083945041,
    "OGOFF": 0.11131971090775968,
    "STEV": 0.11022507566145018,
    "LUCC": 0.10866180761459322,
    "URBF": 0.10678516038834,
    "BRCPF": 0.10563011827100716,
    "LND": 0.10563011827100716,
    "OGAA": 0.10455396700488499,
    "VFF": 0.10356312902203524,
    "MSAH": 0.10354918554468431,
    "LMNR": 0.10267405448339294,
    "ASAGF": 0.10243343236266951,
    "PME": 0.09712758972995617,
    "ALCO": 0.0968524871943274,
    "PPLFF": 0.09621338008404144,
    "GLGLF": 0.09103678606373995,
    "CATN": 0.08934019857011188,
    "GCEH": 0.08841063288131482,
    "OPTHF": 0.08812234233233447,
    "AAGRY": 0.08791124134157861,
    "SGLA": 0.08598421199532011,
    "SANW": 0.08537066052093596,
    "RIDYF": 0.0840092757041538,
    "UMAM": 0.07923312424346324,
    "AQB": 0.07849738361161966,
    "CAOX": 0.07569961173979702,
    "HBPE": 0.07307822997569115,
    "HERF": 0.07237893607227823,
    "UVPOF": 0.0695688360188117,
    "VITL": 0.06885383499954739,
    "CLAD": 0.06816470233541344,
    "IGPFF": 0.06688152911935745,
    "PRCF": 0.06264500190742327,
    "YEWB": 0.062363386798449424,
    "ACOPF": 0.06234629185132709,
    "ACOPY": 0.06234629185132709,
    "STNT": 0.058051565721518865,
    "CHYI": 0.05464905308264064,
    "BIQIF": 0.051327560639693404,
    "HLKKF": 0.0506978350266219,
    "URYL": 0.0506128858870226,
    "DDEJF": 0.04486637585443804,
    "CFPI": 0.03660685072700379
}