{
    "SLLDY": 1.0000000000000002,
    "PRU": 0.35137167671679814,
    "MFC": 0.3427269627160866,
    "MNLCF": 0.3427269627160866,
    "MET-PA": 0.33947082306524246,
    "MET-PE": 0.33947082306524246,
    "MET-PF": 0.33947082306524246,
    "MET": 0.33947082306524246,
    "PWCDF": 0.313845004036288,
    "GWLIF": 0.30480270967386514,
    "ELFIF": 0.29774308018470996,
    "PUK": 0.28668141015323434,
    "PUKPF": 0.28668141015323434,
    "AAGIY": 0.28056483981711894,
    "AAIGF": 0.28056483981711894,
    "TDHOY": 0.2778898220854966,
    "PIAIF": 0.27729570390446634,
    "PNGAY": 0.27729570390446634,
    "LNC": 0.27355389692142545,
    "CHPXF": 0.270450651228953,
    "CHPXY": 0.270450651228953,
    "UNM": 0.26842847926831787,
    "CNPAF": 0.2656600283171435,
    "CNPAY": 0.2656600283171435,
    "PRI": 0.26055947378373423,
    "IHC": 0.25981963912966943,
    "LGGNF": 0.2588486531119095,
    "LGGNY": 0.2588486531119095,
    "FFG": 0.25695070980134876,
    "CILJF": 0.2468689895575148,
    "LFC": 0.2468689895575148,
    "AAME": 0.2419239743003258,
    "CNO": 0.24146152710478433,
    "NWLI": 0.2217250687976418,
    "NWWCF": 0.22000720119395237,
    "OICT": 0.21358269179395553,
    "CIA": 0.21205090871016374,
    "PKIN": 0.2072589087905771,
    "HNRDF": 0.2064042353977596,
    "GL": 0.20165209986695187,
    "PNXGF": 0.20161259149893512,
    "GWGH": 0.19227799525864536,
    "DCNSF": 0.1919689260808241,
    "MDWT": 0.19118144207319634,
    "BHF": 0.18940548719118672,
    "BHFAN": 0.18940548719118672,
    "BHFAO": 0.18940548719118672,
    "BHFAP": 0.18940548719118672,
    "UTGN": 0.17285269025564723,
    "KCLI": 0.17268263374063986,
    "AFL": 0.16831331686760861,
    "CFIN": 0.16760333956268658,
    "GNW": 0.16636635287623927,
    "LINS": 0.15588386203687613,
    "LINSA": 0.15588386203687613,
    "AEL-PA": 0.15273295794024028,
    "AEL": 0.15273295794024028,
    "VERY": 0.11137487090285336,
    "SKRUF": 0.10963859611376175,
    "AFIPA": 0.07085860220724909,
    "JALC": 0.06392951249800019
}