{
    "AXXTF": 1.0,
    "TLK": 0.338907474179023,
    "TLKMF": 0.338907474179023,
    "SGAPY": 0.3255020083734711,
    "SNGNF": 0.3255020083734711,
    "PTXKY": 0.31789025974200563,
    "VODPF": 0.28472877679176956,
    "KT": 0.28305106995412577,
    "VOD": 0.2825936530975141,
    "PCCWY": 0.2750365524440159,
    "PCWLF": 0.2750365524440159,
    "MICCF": 0.2676534823745081,
    "TIGO": 0.2676534823745081,
    "HKTTF": 0.267135690385422,
    "HKTTY": 0.267135690385422,
    "GTMEF": 0.26182397342858804,
    "GTMEY": 0.26182397342858804,
    "BTGOF": 0.26074647357584163,
    "FNCTF": 0.2583088382636421,
    "ORAN": 0.2583088382636421,
    "VIV": 0.2574381830820247,
    "ATUS": 0.2561671396867917,
    "TEF": 0.25280878682072233,
    "TEFOF": 0.25280878682072233,
    "OIBR-C": 0.25227460234178883,
    "OIBRQ": 0.25227460234178883,
    "SCMWY": 0.24934329945974446,
    "SWZCF": 0.24934329945974446,
    "AMOV": 0.2460877193421984,
    "AMOVF": 0.2460877193421984,
    "AMX": 0.2460877193421984,
    "AMXVF": 0.2460877193421984,
    "TIAIY": 0.24491576194442957,
    "TIAJF": 0.24491576194442957,
    "TIAOF": 0.24491576194442957,
    "TIIAY": 0.24491576194442957,
    "SRHBF": 0.2445082285351494,
    "SRHBY": 0.2445082285351494,
    "PTNR": 0.24356629617123324,
    "BZQIF": 0.24170633771895114,
    "BZQIY": 0.24170633771895114,
    "TDS": 0.23986769081842682,
    "CBB": 0.23791072446895034,
    "DTEGF": 0.23784644007962055,
    "DTEGY": 0.23784644007962055,
    "TKC": 0.23689858555802032,
    "ALSK": 0.2362056436714966,
    "CHT": 0.2350990318675426,
    "TLKGY": 0.2337090973292889,
    "NZTCF": 0.2303121328980484,
    "SPKKY": 0.2303121328980484,
    "LUMN": 0.22883962749980016,
    "CLLNY": 0.22854838591856935,
    "TGRP": 0.2271211805487028,
    "SKM": 0.22664689103157873,
    "HLTOF": 0.22498963883798612,
    "HLTOY": 0.22498963883798612,
    "BGAOF": 0.2239910931932477,
    "BGAOY": 0.2239910931932477,
    "KKPNF": 0.2226725434469394,
    "KKPNY": 0.2226725434469394,
    "VDMCY": 0.2225551288856246,
    "VODAF": 0.2225551288856246,
    "SFBQF": 0.22080245551065994,
    "SOBKY": 0.22080245551065994,
    "AVIFY": 0.21993917245501185,
    "AVIVF": 0.21993917245501185,
    "T": 0.21740600614699832,
    "TLSYY": 0.21643884652873546,
    "TTRAF": 0.21643884652873546,
    "PHI": 0.2158032357783668,
    "PHTCF": 0.2158032357783668,
    "TLGHF": 0.21359221913980506,
    "TLGHY": 0.21359221913980506,
    "ELMUF": 0.21263054938995374,
    "RCI": 0.21203518251728742,
    "RCIAF": 0.21203518251728742,
    "VEON": 0.21053224987769015,
    "NPPXF": 0.2098460595524791,
    "NTTYY": 0.2098460595524791,
    "CELJF": 0.207899231433396,
    "KTEL": 0.20536898224074812,
    "CNSL": 0.2052934905680756,
    "MDGC": 0.20436918925537045,
    "CABO": 0.20369857599148125,
    "TKAGY": 0.20320653711171388,
    "TELNF": 0.2028679489098058,
    "TELNY": 0.2028679489098058,
    "SIFY": 0.20169662480351105,
    "CVHSY": 0.2015592373620791,
    "TLTZF": 0.199844560681996,
    "TLTZY": 0.199844560681996,
    "QBCRF": 0.19982593364014076,
    "INTEQ": 0.1975430315184892,
    "COMS": 0.1974639307827694,
    "ROSYY": 0.19660907593242855,
    "VZ": 0.1965593198697516,
    "GMOYF": 0.19300749979415865,
    "LILA": 0.19178204942123178,
    "LILAK": 0.19178204942123178,
    "CVST": 0.19059748577870725,
    "RBBN": 0.18634607249272542,
    "SFTBF": 0.18582887373862353,
    "SFTBY": 0.18582887373862353,
    "KDDIF": 0.18409833197008135,
    "KDDIY": 0.18409833197008135,
    "BCOMF": 0.18343342248616387,
    "GSAT": 0.1829455471696361,
    "ASEJF": 0.18027037460258266,
    "MTNOF": 0.17964508049017866,
    "MTNOY": 0.17964508049017866,
    "UDIRF": 0.17891523355889033,
    "GZIC": 0.17813622385231623,
    "MTSL": 0.1779531554080872,
    "IRDM": 0.17794399065840372,
    "ATNI": 0.17717987006896402,
    "CXDO": 0.17686245098914782,
    "TEO": 0.17619018076030185,
    "LORL": 0.17495331123196278,
    "FNGWF": 0.17436170532641257,
    "BCE": 0.17270358936935504,
    "BCEFF": 0.17270358936935504,
    "BCEPF": 0.17270358936935504,
    "BECEF": 0.17270358936935504,
    "HTCTF": 0.17219389810783908,
    "HUTCY": 0.17219389810783908,
    "USM": 0.1711129136704158,
    "GTT": 0.17086405970234864,
    "TELDF": 0.17047342180732158,
    "SITOQ": 0.17034201563688575,
    "UCL": 0.1694513563350356,
    "MTENY": 0.168100383344071,
    "TU": 0.16757798350179143,
    "IDCC": 0.16656379718313233,
    "IIJIY": 0.16539067104357041,
    "CCOI": 0.1646650232532098,
    "MYTAY": 0.16345678599967997,
    "TMUS": 0.16261640015222295,
    "LMGHF": 0.16131394578026528,
    "IQST": 0.15914649622793786,
    "UAMA": 0.1577673592653779,
    "AIRO": 0.15652496401678612,
    "SGRB": 0.15397075396660023,
    "TRKNY": 0.15313412988436284,
    "CHRYY": 0.1524035082008312,
    "BZTG": 0.15231125469327994,
    "DTGI": 0.15210444796075823,
    "VSRV": 0.15178676912301578,
    "MBT": 0.1514428113085234,
    "NUVR": 0.15134830980890437,
    "IGLDF": 0.1495205372090383,
    "WOWI": 0.14866832726572787,
    "UCCPF": 0.14737003753919573,
    "SHEN": 0.1469972670917272,
    "CGEAF": 0.14679890013820926,
    "GAMCF": 0.14637517886142218,
    "WIFI": 0.14493711814346183,
    "LICT": 0.14448757019096026,
    "VVDB": 0.14344903656653157,
    "HCHC": 0.14176577215579791,
    "ORBC": 0.1413335962164149,
    "TACYY": 0.14049019745834002,
    "SMCE": 0.13874149884275022,
    "IDT": 0.13710973191107192,
    "CWIR": 0.1352231463061068,
    "ARTM": 0.13202929546312356,
    "STCO": 0.1299284979488834,
    "ICOA": 0.12949124348437777,
    "FULO": 0.12861428115091897,
    "TLSNF": 0.1281528465744978,
    "TLSNY": 0.1281528465744978,
    "VG": 0.12790880527842688,
    "IOTC": 0.12750530217352912,
    "QBAN": 0.12584277975516137,
    "TIMB": 0.12566888530896908,
    "AXLX": 0.12481345165880858,
    "HMMR": 0.1245034677083518,
    "FUIG": 0.12356780202114089,
    "ANTE": 0.12301900842197047,
    "ALVRQ": 0.12056715253867213,
    "SPOK": 0.11749742880258858,
    "IMTO": 0.11747668330645727,
    "WWRL": 0.11739204507118887,
    "OOMA": 0.11673196177259323,
    "CHWRF": 0.11652429944111976,
    "FYBR": 0.11448849895448553,
    "SJR": 0.11373664888168596,
    "ILIAF": 0.11258171844698808,
    "ILIAY": 0.11258171844698808,
    "TWER": 0.11205317527557061,
    "VPLM": 0.11063940266216982,
    "ICNM": 0.11036298099637538,
    "PTFRY": 0.10979248570180648,
    "GOGO": 0.10846801116839141,
    "FRTN": 0.1082759569090719,
    "CPROF": 0.10817920534490467,
    "ATEX": 0.10642588037269321,
    "INVT": 0.1042579231301947,
    "TLLEQ": 0.10379982777720699,
    "TVCE": 0.10338134378789751,
    "CWTC": 0.10179162158702376,
    "KLR": 0.10095321374496348,
    "PHRZF": 0.099664848315596,
    "MDTC": 0.09907402693661944,
    "FRMB": 0.09880291779951163,
    "LLEIF": 0.09535803056796589,
    "ZM": 0.09410193127865893,
    "MXMTY": 0.08925826906050699,
    "AFFU": 0.08880725027346394,
    "TOWTF": 0.08808120320377992,
    "FNGR": 0.08758134175121593,
    "RDCM": 0.08692931192964483,
    "PTEL": 0.08625106329776201,
    "VSST": 0.07988239619635405,
    "NWTT": 0.07929827161296106,
    "IPKL": 0.07893519210083791,
    "CCAJ": 0.07759210390269443,
    "ABWN": 0.07691575732443172,
    "KKKUF": 0.07325672571641852,
    "RADI": 0.07318181035707363,
    "PHBR": 0.07303145307195368,
    "SCIXF": 0.07255919048620113,
    "TSSLF": 0.07088258420202492,
    "QNXC": 0.07017254876530588,
    "ASGXF": 0.06830480535795484,
    "WQNI": 0.06813663551682261,
    "TLFX": 0.067745355784701,
    "SMNUF": 0.06496472000776936,
    "ASTS": 0.06450028959738886,
    "ZIPL": 0.06133790142536886,
    "ACCR": 0.04629976671527322,
    "TAPP": 0.04059789053711679
}