{
    "INTEQ": 1.0000000000000002,
    "LORL": 0.46013808820078395,
    "AMOV": 0.38170598457647487,
    "AMOVF": 0.38170598457647487,
    "AMX": 0.38170598457647487,
    "AMXVF": 0.38170598457647487,
    "PCCWY": 0.38154271664786016,
    "PCWLF": 0.38154271664786016,
    "ASEJF": 0.3776721199427566,
    "BZQIF": 0.3666069977015375,
    "BZQIY": 0.3666069977015375,
    "NPPXF": 0.3639466420527932,
    "NTTYY": 0.3639466420527932,
    "KT": 0.36057389439775284,
    "ATUS": 0.3535750492111131,
    "SGAPY": 0.35129616099583694,
    "SNGNF": 0.35129616099583694,
    "VIV": 0.3506106164716468,
    "TLKGY": 0.3473463425507928,
    "DTEGF": 0.34668642109815495,
    "DTEGY": 0.34668642109815495,
    "SCMWY": 0.3453428056022928,
    "SWZCF": 0.3453428056022928,
    "TIAIY": 0.34502187013198027,
    "TIAJF": 0.34502187013198027,
    "TIAOF": 0.34502187013198027,
    "TIIAY": 0.34502187013198027,
    "VODPF": 0.34317430802052523,
    "LUMN": 0.34137027067977654,
    "IRDM": 0.34104337192650475,
    "GTMEF": 0.34102781049847725,
    "GTMEY": 0.34102781049847725,
    "VOD": 0.34060091307052964,
    "CCOI": 0.3377847872057886,
    "PTNR": 0.3332197313956967,
    "FNCTF": 0.3317587331331886,
    "ORAN": 0.3317587331331886,
    "TEF": 0.3313774059998394,
    "TEFOF": 0.3313774059998394,
    "TLK": 0.331367309473852,
    "TLKMF": 0.331367309473852,
    "CLLNY": 0.3284126955714254,
    "MDGC": 0.32782025249332275,
    "HKTTF": 0.32511537904553267,
    "HKTTY": 0.32511537904553267,
    "SFBQF": 0.3231907696097631,
    "SOBKY": 0.3231907696097631,
    "CBB": 0.32182604564415557,
    "AVIFY": 0.32084546821040266,
    "AVIVF": 0.32084546821040266,
    "ORBC": 0.3194621235340166,
    "BTGOF": 0.31848007817421986,
    "OIBR-C": 0.31797374592024774,
    "OIBRQ": 0.31797374592024774,
    "TELNF": 0.31281589098919926,
    "TELNY": 0.31281589098919926,
    "PHI": 0.3119831940498318,
    "PHTCF": 0.3119831940498318,
    "CHT": 0.3086613081388472,
    "CNSL": 0.3062369534502749,
    "GSAT": 0.3026523488132888,
    "VDMCY": 0.3019370080652733,
    "VODAF": 0.3019370080652733,
    "MICCF": 0.30170624004135566,
    "TIGO": 0.30170624004135566,
    "KKPNF": 0.3012853976344109,
    "KKPNY": 0.3012853976344109,
    "SRHBF": 0.30058363119108944,
    "SRHBY": 0.30058363119108944,
    "ALSK": 0.2990101100367046,
    "TDS": 0.2922798560765204,
    "SIFY": 0.29084093076804596,
    "BCOMF": 0.290257554325698,
    "GTT": 0.2898971501818006,
    "TLSYY": 0.2862401310027953,
    "TTRAF": 0.2862401310027953,
    "SKM": 0.2861296343447605,
    "KDDIF": 0.28415894582754586,
    "KDDIY": 0.28415894582754586,
    "VZ": 0.28413044823459077,
    "CELJF": 0.2808833419773953,
    "KTEL": 0.2801977404117373,
    "CVST": 0.2784064055602226,
    "IIJIY": 0.27569681187962153,
    "VEON": 0.27108766560398945,
    "IGLDF": 0.2681711357194243,
    "BGAOF": 0.2643394322467301,
    "BGAOY": 0.2643394322467301,
    "GMOYF": 0.264103179053082,
    "T": 0.2632972265545469,
    "HLTOF": 0.2621365962853411,
    "HLTOY": 0.2621365962853411,
    "TEO": 0.2616651833529766,
    "NZTCF": 0.26140938351113363,
    "SPKKY": 0.26140938351113363,
    "COMS": 0.25771429480218405,
    "CABO": 0.2538803868943802,
    "GAMCF": 0.25336755647661185,
    "RCI": 0.2511343260911933,
    "RCIAF": 0.2511343260911933,
    "ATNI": 0.24991284536906785,
    "NUVR": 0.24935826567767214,
    "TLLEQ": 0.24898655396498282,
    "WIFI": 0.24837992921181676,
    "LILA": 0.24521468176701036,
    "LILAK": 0.24521468176701036,
    "TLTZF": 0.2413147377612942,
    "TLTZY": 0.2413147377612942,
    "TKAGY": 0.2400779007854479,
    "VSRV": 0.23986717442731667,
    "RBBN": 0.23959857567248177,
    "MTSL": 0.23930748571729318,
    "TMUS": 0.23750403838680034,
    "ELMUF": 0.23705723166612425,
    "USM": 0.236933313204506,
    "QBCRF": 0.2366329600034426,
    "TRKNY": 0.23485324234799634,
    "TACYY": 0.23216217659458682,
    "SITOQ": 0.23203399571807506,
    "SHEN": 0.23148432845503344,
    "TU": 0.2311317633892278,
    "CXDO": 0.23107657376865912,
    "TWER": 0.23007884923379177,
    "BCE": 0.22978663237076422,
    "BCEFF": 0.22978663237076422,
    "BCEPF": 0.22978663237076422,
    "BECEF": 0.22978663237076422,
    "TLGHF": 0.22612470776146856,
    "TLGHY": 0.22612470776146856,
    "MTENY": 0.2253904668653517,
    "UDIRF": 0.22388707648903775,
    "CWIR": 0.22175726376680788,
    "CVHSY": 0.22156312118333926,
    "MYTAY": 0.2203714452795705,
    "GZIC": 0.2185100072277885,
    "CGEAF": 0.21840509798504407,
    "IDCC": 0.2178275558197725,
    "IDT": 0.21747396668225097,
    "GOGO": 0.21555864477231157,
    "AIRO": 0.21390961775934045,
    "FNGWF": 0.2138711874287841,
    "SGRB": 0.20960983511507691,
    "ROSYY": 0.2042371138846966,
    "VVDB": 0.200281481006136,
    "HTCTF": 0.1998018353562101,
    "HUTCY": 0.1998018353562101,
    "UCL": 0.19897655944856812,
    "LICT": 0.1983791543973241,
    "AXXTF": 0.1975430315184892,
    "SFTBF": 0.1973978387253774,
    "SFTBY": 0.1973978387253774,
    "HMMR": 0.19595470164385878,
    "PTXKY": 0.1957971607820065,
    "MBT": 0.19466788005830457,
    "MTNOF": 0.19413945767311952,
    "MTNOY": 0.19413945767311952,
    "TKC": 0.1940825256547593,
    "WOWI": 0.19277949357772137,
    "TIMB": 0.19261874654913105,
    "ASGXF": 0.19129388101905173,
    "ICOA": 0.1903831359466489,
    "DTGI": 0.19009948708163765,
    "HCHC": 0.1897488853753865,
    "IQST": 0.18917574728523243,
    "WWRL": 0.18722865965135682,
    "IMTO": 0.18710740449441052,
    "SJR": 0.18658016450462545,
    "TELDF": 0.18601864005321755,
    "MXMTY": 0.18465077771277882,
    "FULO": 0.18283547541887696,
    "AXLX": 0.18247117156682782,
    "IOTC": 0.18117061510242724,
    "CHWRF": 0.18057828808320056,
    "STCO": 0.17945816985836863,
    "ICNM": 0.17406971065388,
    "ALVRQ": 0.17329566196484514,
    "FUIG": 0.17298630210710864,
    "ASTS": 0.1713965054738029,
    "TOWTF": 0.1705469463409968,
    "CHRYY": 0.17050731132583388,
    "UAMA": 0.16916295622774613,
    "BZTG": 0.16909419814062765,
    "ARTM": 0.1682410979913364,
    "VG": 0.164270785595574,
    "PTFRY": 0.16378446086197598,
    "LMGHF": 0.16365255888744162,
    "SPOK": 0.15920641709038508,
    "LLEIF": 0.15867580555405758,
    "MDTC": 0.15654711914838,
    "CPROF": 0.15375054648265532,
    "VPLM": 0.1507877257251694,
    "ABWN": 0.15052128119941047,
    "KLR": 0.14955013015069724,
    "TGRP": 0.14684963430082248,
    "OOMA": 0.14508732455553067,
    "UCCPF": 0.14377132714015708,
    "ZM": 0.1431166896471514,
    "RADI": 0.14260932245340058,
    "ILIAF": 0.14219405464546614,
    "ILIAY": 0.14219405464546614,
    "SMCE": 0.1390447023905721,
    "ZIPL": 0.13679385770686878,
    "ANTE": 0.13550059559295438,
    "FRTN": 0.13420600324596552,
    "FRMB": 0.1339857456344374,
    "RDCM": 0.13008947890752642,
    "FYBR": 0.12901095825539197,
    "ATEX": 0.12868815424822302,
    "INVT": 0.1284675287586656,
    "AFFU": 0.12819452976860896,
    "TLSNF": 0.1263346808255565,
    "TLSNY": 0.1263346808255565,
    "IPKL": 0.12413786745541501,
    "PTEL": 0.12251805292795637,
    "TSSLF": 0.12050910269555902,
    "TVCE": 0.1202532632382433,
    "KKKUF": 0.11091373485133009,
    "SCIXF": 0.1108623234930395,
    "SMNUF": 0.10830317541239318,
    "CWTC": 0.10623159497172295,
    "QBAN": 0.10462011374065658,
    "VSST": 0.10452029029851338,
    "CCAJ": 0.10035345453760804,
    "PHRZF": 0.09882674762745168,
    "QNXC": 0.09627100545290367,
    "NWTT": 0.09544959239491757,
    "PHBR": 0.08358175101098494,
    "TLFX": 0.0824821787302681,
    "WQNI": 0.08098814456834774,
    "FNGR": 0.0777453854952393,
    "TAPP": 0.07151932417467598,
    "ACCR": 0.06126479878882623
}