{
    "PTEL": 1.0000000000000002,
    "NWTT": 0.17282503578092273,
    "TLK": 0.15367509761255058,
    "TLKMF": 0.15367509761255058,
    "SGAPY": 0.15125543910017752,
    "SNGNF": 0.15125543910017752,
    "BZQIF": 0.14159445482604652,
    "BZQIY": 0.14159445482604652,
    "LUMN": 0.13810186626162232,
    "ALSK": 0.13796734560217488,
    "ATUS": 0.13401456350524274,
    "FNCTF": 0.13355347152943084,
    "ORAN": 0.13355347152943084,
    "PCCWY": 0.1317913105971799,
    "PCWLF": 0.1317913105971799,
    "CCOI": 0.13034325318080855,
    "AMOV": 0.12977677261123258,
    "AMOVF": 0.12977677261123258,
    "AMX": 0.12977677261123258,
    "AMXVF": 0.12977677261123258,
    "HLTOF": 0.12876120911032946,
    "HLTOY": 0.12876120911032946,
    "VZ": 0.12848216947569432,
    "CBB": 0.12762982804498677,
    "SCMWY": 0.1273457748599537,
    "SWZCF": 0.1273457748599537,
    "TACYY": 0.12495860979713158,
    "OIBR-C": 0.12490279040188214,
    "OIBRQ": 0.12490279040188214,
    "DTEGF": 0.12416283737341775,
    "DTEGY": 0.12416283737341775,
    "VODPF": 0.12381932183428143,
    "NZTCF": 0.12310377734724248,
    "SPKKY": 0.12310377734724248,
    "HKTTF": 0.12297519941585747,
    "HKTTY": 0.12297519941585747,
    "VOD": 0.12289082570251048,
    "INTEQ": 0.12251805292795637,
    "WIFI": 0.12090224258093807,
    "T": 0.11857521795428072,
    "TEF": 0.11822516620066002,
    "TEFOF": 0.11822516620066002,
    "TDS": 0.11789221788128092,
    "GSAT": 0.11780151481539225,
    "VIV": 0.11752017669614215,
    "NPPXF": 0.11734608581865331,
    "NTTYY": 0.11734608581865331,
    "PTNR": 0.11657894822937111,
    "KT": 0.11611996538067362,
    "NUVR": 0.11533487318688168,
    "TRKNY": 0.11524575613349053,
    "RCI": 0.1143346929585132,
    "RCIAF": 0.1143346929585132,
    "GTMEF": 0.11431645400226045,
    "GTMEY": 0.11431645400226045,
    "CVST": 0.11430057196015211,
    "TIAIY": 0.11424150555522342,
    "TIAJF": 0.11424150555522342,
    "TIAOF": 0.11424150555522342,
    "TIIAY": 0.11424150555522342,
    "CHT": 0.11319585909734557,
    "IQST": 0.11304609949256139,
    "PHI": 0.11102924306424179,
    "PHTCF": 0.11102924306424179,
    "TLKGY": 0.11087183890218087,
    "BCOMF": 0.1107151441683046,
    "VDMCY": 0.110535822313784,
    "VODAF": 0.110535822313784,
    "AVIFY": 0.11015611557559628,
    "AVIVF": 0.11015611557559628,
    "MICCF": 0.10956647126261934,
    "TIGO": 0.10956647126261934,
    "SRHBF": 0.10953433902135351,
    "SRHBY": 0.10953433902135351,
    "LORL": 0.10831521344066784,
    "BTGOF": 0.10827982839194668,
    "GTT": 0.10761109254428147,
    "MBT": 0.10721411218437624,
    "CNSL": 0.10602805600421869,
    "CLLNY": 0.10600975277026406,
    "SIFY": 0.10519569719794997,
    "TELNF": 0.10390659389026359,
    "TELNY": 0.10390659389026359,
    "CELJF": 0.1036057959989751,
    "BGAOF": 0.10316780604491113,
    "BGAOY": 0.10316780604491113,
    "MTENY": 0.10256372982912489,
    "ASEJF": 0.102088657598303,
    "VEON": 0.10199825730248799,
    "SKM": 0.10110135592368434,
    "KKPNF": 0.10094857968866197,
    "KKPNY": 0.10094857968866197,
    "TLSYY": 0.1008022865989702,
    "TTRAF": 0.1008022865989702,
    "VSRV": 0.100709547506753,
    "KTEL": 0.10039880302672777,
    "LMGHF": 0.09965992940552681,
    "DTGI": 0.09960211406996736,
    "TAPP": 0.09857568051799398,
    "RBBN": 0.09799594945837363,
    "SFBQF": 0.0978560101166368,
    "SOBKY": 0.0978560101166368,
    "CWIR": 0.09756857558413215,
    "MDGC": 0.09707847518661268,
    "USM": 0.09693002667209484,
    "ICOA": 0.09681962245272875,
    "ELMUF": 0.0966094228271743,
    "AFFU": 0.09620228663701288,
    "GMOYF": 0.09575153138164633,
    "KDDIF": 0.09518221346692753,
    "KDDIY": 0.09518221346692753,
    "QBCRF": 0.09514999933017015,
    "HCHC": 0.09474720427786713,
    "CABO": 0.09424016577387376,
    "UDIRF": 0.09410116218815151,
    "SITOQ": 0.09398725368888251,
    "ATNI": 0.0937539446430626,
    "TMUS": 0.09310694299777905,
    "TEO": 0.09247027385247575,
    "AIRO": 0.09232955908942567,
    "MTSL": 0.09210054513296809,
    "CGEAF": 0.0918099796480354,
    "IRDM": 0.09142910208197698,
    "ORBC": 0.09102971130208876,
    "CHRYY": 0.0897483913698638,
    "WOWI": 0.08921673081644352,
    "TLTZF": 0.0887235259881925,
    "TLTZY": 0.0887235259881925,
    "MYTAY": 0.0883991373648598,
    "IIJIY": 0.08838195922336957,
    "BCE": 0.08824760403943782,
    "BCEFF": 0.08824760403943782,
    "BCEPF": 0.08824760403943782,
    "BECEF": 0.08824760403943782,
    "LILA": 0.08798078555264369,
    "LILAK": 0.08798078555264369,
    "SPOK": 0.0872028924506343,
    "CVHSY": 0.08643799724122452,
    "TKC": 0.08631669230095622,
    "AXXTF": 0.08625106329776201,
    "INVT": 0.08531706798811833,
    "CXDO": 0.08416540097213905,
    "IMTO": 0.0837252839239643,
    "TKAGY": 0.08319255610008547,
    "CWTC": 0.08311929317654664,
    "BZTG": 0.082887811815998,
    "LLEIF": 0.08277154411361416,
    "FRMB": 0.08214335438314466,
    "FNGR": 0.08204975207387569,
    "UCCPF": 0.08187777521263964,
    "TU": 0.0818136058664378,
    "ATEX": 0.08176747435161896,
    "FNGWF": 0.08159729497000226,
    "TIMB": 0.08030632786493733,
    "IGLDF": 0.08024018546039893,
    "FULO": 0.0801819997756142,
    "IOTC": 0.07990573626166611,
    "TLLEQ": 0.07906792547739373,
    "STCO": 0.07844104014458428,
    "ICNM": 0.07798411060601022,
    "TLGHF": 0.07793752444268529,
    "TLGHY": 0.07793752444268529,
    "AXLX": 0.07791088840328834,
    "UAMA": 0.07754335181911631,
    "CPROF": 0.07739842786864982,
    "CCAJ": 0.07736860933239578,
    "GAMCF": 0.076604574499761,
    "VG": 0.07654687189330395,
    "FYBR": 0.0763288134361797,
    "SFTBF": 0.0761305082040355,
    "SFTBY": 0.0761305082040355,
    "FRTN": 0.07522511706675039,
    "WWRL": 0.07507674007484257,
    "TELDF": 0.07488685185086694,
    "RADI": 0.0747905162867465,
    "ARTM": 0.07415494258981832,
    "LICT": 0.07415152234972353,
    "IDCC": 0.07385968225258657,
    "WQNI": 0.0733235171942524,
    "GZIC": 0.07330765429374289,
    "UCL": 0.0729637260625885,
    "HTCTF": 0.07283274452208362,
    "HUTCY": 0.07283274452208362,
    "TWER": 0.07231264095315901,
    "COMS": 0.07206329005161878,
    "MXMTY": 0.07149885798937801,
    "PTXKY": 0.07145074099117496,
    "TGRP": 0.07136509409924396,
    "MDTC": 0.07123470147142417,
    "HMMR": 0.07004461144374342,
    "MTNOF": 0.06970377991465034,
    "MTNOY": 0.06970377991465034,
    "SJR": 0.06968452185865172,
    "SHEN": 0.0692717280510044,
    "VPLM": 0.06909013254385579,
    "SGRB": 0.06879241785025703,
    "VVDB": 0.06745093435374364,
    "CHWRF": 0.06692026900165653,
    "SMCE": 0.06621908881291369,
    "KLR": 0.06600526981194706,
    "FUIG": 0.06575159139624018,
    "ANTE": 0.06544677563239115,
    "IDT": 0.06450936141026965,
    "ALVRQ": 0.06405440066597187,
    "RDCM": 0.0633810529499104,
    "TLSNF": 0.06297703401336076,
    "TLSNY": 0.06297703401336076,
    "QNXC": 0.061336866747303515,
    "GOGO": 0.059962505238081804,
    "ACCR": 0.05853325877342383,
    "ILIAF": 0.05834942999818829,
    "ILIAY": 0.05834942999818829,
    "VSST": 0.05738027867150894,
    "TOWTF": 0.05623633369906692,
    "ROSYY": 0.056143639551736374,
    "TLFX": 0.053773847812880374,
    "ZIPL": 0.052742847566719216,
    "ZM": 0.05257411401901904,
    "PHBR": 0.05217731107962455,
    "SMNUF": 0.05205674978853455,
    "TVCE": 0.051915700848997444,
    "QBAN": 0.05088473651107232,
    "OOMA": 0.05075721992053251,
    "PTFRY": 0.048976778939708664,
    "ABWN": 0.04565768037593387,
    "IPKL": 0.045526707339626875,
    "ASTS": 0.04549538307389711,
    "TSSLF": 0.041000615022637805,
    "KKKUF": 0.040435527854214295,
    "SCIXF": 0.03905662296153848,
    "PHRZF": 0.0362408543480093,
    "ASGXF": 0.028592772570359082
}