{
    "PTNR": 1.0,
    "CELJF": 0.6128547426402898,
    "BZQIF": 0.5307672542847464,
    "BZQIY": 0.5307672542847464,
    "TLKGY": 0.5060659529341485,
    "VIV": 0.47128264318849916,
    "AMOV": 0.46880678909421836,
    "AMOVF": 0.46880678909421836,
    "AMX": 0.46880678909421836,
    "AMXVF": 0.46880678909421836,
    "PCCWY": 0.4546134798252845,
    "PCWLF": 0.4546134798252845,
    "FNCTF": 0.45162904371089585,
    "ORAN": 0.45162904371089585,
    "SKM": 0.44812325493927996,
    "GTMEF": 0.43504234578532713,
    "GTMEY": 0.43504234578532713,
    "KT": 0.43501349211430396,
    "TEF": 0.43373537964017145,
    "TEFOF": 0.43373537964017145,
    "LUMN": 0.4288164717459908,
    "SCMWY": 0.4286185770750698,
    "SWZCF": 0.4286185770750698,
    "ATUS": 0.4278600057764315,
    "CHT": 0.42510938757259037,
    "TLK": 0.4221306886790368,
    "TLKMF": 0.4221306886790368,
    "VODPF": 0.4125947983681079,
    "VOD": 0.40950083315655306,
    "CBB": 0.4093854380184907,
    "NPPXF": 0.4057373899505642,
    "NTTYY": 0.4057373899505642,
    "KTEL": 0.4026607439403093,
    "SGAPY": 0.40254085176651305,
    "SNGNF": 0.40254085176651305,
    "AVIFY": 0.3986006286342467,
    "AVIVF": 0.3986006286342467,
    "TDS": 0.39849828037526663,
    "TIAIY": 0.39535697706151113,
    "TIAJF": 0.39535697706151113,
    "TIAOF": 0.39535697706151113,
    "TIIAY": 0.39535697706151113,
    "PHI": 0.39403206529181894,
    "PHTCF": 0.39403206529181894,
    "MICCF": 0.38831223957280364,
    "TIGO": 0.38831223957280364,
    "DTEGF": 0.3851614306943253,
    "DTEGY": 0.3851614306943253,
    "SRHBF": 0.384917810775672,
    "SRHBY": 0.384917810775672,
    "USM": 0.3822058018223552,
    "OIBR-C": 0.3816779059132581,
    "OIBRQ": 0.3816779059132581,
    "TELNF": 0.3806058456942164,
    "TELNY": 0.3806058456942164,
    "CNSL": 0.37944217471255554,
    "HKTTF": 0.37222821628615455,
    "HKTTY": 0.37222821628615455,
    "VZ": 0.36845474024837305,
    "BCOMF": 0.3681767428462288,
    "VEON": 0.36563871264404113,
    "SIFY": 0.3610153844701463,
    "ALSK": 0.3523461226263566,
    "TLTZF": 0.35101045543871234,
    "TLTZY": 0.35101045543871234,
    "RCI": 0.34992657913669534,
    "RCIAF": 0.34992657913669534,
    "KKPNF": 0.349238408680817,
    "KKPNY": 0.349238408680817,
    "TEO": 0.349157126275995,
    "TLSYY": 0.3474331339024086,
    "TTRAF": 0.3474331339024086,
    "SFBQF": 0.34545759237667434,
    "SOBKY": 0.34545759237667434,
    "CLLNY": 0.3446327555157404,
    "T": 0.339559216531103,
    "IIJIY": 0.33887860415857146,
    "VDMCY": 0.3346598391161873,
    "VODAF": 0.3346598391161873,
    "INTEQ": 0.3332197313956967,
    "CVST": 0.332322709959259,
    "CVHSY": 0.3313890371713402,
    "MDGC": 0.3305242461824247,
    "IRDM": 0.327276614309773,
    "GSAT": 0.32416028646055944,
    "IGLDF": 0.3232538186995471,
    "GTT": 0.3215427969310989,
    "CABO": 0.32051645345056556,
    "KDDIF": 0.31601416862996473,
    "KDDIY": 0.31601416862996473,
    "UDIRF": 0.3133713669646828,
    "IDCC": 0.3125737372314482,
    "BTGOF": 0.31196163687464684,
    "TKAGY": 0.3113671856179571,
    "MTENY": 0.30747313213841276,
    "SCIXF": 0.30091754057343034,
    "NUVR": 0.3003288955372842,
    "GMOYF": 0.29727845905780553,
    "TLGHF": 0.2967541159990765,
    "TLGHY": 0.2967541159990765,
    "COMS": 0.2935224393533879,
    "MYTAY": 0.2928715989880815,
    "LORL": 0.2927254557151582,
    "BGAOF": 0.2927129420057747,
    "BGAOY": 0.2927129420057747,
    "TMUS": 0.2908360140305472,
    "LILA": 0.2907361312007515,
    "LILAK": 0.2907361312007515,
    "NZTCF": 0.29064458668335347,
    "SPKKY": 0.29064458668335347,
    "MTSL": 0.28850093494653345,
    "TLLEQ": 0.28787784023349744,
    "HLTOF": 0.2877781942258239,
    "HLTOY": 0.2877781942258239,
    "ORBC": 0.28580535333243723,
    "RBBN": 0.28517594703218174,
    "QBCRF": 0.27896661336604506,
    "PTXKY": 0.275231316285825,
    "ELMUF": 0.2743444975763354,
    "CCOI": 0.2733906736705437,
    "ATNI": 0.27291333436783694,
    "GAMCF": 0.26701504565411194,
    "CXDO": 0.26599437808311893,
    "CGEAF": 0.26472742664616883,
    "BCE": 0.264469498025063,
    "BCEFF": 0.264469498025063,
    "BCEPF": 0.264469498025063,
    "BECEF": 0.264469498025063,
    "FNGWF": 0.2636121202895769,
    "MBT": 0.2607663411191934,
    "TU": 0.2585562545796578,
    "TKC": 0.25733978792222933,
    "MTNOF": 0.2558492509892542,
    "MTNOY": 0.2558492509892542,
    "TRKNY": 0.25366025376006684,
    "SGRB": 0.2527881063736836,
    "WIFI": 0.2525875367235126,
    "SFTBF": 0.25208417966901586,
    "SFTBY": 0.25208417966901586,
    "TACYY": 0.25072858585224217,
    "ASEJF": 0.2492256666127233,
    "GZIC": 0.2460321916369814,
    "DTGI": 0.24490794383425918,
    "AXXTF": 0.24356629617123324,
    "CWIR": 0.23608704742825568,
    "HTCTF": 0.2360322168373003,
    "HUTCY": 0.2360322168373003,
    "UCL": 0.23542084401159855,
    "LICT": 0.2322818362700698,
    "IMTO": 0.23135118210948002,
    "CHRYY": 0.22898302115609126,
    "IQST": 0.22893405427419017,
    "IDT": 0.22892172574284592,
    "SHEN": 0.22627919377520894,
    "ROSYY": 0.22569992473605563,
    "HCHC": 0.22295483234223543,
    "AIRO": 0.22114935299037142,
    "TELDF": 0.2202636640995537,
    "BZTG": 0.21701052638291612,
    "CPROF": 0.21407431153915504,
    "TIMB": 0.21352858280125558,
    "WOWI": 0.2110860849896577,
    "ICOA": 0.2107477379005517,
    "VSRV": 0.2065637444970257,
    "HMMR": 0.20224790494575623,
    "VG": 0.20068529622642073,
    "AXLX": 0.1984078350313904,
    "ALVRQ": 0.19770968661478094,
    "VVDB": 0.196967226767638,
    "UCCPF": 0.19607911546167198,
    "FUIG": 0.1913717751550877,
    "LMGHF": 0.1883300453238257,
    "SITOQ": 0.18759697076182247,
    "STCO": 0.18536217114165843,
    "TWER": 0.18497257611616122,
    "UAMA": 0.18465849751248908,
    "FULO": 0.18324749291041315,
    "QBAN": 0.18209991062367384,
    "WWRL": 0.1809599426754785,
    "OOMA": 0.18095182234742233,
    "CHWRF": 0.1779067203214762,
    "ICNM": 0.17619196376908194,
    "LLEIF": 0.17597846071280607,
    "TGRP": 0.1756842077133295,
    "VPLM": 0.17311818987514976,
    "MXMTY": 0.17283561211503232,
    "IOTC": 0.17270196723032272,
    "SPOK": 0.17259377616456362,
    "ARTM": 0.17092046286536458,
    "RDCM": 0.17059948076602732,
    "PTFRY": 0.1705559968284341,
    "SJR": 0.16804168235065162,
    "ILIAF": 0.1626140577531044,
    "ILIAY": 0.1626140577531044,
    "MDTC": 0.15849723314163408,
    "TLSNF": 0.1550518133950922,
    "TLSNY": 0.1550518133950922,
    "VSST": 0.15137544401330022,
    "TVCE": 0.15078721400345213,
    "SMCE": 0.14780636767781077,
    "GOGO": 0.14740746694664217,
    "FRTN": 0.1448374572087871,
    "FYBR": 0.14389855901199794,
    "ANTE": 0.13817208397248668,
    "ZM": 0.1379917816337286,
    "AFFU": 0.13743480477422731,
    "CCAJ": 0.13742219302994726,
    "SMNUF": 0.1362203025349975,
    "ASTS": 0.13519974975430543,
    "TOWTF": 0.13320652821403647,
    "ATEX": 0.13186211596407418,
    "KKKUF": 0.1310058246668363,
    "KLR": 0.12969391104839836,
    "RADI": 0.1281644100050775,
    "FRMB": 0.12605518730154003,
    "IPKL": 0.12469813901771876,
    "CWTC": 0.12333486689807341,
    "INVT": 0.1173471950521623,
    "PTEL": 0.11657894822937111,
    "ZIPL": 0.11640144636182179,
    "TSSLF": 0.11578557494104771,
    "NWTT": 0.10626659017617197,
    "QNXC": 0.10584269388568453,
    "ABWN": 0.1015763195122483,
    "WQNI": 0.10067596703686524,
    "FNGR": 0.09280319204543462,
    "PHRZF": 0.0918832679736453,
    "PHBR": 0.084661490530883,
    "TLFX": 0.07741290094516329,
    "ACCR": 0.07431194470769856,
    "ASGXF": 0.070718347318762,
    "TAPP": 0.04291997792044272
}