{
    "TKC": 0.9999999999999989,
    "TLK": 0.3335909332965934,
    "TLKMF": 0.3335909332965934,
    "SGAPY": 0.3160954428294709,
    "SNGNF": 0.3160954428294709,
    "PCCWY": 0.31047730737298834,
    "PCWLF": 0.31047730737298834,
    "SRHBF": 0.29206114215562273,
    "SRHBY": 0.29206114215562273,
    "CBB": 0.2914340749580921,
    "KT": 0.28289395150159447,
    "SKM": 0.2810865021227042,
    "CHT": 0.28063844939099947,
    "TDS": 0.28045112177342174,
    "GTMEF": 0.27591303316524574,
    "GTMEY": 0.27591303316524574,
    "ATUS": 0.2749140589570622,
    "DTEGF": 0.269942258750274,
    "DTEGY": 0.269942258750274,
    "HKTTF": 0.26934645595206963,
    "HKTTY": 0.26934645595206963,
    "TEF": 0.2663954951272749,
    "TEFOF": 0.2663954951272749,
    "AMOV": 0.26582519548596684,
    "AMOVF": 0.26582519548596684,
    "AMX": 0.26582519548596684,
    "AMXVF": 0.26582519548596684,
    "SCMWY": 0.26235176223473083,
    "SWZCF": 0.26235176223473083,
    "PTNR": 0.25733978792222933,
    "VODPF": 0.25488213900380985,
    "TLKGY": 0.25418016229909407,
    "VIV": 0.2535791626315632,
    "KTEL": 0.25310788174696447,
    "VOD": 0.252970829229078,
    "SIFY": 0.25059677711187184,
    "LUMN": 0.250170551551527,
    "OIBR-C": 0.24913685362436874,
    "OIBRQ": 0.24913685362436874,
    "PHI": 0.2448422368182878,
    "PHTCF": 0.2448422368182878,
    "TIAIY": 0.24441680585477782,
    "TIAJF": 0.24441680585477782,
    "TIAOF": 0.24441680585477782,
    "TIIAY": 0.24441680585477782,
    "FNCTF": 0.24278266506701085,
    "ORAN": 0.24278266506701085,
    "ROSYY": 0.24239276976757612,
    "UDIRF": 0.24028081485527922,
    "CLLNY": 0.2391444573837993,
    "AXXTF": 0.23689858555802032,
    "CNSL": 0.2353726776260071,
    "BZQIF": 0.23532236596604153,
    "BZQIY": 0.23532236596604153,
    "TLTZF": 0.23466946360176838,
    "TLTZY": 0.23466946360176838,
    "KKPNF": 0.23454244204070607,
    "KKPNY": 0.23454244204070607,
    "NPPXF": 0.23419819976849382,
    "NTTYY": 0.23419819976849382,
    "ALSK": 0.23378922430880567,
    "RCI": 0.23052894204754065,
    "RCIAF": 0.23052894204754065,
    "CELJF": 0.23018091909953745,
    "QBCRF": 0.23001437806048125,
    "MICCF": 0.2266284440267061,
    "TIGO": 0.2266284440267061,
    "TLSYY": 0.22544465008747044,
    "TTRAF": 0.22544465008747044,
    "CABO": 0.2253275250394077,
    "TRKNY": 0.22497982148160284,
    "VZ": 0.22248951229921526,
    "SFBQF": 0.22209642136820218,
    "SOBKY": 0.22209642136820218,
    "MDGC": 0.21568318217271892,
    "BGAOF": 0.21430694575949885,
    "BGAOY": 0.21430694575949885,
    "TKAGY": 0.21386286856622164,
    "GZIC": 0.21372640182346372,
    "FNGWF": 0.21301655453255097,
    "SITOQ": 0.21131336337942325,
    "RBBN": 0.21095366808153435,
    "IDCC": 0.21079581804476635,
    "ELMUF": 0.20960224255146595,
    "CVHSY": 0.20710661527762292,
    "VDMCY": 0.20550219775065098,
    "VODAF": 0.20550219775065098,
    "IIJIY": 0.2039580273394968,
    "NZTCF": 0.20346366951216127,
    "SPKKY": 0.20346366951216127,
    "TELNF": 0.20287400168204822,
    "TELNY": 0.20287400168204822,
    "AVIFY": 0.20208138296300857,
    "AVIVF": 0.20208138296300857,
    "VEON": 0.19993553772208786,
    "T": 0.1985338855910624,
    "IRDM": 0.1955516598852313,
    "INTEQ": 0.1940825256547593,
    "ORBC": 0.19374354202345861,
    "HLTOF": 0.19373912553852798,
    "HLTOY": 0.19373912553852798,
    "GSAT": 0.1916447448334626,
    "BTGOF": 0.1915493164167406,
    "MTSL": 0.18957030244070236,
    "GMOYF": 0.18955568689921143,
    "COMS": 0.18856054039609269,
    "NUVR": 0.18754736508711864,
    "MBT": 0.18715233285060962,
    "CCOI": 0.18427355357710237,
    "GTT": 0.18272840420384082,
    "TU": 0.18161603099349802,
    "CVST": 0.18028135737013978,
    "UCL": 0.18027363781831182,
    "LORL": 0.17981186138641592,
    "ASEJF": 0.1796182976511326,
    "MTENY": 0.1780711088412677,
    "CXDO": 0.17505901860735443,
    "TEO": 0.1744904022747461,
    "DTGI": 0.17382646638111018,
    "LILA": 0.17357495728570468,
    "LILAK": 0.17357495728570468,
    "BCE": 0.17246317523455051,
    "BCEFF": 0.17246317523455051,
    "BCEPF": 0.17246317523455051,
    "BECEF": 0.17246317523455051,
    "KDDIF": 0.1716630136554094,
    "KDDIY": 0.1716630136554094,
    "AIRO": 0.16886907908865986,
    "UCCPF": 0.16861195747030144,
    "SGRB": 0.16816910989576742,
    "IQST": 0.1680584211006946,
    "TLGHF": 0.1678272434700805,
    "TLGHY": 0.1678272434700805,
    "TMUS": 0.16573307468459395,
    "PTXKY": 0.1655806385156894,
    "VSRV": 0.16342800840110766,
    "MYTAY": 0.16235730022701209,
    "LMGHF": 0.16140120807119562,
    "USM": 0.1600763860898606,
    "TACYY": 0.15899212543973723,
    "HTCTF": 0.15868018428505118,
    "HUTCY": 0.15868018428505118,
    "MTNOF": 0.15374317456068184,
    "MTNOY": 0.15374317456068184,
    "BCOMF": 0.15262414431271498,
    "TELDF": 0.1524630041263364,
    "VG": 0.15208448765575364,
    "ATNI": 0.15168392073346587,
    "UAMA": 0.15109912837008077,
    "IGLDF": 0.14854776895095007,
    "FNGR": 0.14808432148751613,
    "SFTBF": 0.14729611624350733,
    "SFTBY": 0.14729611624350733,
    "ICOA": 0.14463052019136768,
    "IDT": 0.14456642217745602,
    "HCHC": 0.14409572165341145,
    "CGEAF": 0.14348445277366045,
    "RDCM": 0.13994978257386195,
    "BZTG": 0.13907344918764483,
    "CPROF": 0.138727229279748,
    "TLLEQ": 0.13685347103309095,
    "SHEN": 0.13586583290897125,
    "WIFI": 0.13448406441510682,
    "CHRYY": 0.13360374087286614,
    "GAMCF": 0.13340803548573602,
    "FUIG": 0.13111966393412322,
    "VVDB": 0.1309509035058507,
    "WOWI": 0.13072548388906544,
    "MXMTY": 0.13048816199611898,
    "WWRL": 0.13040932654868842,
    "STCO": 0.13020696650760086,
    "LICT": 0.12985146676535403,
    "CWIR": 0.1298158620190152,
    "ANTE": 0.1288103805624188,
    "IMTO": 0.12872555724619897,
    "SMCE": 0.12822905452207276,
    "TWER": 0.12719493443602248,
    "CHWRF": 0.12712619716383938,
    "SPOK": 0.12530023441964952,
    "OOMA": 0.12521277640581688,
    "IOTC": 0.12519813381120573,
    "LLEIF": 0.12515035279871803,
    "HMMR": 0.12287673804959819,
    "GOGO": 0.12080860902097644,
    "ICNM": 0.11999613217192724,
    "TIMB": 0.11967567682135774,
    "FRMB": 0.11637970637177102,
    "AXLX": 0.11592875448442859,
    "FULO": 0.11412697814585189,
    "SJR": 0.1121829521974221,
    "FYBR": 0.110152507480263,
    "ALVRQ": 0.10919542855332487,
    "VSST": 0.1087695694468496,
    "ZM": 0.10863109591743876,
    "ILIAF": 0.10778371582569861,
    "ILIAY": 0.10778371582569861,
    "INVT": 0.10393162158907349,
    "MDTC": 0.10358144814500142,
    "TGRP": 0.10339807845462647,
    "VPLM": 0.1032874680067456,
    "QBAN": 0.10191982871654759,
    "ARTM": 0.10181428778218274,
    "KLR": 0.10033911607367775,
    "FRTN": 0.09926848428403083,
    "TOWTF": 0.09878928751322914,
    "TLSNF": 0.09785478658203718,
    "TLSNY": 0.09785478658203718,
    "AFFU": 0.09691856002336904,
    "KKKUF": 0.09097886056441455,
    "ATEX": 0.09040162892415271,
    "PTFRY": 0.09033375068103877,
    "IPKL": 0.08764348719511168,
    "ASTS": 0.0872455612938672,
    "QNXC": 0.08664484239393049,
    "PTEL": 0.08631669230095622,
    "TVCE": 0.08428333801332687,
    "ZIPL": 0.08207377738410417,
    "WQNI": 0.08087479753694043,
    "TSSLF": 0.07993599427400414,
    "RADI": 0.07946097258656257,
    "PHRZF": 0.07668763852075676,
    "ABWN": 0.07189139212015355,
    "CCAJ": 0.07087123035947113,
    "SCIXF": 0.07019646907803732,
    "SMNUF": 0.06891500543895926,
    "CWTC": 0.06626209564646415,
    "NWTT": 0.06610263289046701,
    "PHBR": 0.05776034290016815,
    "TAPP": 0.05465480427488107,
    "TLFX": 0.051309292271734745,
    "ACCR": 0.049725217016196935,
    "ASGXF": 0.04301969776535195
}