{
    "TLFX": 1.0000000000000004,
    "CWTC": 0.20080207354415808,
    "ICNM": 0.18753662608508434,
    "HCHC": 0.18067547377935814,
    "IRDM": 0.17399508723161522,
    "BZTG": 0.17018738566189132,
    "HTCTF": 0.15812669016403214,
    "HUTCY": 0.15812669016403214,
    "UAMA": 0.14589411289724302,
    "RBBN": 0.14504944925739854,
    "CNSL": 0.14190325122241831,
    "LUMN": 0.14052665330609573,
    "DTGI": 0.13957487050399411,
    "FULO": 0.13929757767880496,
    "IOTC": 0.13888586900800823,
    "ATEX": 0.13662849304175192,
    "T": 0.134584342208029,
    "CCOI": 0.13394121256559102,
    "BCOMF": 0.132418438579517,
    "CGEAF": 0.13173003117951898,
    "GTT": 0.13031999160890909,
    "FRTN": 0.12838831003062026,
    "IDCC": 0.1268316162306965,
    "FRMB": 0.1234554455596835,
    "SRHBF": 0.12104769112105365,
    "SRHBY": 0.12104769112105365,
    "HMMR": 0.12013967262993672,
    "PHI": 0.12005187038784249,
    "PHTCF": 0.12005187038784249,
    "WQNI": 0.11901604909108845,
    "VZ": 0.11839097175084061,
    "FYBR": 0.11809194206417736,
    "SPOK": 0.11580551170211235,
    "CXDO": 0.11554462021082845,
    "VG": 0.11476896624543528,
    "SJR": 0.11447856560213532,
    "NUVR": 0.11439364505807162,
    "LORL": 0.11410857078947173,
    "COMS": 0.11270696579013627,
    "IQST": 0.11136470895564705,
    "OIBR-C": 0.11103870171469249,
    "OIBRQ": 0.11103870171469249,
    "ASEJF": 0.10954464062706096,
    "BTGOF": 0.10902560178663179,
    "GTMEF": 0.10827414091165101,
    "GTMEY": 0.10827414091165101,
    "PHBR": 0.10805942135097311,
    "IMTO": 0.10667061315114397,
    "NPPXF": 0.10665220723060906,
    "NTTYY": 0.10665220723060906,
    "ICOA": 0.10596730757839126,
    "TDS": 0.1055790786538853,
    "ALSK": 0.10406042244381207,
    "CHT": 0.10325233440132492,
    "VPLM": 0.10323226804203064,
    "TGRP": 0.10296976592151778,
    "NWTT": 0.10265006238797796,
    "SMCE": 0.10261559484137307,
    "ATUS": 0.10261423056717849,
    "SCMWY": 0.10251310993748046,
    "SWZCF": 0.10251310993748046,
    "TELDF": 0.10233268155208232,
    "TU": 0.10087265964432504,
    "WIFI": 0.09868349189574974,
    "ARTM": 0.09723247369895158,
    "INVT": 0.09715134380553275,
    "TIAIY": 0.0964997440737656,
    "TIAJF": 0.0964997440737656,
    "TIAOF": 0.0964997440737656,
    "TIIAY": 0.0964997440737656,
    "SFBQF": 0.09649225506333219,
    "SOBKY": 0.09649225506333219,
    "TLLEQ": 0.09573474104653226,
    "BZQIF": 0.09563819733080894,
    "BZQIY": 0.09563819733080894,
    "DTEGF": 0.09501814516858331,
    "DTEGY": 0.09501814516858331,
    "RCI": 0.09397022308000323,
    "RCIAF": 0.09397022308000323,
    "MDGC": 0.09314206411196156,
    "ATNI": 0.09312493735037904,
    "WOWI": 0.09311253127697013,
    "VODPF": 0.09260408630083375,
    "TLSYY": 0.09202404510128596,
    "TTRAF": 0.09202404510128596,
    "VOD": 0.09190966692716296,
    "CBB": 0.09167559332066824,
    "MDTC": 0.09161861748006919,
    "PCCWY": 0.09122284195900614,
    "PCWLF": 0.09122284195900614,
    "TELNF": 0.09025768496071754,
    "TELNY": 0.09025768496071754,
    "BCE": 0.0893988497740697,
    "BCEFF": 0.0893988497740697,
    "BCEPF": 0.0893988497740697,
    "BECEF": 0.0893988497740697,
    "CWIR": 0.08918087877241335,
    "FNCTF": 0.08906556820074994,
    "ORAN": 0.08906556820074994,
    "SGRB": 0.08823426293357914,
    "IGLDF": 0.08766712526344242,
    "KT": 0.0872840319239915,
    "CABO": 0.08714347120052876,
    "GSAT": 0.08707855751316992,
    "GAMCF": 0.08685126402231201,
    "ELMUF": 0.0866277476925273,
    "VDMCY": 0.08649479758724646,
    "VODAF": 0.08649479758724646,
    "CELJF": 0.08644323405954792,
    "SGAPY": 0.08492552936542792,
    "SNGNF": 0.08492552936542792,
    "TMUS": 0.0845270991585222,
    "CLLNY": 0.08406498842907964,
    "AVIFY": 0.08400183047566565,
    "AVIVF": 0.08400183047566565,
    "VIV": 0.08358963596298304,
    "VSRV": 0.08346884330549169,
    "KTEL": 0.08279605774819515,
    "INTEQ": 0.0824821787302681,
    "IDT": 0.08153003520000841,
    "QBCRF": 0.08120436239673746,
    "RADI": 0.08115989879046721,
    "FNGWF": 0.08101528082349603,
    "BGAOF": 0.08005795834124695,
    "BGAOY": 0.08005795834124695,
    "TEF": 0.07922367001365366,
    "TEFOF": 0.07922367001365366,
    "AIRO": 0.07812371213531656,
    "WWRL": 0.07797712616329737,
    "TLKGY": 0.07788655528976135,
    "SIFY": 0.07761558555862787,
    "PTNR": 0.07741290094516329,
    "AMOV": 0.07551648890250508,
    "AMOVF": 0.07551648890250508,
    "AMX": 0.07551648890250508,
    "AMXVF": 0.07551648890250508,
    "TEO": 0.07547504955263308,
    "SFTBF": 0.07433609896109175,
    "SFTBY": 0.07433609896109175,
    "ORBC": 0.07433563572464703,
    "ANTE": 0.07430231232778536,
    "GMOYF": 0.07416627493610285,
    "SITOQ": 0.07395337780263782,
    "USM": 0.07351481502972503,
    "CPROF": 0.07350178857868514,
    "FUIG": 0.07349371970776984,
    "TVCE": 0.07275934614025069,
    "MICCF": 0.07253126540529305,
    "TIGO": 0.07253126540529305,
    "KLR": 0.0722148543925547,
    "SKM": 0.0717916403590242,
    "VEON": 0.07173127183810109,
    "CVST": 0.07075858232004935,
    "KKPNF": 0.07048717899297502,
    "KKPNY": 0.07048717899297502,
    "AXLX": 0.07026763680353802,
    "FNGR": 0.06894890018688458,
    "TLSNF": 0.06889348917666484,
    "TLSNY": 0.06889348917666484,
    "KDDIF": 0.06882023612918767,
    "KDDIY": 0.06882023612918767,
    "ASTS": 0.06850633371540073,
    "TOWTF": 0.06836314252145348,
    "NZTCF": 0.06835902434975484,
    "SPKKY": 0.06835902434975484,
    "TLK": 0.06827896498188735,
    "TLKMF": 0.06827896498188735,
    "PTFRY": 0.067941387761681,
    "MTSL": 0.06791554886594985,
    "AXXTF": 0.067745355784701,
    "LICT": 0.06692526135629175,
    "ZIPL": 0.06647442006786924,
    "TACYY": 0.06615607199760742,
    "TKAGY": 0.06584321451838693,
    "MXMTY": 0.06557406414228618,
    "ZM": 0.0653448971903047,
    "UDIRF": 0.06531410480004372,
    "VVDB": 0.0652016438228648,
    "SCIXF": 0.0643325682890471,
    "LILA": 0.06416237949054795,
    "LILAK": 0.06416237949054795,
    "UCCPF": 0.06367064323816983,
    "TIMB": 0.06351709181082738,
    "CHRYY": 0.06297665211513419,
    "CVHSY": 0.06287924134075228,
    "IPKL": 0.06142836267964376,
    "STCO": 0.06128758079036654,
    "HKTTF": 0.06044172978258824,
    "HKTTY": 0.06044172978258824,
    "GZIC": 0.060441475780331176,
    "MTNOF": 0.05998290213354807,
    "MTNOY": 0.05998290213354807,
    "PTXKY": 0.05988367461323396,
    "LMGHF": 0.05986488903887311,
    "VSST": 0.05837373767846568,
    "OOMA": 0.05709895528249397,
    "UCL": 0.05695091946229922,
    "MBT": 0.056893769510619634,
    "CHWRF": 0.05678334382253572,
    "TWER": 0.05669698405831357,
    "TRKNY": 0.056685783954415585,
    "HLTOF": 0.05647617103037042,
    "HLTOY": 0.05647617103037042,
    "PHRZF": 0.055558826767193224,
    "IIJIY": 0.054832505244386175,
    "SHEN": 0.05428091951133191,
    "PTEL": 0.053773847812880374,
    "ACCR": 0.053698154478780485,
    "MYTAY": 0.05327439662510549,
    "ILIAF": 0.053085884576239195,
    "ILIAY": 0.053085884576239195,
    "QBAN": 0.05222915625618617,
    "TLTZF": 0.05207982367288942,
    "TLTZY": 0.05207982367288942,
    "ABWN": 0.051588961323794195,
    "TKC": 0.051309292271734745,
    "ALVRQ": 0.050125222259320965,
    "MTENY": 0.04953082278902789,
    "LLEIF": 0.04855809010350304,
    "TLGHF": 0.04827437687844112,
    "TLGHY": 0.04827437687844112,
    "TSSLF": 0.04759380846991956,
    "RDCM": 0.04716403217390746,
    "CCAJ": 0.04535282779057765,
    "GOGO": 0.04511514198172998,
    "ROSYY": 0.04424400520407567,
    "AFFU": 0.04399803627497388,
    "KKKUF": 0.042984272153655134,
    "TAPP": 0.04064127021465964,
    "QNXC": 0.04039040769354169,
    "SMNUF": 0.03396078121662066,
    "ASGXF": 0.016846991259238376
}