{
    "TLSYY": 0.9999999999999999,
    "TTRAF": 0.9999999999999999,
    "SGAPY": 0.4022228386524333,
    "SNGNF": 0.4022228386524333,
    "PCCWY": 0.3982454781351749,
    "PCWLF": 0.3982454781351749,
    "TIAIY": 0.385696512600873,
    "TIAJF": 0.385696512600873,
    "TIAOF": 0.385696512600873,
    "TIIAY": 0.385696512600873,
    "SCMWY": 0.3806570865155251,
    "SWZCF": 0.3806570865155251,
    "KT": 0.3799426662176887,
    "TLKGY": 0.36160743635312537,
    "LUMN": 0.35998384750001555,
    "AMOV": 0.3503907162988463,
    "AMOVF": 0.3503907162988463,
    "AMX": 0.3503907162988463,
    "AMXVF": 0.3503907162988463,
    "DTEGF": 0.35027873686814076,
    "DTEGY": 0.35027873686814076,
    "BZQIF": 0.34999385923611037,
    "BZQIY": 0.34999385923611037,
    "SRHBF": 0.3499528083781543,
    "SRHBY": 0.3499528083781543,
    "PTNR": 0.3474331339024086,
    "FNCTF": 0.34677737936627145,
    "ORAN": 0.34677737936627145,
    "HKTTF": 0.3429182171822708,
    "HKTTY": 0.3429182171822708,
    "NPPXF": 0.3427486583441208,
    "NTTYY": 0.3427486583441208,
    "FNGWF": 0.34164336208248675,
    "CHT": 0.3405687238188592,
    "GTMEF": 0.3391520393260204,
    "GTMEY": 0.3391520393260204,
    "ATUS": 0.33825695694513175,
    "TLK": 0.3297725661146366,
    "TLKMF": 0.3297725661146366,
    "VDMCY": 0.3274474735939111,
    "VODAF": 0.3274474735939111,
    "VIV": 0.3242371299853041,
    "BTGOF": 0.32360817352073934,
    "CBB": 0.31987690586780315,
    "ALSK": 0.31767438698712663,
    "TEF": 0.3154359376163993,
    "TEFOF": 0.3154359376163993,
    "SKM": 0.31472004103934864,
    "SIFY": 0.3132845272595062,
    "TDS": 0.3127803641170732,
    "KKPNF": 0.3125161562590342,
    "KKPNY": 0.3125161562590342,
    "VZ": 0.3109639687194872,
    "CLLNY": 0.3108974651390523,
    "OIBR-C": 0.30997544665198046,
    "OIBRQ": 0.30997544665198046,
    "PHI": 0.3089065339494511,
    "PHTCF": 0.3089065339494511,
    "VODPF": 0.30747368861008956,
    "MICCF": 0.30554556194875054,
    "TIGO": 0.30554556194875054,
    "VOD": 0.30516800540760924,
    "AVIFY": 0.305025272829431,
    "AVIVF": 0.305025272829431,
    "MDGC": 0.30337381148313985,
    "SFBQF": 0.3032274490761935,
    "SOBKY": 0.3032274490761935,
    "CELJF": 0.29999734926639077,
    "RBBN": 0.2926481564680247,
    "NZTCF": 0.2925765844608588,
    "SPKKY": 0.2925765844608588,
    "RCI": 0.2902807621442708,
    "RCIAF": 0.2902807621442708,
    "CNSL": 0.2869332544086739,
    "INTEQ": 0.2862401310027953,
    "KTEL": 0.2815637645446084,
    "T": 0.2814720944834926,
    "KDDIF": 0.274542945387615,
    "KDDIY": 0.274542945387615,
    "TELNF": 0.27354717848178267,
    "TELNY": 0.27354717848178267,
    "GSAT": 0.272967969997445,
    "UDIRF": 0.2716732589945603,
    "GTT": 0.27099848085741984,
    "BGAOF": 0.26728283158024163,
    "BGAOY": 0.26728283158024163,
    "TU": 0.26376798323181866,
    "IIJIY": 0.2625471960744978,
    "IRDM": 0.2620060916383062,
    "MTSL": 0.26072619526176993,
    "TLTZF": 0.2595513058218962,
    "TLTZY": 0.2595513058218962,
    "CVST": 0.25709183735804275,
    "CCOI": 0.2566314930302096,
    "CABO": 0.25466449445214,
    "LILA": 0.2516839767661081,
    "LILAK": 0.2516839767661081,
    "ASEJF": 0.2515768194750416,
    "COMS": 0.25080813245456013,
    "TEO": 0.25067217577731155,
    "VEON": 0.24848808359915614,
    "USM": 0.24834465407074044,
    "ORBC": 0.24783819493428835,
    "HLTOF": 0.24662824105390874,
    "HLTOY": 0.24662824105390874,
    "QBCRF": 0.24619714750197405,
    "ELMUF": 0.24508701592905469,
    "BCOMF": 0.24430229070310466,
    "IDCC": 0.24334366389100143,
    "AIRO": 0.24120368607215176,
    "TKAGY": 0.24089799997851774,
    "GMOYF": 0.2388481919756765,
    "CVHSY": 0.23757534048668957,
    "LORL": 0.23749203968445107,
    "MTENY": 0.2357997554216664,
    "ATNI": 0.23567705876249243,
    "NUVR": 0.23423285308228597,
    "BCE": 0.23189356501071579,
    "BCEFF": 0.23189356501071579,
    "BCEPF": 0.23189356501071579,
    "BECEF": 0.23189356501071579,
    "CHWRF": 0.23016257056413775,
    "TACYY": 0.2284102964727826,
    "IDT": 0.22824891754139875,
    "GZIC": 0.2264723960967304,
    "TKC": 0.22544465008747044,
    "VSRV": 0.22539123918418993,
    "DTGI": 0.22460916772017633,
    "CXDO": 0.224472643620239,
    "HCHC": 0.22409360737540526,
    "GAMCF": 0.22316507749247086,
    "TRKNY": 0.22224974730991467,
    "TMUS": 0.22043043426109465,
    "CHRYY": 0.21871129960679817,
    "LICT": 0.21759976254191338,
    "WIFI": 0.21730852312231233,
    "MTNOF": 0.21658090052002926,
    "MTNOY": 0.21658090052002926,
    "ROSYY": 0.2164483916899282,
    "AXXTF": 0.21643884652873546,
    "MYTAY": 0.2144979466120508,
    "IGLDF": 0.21389399551391172,
    "BZTG": 0.2114267825866311,
    "MBT": 0.2102432937210427,
    "SFTBF": 0.20776515852043007,
    "SFTBY": 0.20776515852043007,
    "CGEAF": 0.2067735722841877,
    "HTCTF": 0.20504638909404083,
    "HUTCY": 0.20504638909404083,
    "TLGHF": 0.2043110849969555,
    "TLGHY": 0.2043110849969555,
    "IQST": 0.20429219201833546,
    "TELDF": 0.20395278906011322,
    "PTXKY": 0.2026624648389667,
    "WOWI": 0.20038224952400804,
    "CWIR": 0.19999946103853528,
    "ICOA": 0.19995864336455565,
    "UCL": 0.19627573548372793,
    "SGRB": 0.19549548765456526,
    "SHEN": 0.187606757609278,
    "HMMR": 0.18574625860637903,
    "SITOQ": 0.18507898194824307,
    "TIMB": 0.18021505008607874,
    "VVDB": 0.1799805588113656,
    "IMTO": 0.17871755647514018,
    "STCO": 0.178350842713815,
    "TWER": 0.17252804598190338,
    "IOTC": 0.17140132273959038,
    "ICNM": 0.16996916130816367,
    "UAMA": 0.16909352374871725,
    "CPROF": 0.16862236403861675,
    "FUIG": 0.1656931398212453,
    "WWRL": 0.16406323456107413,
    "LMGHF": 0.16393227966732862,
    "AFFU": 0.16329652679680418,
    "TLLEQ": 0.16225816597693674,
    "FRTN": 0.1620451315697485,
    "TGRP": 0.16142543159009698,
    "PTFRY": 0.16094374221062605,
    "AXLX": 0.16065448431067586,
    "VPLM": 0.1592144297664885,
    "VG": 0.1588671429300774,
    "SPOK": 0.1574968210257366,
    "FULO": 0.1574466869079276,
    "LLEIF": 0.15706651726130744,
    "RDCM": 0.1559029203341563,
    "SJR": 0.15275296055465049,
    "ATEX": 0.15151062476880722,
    "ALVRQ": 0.1499389783590173,
    "MDTC": 0.14934051656229222,
    "ILIAF": 0.1488250358680731,
    "ILIAY": 0.1488250358680731,
    "ANTE": 0.14732265341976156,
    "MXMTY": 0.14431700716190365,
    "UCCPF": 0.14390977837445462,
    "INVT": 0.1423810500244344,
    "FYBR": 0.14217023840111156,
    "OOMA": 0.14212509969559722,
    "TLSNF": 0.14120312196797666,
    "TLSNY": 0.14120312196797666,
    "GOGO": 0.14025106074048954,
    "SMCE": 0.139632135993342,
    "TOWTF": 0.13619706796872674,
    "FRMB": 0.1336346464363276,
    "ARTM": 0.13149533447729778,
    "ZM": 0.12753341622539063,
    "TSSLF": 0.1256140461344831,
    "SCIXF": 0.12487052144872625,
    "TVCE": 0.12289495129436946,
    "IPKL": 0.12188177338644648,
    "CCAJ": 0.12152619483692167,
    "KKKUF": 0.11645000074977448,
    "CWTC": 0.11370450866290306,
    "NWTT": 0.11347016013551132,
    "SMNUF": 0.11227341312472537,
    "RADI": 0.11135163908545019,
    "ZIPL": 0.10790102813338125,
    "ABWN": 0.10483330499256222,
    "VSST": 0.10392912656336932,
    "KLR": 0.10084149719692886,
    "PTEL": 0.1008022865989702,
    "PHBR": 0.09518635317273008,
    "QBAN": 0.09507272315950493,
    "PHRZF": 0.09339541910348012,
    "TLFX": 0.09202404510128596,
    "QNXC": 0.08548771198386712,
    "WQNI": 0.08222402737844065,
    "ASTS": 0.08198836423743165,
    "FNGR": 0.07954697429725045,
    "ACCR": 0.07696679053857673,
    "ASGXF": 0.0551466243710989,
    "TAPP": 0.05075920296734348
}