{
    "UCL": 0.9999999999999999,
    "SCMWY": 0.2742248023832738,
    "SWZCF": 0.2742248023832738,
    "PCCWY": 0.27042260441577093,
    "PCWLF": 0.27042260441577093,
    "VODPF": 0.266202113691527,
    "VOD": 0.26420591770878177,
    "DTEGF": 0.2625117044436225,
    "DTEGY": 0.2625117044436225,
    "VIV": 0.25810191527926407,
    "FNCTF": 0.2493471294724181,
    "ORAN": 0.2493471294724181,
    "GTMEF": 0.24823537737294754,
    "GTMEY": 0.24823537737294754,
    "TDS": 0.2482280522781865,
    "SGAPY": 0.24466526541718814,
    "SNGNF": 0.24466526541718814,
    "BZQIF": 0.24281996030147707,
    "BZQIY": 0.24281996030147707,
    "SRHBF": 0.24238718295369974,
    "SRHBY": 0.24238718295369974,
    "HKTTF": 0.24121640230391717,
    "HKTTY": 0.24121640230391717,
    "KT": 0.23849099291274897,
    "PTNR": 0.23542084401159855,
    "TLKGY": 0.233267422247158,
    "TLTZF": 0.23197489209852906,
    "TLTZY": 0.23197489209852906,
    "PHI": 0.23001233446397096,
    "PHTCF": 0.23001233446397096,
    "OIBR-C": 0.229702352944967,
    "OIBRQ": 0.229702352944967,
    "ATUS": 0.22918437851881954,
    "TLK": 0.2286442510172927,
    "TLKMF": 0.2286442510172927,
    "LUMN": 0.22686851569609504,
    "TEF": 0.22681831906490882,
    "TEFOF": 0.22681831906490882,
    "CHT": 0.2248412777886551,
    "CABO": 0.22304186400601977,
    "TIAIY": 0.22160441197709843,
    "TIAJF": 0.22160441197709843,
    "TIAOF": 0.22160441197709843,
    "TIIAY": 0.22160441197709843,
    "IRDM": 0.2212675560040043,
    "AMOV": 0.21961801985658672,
    "AMOVF": 0.21961801985658672,
    "AMX": 0.21961801985658672,
    "AMXVF": 0.21961801985658672,
    "AVIFY": 0.21720254730293248,
    "AVIVF": 0.21720254730293248,
    "WIFI": 0.2160626932622755,
    "CBB": 0.2159196176904734,
    "SKM": 0.21564833634431763,
    "CNSL": 0.21560788318869206,
    "KTEL": 0.2148511118709604,
    "VDMCY": 0.2143874300326099,
    "VODAF": 0.2143874300326099,
    "TGRP": 0.2139833503397479,
    "VZ": 0.21189720953082583,
    "HTCTF": 0.21150779105038167,
    "HUTCY": 0.21150779105038167,
    "SFBQF": 0.2059577050152868,
    "SOBKY": 0.2059577050152868,
    "MICCF": 0.20389782625606595,
    "TIGO": 0.20389782625606595,
    "ROSYY": 0.202864229251728,
    "INTEQ": 0.19897655944856812,
    "BTGOF": 0.19857169332706426,
    "NPPXF": 0.1982974012148223,
    "NTTYY": 0.1982974012148223,
    "TLSYY": 0.19627573548372793,
    "TTRAF": 0.19627573548372793,
    "ALVRQ": 0.1960527524604325,
    "CVHSY": 0.19592674110217864,
    "IIJIY": 0.19561166254720994,
    "RBBN": 0.19029291565753542,
    "RCI": 0.18940814960743807,
    "RCIAF": 0.18940814960743807,
    "TEO": 0.18879833934770093,
    "COMS": 0.18870220982901245,
    "ORBC": 0.18832622005523844,
    "TELNF": 0.1882112946089495,
    "TELNY": 0.1882112946089495,
    "CVST": 0.18800953283817898,
    "CELJF": 0.18754221427024764,
    "CLLNY": 0.18724420387085286,
    "GTT": 0.18582382138190295,
    "TMUS": 0.18551198102738894,
    "GSAT": 0.18519930530470866,
    "KKPNF": 0.18365315123427156,
    "KKPNY": 0.18365315123427156,
    "SIFY": 0.18304732058886908,
    "VEON": 0.18072087496012978,
    "TKC": 0.18027363781831182,
    "CCOI": 0.17969970594865906,
    "KDDIF": 0.17947879465758798,
    "KDDIY": 0.17947879465758798,
    "T": 0.17905375072677865,
    "MDGC": 0.178844439830397,
    "GZIC": 0.17756380931370436,
    "CXDO": 0.17547257728639937,
    "MTSL": 0.17537500277479046,
    "SITOQ": 0.17532949886864785,
    "LILA": 0.17531284411414827,
    "LILAK": 0.17531284411414827,
    "TKAGY": 0.17518200207840928,
    "VSRV": 0.1734051150176472,
    "USM": 0.17266319715831976,
    "UDIRF": 0.16976546963284622,
    "AXXTF": 0.1694513563350356,
    "FNGWF": 0.16728775982554522,
    "MTNOF": 0.1653642118028035,
    "MTNOY": 0.1653642118028035,
    "ALSK": 0.16439474610306115,
    "MTENY": 0.16432414666027256,
    "MYTAY": 0.16250129527129273,
    "NZTCF": 0.16237873704931724,
    "SPKKY": 0.16237873704931724,
    "IDCC": 0.16216674463913205,
    "AIRO": 0.16133761220369003,
    "IQST": 0.16098869191027979,
    "FRMB": 0.15938190225539176,
    "GAMCF": 0.1573395677966144,
    "ELMUF": 0.15627381650662311,
    "SFTBF": 0.15564423479437733,
    "SFTBY": 0.15564423479437733,
    "IDT": 0.15533685228509606,
    "BGAOF": 0.15433129819623642,
    "BGAOY": 0.15433129819623642,
    "UAMA": 0.15377804856843083,
    "TIMB": 0.1532911427350882,
    "ATNI": 0.15314714866992846,
    "SGRB": 0.15302189339475922,
    "MBT": 0.15207170364747885,
    "QBCRF": 0.1505332275516416,
    "OOMA": 0.15022746217862867,
    "NUVR": 0.14999901360224419,
    "GMOYF": 0.1487677408490763,
    "CGEAF": 0.1483231516708171,
    "TU": 0.1479689856716345,
    "DTGI": 0.14786092609250398,
    "VG": 0.14784378926321276,
    "AXLX": 0.14756145312763666,
    "IOTC": 0.14609837312435414,
    "ICOA": 0.14438830613203824,
    "HLTOF": 0.14262613430874113,
    "HLTOY": 0.14262613430874113,
    "CHWRF": 0.14198604641312434,
    "TRKNY": 0.14038684268753518,
    "BCE": 0.13956854609524613,
    "BCEFF": 0.13956854609524613,
    "BCEPF": 0.13956854609524613,
    "BECEF": 0.13956854609524613,
    "LORL": 0.13846416515066565,
    "PTXKY": 0.1381890777537798,
    "WWRL": 0.13742011667943962,
    "ASEJF": 0.13654364826147933,
    "TLGHF": 0.13594402496845823,
    "TLGHY": 0.13594402496845823,
    "ANTE": 0.13536040025625648,
    "BCOMF": 0.1320276371867937,
    "HCHC": 0.13182835714009566,
    "HMMR": 0.13175993088072024,
    "UCCPF": 0.13167243494201142,
    "LMGHF": 0.13166915388913908,
    "VVDB": 0.13077270601163482,
    "FNGR": 0.13015276244668456,
    "TELDF": 0.13007889746156737,
    "SPOK": 0.12880548767303257,
    "KLR": 0.12861637729441208,
    "CPROF": 0.1284820899849165,
    "TACYY": 0.12461376411801807,
    "GOGO": 0.12329762040240166,
    "FUIG": 0.12154643695656962,
    "MXMTY": 0.12113469700065295,
    "TWER": 0.12079759832510732,
    "ZM": 0.1194601217538244,
    "IGLDF": 0.11886151119288035,
    "ICNM": 0.1180477577911715,
    "RDCM": 0.11780290845040234,
    "CWIR": 0.11743129506072153,
    "SJR": 0.11724561806544119,
    "STCO": 0.1156062194494405,
    "IMTO": 0.11484409354054025,
    "MDTC": 0.114595956680775,
    "TLLEQ": 0.1105962880414166,
    "WOWI": 0.10876296139650915,
    "VSST": 0.10653241550786573,
    "ILIAF": 0.10583457907613085,
    "ILIAY": 0.10583457907613085,
    "ZIPL": 0.10517243430983969,
    "BZTG": 0.10510610567350459,
    "INVT": 0.10471440576171899,
    "ASTS": 0.10304271150463802,
    "SHEN": 0.10109367050600689,
    "VPLM": 0.0996993345265127,
    "AFFU": 0.09927526198299523,
    "PTFRY": 0.09855542834568597,
    "ATEX": 0.09709556890630403,
    "TVCE": 0.09706864775837681,
    "FULO": 0.0962609640362061,
    "TOWTF": 0.0928046973669507,
    "LICT": 0.09201194884849216,
    "CHRYY": 0.09123806034398363,
    "SMCE": 0.0906023694315442,
    "FYBR": 0.08858358580894078,
    "ARTM": 0.08854871624512675,
    "RADI": 0.08780550816908467,
    "WQNI": 0.08688847199636375,
    "FRTN": 0.08540501573161936,
    "ABWN": 0.08317699990330031,
    "CWTC": 0.08316543808940842,
    "CCAJ": 0.08291207910704752,
    "SMNUF": 0.08250121908994425,
    "SCIXF": 0.08232042804736028,
    "TLSNF": 0.08088228930686617,
    "TLSNY": 0.08088228930686617,
    "LLEIF": 0.08018132412553487,
    "IPKL": 0.0768367071702466,
    "KKKUF": 0.076028049844474,
    "QNXC": 0.07595851761667904,
    "PTEL": 0.0729637260625885,
    "TSSLF": 0.07125175164361298,
    "PHBR": 0.07042202868402112,
    "PHRZF": 0.06790378451579457,
    "QBAN": 0.06731691369108078,
    "ASGXF": 0.06627208452942293,
    "NWTT": 0.060388596279693285,
    "TLFX": 0.05695091946229922,
    "TAPP": 0.049227609101360884,
    "ACCR": 0.044999058737215124
}