{
    "VPLM": 1.0,
    "VSRV": 0.22627624631245497,
    "CNSL": 0.22238278633076095,
    "IMTO": 0.21547353624434387,
    "LUMN": 0.2152571314127744,
    "ATUS": 0.2141040342485786,
    "DTGI": 0.207837438775774,
    "TIAIY": 0.2068335651764431,
    "TIAJF": 0.2068335651764431,
    "TIAOF": 0.2068335651764431,
    "TIIAY": 0.2068335651764431,
    "GTMEF": 0.20349831093270135,
    "GTMEY": 0.20349831093270135,
    "KTEL": 0.19766378701579337,
    "UCCPF": 0.19752077562940723,
    "PCCWY": 0.19388102983469332,
    "PCWLF": 0.19388102983469332,
    "RBBN": 0.19359078472255706,
    "TDS": 0.19248811683825545,
    "SIFY": 0.19161658017184366,
    "SGAPY": 0.19137232144667157,
    "SNGNF": 0.19137232144667157,
    "TMUS": 0.18987642003884977,
    "NUVR": 0.1895599667123788,
    "BZQIF": 0.18948485718278044,
    "BZQIY": 0.18948485718278044,
    "CLLNY": 0.18924361647661744,
    "ALSK": 0.18646985192673374,
    "BZTG": 0.1852634341205825,
    "SCMWY": 0.18526064370381592,
    "SWZCF": 0.18526064370381592,
    "NPPXF": 0.18465955018919963,
    "NTTYY": 0.18465955018919963,
    "VZ": 0.1842881483312661,
    "IQST": 0.1842043271985669,
    "CWTC": 0.18289104973779444,
    "KT": 0.18112765617768323,
    "TEF": 0.18037868889679365,
    "TEFOF": 0.18037868889679365,
    "SRHBF": 0.1799193727998813,
    "SRHBY": 0.1799193727998813,
    "GTT": 0.17947391765344936,
    "FULO": 0.178941645610492,
    "VIV": 0.17870613403700036,
    "VODPF": 0.17829994951027306,
    "VOD": 0.1769629141351576,
    "SKM": 0.1744027882415302,
    "BTGOF": 0.1741864818329807,
    "CGEAF": 0.17403986156935014,
    "IRDM": 0.1738935007423508,
    "PTNR": 0.17311818987514976,
    "AMOV": 0.17253400730794297,
    "AMOVF": 0.17253400730794297,
    "AMX": 0.17253400730794297,
    "AMXVF": 0.17253400730794297,
    "FNCTF": 0.171652305773855,
    "ORAN": 0.171652305773855,
    "OIBR-C": 0.17100558257169973,
    "OIBRQ": 0.17100558257169973,
    "RCI": 0.17062520912067153,
    "RCIAF": 0.17062520912067153,
    "GSAT": 0.16934171274184673,
    "T": 0.1688379935220108,
    "TLKGY": 0.16869819227791352,
    "BCOMF": 0.16867413070638304,
    "CHT": 0.16727482557388507,
    "UDIRF": 0.1668289948138261,
    "PHI": 0.16664060199432962,
    "PHTCF": 0.16664060199432962,
    "KKKUF": 0.16614774545720282,
    "CBB": 0.16454069155058512,
    "DTEGF": 0.16430299771660808,
    "DTEGY": 0.16430299771660808,
    "CELJF": 0.16072299703847764,
    "AVIFY": 0.16021417933036947,
    "AVIVF": 0.16021417933036947,
    "TLSYY": 0.1592144297664885,
    "TTRAF": 0.1592144297664885,
    "CABO": 0.15809570221693783,
    "CXDO": 0.15634726106073837,
    "KKPNF": 0.15409195986913624,
    "KKPNY": 0.15409195986913624,
    "USM": 0.15375611535869096,
    "SFBQF": 0.15369355762874048,
    "SOBKY": 0.15369355762874048,
    "TLK": 0.1535696626690052,
    "TLKMF": 0.1535696626690052,
    "QBCRF": 0.1534765028931646,
    "HKTTF": 0.15344809041794724,
    "HKTTY": 0.15344809041794724,
    "CVST": 0.153347065315073,
    "MDGC": 0.15308657336623796,
    "IDCC": 0.152703104274952,
    "LORL": 0.15200301904339045,
    "INTEQ": 0.1507877257251694,
    "MICCF": 0.1475545253806909,
    "TIGO": 0.1475545253806909,
    "ATNI": 0.14636443098797822,
    "GMOYF": 0.145655653833104,
    "TEO": 0.14506898923261302,
    "VEON": 0.14391713916925253,
    "UAMA": 0.14341464775600013,
    "VDMCY": 0.14277929370091844,
    "VODAF": 0.14277929370091844,
    "TLGHF": 0.14037862139966897,
    "TLGHY": 0.14037862139966897,
    "TELNF": 0.13919340495754418,
    "TELNY": 0.13919340495754418,
    "COMS": 0.13880590206071064,
    "ICOA": 0.13710575878002013,
    "ILIAF": 0.13596344830711557,
    "ILIAY": 0.13596344830711557,
    "TLTZF": 0.1353909104932168,
    "TLTZY": 0.1353909104932168,
    "HLTOF": 0.1341726981083021,
    "HLTOY": 0.1341726981083021,
    "CVHSY": 0.1336404786356781,
    "BCE": 0.13317360987964333,
    "BCEFF": 0.13317360987964333,
    "BCEPF": 0.13317360987964333,
    "BECEF": 0.13317360987964333,
    "HCHC": 0.13306534277243473,
    "MYTAY": 0.13274113047347189,
    "BGAOF": 0.13207242924717866,
    "BGAOY": 0.13207242924717866,
    "CCOI": 0.13142221134434232,
    "PTXKY": 0.13036091467583183,
    "ATEX": 0.13000079608001958,
    "TU": 0.1298864501058867,
    "ELMUF": 0.12919503197597648,
    "GAMCF": 0.12866823784057532,
    "IDT": 0.12860816432921265,
    "WIFI": 0.12799942744120696,
    "MTSL": 0.1279273138466713,
    "CWIR": 0.1277764332114329,
    "KDDIF": 0.12716395806805958,
    "KDDIY": 0.12716395806805958,
    "IGLDF": 0.12689203444039007,
    "FNGWF": 0.12686060935048382,
    "TLLEQ": 0.12630710457281832,
    "NZTCF": 0.1253855141421787,
    "SPKKY": 0.1253855141421787,
    "CPROF": 0.1246244756000714,
    "SITOQ": 0.12349402753947554,
    "ASEJF": 0.12327397233616859,
    "HMMR": 0.12308091256316478,
    "FUIG": 0.12260432294464856,
    "LILA": 0.12225246230039111,
    "LILAK": 0.12225246230039111,
    "ZIPL": 0.121519960337746,
    "IIJIY": 0.12086892458013924,
    "TELDF": 0.12082446282581212,
    "LICT": 0.12073875058359597,
    "TKAGY": 0.12022443343082442,
    "STCO": 0.12017733322229913,
    "TIMB": 0.11990664381705227,
    "ICNM": 0.11925630304409197,
    "TRKNY": 0.11829295311060353,
    "SMCE": 0.11825742881882091,
    "FYBR": 0.11806528345426603,
    "AIRO": 0.11782574151316746,
    "ORBC": 0.11734453921531748,
    "MTENY": 0.11583736297532536,
    "CHWRF": 0.1152846449886616,
    "TGRP": 0.1129124986460439,
    "AXLX": 0.11269638426256179,
    "SHEN": 0.11237271110391148,
    "HTCTF": 0.11188319219693492,
    "HUTCY": 0.11188319219693492,
    "LLEIF": 0.11170370685001679,
    "TOWTF": 0.11131760800667564,
    "AXXTF": 0.11063940266216982,
    "SFTBF": 0.10902650559842558,
    "SFTBY": 0.10902650559842558,
    "SJR": 0.10897209993047535,
    "MBT": 0.10788824848414519,
    "SGRB": 0.10737743293295546,
    "TACYY": 0.10711799253348935,
    "WWRL": 0.1065633112037976,
    "IOTC": 0.10629338965435156,
    "SPOK": 0.10490373893989312,
    "MDTC": 0.10335731484751938,
    "TKC": 0.1032874680067456,
    "TLFX": 0.10323226804203064,
    "PTFRY": 0.10305875397162793,
    "FRTN": 0.10253224497313615,
    "GZIC": 0.10236012600732695,
    "WQNI": 0.1012252763784015,
    "WOWI": 0.10092752509191243,
    "UCL": 0.0996993345265127,
    "CHRYY": 0.09953443728136258,
    "FRMB": 0.09945770398785049,
    "MTNOF": 0.09844980182232271,
    "MTNOY": 0.09844980182232271,
    "VVDB": 0.09833644390679842,
    "MXMTY": 0.09832977445034706,
    "RADI": 0.09798834981375192,
    "ARTM": 0.09740037656759051,
    "VG": 0.09370231543131452,
    "INVT": 0.09362184528060728,
    "TVCE": 0.0935561991107125,
    "LMGHF": 0.09296127695185208,
    "PHBR": 0.09136268466209714,
    "ANTE": 0.09128178350036063,
    "ROSYY": 0.09051568521781507,
    "VSST": 0.08948695722019795,
    "ALVRQ": 0.08909266025889424,
    "TWER": 0.08825465468067971,
    "ACCR": 0.08822491180473659,
    "OOMA": 0.08645233316277477,
    "IPKL": 0.0858493275119747,
    "ZM": 0.08570229907698054,
    "NWTT": 0.08493802524275304,
    "KLR": 0.08492363112240184,
    "TLSNF": 0.08456804957677015,
    "TLSNY": 0.08456804957677015,
    "TSSLF": 0.08153530263797926,
    "RDCM": 0.08020770404020237,
    "QBAN": 0.08018836883527113,
    "GOGO": 0.0774386709772454,
    "FNGR": 0.07671511875339601,
    "SCIXF": 0.07231610842422596,
    "AFFU": 0.07096835643800728,
    "PTEL": 0.06909013254385579,
    "SMNUF": 0.06847166619635052,
    "ASTS": 0.06101946805429475,
    "QNXC": 0.05950499044284001,
    "PHRZF": 0.058400093863091015,
    "CCAJ": 0.0583888179854794,
    "TAPP": 0.05618939850969863,
    "ABWN": 0.05596043245190794,
    "ASGXF": 0.0358353819204362
}