{
    "CBUMY": 1.0,
    "CRJI": 0.44422923775173184,
    "CARCY": 0.44168411486362347,
    "CJRCF": 0.44168411486362347,
    "AHCHF": 0.3792046798402329,
    "AHCHY": 0.3792046798402329,
    "CRH": 0.3462617195852919,
    "CRHCF": 0.3462617195852919,
    "BOALF": 0.3287165084647622,
    "BOALY": 0.3287165084647622,
    "RETO": 0.3235466575194295,
    "CHGS": 0.30906417586492346,
    "HCMLF": 0.30678857894710887,
    "HCMLY": 0.30678857894710887,
    "SUM": 0.30497056995678107,
    "MLM": 0.2993308638239792,
    "FCREY": 0.2984236529443634,
    "FRCEF": 0.2984236529443634,
    "EXP": 0.2951418774168164,
    "ADBCF": 0.2902755665442389,
    "ADLDY": 0.2902755665442389,
    "CPAC": 0.2877657773825879,
    "VMC": 0.28576714090441174,
    "MDU": 0.2809834071819717,
    "THYCF": 0.2805670179564304,
    "THYCY": 0.2805670179564304,
    "JHX": 0.27002252535140586,
    "HDELY": 0.26826035122692315,
    "HLBZF": 0.26826035122692315,
    "USCR": 0.26185363815408397,
    "MCEM": 0.25446274235177047,
    "PITPY": 0.23998487968670312,
    "CMTOY": 0.22304468234977137,
    "USLM": 0.21928109028154497,
    "CX": 0.21493555838708991,
    "CXMSF": 0.21493555838708991,
    "PSGTF": 0.21163055679997972,
    "PSGTY": 0.21163055679997972,
    "PPCLY": 0.20805088653150847,
    "LOMA": 0.1986902581611578,
    "SMID": 0.19451158328570323,
    "LXRRF": 0.186107695598162,
    "YECO": 0.1812658356442185,
    "WBRBY": 0.1741876970407613,
    "FTTRF": 0.17064226367751373,
    "GCWOF": 0.16154309608405495,
    "BSND": 0.1582814508173628,
    "BZZUY": 0.1547999439554174,
    "SNTE": 0.13092189258528608,
    "CTXXF": 0.12928668652025166,
    "BASA": 0.12263291234783992,
    "NYLE": 0.11349965096852704,
    "SNLP": 0.09308977549901364
}