{
    "FCREY": 1.0000000000000004,
    "FRCEF": 1.0000000000000004,
    "MDU": 0.4866392962309717,
    "BOALF": 0.46743370318107724,
    "BOALY": 0.46743370318107724,
    "CRH": 0.41594098076818664,
    "CRHCF": 0.41594098076818664,
    "MLM": 0.4126670048285106,
    "USCR": 0.403981243846619,
    "VMC": 0.4033833975629216,
    "CARCY": 0.3749698255474355,
    "CJRCF": 0.3749698255474355,
    "THYCF": 0.3740695313520185,
    "THYCY": 0.3740695313520185,
    "ADBCF": 0.3703159366034982,
    "ADLDY": 0.3703159366034982,
    "EXP": 0.3615573358229619,
    "HCMLF": 0.35094084907964396,
    "HCMLY": 0.35094084907964396,
    "SUM": 0.3499150662389593,
    "CPAC": 0.3470118412408819,
    "HDELY": 0.3361417295307124,
    "HLBZF": 0.3361417295307124,
    "JHX": 0.3319734803262247,
    "CHGS": 0.30048175430244667,
    "CBUMY": 0.2984236529443634,
    "SMID": 0.2980584909259656,
    "CX": 0.2765003136999945,
    "CXMSF": 0.2765003136999945,
    "LXRRF": 0.2746800038527374,
    "WBRBY": 0.2731611860799518,
    "RETO": 0.26628840993207936,
    "AHCHF": 0.254682495587664,
    "AHCHY": 0.254682495587664,
    "USLM": 0.2425310842728643,
    "CMTOY": 0.23889942472358056,
    "BSND": 0.2374204152303266,
    "FTTRF": 0.2372595187992948,
    "MCEM": 0.23451451524400357,
    "PITPY": 0.22981328595546358,
    "CTXXF": 0.1987623644275815,
    "GCWOF": 0.19676251533972985,
    "PSGTF": 0.19290063902792012,
    "PSGTY": 0.19290063902792012,
    "PPCLY": 0.19136429283144957,
    "LOMA": 0.1884943445063922,
    "BZZUY": 0.17945522784756854,
    "CRJI": 0.17378041691318263,
    "SNTE": 0.1733979636781968,
    "YECO": 0.16966383714123662,
    "NYLE": 0.12695361640996852,
    "BASA": 0.11383688614657594,
    "SNLP": 0.06563873788419891
}