{
    "BKNG": 1.0,
    "TCOM": 0.41667596498898335,
    "WESC": 0.3623137550386907,
    "TOUR": 0.35690274462815236,
    "EXPE": 0.3223419914629443,
    "TRRB": 0.27441365383290145,
    "YTRA": 0.269561008255391,
    "ONVC": 0.2611511734634705,
    "MKGI": 0.25498332439716387,
    "HSWLF": 0.24905186510032853,
    "DESP": 0.2456302948252268,
    "MMYT": 0.24465098408096142,
    "TRIP": 0.24262645702009014,
    "WEBJF": 0.24094374741734242,
    "TNL": 0.22900266295728963,
    "TRZBF": 0.2288228212400268,
    "SLOT": 0.2285877164223435,
    "ZMWYD": 0.1763350914092005,
    "NCLH": 0.1710478019563288,
    "LIND": 0.16831328852484545,
    "NNAX": 0.15882905860466867,
    "TZOO": 0.15766326758564392,
    "CCL": 0.1546174688334881,
    "TUIFF": 0.14908194307450973,
    "TUIFY": 0.14908194307450973,
    "TNLIY": 0.14462099357841104,
    "LGDDF": 0.13289702737906414,
    "RCL": 0.1288869795537662,
    "HWGG": 0.12807172456922117,
    "DRTGF": 0.1264535684550168,
    "TMRR": 0.07448256375868495
}