{
    "TNL": 1.0000000000000002,
    "ONVC": 0.3752762787430011,
    "MMYT": 0.2824218668309105,
    "TCOM": 0.27080928188152437,
    "TRZBF": 0.26821471825965787,
    "TNLIY": 0.26616956753046206,
    "TRIP": 0.2609964370403078,
    "DESP": 0.2607652456051693,
    "EXPE": 0.25090207825522814,
    "WEBJF": 0.24105910838667005,
    "WESC": 0.2304718822324561,
    "NCLH": 0.2291740635998353,
    "BKNG": 0.22900266295728963,
    "ZMWYD": 0.22167568039943933,
    "TOUR": 0.22055339724430495,
    "DRTGF": 0.21498499844842348,
    "YTRA": 0.21007698158387683,
    "TRRB": 0.20930406575308025,
    "CCL": 0.19919757353546608,
    "HWGG": 0.1875612578648387,
    "TUIFF": 0.18394151827000674,
    "TUIFY": 0.18394151827000674,
    "MKGI": 0.18330558272033,
    "SLOT": 0.1754548528111266,
    "LGDDF": 0.16860967942813002,
    "TZOO": 0.16460316634117111,
    "RCL": 0.15076753047900596,
    "HSWLF": 0.1472565426186182,
    "LIND": 0.12418986216949593,
    "NNAX": 0.11069074429876383,
    "TMRR": 0.0813944597820122
}