{
    "ADERY": 1.0000000000000002,
    "PRAC": 0.20811628807006466,
    "IHICF": 0.20636929341762508,
    "IHICY": 0.20636929341762508,
    "NJDCY": 0.18847723386851556,
    "NNDNF": 0.18847723386851556,
    "TSHMY": 0.17950384605612382,
    "AUUMF": 0.17401451815738722,
    "B": 0.17111167033166919,
    "DFKCY": 0.169812802806188,
    "MHVYF": 0.16896312423111623,
    "SPXSF": 0.1659824578788851,
    "SPXSY": 0.1659824578788851,
    "HURC": 0.16565953027922706,
    "DOV": 0.16539374071340826,
    "FLS": 0.16366642883661806,
    "EMR": 0.16317048734114908,
    "GHM": 0.1603919029248559,
    "GTLS": 0.16021374995161689,
    "KWHIY": 0.15828092462574972,
    "HON": 0.1580964125640756,
    "GGG": 0.156858843714901,
    "JPSWY": 0.15600218420089593,
    "CMI": 0.1548591067532373,
    "FANUF": 0.15397514981531724,
    "FANUY": 0.15397514981531724,
    "PH": 0.15372197922885716,
    "KAI": 0.1534763112258053,
    "IR": 0.1531445938782027,
    "SIEGY": 0.15207894323594218,
    "SMAWF": 0.15207894323594218,
    "YOKEF": 0.15163618435544207,
    "YOKEY": 0.15163618435544207,
    "ITW": 0.15115488123121884,
    "NISN": 0.14905890279773298,
    "GE": 0.14860451165734787,
    "SDVKF": 0.14808264059598275,
    "SDVKY": 0.14808264059598275,
    "HI": 0.1478303974147332,
    "ROK": 0.14512494271166462,
    "THR": 0.1420042457116644,
    "KMRCF": 0.14114867489918356,
    "AME": 0.14102444812726694,
    "KMAAF": 0.14042059541230106,
    "ALFVF": 0.13974870268188808,
    "ALFVY": 0.13974870268188808,
    "WTS": 0.13960162318896258,
    "IEX": 0.1393381693000541,
    "ALSMY": 0.1385757944081584,
    "AOMFF": 0.1385757944081584,
    "SBGSF": 0.13829567066668286,
    "SBGSY": 0.13829567066668286,
    "DNIYY": 0.13821701177600185,
    "TNC": 0.13634455272455193,
    "EBCOF": 0.13625421412045394,
    "EBCOY": 0.13625421412045394,
    "DUERF": 0.1353586649048714,
    "DURYY": 0.1353586649048714,
    "WRTBF": 0.13526458500073843,
    "WRTBY": 0.13526458500073843,
    "MIDD": 0.13526238123817932,
    "ITT": 0.13435111369637304,
    "OTIS": 0.134198096837002,
    "XONE": 0.1338770015468368,
    "HBGRY": 0.1334792825431644,
    "FELE": 0.1331449496822466,
    "CIHPF": 0.1325240815308073,
    "HLIO": 0.13238676248276793,
    "HSHZY": 0.13221726007559328,
    "SBLUY": 0.13096634731115647,
    "GNRC": 0.13076171458730554,
    "TBABF": 0.13062658867296092,
    "ROP": 0.13037010030598647,
    "ATLCY": 0.1298367420547974,
    "ATLKF": 0.1298367420547974,
    "ATLKY": 0.1298367420547974,
    "ATTLF": 0.1298367420547974,
    "NPO": 0.1298084852185171,
    "KUKAF": 0.1293288447569013,
    "KUKAY": 0.1293288447569013,
    "SMCAY": 0.12870026947515842,
    "SMECF": 0.12870026947515842,
    "CRAWA": 0.12865540484542248,
    "CYD": 0.12796036115876588,
    "NRBT": 0.12736198837356358,
    "CR": 0.1270654896170175,
    "JBT": 0.12650828737620104,
    "XYL": 0.12590520779577072,
    "WLMS": 0.12564462797340598,
    "FJTCY": 0.12554904801283318,
    "MAOIF": 0.12548121736272738,
    "TOSBF": 0.1253233996668535,
    "TOSYY": 0.1253233996668535,
    "NDSN": 0.1251763167437031,
    "SXI": 0.12412000497531818,
    "BLDP": 0.12378042709683927,
    "PSIX": 0.12367374107539543,
    "TAYD": 0.12310959547846369,
    "GEAGF": 0.12295956990333115,
    "AALBF": 0.12253304350716579,
    "RBC": 0.12203970355583402,
    "CW": 0.12172028139870619,
    "IBAL": 0.12127073134306775,
    "SIELY": 0.12080563633337775,
    "TOPPY": 0.12074877860762065,
    "MMM": 0.12029213583997897,
    "MGTC": 0.11959242354264138,
    "PNR": 0.1192925737017674,
    "AFRMF": 0.11916670460246825,
    "SKUYF": 0.11850051035470466,
    "CVV": 0.11844880396263505,
    "SIMA": 0.11795570652402305,
    "XLWH": 0.11754909444389834,
    "ARNC": 0.11658471564089273,
    "ETN": 0.11648486998689724,
    "VACNY": 0.11600673546603094,
    "VTTGF": 0.11600673546603094,
    "RAVN": 0.11600170675434472,
    "CIR": 0.11590314943716606,
    "SPXC": 0.11569018331111866,
    "WBT": 0.11521096007404472,
    "RWCI": 0.11506184460637678,
    "KRNTY": 0.11499927059527189,
    "LGRDY": 0.11460596368663231,
    "LGRVF": 0.11460596368663231,
    "FKSHF": 0.11437072240761124,
    "TT": 0.1142770077576336,
    "WEGZY": 0.11370755906072393,
    "CFX": 0.11295164214645002,
    "CFXA": 0.11295164214645002,
    "NGKIF": 0.11289342859972139,
    "AOS": 0.11256773936593939,
    "TRS": 0.11204904850168036,
    "TPIC": 0.11198130994139376,
    "WEICF": 0.1117921920035666,
    "WEICY": 0.1117921920035666,
    "LXFR": 0.111339973980643,
    "APSI": 0.11113544358468737,
    "PSN": 0.11080933693203518,
    "UHOIF": 0.11048285351751327,
    "TCGN": 0.11030597650350413,
    "CHSTY": 0.10957008604418189,
    "EPAC": 0.10934276066645683,
    "HWM": 0.10898178004548839,
    "FLOW": 0.10878685292980653,
    "LII": 0.10860541351196333,
    "REOP": 0.10847026425972378,
    "BWEN": 0.10831909235698314,
    "RTOXF": 0.10778164865999966,
    "GTES": 0.10671516541924864,
    "AIMC": 0.10671328204623888,
    "OFLX": 0.10526068157707659,
    "AFGVY": 0.10493363952152081,
    "BYPLF": 0.10384918376662469,
    "DYFSF": 0.10313183206683925,
    "RINO": 0.10285965492039988,
    "RXN": 0.10084318084630949,
    "DCI": 0.10083257034460702,
    "CSWI": 0.10063393997986203,
    "GTEC": 0.10060176024641386,
    "KRNT": 0.09990564898838904,
    "SGTSY": 0.09956096076584564,
    "NRDXF": 0.09911812086602295,
    "XJNGF": 0.09868443451466433,
    "IMDXF": 0.09684941271940048,
    "SISXF": 0.09681020622158798,
    "MWA": 0.09663109555588768,
    "ATSAF": 0.09535819498528973,
    "SHLAF": 0.09498612075019126,
    "SHLRF": 0.09498612075019126,
    "KNYJF": 0.09426111108584023,
    "KNYJY": 0.09426111108584023,
    "HSC": 0.09406531000759917,
    "AATGF": 0.09327160510491894,
    "FLIDY": 0.09271074303809826,
    "TWIN": 0.09267782863324156,
    "CGRN": 0.09257125068977161,
    "PRWYF": 0.08988765640417616,
    "VLNSF": 0.08918939008722024,
    "RCHN": 0.08808157105145131,
    "SMGKF": 0.08720389942171759,
    "SMGZY": 0.08720389942171759,
    "LDL": 0.08676958067571112,
    "AUSI": 0.08668758542379854,
    "EDEYF": 0.0859156866765469,
    "BYYLF": 0.08506113990195834,
    "WEGRY": 0.08433821352708247,
    "WEIGF": 0.08433821352708247,
    "GCTAF": 0.08380731552487311,
    "GCTAY": 0.08380731552487311,
    "MVAC": 0.08377667455539443,
    "THKLY": 0.08271898763870872,
    "AMSC": 0.08226434598421921,
    "EVTN": 0.08206447967886751,
    "VWDRY": 0.08172441657570574,
    "VWSYF": 0.08172441657570574,
    "GRC": 0.08149422675572714,
    "INVI": 0.08018284518011132,
    "LPKFF": 0.08015109603098512,
    "APGI": 0.07983877017783246,
    "JKSM": 0.07905981681848112,
    "COCM": 0.07887565185563389,
    "XEBEF": 0.07801856543456473,
    "AACS": 0.07751462914677723,
    "ARVY": 0.07726454430003002,
    "ESNC": 0.07720578936676903,
    "LTHUQ": 0.07671900232819594,
    "LTMP": 0.07644760334390664,
    "MEGH": 0.0763121716670655,
    "DLPX": 0.07602021499748142,
    "BONL": 0.07386000573250794,
    "NFPC": 0.07307234595003972,
    "ROSN": 0.07299517778963562,
    "NWVCF": 0.0725903633262092,
    "INOH": 0.07141162640873384,
    "ESPHQ": 0.07105777616451625,
    "TBUIF": 0.07004030241945558,
    "ATCD": 0.06932629894522371,
    "RCIT": 0.06919440724147884,
    "SENY": 0.06805932339301408,
    "CVAT": 0.0675293954984382,
    "ASPW": 0.06546885135166085,
    "TSSP": 0.06474721354386187,
    "AQUEF": 0.06405080416648685,
    "PYR": 0.06347203351562267,
    "HIMR": 0.06308362553532869,
    "NLLSF": 0.06271398669850037,
    "NLLSY": 0.06271398669850037,
    "CNGA": 0.06258616617081969,
    "IMIAF": 0.06162450352063608,
    "IMIAY": 0.06162450352063608,
    "AFTC": 0.06127135045691746,
    "AXTG": 0.06043914162638955,
    "ATVK": 0.05918633944638135,
    "TXMC": 0.05872706897772309,
    "TNRG": 0.05616746945759281,
    "CCTC": 0.055956335067186884,
    "TECFF": 0.05528718948171274,
    "HYHY": 0.05333045004069942,
    "BBRW": 0.052795365147011206,
    "PRPI": 0.05123804210789305,
    "WPUR": 0.05000642983735444,