{
    "ATLCY": 1.0000000000000002,
    "ATLKF": 1.0000000000000002,
    "ATLKY": 1.0000000000000002,
    "ATTLF": 1.0000000000000002,
    "EMR": 0.37371904060222394,
    "IEX": 0.347074961860067,
    "IHICF": 0.34380787557075276,
    "IHICY": 0.34380787557075276,
    "SPXSF": 0.33003821817085655,
    "SPXSY": 0.33003821817085655,
    "SDVKF": 0.3274033773866588,
    "SDVKY": 0.3274033773866588,
    "ITT": 0.3236063668048763,
    "MHVYF": 0.32002050557226225,
    "IR": 0.31103295075740006,
    "PH": 0.31042155801139937,
    "FLS": 0.30995755153612115,
    "DUERF": 0.3041800769121794,
    "DURYY": 0.3041800769121794,
    "EBCOF": 0.3020338405105112,
    "EBCOY": 0.3020338405105112,
    "ALFVF": 0.30162904664919565,
    "ALFVY": 0.30162904664919565,
    "DOV": 0.29845345655397165,
    "KAI": 0.29578699518876955,
    "AME": 0.29549523964319313,
    "GE": 0.2942569132762252,
    "GGG": 0.2921415692202658,
    "HON": 0.2919902301565218,
    "ITW": 0.2883071375403123,
    "YOKEF": 0.2867414384431794,
    "YOKEY": 0.2867414384431794,
    "NDSN": 0.28599708402279334,
    "NPO": 0.2858214523126365,
    "SXI": 0.2834393669546711,
    "GHM": 0.2833494910837344,
    "CMI": 0.2743305109181978,
    "GTLS": 0.2731887024339847,
    "TBABF": 0.27307655643560735,
    "WTS": 0.27242583458413694,
    "SIEGY": 0.2680673265047547,
    "SMAWF": 0.2680673265047547,
    "ROK": 0.2680080892722365,
    "TRS": 0.26656379021633186,
    "WRTBF": 0.2661867235185863,
    "WRTBY": 0.2661867235185863,
    "HI": 0.2661755201102644,
    "PRAC": 0.2655911254592334,
    "FELE": 0.2641175028389706,
    "EPAC": 0.2634014648162491,
    "RBC": 0.26306668674741135,
    "CVV": 0.26125590202005455,
    "XYL": 0.25904825890416877,
    "B": 0.2571262448959522,
    "ROP": 0.2553805170798917,
    "THR": 0.25500358285524993,
    "ALSMY": 0.2538178663312301,
    "AOMFF": 0.2538178663312301,
    "ETN": 0.25042711109339066,
    "GEAGF": 0.2461367082727226,
    "CR": 0.24611798670922228,
    "SBGSF": 0.24570135190101516,
    "SBGSY": 0.24570135190101516,
    "TNC": 0.2451609238355514,
    "CW": 0.24264383272656317,
    "CIR": 0.23899632112205163,
    "TOSBF": 0.2378074606228858,
    "TOSYY": 0.2378074606228858,
    "SPXC": 0.2357710153265047,
    "AOS": 0.2351103323785805,
    "WLMS": 0.2335623329194193,
    "HLIO": 0.23321297347438513,
    "RTOXF": 0.23282471578899216,
    "PSIX": 0.23224986550244678,
    "SBLUY": 0.2320696394572549,
    "WEGZY": 0.23126068959609944,
    "TT": 0.2296836084933184,
    "CSWI": 0.22886249703451159,
    "HURC": 0.22860211648714893,
    "DFKCY": 0.2284658881507215,
    "LII": 0.22819046993212166,
    "PSN": 0.22658672072012975,
    "VACNY": 0.22656782269788625,
    "VTTGF": 0.22656782269788625,
    "JBT": 0.22630881033754394,
    "AFGVY": 0.22537009924839815,
    "FLOW": 0.22496301964759546,
    "MMM": 0.22494609469701457,
    "KMAAF": 0.22467809261011268,
    "HWM": 0.22393291493482154,
    "JPSWY": 0.22380260317050887,
    "XONE": 0.22016188956117572,
    "DCI": 0.21826668321924772,
    "BWEN": 0.21589000621292623,
    "AUUMF": 0.21564990816723525,
    "LXFR": 0.21492945178109013,
    "KRNTY": 0.21418184854219707,
    "AFRMF": 0.2135812788026198,
    "CIHPF": 0.2125419705540683,
    "PNR": 0.21201634339091238,
    "KUKAF": 0.21137174638501072,
    "KUKAY": 0.21137174638501072,
    "FLIDY": 0.2112518571968367,
    "RAVN": 0.20956709972562143,
    "DNIYY": 0.20875837456080173,
    "NISN": 0.20758769389008125,
    "GRC": 0.20678500923762344,
    "AALBF": 0.2064026683579312,
    "OTIS": 0.20637807136492473,
    "SIMA": 0.2055179535859496,
    "CFX": 0.20527373850512012,
    "CFXA": 0.20527373850512012,
    "TOPPY": 0.20361866075638987,
    "CRAWA": 0.20339426730459237,
    "CGRN": 0.20314593667006045,
    "CYD": 0.20299905421725575,
    "KWHIY": 0.20122836927083448,
    "SIELY": 0.20108712560414652,
    "SMCAY": 0.20001428307460883,
    "SMECF": 0.20001428307460883,
    "OFLX": 0.19924333623331456,
    "GNRC": 0.19737253622162548,
    "RXN": 0.19599743692689522,
    "BLDP": 0.1959142269109847,
    "TAYD": 0.1954917585556033,
    "LGRDY": 0.19500442932013864,
    "LGRVF": 0.19500442932013864,
    "NJDCY": 0.1949827361725948,
    "NNDNF": 0.1949827361725948,
    "WEGRY": 0.1935429231483757,
    "WEIGF": 0.1935429231483757,
    "MIDD": 0.19218892987348926,
    "WBT": 0.1916375613360169,
    "ARNC": 0.19018235281521695,
    "UHOIF": 0.18945651901769064,
    "GTES": 0.18845563908062615,
    "WEICF": 0.1882054690903714,
    "WEICY": 0.1882054690903714,
    "HBGRY": 0.18755081789917255,
    "APSI": 0.18501798909141828,
    "AUSI": 0.18474608061633102,
    "AATGF": 0.1845919966004201,
    "MWA": 0.18398478390092585,
    "RINO": 0.1835528931239392,
    "LDL": 0.18296494040327538,
    "AIMC": 0.18226092673364808,
    "RWCI": 0.1801789200434835,
    "MAOIF": 0.1788737222931961,
    "IMDXF": 0.176906735533367,
    "SISXF": 0.17648083807844633,
    "TCGN": 0.17585273073149182,
    "TPIC": 0.17550529939546908,
    "NGKIF": 0.17509007056879788,
    "NRDXF": 0.17345239442539165,
    "NRBT": 0.17305826894259022,
    "GTEC": 0.17268794788408962,
    "HSC": 0.1726683089537718,
    "IBAL": 0.1726163521923889,
    "SGTSY": 0.1699689171144125,
    "XEBEF": 0.16664357029619578,
    "KNYJF": 0.1661336749921602,
    "KNYJY": 0.1661336749921602,
    "TWIN": 0.1653853811643444,
    "FJTCY": 0.16496303837552737,
    "REOP": 0.1635537771827573,
    "LPKFF": 0.16348835410950582,
    "AMSC": 0.16322627957690805,
    "BYPLF": 0.16216512138669587,
    "KMRCF": 0.16028152828094375,
    "CVAT": 0.15932226367277277,
    "DYFSF": 0.1590125365302042,
    "SMGKF": 0.15382163099461107,
    "SMGZY": 0.15382163099461107,
    "ATSAF": 0.15277717093866225,
    "KRNT": 0.1517777675342134,
    "XJNGF": 0.15133383180775273,
    "PRWYF": 0.15096773515532655,
    "SHLAF": 0.1503489671396147,
    "SHLRF": 0.1503489671396147,
    "HSHZY": 0.14959300819583224,
    "ESPHQ": 0.14932796894560624,
    "RCHN": 0.14841600877924244,
    "NWVCF": 0.1480072617277558,
    "ESNC": 0.1462169970668626,
    "MVAC": 0.14385704380031916,
    "MGTC": 0.14168388096536694,
    "LTMP": 0.14124511579736673,
    "RVTI": 0.14114393061432884,
    "GCTAF": 0.13937921173310708,
    "GCTAY": 0.13937921173310708,
    "SENY": 0.13918838310806042,
    "APGI": 0.13894494809410818,
    "PYR": 0.13392982209154708,
    "VLNSF": 0.13199361295506146,
    "XLWH": 0.1310638386361786,
    "INVI": 0.12995396706677242,
    "ADERY": 0.1298367420547974,
    "SKUYF": 0.12958047664225694,
    "BYYLF": 0.1261467643046484,
    "COCM": 0.12580352214850232,
    "TSSP": 0.12398588409943391,
    "RCIT": 0.12316067454882158,
    "EVTN": 0.12244582786606202,
    "RGUS": 0.1217807608046211,
    "ASPW": 0.11912120007097098,
    "TECFF": 0.11867807506398494,
    "FANUF": 0.1174525418224992,
    "FANUY": 0.1174525418224992,
    "EDEYF": 0.1173275446225314,
    "NLLSF": 0.11522267793090092,
    "NLLSY": 0.11522267793090092,
    "JKSM": 0.11377274740779421,
    "DLPX": 0.11365758473636088,
    "CNGA": 0.11222539150111176,
    "IMIAF": 0.11188784302507146,
    "IMIAY": 0.11188784302507146,
    "MEGH": 0.1113274935152348,
    "LTHUQ": 0.11089035057450473,
    "HIMR": 0.11034699992772454,
    "ARVY": 0.10982800240338471,
    "ATCD": 0.10972016757211414,
    "NFPC": 0.10745923987661246,
    "PRPI": 0.10717855101893085,
    "THKLY": 0.10708387001457148,
    "AACS": 0.10683094557469416,
    "CHSTY": 0.10595554264026275,
    "TXMC": 0.10577553512564968,
    "AXTG": 0.10517440323805885,
    "INOH": 0.10502648016685175,
    "TSHMY": 0.10153840552913915,
    "BRRN": 0.10135676517602156,
    "TNRG": 0.10084521979773489,
    "WPUR": 0.10077466271110377,
    "VWDRY": 0.10031702247339513,
    "VWSYF": 0.10031702247339513,
    "FKSHF": 0.10007709415997378,
    "TBUIF": 0.09822344031418757,
    "CCTC": 0.09622788371324041,
    "HYHY": 0.09620709183990661,
    "BBRW": 0.09155193933855663,
    "BONL": 0.0888011682578042,
    "ROSN": 0.08842726675129287,
    "ATVK": 0.08687432617372133,