{
    "BLDP": 1.0000000000000002,
    "CMI": 0.32444566597345414,
    "TECFF": 0.290256356271934,
    "PSIX": 0.25843387768598586,
    "IHICF": 0.24587321551549834,
    "IHICY": 0.24587321551549834,
    "PH": 0.24561365520811326,
    "CYD": 0.2413900779794044,
    "WRTBF": 0.23893740931238563,
    "WRTBY": 0.23893740931238563,
    "XLWH": 0.23790101643162528,
    "KAI": 0.2377253952296022,
    "APSI": 0.23668128686749088,
    "ITT": 0.23616657932657023,
    "XJNGF": 0.23537253469468325,
    "GE": 0.23380611164062245,
    "NPO": 0.2326126530144942,
    "CRAWA": 0.23153760175146965,
    "CR": 0.22913343367972436,
    "SPXSF": 0.2290600954673233,
    "SPXSY": 0.2290600954673233,
    "SPXC": 0.22633630906315103,
    "DUERF": 0.22512298991385912,
    "DURYY": 0.22512298991385912,
    "DYFSF": 0.22423071039111495,
    "HWM": 0.2234949303422507,
    "AUUMF": 0.2220702694147607,
    "SBGSF": 0.22190468806232624,
    "SBGSY": 0.22190468806232624,
    "PRAC": 0.22177229861124387,
    "CW": 0.2199751906968824,
    "DFKCY": 0.21791960592950857,
    "XYL": 0.21773946868776534,
    "FELE": 0.21767265612663292,
    "HI": 0.2176252918657319,
    "ETN": 0.2175818003264671,
    "EMR": 0.21725301596425556,
    "JPSWY": 0.21643457281559944,
    "SIEGY": 0.2154472802287798,
    "SMAWF": 0.2154472802287798,
    "AALBF": 0.21372407550383332,
    "AME": 0.2122894805072318,
    "MHVYF": 0.2119372407817037,
    "B": 0.21056274279552803,
    "AFTC": 0.2104936244920592,
    "WTS": 0.21040505933515433,
    "HON": 0.2085204129624274,
    "IR": 0.20426408144475813,
    "FLOW": 0.20388268921215127,
    "HLIO": 0.2033305261237461,
    "WLMS": 0.20241772479974363,
    "DOV": 0.20209364523834578,
    "WEICF": 0.1990685233451348,
    "WEICY": 0.1990685233451348,
    "ALFVF": 0.19887386677240998,
    "ALFVY": 0.19887386677240998,
    "FLS": 0.19880499157828585,
    "LXFR": 0.19828013092311395,
    "BWEN": 0.19778117681859414,
    "TBABF": 0.1974430252678829,
    "GHM": 0.19721843941054457,
    "KWHIY": 0.19707584281709362,
    "ALSMY": 0.19678403378239967,
    "AOMFF": 0.19678403378239967,
    "PSN": 0.19661109890956913,
    "XONE": 0.1959641453742031,
    "ATLCY": 0.1959142269109847,
    "ATLKF": 0.1959142269109847,
    "ATLKY": 0.1959142269109847,
    "ATTLF": 0.1959142269109847,
    "IEX": 0.1951179042191313,
    "KRNTY": 0.19465964669516211,
    "AFRMF": 0.19318594099334122,
    "TCGN": 0.19299455983033564,
    "TOSBF": 0.19251977923040872,
    "TOSYY": 0.19251977923040872,
    "RBC": 0.19148247415555245,
    "YOKEF": 0.19044601360788044,
    "YOKEY": 0.19044601360788044,
    "SXI": 0.1903431741901963,
    "ARNC": 0.19033984946219462,
    "CVV": 0.18998506474532095,
    "MVAC": 0.18977307497879825,
    "NDSN": 0.1892847756061658,
    "PNR": 0.18922302454746578,
    "THR": 0.18900821000637347,
    "TWIN": 0.18865694256233403,
    "ITW": 0.188653920617133,
    "GGG": 0.18771274438262367,
    "TSSP": 0.1861746715101298,
    "GTEC": 0.18614862958266917,
    "VACNY": 0.18593895005633124,
    "VTTGF": 0.18593895005633124,
    "DCI": 0.18570911152821262,
    "ROK": 0.18564622888507412,
    "VWDRY": 0.18515919367340022,
    "VWSYF": 0.18515919367340022,
    "NJDCY": 0.18508430519950203,
    "NNDNF": 0.18508430519950203,
    "GEAGF": 0.1850467681820329,
    "TOPPY": 0.18496052297614204,
    "GTES": 0.1848799174159858,
    "AMSC": 0.18346875701960735,
    "WEGRY": 0.18257960282360175,
    "WEIGF": 0.18257960282360175,
    "OTIS": 0.18164202753187067,
    "SDVKF": 0.18034458670431805,
    "SDVKY": 0.18034458670431805,
    "SISXF": 0.18026097977217656,
    "WEGZY": 0.18022298246388765,
    "AOS": 0.18010581354120558,
    "MGTC": 0.17984125211313257,
    "APGI": 0.1788945012622117,
    "KUKAF": 0.17889108036133872,
    "KUKAY": 0.17889108036133872,
    "RAVN": 0.17872920141213552,
    "TT": 0.17862211654968876,
    "NRBT": 0.17769133601563974,
    "NISN": 0.17652662590200768,
    "ARVY": 0.17347769351116185,
    "ESNC": 0.1732898930843821,
    "MMM": 0.17312069469243832,
    "CFX": 0.17212748608097006,
    "CFXA": 0.17212748608097006,
    "SIELY": 0.17186906197025714,
    "FJTCY": 0.1717285859388187,
    "OFLX": 0.17105976906592646,
    "CGRN": 0.1700615761090702,
    "CIR": 0.1700238752345858,
    "HURC": 0.16998971540092012,
    "GTLS": 0.16935366721687933,
    "LII": 0.16860964627174888,
    "LPKFF": 0.16722930163890204,
    "TNC": 0.16504523343830052,
    "TAYD": 0.16472313755492884,
    "AFGVY": 0.1631750436935121,
    "CSWI": 0.16314075982894202,
    "TRS": 0.1627617647551419,
    "NLLSF": 0.1626383026713995,
    "NLLSY": 0.1626383026713995,
    "KMAAF": 0.1625495606454129,
    "FLIDY": 0.1623303868009382,
    "ESPHQ": 0.1614547501307388,
    "MWA": 0.16052411595478977,
    "ROP": 0.16048507719489394,
    "JBT": 0.16005587618277933,
    "ASPW": 0.15945144033361755,
    "GNRC": 0.15937573249893502,
    "SBLUY": 0.15926621477942635,
    "XEBEF": 0.15847719066354068,
    "AUSI": 0.15618295456830752,
    "DNIYY": 0.15605790529317523,
    "UHOIF": 0.15529396852426733,
    "CHSTY": 0.15322479088946722,
    "TPIC": 0.152883037052632,
    "IBAL": 0.15154032970798548,
    "SGTSY": 0.15130351777031706,
    "LDL": 0.15119216479748931,
    "EBCOF": 0.14963411491015968,
    "EBCOY": 0.14963411491015968,
    "EPAC": 0.1494656205509751,
    "WBT": 0.14944244676995,
    "NRDXF": 0.1488171912739155,
    "NWVCF": 0.14856803873776572,
    "LTHUQ": 0.1485141843512757,
    "RTOXF": 0.14818640007709458,
    "CIHPF": 0.1479889749272613,
    "SIMA": 0.14778515447119586,
    "GCTAF": 0.145643186429475,
    "GCTAY": 0.145643186429475,
    "RWCI": 0.14423137194265911,
    "KMRCF": 0.14262181389961226,
    "MAOIF": 0.14258482912473347,
    "BYPLF": 0.14012601975857245,
    "RXN": 0.1400101337712856,
    "LGRDY": 0.1395106406093817,
    "LGRVF": 0.1395106406093817,
    "RINO": 0.13932910408279542,
    "HIMR": 0.1392192895318061,
    "HSC": 0.13885312075189063,
    "AATGF": 0.13884114494812974,
    "NGKIF": 0.13842911059938792,
    "AIMC": 0.13821473717565277,
    "MEGH": 0.13809361737919904,
    "HYHY": 0.13536876977821566,
    "CCTC": 0.1352623203868125,
    "SMGKF": 0.13496328058480436,
    "SMGZY": 0.13496328058480436,
    "HBGRY": 0.13417592703581877,
    "MIDD": 0.1335556570516235,
    "JKSM": 0.13127673504972492,
    "LTMP": 0.13100966037058573,
    "IMDXF": 0.13013761037709587,
    "RVTI": 0.1300381656960367,
    "COCM": 0.1298346011832886,
    "CVAT": 0.12934096278533075,
    "PRPI": 0.128896017638097,
    "WPUR": 0.12862308495790806,
    "ATSAF": 0.12839672762318377,
    "SHLAF": 0.12835760703050053,
    "SHLRF": 0.12835760703050053,
    "ENCR": 0.12791492025628054,
    "AACS": 0.1275312070830908,
    "GRC": 0.12475350056682297,
    "FANUF": 0.12398136774584996,
    "FANUY": 0.12398136774584996,
    "ADERY": 0.12378042709683927,
    "BYYLF": 0.12359073426814544,
    "PRWYF": 0.12044463379448431,
    "AQUEF": 0.1203012703909134,
    "INOH": 0.11922426926921738,
    "PYBX": 0.11860325015367108,
    "SENY": 0.11820320628879846,
    "INVI": 0.11764515555745912,
    "CNGA": 0.11680756205682769,
    "PYR": 0.1117566978878233,
    "KRNT": 0.11099162820005493,
    "KNYJF": 0.11053156850371658,
    "KNYJY": 0.11053156850371658,
    "RCHN": 0.11030744854298184,
    "EVTN": 0.10802595106049333,
    "EDEYF": 0.10715425947062314,
    "PURXF": 0.10622958272349729,
    "VLNSF": 0.105854316146298,
    "FKSHF": 0.1057323635730958,
    "HSHZY": 0.10565802010080635,
    "REOP": 0.10411552225141298,
    "SKUYF": 0.10372232040047064,
    "AXTG": 0.10346286322091083,
    "RCIT": 0.10247420578641925,
    "TBUIF": 0.10226473670893063,
    "ROSN": 0.0972900003270881,
    "ARTR": 0.09536494089725277,
    "TNRG": 0.09451041714885146,
    "DLPX": 0.09396600218661363,
    "ATCD": 0.09168112429390005,
    "TXMC": 0.09109703443932907,
    "BONL": 0.09040008832026222,
    "IMIAF": 0.08483516574877556,
    "IMIAY": 0.08483516574877556,
    "BRRN": 0.08461438124332463,
    "TSHMY": 0.08402867363068635,
    "BBRW": 0.08062878048794803,