{
    "CIHPF": 1.0,
    "JPSWY": 0.264383116873016,
    "MHVYF": 0.24883224558616018,
    "IHICF": 0.2473225408925349,
    "IHICY": 0.2473225408925349,
    "AUUMF": 0.24226657299153842,
    "CVAT": 0.24163369161407153,
    "GGG": 0.23575132731553472,
    "ITW": 0.23353060621718688,
    "ITT": 0.23273819910693888,
    "EMR": 0.2264159955912761,
    "GE": 0.22205226039869813,
    "SPXSF": 0.21935391728162087,
    "SPXSY": 0.21935391728162087,
    "B": 0.21892215649022284,
    "AME": 0.21706174634251402,
    "FLS": 0.21419557914626547,
    "SDVKF": 0.21418552255529683,
    "SDVKY": 0.21418552255529683,
    "PH": 0.2138201233058099,
    "DNIYY": 0.21359700123208133,
    "IEX": 0.21337657976915847,
    "YOKEF": 0.21329417159710257,
    "YOKEY": 0.21329417159710257,
    "ATLCY": 0.2125419705540683,
    "ATLKF": 0.2125419705540683,
    "ATLKY": 0.2125419705540683,
    "ATTLF": 0.2125419705540683,
    "DOV": 0.2120829627552142,
    "WTS": 0.2073962263411567,
    "SIEGY": 0.2057475056301623,
    "SMAWF": 0.2057475056301623,
    "PRAC": 0.2050187237092286,
    "DUERF": 0.20348944741405936,
    "DURYY": 0.20348944741405936,
    "WRTBF": 0.20204116171777456,
    "WRTBY": 0.20204116171777456,
    "CMI": 0.20104522281341877,
    "TOPPY": 0.20071933308479897,
    "WEGZY": 0.20018607207152042,
    "KAI": 0.20012030554900975,
    "CR": 0.19791265537436917,
    "WLMS": 0.19753539288184505,
    "OTIS": 0.19729881772733662,
    "HON": 0.19629571493484804,
    "EBCOF": 0.196115439904016,
    "EBCOY": 0.196115439904016,
    "ALFVF": 0.19383875199153908,
    "ALFVY": 0.19383875199153908,
    "GTEC": 0.1934736513241344,
    "FELE": 0.19289386647996892,
    "AUSI": 0.19253028747721912,
    "SXI": 0.19231223931212274,
    "ROK": 0.18922310123534533,
    "TBABF": 0.1889981654178268,
    "FLIDY": 0.18724377461485017,
    "CVV": 0.18697318538708163,
    "THR": 0.18686482785612754,
    "AFRMF": 0.18531740680897504,
    "AOS": 0.18451326413937355,
    "KMAAF": 0.183531694528455,
    "TRS": 0.1799813065405894,
    "XYL": 0.17909091716950204,
    "SBGSF": 0.1787990982326891,
    "SBGSY": 0.1787990982326891,
    "HI": 0.17805865384664676,
    "CFX": 0.17729136830199324,
    "CFXA": 0.17729136830199324,
    "ALSMY": 0.1771066252557616,
    "AOMFF": 0.1771066252557616,
    "PSIX": 0.1766877595093464,
    "ROP": 0.1764743776063898,
    "KWHIY": 0.17552634331131245,
    "DFKCY": 0.1747588187238011,
    "TNC": 0.17468742772780502,
    "SIELY": 0.17435692678522122,
    "NPO": 0.1739070806768714,
    "GTLS": 0.17365651667813048,
    "IR": 0.17269843137158356,
    "NJDCY": 0.17212148650707826,
    "NNDNF": 0.17212148650707826,
    "SPXC": 0.17182126115796537,
    "WBT": 0.17181721718883555,
    "XJNGF": 0.1710412066266236,
    "NDSN": 0.17047309230885987,
    "SBLUY": 0.16944029429204893,
    "XONE": 0.16925532038794958,
    "EPAC": 0.16868104505089354,
    "LXFR": 0.168204780209568,
    "RBC": 0.16721534006536543,
    "HURC": 0.16606389247951203,
    "NRBT": 0.1646555728569112,
    "LII": 0.1632847829523253,
    "GHM": 0.16298287262010153,
    "TCGN": 0.16296862114274568,
    "HLIO": 0.1627108586955216,
    "HWM": 0.16269690427882627,
    "TT": 0.16263759879530734,
    "CYD": 0.16211803521174267,
    "IBAL": 0.16207334130014453,
    "GEAGF": 0.16201939069155247,
    "RTOXF": 0.16184466729556324,
    "TAYD": 0.16173794801190788,
    "RINO": 0.16080121460402175,
    "WEICF": 0.16059391757437463,
    "WEICY": 0.16059391757437463,
    "KMRCF": 0.16017445748546846,
    "JBT": 0.1587101572546194,
    "BWEN": 0.15857215176871323,
    "RVTI": 0.1577387521753293,
    "CW": 0.1574766369661197,
    "HBGRY": 0.15734752935206386,
    "NISN": 0.15726589917241837,
    "CSWI": 0.15626609785641746,
    "AFGVY": 0.15527121702111285,
    "CIR": 0.15462775347089378,
    "PSN": 0.1541880497422744,
    "KUKAF": 0.1531951619315994,
    "KUKAY": 0.1531951619315994,
    "TOSBF": 0.15264524861282963,
    "TOSYY": 0.15264524861282963,
    "CRAWA": 0.1521791262696908,
    "ETN": 0.1516694805951058,
    "AATGF": 0.15165539737495853,
    "MMM": 0.15151071681868727,
    "VACNY": 0.15004979999418505,
    "VTTGF": 0.15004979999418505,
    "HSC": 0.14996294664495252,
    "DCI": 0.14939743540550862,
    "MIDD": 0.14833792948536606,
    "BLDP": 0.1479889749272613,
    "TPIC": 0.14781555982301106,
    "PNR": 0.14716349219834268,
    "AALBF": 0.1467948388302312,
    "SISXF": 0.146300639632381,
    "SHLAF": 0.14621071501309188,
    "SHLRF": 0.14621071501309188,
    "SIMA": 0.14538356674712682,
    "RAVN": 0.14476789852566588,
    "SGTSY": 0.14420077765145597,
    "LGRDY": 0.14075204239022313,
    "LGRVF": 0.14075204239022313,
    "RXN": 0.14046549191015215,
    "GNRC": 0.1396987107163874,
    "OFLX": 0.13908912272974203,
    "ARNC": 0.13887496178726488,
    "RWCI": 0.13747124764139862,
    "MAOIF": 0.13725848342652355,
    "KRNTY": 0.13643984523653888,
    "AIMC": 0.1354391649056189,
    "UHOIF": 0.13460608816012676,
    "DYFSF": 0.13372922483514713,
    "ADERY": 0.1325240815308073,
    "LPKFF": 0.132156468754736,
    "MEGH": 0.1316332829940178,
    "ATSAF": 0.1308023254936975,
    "VWDRY": 0.12985478754310378,
    "VWSYF": 0.12985478754310378,
    "MWA": 0.12932825975020998,
    "LDL": 0.12915112607560805,
    "XEBEF": 0.12837281055496672,
    "WEGRY": 0.12729426235661528,
    "WEIGF": 0.12729426235661528,
    "APSI": 0.12684444582096538,
    "KRNT": 0.1254440506677508,
    "NRDXF": 0.12474286081031188,
    "GTES": 0.12377191797062369,
    "RCHN": 0.12302247966685675,
    "MGTC": 0.1228930249400377,
    "BYPLF": 0.12163314954896201,
    "FLOW": 0.12156193385326684,
    "PRWYF": 0.12053488782301706,
    "AMSC": 0.12036590443106254,
    "REOP": 0.11973590992351692,
    "FJTCY": 0.11854514406784446,
    "MVAC": 0.11820561787014959,
    "CGRN": 0.1175198360809962,
    "KNYJF": 0.11732402342820626,
    "KNYJY": 0.11732402342820626,
    "NGKIF": 0.11698545846503576,
    "TWIN": 0.11619651631803679,
    "NWVCF": 0.11389160861299269,
    "GRC": 0.1125179154074257,
    "IMDXF": 0.11142368206360688,
    "GCTAF": 0.11139517990833006,
    "GCTAY": 0.11139517990833006,
    "ESPHQ": 0.11122958403424042,
    "SKUYF": 0.10889470673352035,
    "SMCAY": 0.10872692883462598,
    "SMECF": 0.10872692883462598,
    "SMGKF": 0.10855354991736661,
    "SMGZY": 0.10855354991736661,
    "CNGA": 0.10832125032409953,
    "COCM": 0.10817904296186806,
    "ATCD": 0.10691205207816126,
    "TSSP": 0.10615769616797514,
    "SENY": 0.10413545363100608,
    "HSHZY": 0.10409348654133632,
    "ARVY": 0.1031540835797001,
    "NLLSF": 0.10187212345190887,
    "NLLSY": 0.10187212345190887,
    "ESNC": 0.10163635500535602,
    "NFPC": 0.10068613363046205,
    "XLWH": 0.0995452696181524,
    "VLNSF": 0.09944430526482637,
    "BYYLF": 0.09911202731070701,
    "APGI": 0.09758701115941851,
    "ROSN": 0.09725310593396971,
    "DLPX": 0.09663492496733404,
    "LTMP": 0.09645864367971486,
    "PYR": 0.09585209401991428,
    "ASPW": 0.09502582068975618,
    "JKSM": 0.09456176809846376,
    "RCIT": 0.09449866028284577,
    "PRPI": 0.09440618831630374,
    "FKSHF": 0.09130754966119853,
    "EDEYF": 0.09130701451221661,
    "CHSTY": 0.08951574625594833,
    "AXTG": 0.08839088654230404,
    "HYHY": 0.0875009664111285,
    "HIMR": 0.08654863394181288,
    "TBUIF": 0.08364778883240778,
    "INVI": 0.08363234331318863,
    "LTHUQ": 0.08256781244392365,
    "CCTC": 0.08241315804586921,
    "EVTN": 0.08194652738538381,
    "FANUF": 0.08129556825410639,
    "FANUY": 0.08129556825410639,
    "THKLY": 0.08096201532060648,
    "TSHMY": 0.08033720520151882,
    "BONL": 0.07976563399868904,
    "BBRW": 0.07915170225395808,
    "TNRG": 0.07735346646522574,
    "AACS": 0.07583037003723488,
    "INOH": 0.07579302606871952,
    "WPUR": 0.07505345612625776,
    "ARTR": 0.07415630435491218,
    "IMIAF": 0.07256901861619913,
    "IMIAY": 0.07256901861619913,
    "TXMC": 0.07213680001628024,
    "ENCR": 0.0713380756267546,
    "AQUEF": 0.06989656061684497,
    "ATVK": 0.06907383661169866,