{
    "GRC": 1.0000000000000002,
    "FELE": 0.24901330616069134,
    "IEX": 0.24188392831444097,
    "WTS": 0.24014258797463084,
    "PH": 0.22635808859460496,
    "SPXSF": 0.22240921897899313,
    "SPXSY": 0.22240921897899313,
    "XYL": 0.22189681837666855,
    "IR": 0.21537392666496424,
    "ITT": 0.21421753711750383,
    "EBCOF": 0.21216492584448562,
    "EBCOY": 0.21216492584448562,
    "DOV": 0.20756814328440013,
    "ATLCY": 0.20678500923762344,
    "ATLKF": 0.20678500923762344,
    "ATLKY": 0.20678500923762344,
    "ATTLF": 0.20678500923762344,
    "FLS": 0.20522300234556098,
    "LII": 0.20388456119270276,
    "CIR": 0.20366166620938891,
    "B": 0.20147224079615003,
    "RBC": 0.2007236524191199,
    "SBGSF": 0.1997810601012671,
    "SBGSY": 0.1997810601012671,
    "CR": 0.19426719962220182,
    "GGG": 0.19172984421355485,
    "EMR": 0.19167013897092167,
    "PRAC": 0.1912562627379127,
    "KAI": 0.18798619129195895,
    "TT": 0.18751827694923545,
    "GE": 0.1871630721320769,
    "AOS": 0.18642925457919426,
    "MHVYF": 0.18465925122511873,
    "HLIO": 0.182004313726773,
    "TAYD": 0.1818513410340139,
    "PNR": 0.18174739864224435,
    "NDSN": 0.17847309766800235,
    "DCI": 0.17756908916348285,
    "THR": 0.1760772808835588,
    "SPXC": 0.17357553415053503,
    "RAVN": 0.17334907451870046,
    "GTES": 0.1730334620640048,
    "GHM": 0.17270785538973227,
    "ALFVF": 0.17206412160840207,
    "ALFVY": 0.17206412160840207,
    "CRAWA": 0.1716578049395534,
    "HURC": 0.1713044213777344,
    "TNC": 0.1708113973319217,
    "ITW": 0.17007976523961152,
    "TRS": 0.16942299190587554,
    "CVV": 0.16899478474620622,
    "IHICF": 0.16889287571482922,
    "IHICY": 0.16889287571482922,
    "TWIN": 0.16874336511234814,
    "CMI": 0.16861277510277162,
    "OFLX": 0.1677519416584685,
    "ROK": 0.16737236835521052,
    "CW": 0.16715116571756175,
    "DUERF": 0.16634945037472365,
    "DURYY": 0.16634945037472365,
    "NISN": 0.1656436231426282,
    "RXN": 0.16548835494152017,
    "GTLS": 0.16532796725932217,
    "CSWI": 0.16279355129113907,
    "HI": 0.16084359414703003,
    "JPSWY": 0.16057283706960498,
    "TCGN": 0.1597289537419233,
    "HON": 0.15966119660687014,
    "BWEN": 0.15911819102743788,
    "XONE": 0.1586307393891135,
    "ETN": 0.15744990248900642,
    "AME": 0.15697162354391603,
    "RINO": 0.15625657878349158,
    "YOKEF": 0.1548582983124479,
    "YOKEY": 0.1548582983124479,
    "TBABF": 0.15472254805424818,
    "SBLUY": 0.15467162448895844,
    "AUSI": 0.1546490346549222,
    "NJDCY": 0.1545757803640813,
    "NNDNF": 0.1545757803640813,
    "TOSBF": 0.1539316700894427,
    "TOSYY": 0.1539316700894427,
    "CFX": 0.15185688284667387,
    "CFXA": 0.15185688284667387,
    "AALBF": 0.15123998001900454,
    "FLOW": 0.14990660785575238,
    "JBT": 0.14969567479585,
    "DFKCY": 0.14966632833651783,
    "WRTBF": 0.14957863932199986,
    "WRTBY": 0.14957863932199986,
    "SXI": 0.1493972826618373,
    "RTOXF": 0.14934399027656586,
    "MWA": 0.14867804736298715,
    "NPO": 0.1479551896522847,
    "MMM": 0.14766392587254865,
    "LDL": 0.14609123542751534,
    "LXFR": 0.14506960711054256,
    "WEICF": 0.14434032470201422,
    "WEICY": 0.14434032470201422,
    "CYD": 0.14393896992344035,
    "SDVKF": 0.14269600307856842,
    "SDVKY": 0.14269600307856842,
    "ROP": 0.14266350797876673,
    "WLMS": 0.13981136978126446,
    "ARNC": 0.13920416854476042,
    "SIEGY": 0.13915397535770072,
    "SMAWF": 0.13915397535770072,
    "OTIS": 0.1376011596135135,
    "TOPPY": 0.13743283617082142,
    "AIMC": 0.1367734509607393,
    "LTMP": 0.13596190727039656,
    "EPAC": 0.13581869395796287,
    "ALSMY": 0.13523796230018928,
    "AOMFF": 0.13523796230018928,
    "WEGZY": 0.13502648299629524,
    "PSIX": 0.1347786246866389,
    "AMSC": 0.1342329303234845,
    "GNRC": 0.13359748442203068,
    "GEAGF": 0.13303219813471936,
    "AFGVY": 0.13263584483923263,
    "GTEC": 0.12971836166150622,
    "MAOIF": 0.12957557079830878,
    "AUUMF": 0.12920341860228862,
    "KUKAF": 0.1290742572145494,
    "KUKAY": 0.1290742572145494,
    "ESPHQ": 0.1286221898096246,
    "NRBT": 0.1283365462243545,
    "BYYLF": 0.12809676593038088,
    "SIMA": 0.12772937155883,
    "SISXF": 0.1270746301254185,
    "LGRDY": 0.12540954502426974,
    "LGRVF": 0.12540954502426974,
    "BLDP": 0.12475350056682297,
    "HWM": 0.12468475936508563,
    "CGRN": 0.12435453217382647,
    "DNIYY": 0.12375459751657882,
    "AFRMF": 0.12318083884859103,
    "WBT": 0.1224878925691126,
    "NFPC": 0.12132199805055832,
    "CNGA": 0.12071633403106595,
    "IBAL": 0.11954716179636689,
    "AATGF": 0.1194253146952133,
    "VACNY": 0.11942174683381801,
    "VTTGF": 0.11942174683381801,
    "SIELY": 0.11878063186772433,
    "SMCAY": 0.11856719013639047,
    "SMECF": 0.11856719013639047,
    "APSI": 0.11836933064442325,
    "CHSTY": 0.11764111889642198,
    "PSN": 0.11669224671587185,
    "WEGRY": 0.11636891533792022,
    "WEIGF": 0.11636891533792022,
    "SENY": 0.11596638837340356,
    "MVAC": 0.11490483885089932,
    "JKSM": 0.1133191326795615,
    "KWHIY": 0.11283386240204722,
    "CIHPF": 0.1125179154074257,
    "KRNT": 0.11203379768449415,
    "INVI": 0.11168126825867268,
    "KMAAF": 0.11155176347373708,
    "NGKIF": 0.11086186357119407,
    "VLNSF": 0.11009721809780788,
    "BYPLF": 0.10982517634454145,
    "AACS": 0.10981907924287287,
    "UHOIF": 0.10877167478612368,
    "TPIC": 0.10857118666591495,
    "MIDD": 0.10853980439055658,
    "HSHZY": 0.10755475097277296,
    "DYFSF": 0.10620999472943865,
    "ATSAF": 0.10605964603473905,
    "KMRCF": 0.10533817893272035,
    "WPUR": 0.10401854922736448,
    "FJTCY": 0.10260131652735945,
    "NWVCF": 0.1025420092825325,
    "RCHN": 0.10214185388318757,
    "HBGRY": 0.1015224545880971,
    "EVTN": 0.10086523001268645,
    "AFTC": 0.09991401001081897,
    "RGUS": 0.09986136326238697,
    "ESNC": 0.09974524126160535,
    "TSSP": 0.09925645848661485,
    "TBUIF": 0.09842585153180515,
    "XLWH": 0.09792636293260747,
    "XEBEF": 0.09791585509643722,
    "KRNTY": 0.0970599881316883,
    "PRWYF": 0.09704260799726516,
    "LPKFF": 0.09695748056696811,
    "XJNGF": 0.09656635098637223,
    "SMGKF": 0.09616356592422638,
    "SMGZY": 0.09616356592422638,
    "NRDXF": 0.09608820089523917,
    "HSC": 0.09552324608427117,
    "ENCR": 0.0953591770225627,
    "RWCI": 0.09525747051611651,
    "IMDXF": 0.09478565642168905,
    "LTHUQ": 0.0936117722024562,
    "MGTC": 0.09246029342008752,
    "SHLAF": 0.09215481301890736,
    "SHLRF": 0.09215481301890736,
    "FLIDY": 0.0906683250036523,
    "ATCD": 0.09011082872204093,
    "TSHMY": 0.08824394262691762,
    "PRPI": 0.08772870512739919,
    "AXTG": 0.08756340269608356,
    "HYHY": 0.08725167464785907,
    "FKSHF": 0.08701158773183082,
    "SGTSY": 0.08684182356779532,
    "ASPW": 0.08675794701519034,
    "BONL": 0.08512698732729525,
    "FANUF": 0.08327467187243323,
    "FANUY": 0.08327467187243323,
    "ADERY": 0.08149422675572714,
    "REOP": 0.08110356927178489,
    "MEGH": 0.08078343897657954,
    "CVAT": 0.0805942413035328,
    "KNYJF": 0.08029120980712044,
    "KNYJY": 0.08029120980712044,
    "GCTAF": 0.08028414414978248,
    "GCTAY": 0.08028414414978248,
    "RCIT": 0.07837012503865604,
    "VWDRY": 0.07691815895936613,
    "VWSYF": 0.07691815895936613,
    "ROSN": 0.07673462014308102,
    "SKUYF": 0.0754856744233148,
    "COCM": 0.07518008711353265,
    "ATVK": 0.07513184054069687,
    "DLPX": 0.07464396730409271,
    "ARVY": 0.07389944505247217,
    "ARTR": 0.07360036793627549,
    "NLLSF": 0.07242447615755644,
    "NLLSY": 0.07242447615755644,
    "INOH": 0.06987244797359325,
    "THKLY": 0.06982691008150571,
    "PYR": 0.06901037903234906,
    "TNRG": 0.06882819373582755,
    "IMIAF": 0.06870062220111686,
    "IMIAY": 0.06870062220111686,
    "HIMR": 0.0675604359332954,
    "RVTI": 0.06743152998334753,
    "CCTC": 0.06445015744589735,
    "APGI": 0.06260168016971285,
    "TXMC": 0.06133762265561638,