{
    "GTES": 1.0000000000000002,
    "PH": 0.34817894259700666,
    "HLIO": 0.32512373976254516,
    "SPXSF": 0.30287004167924286,
    "SPXSY": 0.30287004167924286,
    "ETN": 0.2975414444326175,
    "B": 0.29481371890794195,
    "RBC": 0.2924886504152058,
    "DOV": 0.27418531518293254,
    "ITT": 0.2741771739524047,
    "CMI": 0.26911571254359795,
    "CRAWA": 0.263235832402265,
    "FELE": 0.2603396464843262,
    "PSIX": 0.25527187880759666,
    "GE": 0.25489980263522877,
    "IR": 0.2529674050174158,
    "MHVYF": 0.25021361900687633,
    "NPO": 0.24975390855149185,
    "IEX": 0.24958242728875155,
    "TBABF": 0.2491552664379335,
    "IHICF": 0.24716541707921252,
    "IHICY": 0.24716541707921252,
    "CW": 0.24559137960336622,
    "ITW": 0.244236669247641,
    "CR": 0.24370776937428038,
    "RXN": 0.23493600782661006,
    "OFLX": 0.23239945016858735,
    "NDSN": 0.23096752100068724,
    "SBGSF": 0.23029020439748726,
    "SBGSY": 0.23029020439748726,
    "XYL": 0.22869262065023502,
    "WTS": 0.22849703479729344,
    "HON": 0.22788081374023947,
    "FLS": 0.22745967057764194,
    "DCI": 0.2234971629260957,
    "XONE": 0.22330898758580683,
    "KAI": 0.22143842956537238,
    "MMM": 0.22075339754210097,
    "SPXC": 0.22069371956181602,
    "HWM": 0.2205993809960271,
    "HURC": 0.22048834704094075,
    "PNR": 0.22006548676790721,
    "AUUMF": 0.21972023098087337,
    "EMR": 0.21830950528683,
    "PRAC": 0.21822202123681456,
    "GGG": 0.21792593054113527,
    "NJDCY": 0.21542150985203173,
    "NNDNF": 0.21542150985203173,
    "WEICF": 0.21389422192385293,
    "WEICY": 0.21389422192385293,
    "WLMS": 0.2136789563586861,
    "AME": 0.2133491469163902,
    "TRS": 0.21174219148084353,
    "DUERF": 0.2081056893406141,
    "DURYY": 0.2081056893406141,
    "SXI": 0.2073680900772713,
    "TOSBF": 0.2047245816585851,
    "TOSYY": 0.2047245816585851,
    "CVV": 0.2042102156179066,
    "ROK": 0.203663706613122,
    "GHM": 0.20249308500672983,
    "THR": 0.20213179925125957,
    "CGRN": 0.20209951383801955,
    "WRTBF": 0.20165846853092553,
    "WRTBY": 0.20165846853092553,
    "KUKAF": 0.2006748647291058,
    "KUKAY": 0.2006748647291058,
    "TT": 0.20035377750838415,
    "APSI": 0.19904342458064456,
    "EPAC": 0.19900856650864493,
    "SDVKF": 0.19831405744888275,
    "SDVKY": 0.19831405744888275,
    "SIEGY": 0.1982556508250053,
    "SMAWF": 0.1982556508250053,
    "HI": 0.1976617061165436,
    "RAVN": 0.1975158031065176,
    "CFX": 0.196424649688066,
    "CFXA": 0.196424649688066,
    "AOS": 0.19626189669701413,
    "GNRC": 0.19558077841822533,
    "YOKEF": 0.19512670980644953,
    "YOKEY": 0.19512670980644953,
    "TWIN": 0.19467687749097443,
    "DFKCY": 0.19366050096656096,
    "ARNC": 0.1928418252827725,
    "CIR": 0.1926297664081934,
    "TNC": 0.19205468303435963,
    "ALFVF": 0.1913091971548923,
    "ALFVY": 0.1913091971548923,
    "CYD": 0.19117042475134263,
    "EBCOF": 0.19107600931465646,
    "EBCOY": 0.19107600931465646,
    "CSWI": 0.18931503077440187,
    "GTLS": 0.18908312074025804,
    "WBT": 0.18899197257428318,
    "SBLUY": 0.1888778035573989,
    "ATLCY": 0.18845563908062615,
    "ATLKF": 0.18845563908062615,
    "ATLKY": 0.18845563908062615,
    "ATTLF": 0.18845563908062615,
    "AIMC": 0.18750933478535373,
    "LGRDY": 0.18614944491572552,
    "LGRVF": 0.18614944491572552,
    "BLDP": 0.1848799174159858,
    "AALBF": 0.18176576660314261,
    "BWEN": 0.17863486607887166,
    "ALSMY": 0.1784130486857681,
    "AOMFF": 0.1784130486857681,
    "LDL": 0.1783694335060271,
    "JPSWY": 0.17786705362087274,
    "AFRMF": 0.17655673878933478,
    "KWHIY": 0.1755979721978597,
    "NGKIF": 0.17485055407295463,
    "LXFR": 0.17412295837541555,
    "MWA": 0.17330908955851715,
    "SIELY": 0.17310629331907176,
    "GRC": 0.1730334620640048,
    "MGTC": 0.1725354184500916,
    "RTOXF": 0.17238081689295212,
    "BYPLF": 0.17074718193731822,
    "WEGZY": 0.16983193635472765,
    "LII": 0.16978805696442717,
    "SIMA": 0.16939675013670302,
    "OTIS": 0.16849037620488913,
    "TCGN": 0.16822910159555013,
    "JBT": 0.1677704414345765,
    "AFGVY": 0.16712653453121426,
    "AUSI": 0.1669201935818004,
    "ROP": 0.16673084546376846,
    "AMSC": 0.16526512857579365,
    "MAOIF": 0.16514551090774476,
    "NRBT": 0.1643169818412874,
    "FLOW": 0.16367711264179208,
    "PSN": 0.16214005730732886,
    "GEAGF": 0.16086843370466994,
    "SMGKF": 0.16056736878123196,
    "SMGZY": 0.16056736878123196,
    "TOPPY": 0.15527716670260888,
    "NISN": 0.15473707302684084,
    "XLWH": 0.1541732515052302,
    "SISXF": 0.15407939741951757,
    "KMAAF": 0.1531568289382581,
    "DNIYY": 0.15269307040430802,
    "ARVY": 0.15257781320604005,
    "IBAL": 0.1506305875405066,
    "XEBEF": 0.14877590443321254,
    "LTMP": 0.14839569836892977,
    "PRWYF": 0.14711034226030972,
    "ESPHQ": 0.14607830515396045,
    "GTEC": 0.14565949805812817,
    "UHOIF": 0.14561543929797863,
    "TAYD": 0.14482257557042236,
    "WEGRY": 0.14236905944765957,
    "WEIGF": 0.14236905944765957,
    "ASPW": 0.14235175499227212,
    "HSHZY": 0.14178195081396522,
    "AATGF": 0.14161670184785213,
    "RCHN": 0.14132585875974926,
    "SENY": 0.13935081180547387,
    "KMRCF": 0.1388556015982133,
    "HSC": 0.13813254883383352,
    "VACNY": 0.1377572571022164,
    "VTTGF": 0.1377572571022164,
    "NRDXF": 0.13699045066857,
    "TPIC": 0.13652895676330715,
    "RWCI": 0.13510402050275686,
    "NWVCF": 0.13448765347820027,
    "KRNTY": 0.1303372914793471,
    "MIDD": 0.1296831928018862,
    "LTHUQ": 0.12789332160602834,
    "ESNC": 0.12649434126137118,
    "SHLAF": 0.12616412457853013,
    "SHLRF": 0.12616412457853013,
    "INVI": 0.12603105626663366,
    "MVAC": 0.12574270210232008,
    "HBGRY": 0.12566211204217906,
    "XJNGF": 0.12554035021888685,
    "CIHPF": 0.12377191797062369,
    "RINO": 0.12364128329923202,
    "TSSP": 0.1229106167325214,
    "REOP": 0.12201057406706883,
    "KRNT": 0.12141433186365232,
    "IMDXF": 0.12058303176807204,
    "CVAT": 0.11976698057552482,
    "DYFSF": 0.11819122228639263,
    "SMCAY": 0.11773601977702514,
    "SMECF": 0.11773601977702514,
    "APGI": 0.11698775948841263,
    "SGTSY": 0.11566953421237171,
    "MEGH": 0.11186603722957429,
    "EVTN": 0.10871415226259655,
    "ATCD": 0.10783222270874927,
    "WPUR": 0.10742684350279356,
    "FLIDY": 0.10674271800154699,
    "ADERY": 0.10671516541924864,
    "GCTAF": 0.10516669793565658,
    "GCTAY": 0.10516669793565658,
    "VLNSF": 0.10324400756509881,
    "JKSM": 0.10304394270387172,
    "KNYJF": 0.1029320469466404,
    "KNYJY": 0.1029320469466404,
    "ATSAF": 0.10194851383446484,
    "PYR": 0.10105280896900108,
    "ROSN": 0.10102889305232227,
    "CHSTY": 0.10081417970632447,
    "LPKFF": 0.10053883946553513,
    "THKLY": 0.09943406621902837,
    "ENCR": 0.09841057993126098,
    "VWDRY": 0.0960516430198797,
    "VWSYF": 0.0960516430198797,
    "SKUYF": 0.0951999048172188,
    "TBUIF": 0.09511615141781737,
    "FJTCY": 0.09462822461200614,
    "BONL": 0.09390146315148477,
    "TNRG": 0.09309480181275324,
    "RCIT": 0.092967420237187,
    "NLLSF": 0.0919485515594395,
    "NLLSY": 0.0919485515594395,
    "FANUF": 0.0918031552025222,
    "FANUY": 0.0918031552025222,
    "COCM": 0.0914907157416214,
    "HIMR": 0.0914232467594087,
    "BYYLF": 0.08888083685235704,
    "INOH": 0.0877516466527831,
    "FKSHF": 0.08747926936205076,
    "PRPI": 0.08573468446427565,
    "CNGA": 0.0848730312885408,
    "IMIAF": 0.08466120593655031,
    "IMIAY": 0.08466120593655031,
    "DLPX": 0.0840561047663245,
    "TSHMY": 0.082125525502449,
    "PYBX": 0.08198916908034856,
    "HYHY": 0.08184266113056243,
    "ARTR": 0.0809726203046791,
    "TXMC": 0.08048977542998367,
    "CCTC": 0.08006022772294064,
    "NFPC": 0.07789280911673245,
    "AACS": 0.07472522235907685,
    "AQUEF": 0.07466322024741559,
    "AXTG": 0.07406830081494643,
    "RVTI": 0.072362268554532,
    "EDEYF": 0.0721368660690781,
    "RGUS": 0.06914580807863495,