{
    "ITW": 1.0,
    "DOV": 0.4819616045335996,
    "PH": 0.39126495584933346,
    "AME": 0.3756372142287995,
    "B": 0.3751037081966022,
    "EMR": 0.3707915811477439,
    "IEX": 0.3640140328337381,
    "SIMA": 0.3565283992170586,
    "GE": 0.34920815911465586,
    "GGG": 0.34316271707284257,
    "CR": 0.3428000489077895,
    "FLS": 0.3390515301575768,
    "KAI": 0.3384460027539127,
    "MIDD": 0.33575390864892973,
    "HON": 0.3353699391040942,
    "ITT": 0.33507037984083654,
    "CFX": 0.333405795755015,
    "CFXA": 0.333405795755015,
    "PRAC": 0.33337103941548246,
    "HI": 0.33337006804249564,
    "NDSN": 0.33198483957810604,
    "YOKEF": 0.3319596897562623,
    "YOKEY": 0.3319596897562623,
    "FELE": 0.33117461844170465,
    "SPXSF": 0.33059948930487637,
    "SPXSY": 0.33059948930487637,
    "NPO": 0.32742492869347534,
    "WTS": 0.3225045034857636,
    "ROK": 0.32130325097527485,
    "NJDCY": 0.31881530929683444,
    "NNDNF": 0.31881530929683444,
    "MHVYF": 0.3186556517615099,
    "IHICF": 0.31807557289053257,
    "IHICY": 0.31807557289053257,
    "HLIO": 0.3172448816057569,
    "HWM": 0.31672296255405413,
    "DUERF": 0.31661942160425716,
    "DURYY": 0.31661942160425716,
    "CW": 0.3157153813470077,
    "MMM": 0.3152476887441052,
    "XYL": 0.31484884405623276,
    "SPXC": 0.3144079118847644,
    "SIEGY": 0.3141617991492008,
    "SMAWF": 0.3141617991492008,
    "AUUMF": 0.31211345064717183,
    "TRS": 0.3113621128622169,
    "RBC": 0.30769439028877943,
    "ROP": 0.30238975697723763,
    "SXI": 0.2981747150408433,
    "CMI": 0.2969528814566676,
    "LII": 0.2968533870630362,
    "SDVKF": 0.29621674657025476,
    "SDVKY": 0.29621674657025476,
    "AFGVY": 0.2945509028126905,
    "RAVN": 0.2936595113616438,
    "DCI": 0.2901038341132305,
    "EPAC": 0.2899891364783686,
    "ATLCY": 0.2883071375403123,
    "ATLKF": 0.2883071375403123,
    "ATLKY": 0.2883071375403123,
    "ATTLF": 0.2883071375403123,
    "SBGSF": 0.2882979739667213,
    "SBGSY": 0.2882979739667213,
    "IR": 0.2879159022395616,
    "HURC": 0.2810225330013853,
    "TNC": 0.2787627832006245,
    "CRAWA": 0.2769489369235496,
    "OTIS": 0.276358960018177,
    "CSWI": 0.2753487284726557,
    "LPKFF": 0.27483459432190976,
    "BWEN": 0.27474996750585606,
    "JBT": 0.2744790957679843,
    "ETN": 0.2736048167560329,
    "GTLS": 0.27130432478798516,
    "XONE": 0.27008444961258854,
    "JPSWY": 0.268243222124951,
    "THR": 0.26517221326728685,
    "PNR": 0.26510514823772896,
    "AOS": 0.2642261663552098,
    "WLMS": 0.26329589279263416,
    "TBABF": 0.26251298620552144,
    "ARNC": 0.2619260467597123,
    "RXN": 0.2618000666255981,
    "WRTBF": 0.2617123455851578,
    "WRTBY": 0.2617123455851578,
    "GEAGF": 0.26080714175262953,
    "CVV": 0.2586654186607042,
    "TOSBF": 0.2571704126854863,
    "TOSYY": 0.2571704126854863,
    "LGRDY": 0.2567945967518749,
    "LGRVF": 0.2567945967518749,
    "ALFVF": 0.2566747456550086,
    "ALFVY": 0.2566747456550086,
    "CIR": 0.2564712047744355,
    "AFRMF": 0.25570909793731966,
    "HSC": 0.25527905635859804,
    "TT": 0.25514091188622007,
    "ALSMY": 0.2543266457289018,
    "AOMFF": 0.2543266457289018,
    "SBLUY": 0.25413427719856335,
    "WBT": 0.252914738836223,
    "AALBF": 0.24963101107738273,
    "TOPPY": 0.24838728735302895,
    "LDL": 0.24654895418905826,
    "FLOW": 0.24646667364026809,
    "DFKCY": 0.24433092975852394,
    "GTES": 0.244236669247641,
    "WEGZY": 0.2412934179283253,
    "LXFR": 0.2403710178268637,
    "PSIX": 0.23995675761162505,
    "TCGN": 0.23931792014437567,
    "MWA": 0.23718699755585249,
    "NRBT": 0.23710315483052774,
    "CIHPF": 0.23353060621718688,
    "PRWYF": 0.22841300702972347,
    "KUKAF": 0.22760017183282505,
    "KUKAY": 0.22760017183282505,
    "GHM": 0.2266512283392378,
    "OFLX": 0.22591500195915631,
    "EBCOF": 0.2254148821099423,
    "EBCOY": 0.2254148821099423,
    "WEICF": 0.2251616880514887,
    "WEICY": 0.2251616880514887,
    "GNRC": 0.22489320793453907,
    "NISN": 0.2247663992727662,
    "CYD": 0.22272736003324128,
    "BONL": 0.22233597537736685,
    "UHOIF": 0.221576503627664,
    "KMAAF": 0.22125037162428557,
    "KRNT": 0.22006719020725685,
    "DNIYY": 0.2178343924102091,
    "MAOIF": 0.21679189551139216,
    "RWCI": 0.2166380712457358,
    "BYPLF": 0.21404947253898735,
    "AATGF": 0.21336982238330438,
    "SISXF": 0.21160072798325488,
    "AIMC": 0.211567837673008,
    "RTOXF": 0.21070526403923068,
    "SIELY": 0.20920875226940666,
    "TPIC": 0.20920012092091544,
    "TAYD": 0.20865737462106776,
    "PSN": 0.20842141333554717,
    "HBGRY": 0.20641256167443117,
    "KRNTY": 0.20515687740692917,
    "WEGRY": 0.20437971081808598,
    "WEIGF": 0.20437971081808598,
    "NGKIF": 0.20271636992079475,
    "AUSI": 0.20263272994648832,
    "VACNY": 0.20139161372184,
    "VTTGF": 0.20139161372184,
    "KWHIY": 0.2011108579259056,
    "IBAL": 0.1994189339305787,
    "SMCAY": 0.1980221104514888,
    "SMECF": 0.1980221104514888,
    "KMRCF": 0.1975386269406895,
    "DYFSF": 0.19686158554497565,
    "REOP": 0.19443100394851637,
    "SMGKF": 0.19399866105232674,
    "SMGZY": 0.19399866105232674,
    "RINO": 0.19338083084209462,
    "HSHZY": 0.19192287817719847,
    "APSI": 0.19132568853169066,
    "BLDP": 0.188653920617133,
    "AMSC": 0.18382133084852892,
    "TWIN": 0.18350858841859033,
    "SGTSY": 0.18097049168223578,
    "IMDXF": 0.18081781176032358,
    "ATCD": 0.17784939973401032,
    "MVAC": 0.17520068982669415,
    "FLIDY": 0.1715663387954999,
    "XJNGF": 0.17137013564528292,
    "GTEC": 0.17116392460853466,
    "LTMP": 0.17011769923970224,
    "GRC": 0.17007976523961152,
    "SHLAF": 0.16741996123737066,
    "SHLRF": 0.16741996123737066,
    "NRDXF": 0.1671176744273868,
    "XEBEF": 0.166598982162968,
    "CGRN": 0.16430254595222615,
    "ESNC": 0.1631956615539401,
    "ATSAF": 0.1605772331350437,
    "NWVCF": 0.1603862783012527,
    "MGTC": 0.15880356637899584,
    "GCTAF": 0.15284307464834765,
    "GCTAY": 0.15284307464834765,
    "ADERY": 0.15115488123121884,
    "TSSP": 0.15107755302064882,
    "SKUYF": 0.15017023635091822,
    "ESPHQ": 0.14898793377263742,
    "DLPX": 0.14816639195240563,
    "KNYJF": 0.14699344255835903,
    "KNYJY": 0.14699344255835903,
    "HIMR": 0.1466473949009118,
    "CVAT": 0.1464297408083702,
    "RCHN": 0.14474985521960942,
    "FJTCY": 0.14280993839327577,
    "PYR": 0.14197387224186334,
    "SENY": 0.13925324726110488,
    "BYYLF": 0.1386911110560071,
    "NFPC": 0.13725998572940948,
    "CNGA": 0.136853366294071,
    "JKSM": 0.13593319516487304,
    "VWDRY": 0.13476251803848857,
    "VWSYF": 0.13476251803848857,
    "RCIT": 0.1321315451923563,
    "HYHY": 0.1320810055417358,
    "MEGH": 0.1308269184703026,
    "COCM": 0.13068602988894076,
    "INVI": 0.13055001934263583,
    "VLNSF": 0.12489398206772333,
    "NLLSF": 0.1230107714930661,
    "NLLSY": 0.1230107714930661,
    "CHSTY": 0.12283559900988818,
    "AACS": 0.12246284922242895,
    "THKLY": 0.12167370146400748,
    "FKSHF": 0.1207917049643576,
    "ROSN": 0.11786219980289175,
    "XLWH": 0.11764142369281073,
    "ARVY": 0.11746117596996625,
    "EVTN": 0.11492904646637067,
    "APGI": 0.11080097056954305,
    "AXTG": 0.11040763424856644,
    "ASPW": 0.1092160817683383,
    "ARTR": 0.10739128711112103,
    "WPUR": 0.10727186145208527,
    "LTHUQ": 0.1071729268370664,
    "TNRG": 0.10470361129033413,
    "TBUIF": 0.10273424656257116,
    "PRPI": 0.10173584223859274,
    "FANUF": 0.10080861312064887,
    "FANUY": 0.10080861312064887,
    "RVTI": 0.09730278682546596,
    "EDEYF": 0.09705244342761958,
    "INOH": 0.09678288932624148,
    "BBRW": 0.09647784783489818,
    "IMIAF": 0.09624258797944732,
    "IMIAY": 0.09624258797944732,
    "CCTC": 0.09590075659684504,
    "ENCR": 0.09498316876783801,
    "TSHMY": 0.09222371439778837,
    "RGUS": 0.08685713753016779,
    "AFTC": 0.08293575933862582,
    "TXMC": 0.08099107534495753,
    "TECFF": 0.07909128692906792,