{
    "JKSM": 1.0000000000000002,
    "KRNTY": 0.21482051788701184,
    "ROK": 0.18700857441519594,
    "XONE": 0.18546830848873444,
    "NDSN": 0.18209714449847617,
    "PH": 0.17456324725654906,
    "DUERF": 0.17305542736191934,
    "DURYY": 0.17305542736191934,
    "SPXSF": 0.1701720783159853,
    "SPXSY": 0.1701720783159853,
    "FLS": 0.16715014108038817,
    "HLIO": 0.1656832211109093,
    "IHICF": 0.16453165956838633,
    "IHICY": 0.16453165956838633,
    "SIEGY": 0.16325190637958908,
    "SMAWF": 0.16325190637958908,
    "B": 0.16263034176066923,
    "TSHMY": 0.1611298813263637,
    "CFX": 0.1603952840702277,
    "CFXA": 0.1603952840702277,
    "JBT": 0.15621857749090953,
    "SBGSF": 0.15559214701248272,
    "SBGSY": 0.15559214701248272,
    "OFLX": 0.15549488554075697,
    "TOPPY": 0.1546026728151633,
    "IEX": 0.15294871779024796,
    "AOS": 0.15204362527410387,
    "DOV": 0.15047188926579894,
    "HURC": 0.15044155007198956,
    "WTS": 0.1489326555853398,
    "EMR": 0.14784611987840027,
    "FELE": 0.14751440484063288,
    "IR": 0.14649394303066685,
    "XYL": 0.14599375446674293,
    "KMAAF": 0.14547104552150134,
    "DFKCY": 0.14536554249668213,
    "AUUMF": 0.14461374390759482,
    "NJDCY": 0.14304503724939255,
    "NNDNF": 0.14304503724939255,
    "JPSWY": 0.1421097828174947,
    "CMI": 0.14207859986719973,
    "GE": 0.14114447160894664,
    "RBC": 0.14049622797230968,
    "TBABF": 0.13977217425951063,
    "AME": 0.13934375471477412,
    "ITT": 0.13860906301586198,
    "HON": 0.13840134679953411,
    "SXI": 0.1381930854203276,
    "MHVYF": 0.13788157825342146,
    "TNC": 0.13723631606483855,
    "SPXC": 0.13656963139907344,
    "CR": 0.13651468259574043,
    "MIDD": 0.1363333751714076,
    "ITW": 0.13593319516487304,
    "TRS": 0.13564795686283496,
    "PRAC": 0.13561826027583984,
    "AFRMF": 0.13508030294457307,
    "TT": 0.13430507560016033,
    "BWEN": 0.1331717925404396,
    "YOKEF": 0.13186325382587202,
    "YOKEY": 0.13186325382587202,
    "RXN": 0.13143567311331303,
    "WRTBF": 0.13130516743347936,
    "WRTBY": 0.13130516743347936,
    "BLDP": 0.13127673504972492,
    "AUSI": 0.13040040394032862,
    "GHM": 0.13036707580495707,
    "ALFVF": 0.12969373573610782,
    "ALFVY": 0.12969373573610782,
    "THR": 0.12806210862706482,
    "ARNC": 0.12806122968910416,
    "GGG": 0.1278734637915893,
    "SDVKF": 0.12707867055195138,
    "SDVKY": 0.12707867055195138,
    "TWIN": 0.12651163135817553,
    "DNIYY": 0.1259365578669693,
    "NRBT": 0.12581403062737842,
    "FANUF": 0.1253408881039037,
    "FANUY": 0.1253408881039037,
    "KAI": 0.12508732670716655,
    "RAVN": 0.12492353929213433,
    "MMM": 0.12460895603747926,
    "TNRG": 0.12425004874879375,
    "SBLUY": 0.12366778490727362,
    "LII": 0.1232148153607908,
    "IBAL": 0.1215326689937672,
    "CVV": 0.12117050686553034,
    "ETN": 0.12116409535268242,
    "ROP": 0.12079278041276918,
    "DCI": 0.12057446223658588,
    "GTLS": 0.11887951704035565,
    "AFGVY": 0.11882997274104418,
    "EPAC": 0.11843125351139473,
    "WBT": 0.11787210128776242,
    "OTIS": 0.11755457881921143,
    "CRAWA": 0.11715208917925404,
    "ALSMY": 0.11713924530560303,
    "AOMFF": 0.11713924530560303,
    "CW": 0.11682457579139492,
    "CIR": 0.11488792407743106,
    "HI": 0.11427473065165585,
    "TAYD": 0.11423725821890326,
    "WEGZY": 0.11416708370913287,
    "NPO": 0.114164441746719,
    "ATLCY": 0.11377274740779421,
    "ATLKF": 0.11377274740779421,
    "ATLKY": 0.11377274740779421,
    "ATTLF": 0.11377274740779421,
    "TCGN": 0.11377127777723403,
    "GRC": 0.1133191326795615,
    "RTOXF": 0.11274856230191797,
    "TOSBF": 0.11270199031565684,
    "TOSYY": 0.11270199031565684,
    "APSI": 0.11222590016993943,
    "LXFR": 0.11205200711822193,
    "MWA": 0.11126799689945685,
    "XLWH": 0.11109291605705478,
    "NISN": 0.10994014645628745,
    "PSN": 0.10978908902213677,
    "EBCOF": 0.10939886208413639,
    "EBCOY": 0.10939886208413639,
    "BBRW": 0.10930837897377522,
    "WLMS": 0.10904020434428731,
    "AALBF": 0.10852581217429041,
    "KWHIY": 0.10839766846880498,
    "HWM": 0.10819519198073298,
    "KUKAF": 0.10818806306972703,
    "KUKAY": 0.10818806306972703,
    "NWVCF": 0.10801141468133993,
    "SGTSY": 0.10749068171431318,
    "CSWI": 0.1062650753349893,
    "WEICF": 0.10577321236020373,
    "WEICY": 0.10577321236020373,
    "SISXF": 0.10558096218727288,
    "KMRCF": 0.10413768670651039,
    "PSIX": 0.103056533467676,
    "GTES": 0.10304394270387172,
    "CYD": 0.10212226928851209,
    "LDL": 0.10185369076824895,
    "GEAGF": 0.10169848708043006,
    "HBGRY": 0.10020426633655545,
    "PNR": 0.10002469433404032,
    "KRNT": 0.09879150010517254,
    "LGRDY": 0.0985151334511904,
    "LGRVF": 0.0985151334511904,
    "MVAC": 0.09781411942776451,
    "SIMA": 0.09778609244078353,
    "GTEC": 0.0973410251636423,
    "MEGH": 0.09719968107488268,
    "UHOIF": 0.09650544503220199,
    "PRWYF": 0.09615752256571239,
    "ATSAF": 0.09576559440800743,
    "GNRC": 0.09550417717196055,
    "FLOW": 0.09519457968889565,
    "CIHPF": 0.09456176809846376,
    "HSHZY": 0.09447591486420216,
    "MAOIF": 0.09376729578049611,
    "SIELY": 0.09354506018821708,
    "AMSC": 0.09236434837153597,
    "CGRN": 0.0921791401085925,
    "RINO": 0.09205300594251127,
    "INVI": 0.09087245500730093,
    "AIMC": 0.09025004162755894,
    "MGTC": 0.08959031461702699,
    "DLPX": 0.08956767792823202,
    "NRDXF": 0.08816766427633942,
    "SMGKF": 0.08764772268715323,
    "SMGZY": 0.08764772268715323,
    "HSC": 0.08753795096620705,
    "VLNSF": 0.08740334979071943,
    "LPKFF": 0.08671532552830509,
    "TSSP": 0.0865212497721298,
    "BYPLF": 0.08628109889421458,
    "SHLAF": 0.08614549597928628,
    "SHLRF": 0.08614549597928628,
    "COCM": 0.08496334300098984,
    "XJNGF": 0.08491100540103419,
    "TPIC": 0.08477480548890085,
    "NGKIF": 0.08470492328102305,
    "ESNC": 0.08459560532247067,
    "RWCI": 0.08449573723505496,
    "SENY": 0.08403163231329527,
    "XEBEF": 0.08304777363443154,
    "AACS": 0.08269281766749068,
    "FLIDY": 0.0826925155997571,
    "DYFSF": 0.08169889057996138,
    "LTHUQ": 0.0795698992213554,
    "ADERY": 0.07905981681848112,
    "VACNY": 0.07854588520138546,
    "VTTGF": 0.07854588520138546,
    "LTMP": 0.07784560727191052,
    "WPUR": 0.07690921904369336,
    "AATGF": 0.076550430539297,
    "HYHY": 0.07588626282226385,
    "ARVY": 0.07543455289905136,
    "ESPHQ": 0.07425345984720769,
    "WEGRY": 0.07306915681401163,
    "WEIGF": 0.07306915681401163,
    "IMDXF": 0.07273727066742657,
    "CNGA": 0.07262295707885646,
    "PRPI": 0.0726201134732723,
    "RCHN": 0.07253011054799423,
    "REOP": 0.07238540933767183,
    "CHSTY": 0.07237123528209734,
    "ROSN": 0.07174405300499478,
    "BYYLF": 0.07124249129882948,
    "NFPC": 0.07120378789559496,
    "KNYJF": 0.07056313563734742,
    "KNYJY": 0.07056313563734742,
    "CVAT": 0.07050167999306275,
    "FJTCY": 0.06989593885713663,
    "ENCR": 0.06989042260854568,
    "GCTAF": 0.06829032638855168,
    "GCTAY": 0.06829032638855168,
    "AXTG": 0.06816330286618492,
    "TBUIF": 0.06788170580511504,
    "ASPW": 0.06709998495888048,
    "APGI": 0.06680323347626377,
    "RCIT": 0.06467705114624836,
    "CCTC": 0.06389210008745105,
    "NLLSF": 0.06377520889917167,
    "NLLSY": 0.06377520889917167,
    "ARTR": 0.06364205372761729,
    "EVTN": 0.06179057860331223,
    "TXMC": 0.06117274972890188,
    "ATCD": 0.06059206122210615,
    "SKUYF": 0.06030026256241847,
    "FKSHF": 0.05947861579844989,
    "SMCAY": 0.05664912880992891,
    "SMECF": 0.05664912880992891,
    "EDEYF": 0.05658839498625987,
    "PYR": 0.05312136309398452,
    "ATVK": 0.052855720668162146,
    "HIMR": 0.0527400287722063,
    "AQUEF": 0.05100697644388436,
    "VWDRY": 0.049529485381063686,
    "VWSYF": 0.049529485381063686,
    "TECFF": 0.04925444223175281,
    "BONL": 0.048905650549484675,
    "BRRN": 0.048003395693500345,
    "INOH": 0.047912335520042405,