{
    "KMAAF": 1.0000000000000004,
    "AUUMF": 0.2765123267347245,
    "IHICF": 0.2653982321192803,
    "IHICY": 0.2653982321192803,
    "XONE": 0.25856720561857,
    "DUERF": 0.2548460955696913,
    "DURYY": 0.2548460955696913,
    "SIEGY": 0.2544373766580828,
    "SMAWF": 0.2544373766580828,
    "SDVKF": 0.2514152668022781,
    "SDVKY": 0.2514152668022781,
    "DOV": 0.24842215503330162,
    "GE": 0.24556715167405957,
    "FANUF": 0.2405702866764582,
    "FANUY": 0.2405702866764582,
    "SPXSF": 0.2388880016393909,
    "SPXSY": 0.2388880016393909,
    "HON": 0.23418848801093622,
    "NRBT": 0.2325393917480512,
    "FLS": 0.22923622284372047,
    "EMR": 0.22790440394431913,
    "KRNTY": 0.22758742491555653,
    "PRAC": 0.22746474358542046,
    "CMI": 0.22694486627281568,
    "MHVYF": 0.2265889541595327,
    "WLMS": 0.22479202552052804,
    "ATLCY": 0.22467809261011268,
    "ATLKF": 0.22467809261011268,
    "ATLKY": 0.22467809261011268,
    "ATTLF": 0.22467809261011268,
    "GEAGF": 0.22346084920974132,
    "IEX": 0.2232967114692425,
    "ROP": 0.2216782218344857,
    "ITW": 0.22125037162428557,
    "DFKCY": 0.21987773724893198,
    "AME": 0.2190576799245562,
    "ITT": 0.21887576559292626,
    "PH": 0.2177804631903925,
    "KAI": 0.21694152154442053,
    "XYL": 0.21599130628856147,
    "WTS": 0.21304889155539924,
    "JBT": 0.2128407112497687,
    "B": 0.2117982416378591,
    "WBT": 0.21163066745404058,
    "NPO": 0.21139037862971155,
    "TBABF": 0.2109329578607231,
    "TSHMY": 0.2106941691514502,
    "VACNY": 0.2081314396467998,
    "VTTGF": 0.2081314396467998,
    "NDSN": 0.20735169296320385,
    "HURC": 0.2071453009437734,
    "ROK": 0.20643693685632045,
    "SPXC": 0.2057830669315608,
    "KUKAF": 0.20574056312704656,
    "KUKAY": 0.20574056312704656,
    "WRTBF": 0.20445357578468015,
    "WRTBY": 0.20445357578468015,
    "ALSMY": 0.20411649796347656,
    "AOMFF": 0.20411649796347656,
    "SIMA": 0.20393501340816553,
    "IR": 0.2031942962168104,
    "HBGRY": 0.20255430381356107,
    "YOKEF": 0.20212894924392852,
    "YOKEY": 0.20212894924392852,
    "DNIYY": 0.20180138219788069,
    "JPSWY": 0.19988299729989267,
    "SXI": 0.1963660019374477,
    "AFRMF": 0.19618369143177697,
    "CR": 0.19600454256328856,
    "OTIS": 0.19592404639174188,
    "AFGVY": 0.19567214011367468,
    "THR": 0.19504320654991278,
    "TNC": 0.19498794140725784,
    "FLIDY": 0.19456004912261923,
    "SBGSF": 0.1940900830068659,
    "SBGSY": 0.1940900830068659,
    "CW": 0.1930219300898246,
    "GGG": 0.19271159656705508,
    "TRS": 0.19178213586940085,
    "GTLS": 0.19155699821364294,
    "RAVN": 0.1913199749204199,
    "FELE": 0.18993460753744973,
    "TOPPY": 0.18738962263412995,
    "CVV": 0.1868174029187748,
    "TOSBF": 0.18632541783800732,
    "TOSYY": 0.18632541783800732,
    "ALFVF": 0.1846093875263299,
    "ALFVY": 0.1846093875263299,
    "OFLX": 0.1846062064022749,
    "NRDXF": 0.18375935416356662,
    "CIHPF": 0.183531694528455,
    "SGTSY": 0.18173409441785476,
    "PSN": 0.18062521659053488,
    "RXN": 0.18055364759331569,
    "SHLAF": 0.1794753522114446,
    "SHLRF": 0.1794753522114446,
    "MIDD": 0.17878740283833588,
    "AOS": 0.17857585505929155,
    "RBC": 0.1770732058287988,
    "EPAC": 0.17694388135794947,
    "ETN": 0.17601327310047168,
    "HI": 0.17489618934823056,
    "CRAWA": 0.17451713125981022,
    "SBLUY": 0.17373756229593112,
    "HSC": 0.1731434579985188,
    "WEGZY": 0.1730539695109393,
    "HLIO": 0.1718869399670991,
    "TT": 0.17075799778594114,
    "NJDCY": 0.1697642789987562,
    "NNDNF": 0.1697642789987562,
    "LXFR": 0.16826418084195205,
    "RTOXF": 0.16821637335200154,
    "NISN": 0.16807379582425452,
    "GHM": 0.16771426598747766,
    "CYD": 0.1670654548173267,
    "LII": 0.16665184226261426,
    "LGRDY": 0.16642232223167394,
    "LGRVF": 0.16642232223167394,
    "RWCI": 0.16571738839072425,
    "KWHIY": 0.16564192599200403,
    "CFX": 0.16544931098690366,
    "CFXA": 0.16544931098690366,
    "HWM": 0.16536366725119045,
    "MMM": 0.164867867656117,
    "XEBEF": 0.16457061137755594,
    "MWA": 0.16389519910648861,
    "LPKFF": 0.16352180573289293,
    "BYPLF": 0.1630569450359811,
    "BLDP": 0.1625495606454129,
    "REOP": 0.16158411836495806,
    "EBCOF": 0.16079127551038105,
    "EBCOY": 0.16079127551038105,
    "CGRN": 0.16050172208128108,
    "CIR": 0.15959893758242144,
    "AALBF": 0.15942170880181308,
    "MAOIF": 0.15918353819288364,
    "PNR": 0.1587214120006959,
    "KRNT": 0.15849337499044827,
    "WEICF": 0.15848863333506047,
    "WEICY": 0.15848863333506047,
    "AIMC": 0.15769387458068948,
    "ARNC": 0.15649224619643193,
    "TPIC": 0.15595909500685326,
    "PSIX": 0.15579074090372044,
    "COCM": 0.15569385383563725,
    "AUSI": 0.15433148870099136,
    "BWEN": 0.15385100232218493,
    "KMRCF": 0.15351886672832185,
    "UHOIF": 0.15350104902115022,
    "GTES": 0.1531568289382581,
    "AMSC": 0.15270414463973137,
    "GNRC": 0.1511396639081131,
    "KNYJF": 0.14982262625860684,
    "KNYJY": 0.14982262625860684,
    "GTEC": 0.14977722424678847,
    "DCI": 0.14865703152987453,
    "SISXF": 0.14785065904746347,
    "SIELY": 0.1459925991675783,
    "WEGRY": 0.1459925110094987,
    "WEIGF": 0.1459925110094987,
    "JKSM": 0.14547104552150134,
    "IBAL": 0.1436782478144183,
    "LDL": 0.1432744123202181,
    "TCGN": 0.14319315970094312,
    "FLOW": 0.14213696243333826,
    "PRWYF": 0.1417873489767455,
    "MGTC": 0.14119478527355364,
    "ATSAF": 0.14042953956178378,
    "ADERY": 0.14042059541230106,
    "TAYD": 0.13967744349878466,
    "CSWI": 0.13908882622530552,
    "IMDXF": 0.13779956793570172,
    "FJTCY": 0.13771610888982794,
    "NGKIF": 0.13655571485986912,
    "XJNGF": 0.13541174608239598,
    "RINO": 0.13513426513666668,
    "DYFSF": 0.13339876903199663,
    "AATGF": 0.1327590579968024,
    "ESNC": 0.13239897834471262,
    "APSI": 0.12681923282625723,
    "RCHN": 0.1250832543858077,
    "BBRW": 0.12312051571543259,
    "TWIN": 0.1228958461443635,
    "NWVCF": 0.12194919965589232,
    "SMGKF": 0.12178613484575287,
    "SMGZY": 0.12178613484575287,
    "ESPHQ": 0.12141954293409551,
    "GCTAF": 0.1176235711653638,
    "GCTAY": 0.1176235711653638,
    "INVI": 0.11604548519231668,
    "HSHZY": 0.11578860055749136,
    "MEGH": 0.11505464959433456,
    "LTMP": 0.11441280702974424,
    "MVAC": 0.114044101971144,
    "PYR": 0.11201191551745142,
    "GRC": 0.11155176347373708,
    "CVAT": 0.11064050927990743,
    "HIMR": 0.10656805859846474,
    "RCIT": 0.10499324298325036,
    "TSSP": 0.10402561291221282,
    "DLPX": 0.10303150204424465,
    "CNGA": 0.10263345551969687,
    "VWDRY": 0.10062166075828217,
    "VWSYF": 0.10062166075828217,
    "APGI": 0.0998397613379888,
    "SENY": 0.09858093575664634,
    "LTHUQ": 0.0985336584198003,
    "EVTN": 0.09796983752115736,
    "SKUYF": 0.09693632734661473,
    "NFPC": 0.09628341366592348,
    "NLLSF": 0.0959948033975535,
    "NLLSY": 0.0959948033975535,
    "BYYLF": 0.09559152066072552,
    "XLWH": 0.09529680327864633,
    "ASPW": 0.09120418368451125,
    "SMCAY": 0.08989599736104423,
    "SMECF": 0.08989599736104423,
    "ATCD": 0.08975975681712642,
    "PRPI": 0.08917037056339608,
    "VLNSF": 0.08791663360500203,
    "AACS": 0.0874656455760021,
    "ROSN": 0.08715519733055978,
    "ARVY": 0.08492557509408273,
    "THKLY": 0.08448141885698963,
    "CHSTY": 0.08420716412703445,
    "EDEYF": 0.0835105572854202,
    "TNRG": 0.08242482620995069,
    "AXTG": 0.08050983638838338,
    "INOH": 0.08012185801619849,
    "BONL": 0.07847281508114293,
    "WPUR": 0.07820499904477726,
    "RGUS": 0.07704734929371707,
    "FKSHF": 0.07692430890601319,
    "CCTC": 0.07661990387089015,
    "HYHY": 0.07613140252599976,
    "TBUIF": 0.07510150530201809,
    "RVTI": 0.07145857007564309,
    "IMIAF": 0.07025885305036357,
    "IMIAY": 0.07025885305036357,
    "TXMC": 0.06987818915219537,
    "ARTR": 0.06786330711040561,
    "ATVK": 0.06740355981599444,
    "TECFF": 0.06624175628069645,