{
    "LPKFF": 1.0,
    "ITW": 0.27483459432190976,
    "SGTSY": 0.2648622325708269,
    "DUERF": 0.24613751629084177,
    "DURYY": 0.24613751629084177,
    "AFGVY": 0.2362965093967373,
    "AFRMF": 0.23388954724901861,
    "AUUMF": 0.23371268738769865,
    "SIEGY": 0.21849028062465856,
    "SMAWF": 0.21849028062465856,
    "VACNY": 0.218031949630739,
    "VTTGF": 0.218031949630739,
    "CW": 0.2167047220554353,
    "B": 0.21482273958596348,
    "SIMA": 0.21385288410139777,
    "UHOIF": 0.21356310462582143,
    "IEX": 0.21303243961093046,
    "GE": 0.2125318901799733,
    "SXI": 0.21053759430395766,
    "NPO": 0.20754460449595383,
    "AME": 0.2069696885171985,
    "HLIO": 0.2062000037842458,
    "CVV": 0.20556409177935303,
    "DOV": 0.20287098271941953,
    "PH": 0.20280914928657706,
    "JPSWY": 0.20244714977661193,
    "NDSN": 0.20022535292928131,
    "MMM": 0.19545011892059297,
    "TSSP": 0.19351095359127984,
    "CRAWA": 0.1933765364140335,
    "KAI": 0.1912734166696479,
    "MHVYF": 0.1911907002523581,
    "CFX": 0.1901239018964846,
    "CFXA": 0.1901239018964846,
    "TOPPY": 0.18978350102812594,
    "ITT": 0.18891240890893088,
    "FELE": 0.1888262096545096,
    "CR": 0.18847016843131706,
    "IHICF": 0.18633946361463158,
    "IHICY": 0.18633946361463158,
    "HWM": 0.18569266088238295,
    "TAYD": 0.18463183917752043,
    "LXFR": 0.18390006386687252,
    "HBGRY": 0.18245869444085686,
    "EMR": 0.18133341716504398,
    "ETN": 0.181134359943522,
    "KUKAF": 0.18070907724946947,
    "KUKAY": 0.18070907724946947,
    "AOS": 0.1798286531510535,
    "AALBF": 0.1790387219134812,
    "XYL": 0.17731676072847763,
    "NJDCY": 0.1766336262553366,
    "NNDNF": 0.1766336262553366,
    "TCGN": 0.17599401042133403,
    "AMSC": 0.1753086124510189,
    "PRAC": 0.17498402178487915,
    "ROK": 0.17496645739981403,
    "SPXSF": 0.17427177942884067,
    "SPXSY": 0.17427177942884067,
    "GEAGF": 0.17393443404720516,
    "KRNTY": 0.1738522399890037,
    "XONE": 0.17175277863064778,
    "HI": 0.17151039946019403,
    "GGG": 0.1714092395953762,
    "WTS": 0.17131957386101818,
    "HON": 0.17090639123208615,
    "FLS": 0.17077730392823834,
    "RBC": 0.17060129544233718,
    "KMRCF": 0.17030135657145154,
    "SPXC": 0.1701156989790395,
    "XJNGF": 0.169061070686538,
    "RAVN": 0.16742909670476155,
    "BLDP": 0.16722930163890204,
    "APSI": 0.16715185123067894,
    "YOKEF": 0.16684021914133615,
    "YOKEY": 0.16684021914133615,
    "DFKCY": 0.16589333725782357,
    "WEGZY": 0.16474526652735233,
    "KMAAF": 0.16352180573289293,
    "ATLCY": 0.16348835410950582,
    "ATLKF": 0.16348835410950582,
    "ATLKY": 0.16348835410950582,
    "ATTLF": 0.16348835410950582,
    "DNIYY": 0.16074639919747244,
    "TOSBF": 0.16017073885115155,
    "TOSYY": 0.16017073885115155,
    "SBGSF": 0.15831194372473056,
    "SBGSY": 0.15831194372473056,
    "NRBT": 0.15607495280173614,
    "FLOW": 0.1544343981765553,
    "WRTBF": 0.15353677523491682,
    "WRTBY": 0.15353677523491682,
    "CMI": 0.15274526239671746,
    "TRS": 0.1516662012038315,
    "OTIS": 0.15164471973764612,
    "FLIDY": 0.15092333240382497,
    "DCI": 0.15016223680292137,
    "HURC": 0.15010296523847827,
    "SDVKF": 0.14958620160986918,
    "SDVKY": 0.14958620160986918,
    "GTEC": 0.14952948402344138,
    "ALSMY": 0.1490540894589838,
    "AOMFF": 0.1490540894589838,
    "BWEN": 0.14744527822951953,
    "NISN": 0.1474094709997945,
    "ARNC": 0.14572534870889,
    "LII": 0.14560561918828108,
    "ESPHQ": 0.14498463710479403,
    "TBABF": 0.14426085919837645,
    "TNC": 0.14369344779477605,
    "IR": 0.1429939501430957,
    "CIR": 0.142361641737005,
    "FJTCY": 0.14121899720870545,
    "WEGRY": 0.14098972008359204,
    "WEIGF": 0.14098972008359204,
    "PRWYF": 0.14029229037002955,
    "ASPW": 0.13993377345711613,
    "REOP": 0.13925078532662075,
    "BYPLF": 0.13878754827270928,
    "KRNT": 0.13865428186568016,
    "SISXF": 0.13833808951106555,
    "RINO": 0.13557873045526184,
    "WEICF": 0.13446403686156602,
    "WEICY": 0.13446403686156602,
    "ROP": 0.13440312760972767,
    "SBLUY": 0.13419464900823144,
    "OFLX": 0.133741987300245,
    "EPAC": 0.13339534625173805,
    "ALFVF": 0.13312401127187234,
    "ALFVY": 0.13312401127187234,
    "PSIX": 0.13251048891540568,
    "PNR": 0.13224758071637407,
    "PSN": 0.13221848442344836,
    "LDL": 0.13219307277509074,
    "CIHPF": 0.132156468754736,
    "GHM": 0.13173871074601537,
    "HSC": 0.13108207237622993,
    "JBT": 0.13051187852081186,
    "NRDXF": 0.1295930682197991,
    "GTLS": 0.12786180067091968,
    "KWHIY": 0.12773406495372916,
    "MWA": 0.12660566640087575,
    "GCTAF": 0.12629387175443763,
    "GCTAY": 0.12629387175443763,
    "WBT": 0.126011140008744,
    "LGRDY": 0.12600231047457544,
    "LGRVF": 0.12600231047457544,
    "MIDD": 0.12541959550164378,
    "IBAL": 0.12354255452464526,
    "THR": 0.12276371591254544,
    "CSWI": 0.12250856411704106,
    "RWCI": 0.12205077763190536,
    "LTHUQ": 0.12138245567454284,
    "WLMS": 0.12137322907248395,
    "ESNC": 0.1207504606589891,
    "TT": 0.12053683250953215,
    "RXN": 0.11990659218941477,
    "IMDXF": 0.11922672316060348,
    "GNRC": 0.11890435699484982,
    "PRPI": 0.11865218023210326,
    "TPIC": 0.11814226210149686,
    "XEBEF": 0.11759452180937152,
    "AIMC": 0.11729507487458213,
    "VWDRY": 0.1170223267794101,
    "VWSYF": 0.1170223267794101,
    "MVAC": 0.11700927363473528,
    "NGKIF": 0.11616676547756682,
    "EBCOF": 0.11579025448367875,
    "EBCOY": 0.11579025448367875,
    "MGTC": 0.1146261599706252,
    "CYD": 0.11456499411260046,
    "BONL": 0.11455244832672905,
    "SIELY": 0.11433146237064536,
    "MAOIF": 0.11381085687797098,
    "SMGKF": 0.11304031337679722,
    "SMGZY": 0.11304031337679722,
    "AATGF": 0.11303835798751928,
    "DYFSF": 0.11267207222084509,
    "FANUF": 0.10987009721655462,
    "FANUY": 0.10987009721655462,
    "HYHY": 0.10969459415574166,
    "CGRN": 0.10856738907398898,
    "SHLAF": 0.10734710402784713,
    "SHLRF": 0.10734710402784713,
    "MEGH": 0.10692398401404668,
    "AUSI": 0.10603285457555733,
    "RTOXF": 0.10540278891340242,
    "PYR": 0.10436091817935275,
    "INVI": 0.10341240801971452,
    "HIMR": 0.10291919504142068,
    "GTES": 0.10053883946553513,
    "AXTG": 0.10014699308212698,
    "ATSAF": 0.09895255865230802,
    "NWVCF": 0.09888942409039572,
    "TWIN": 0.09829677743176804,
    "GRC": 0.09695748056696811,
    "LTMP": 0.09659778667774446,
    "CVAT": 0.09460401907473528,
    "KNYJF": 0.09445035211823263,
    "KNYJY": 0.09445035211823263,
    "DLPX": 0.0936122773025739,
    "COCM": 0.09183018081157085,
    "SENY": 0.091590944850774,
    "RCHN": 0.09117026084979313,
    "CNGA": 0.09102801070856656,
    "WPUR": 0.0891897125185915,
    "CHSTY": 0.08837463178970707,
    "BYYLF": 0.08816981331117527,
    "JKSM": 0.08671532552830509,
    "NLLSF": 0.08524931666859002,
    "NLLSY": 0.08524931666859002,
    "TECFF": 0.08293986808960356,
    "RVTI": 0.08146143451949914,
    "ATCD": 0.0804928393691376,
    "BBRW": 0.08023904507516647,
    "TSHMY": 0.08020123209916964,
    "XLWH": 0.08016801573418679,
    "ADERY": 0.08015109603098512,
    "RCIT": 0.07998202152873508,
    "HSHZY": 0.0782011864021826,
    "ATVK": 0.07811211482689517,
    "TBUIF": 0.07735443719372316,
    "SKUYF": 0.07527279479720972,
    "APGI": 0.07514925247791365,
    "ROSN": 0.07507341924751255,
    "EDEYF": 0.07416534379357961,
    "EVTN": 0.07362541583446461,
    "TXMC": 0.07054401140796321,
    "PURXF": 0.07053556621139899,
    "NFPC": 0.06973854892120585,
    "FKSHF": 0.06942814645081559,
    "CCTC": 0.06864956618882136,
    "ENCR": 0.067926670407738,
    "ARVY": 0.06753409642686527,
    "AACS": 0.0663615242926009,
    "VLNSF": 0.06124905680428563,
    "TNRG": 0.0610986661374848,
    "ARTR": 0.06073698761972797,
    "INOH": 0.06031911197498974,
    "THKLY": 0.05888571382487445,
    "BRRN": 0.05805586820582132,
    "AFTC": 0.05767909158105752,
    "IMIAF": 0.05730389622362854,