{
    "PURXF": 1.0000000000000002,
    "CVAT": 0.14232103686403857,
    "PRAC": 0.13766331243710445,
    "TNRG": 0.12113684163511643,
    "ROSN": 0.11826995166864256,
    "BLDP": 0.10622958272349729,
    "ATCD": 0.10237076254156074,
    "AFTC": 0.0976086687822877,
    "XJNGF": 0.09684204829140287,
    "TCGN": 0.09155542962874527,
    "NRBT": 0.08662538459865315,
    "XYL": 0.08629395731746409,
    "AFRMF": 0.0833128610105381,
    "CNGA": 0.08298762574880159,
    "LTHUQ": 0.08255343346959149,
    "CCTC": 0.08216903370376241,
    "WEGZY": 0.08175354281271363,
    "PRPI": 0.08135318263031983,
    "EPAC": 0.08074576625504355,
    "DFKCY": 0.08013543658998776,
    "CRAWA": 0.07971401151854418,
    "TSSP": 0.07966090874981308,
    "FJTCY": 0.07931840103385587,
    "NISN": 0.07907435614619109,
    "GNRC": 0.07768394857325948,
    "TOPPY": 0.0767239792756996,
    "FELE": 0.07589967926204683,
    "NPO": 0.07391062921563808,
    "JPSWY": 0.07335803871754663,
    "TAYD": 0.0731068135135636,
    "GTEC": 0.07232706465621014,
    "XEBEF": 0.07232352602045986,
    "DYFSF": 0.07142974531940385,
    "AIMC": 0.07142784436007232,
    "LPKFF": 0.07053556621139899,
    "NDSN": 0.07003069741943728,
    "PH": 0.06970780188115093,
    "WPUR": 0.06969836542750017,
    "SIEGY": 0.06899700875449863,
    "SMAWF": 0.06899700875449863,
    "LXFR": 0.06879434591534236,
    "VWDRY": 0.06828254671471892,
    "VWSYF": 0.06828254671471892,
    "EBCOF": 0.0681731177294647,
    "EBCOY": 0.0681731177294647,
    "PYR": 0.06795546925082388,
    "RINO": 0.06707470338501609,
    "COCM": 0.06698743870039461,
    "GGG": 0.06639589661192791,
    "ATSAF": 0.06509892961067282,
    "AUUMF": 0.0648141842532307,
    "GTLS": 0.0645220180733079,
    "KUKAF": 0.06447551568940582,
    "KUKAY": 0.06447551568940582,
    "WEGRY": 0.06425817353836805,
    "WEIGF": 0.06425817353836805,
    "CR": 0.06394631102932569,
    "DUERF": 0.06378179720792028,
    "DURYY": 0.06378179720792028,
    "GEAGF": 0.06333122698255933,
    "IR": 0.06303909783594469,
    "WLMS": 0.06278430177689902,
    "KRNTY": 0.062373748318792895,
    "FLS": 0.06207442714498214,
    "BYPLF": 0.06192553159852435,
    "AATGF": 0.06182484232938241,
    "AALBF": 0.061655532162647304,
    "IBAL": 0.061045189892970135,
    "B": 0.06099941100723081,
    "MEGH": 0.060809913916848014,
    "MVAC": 0.060513792127123725,
    "HWM": 0.060321910503586346,
    "CVV": 0.06007125194327714,
    "IHICF": 0.05950984880185478,
    "IHICY": 0.05950984880185478,
    "AMSC": 0.05905845074821587,
    "CHSTY": 0.05894570514922035,
    "ESPHQ": 0.05878012859638599,
    "KAI": 0.05854945601184545,
    "HYHY": 0.05833283346603428,
    "APSI": 0.05822635852678486,
    "SDVKF": 0.057696319152643505,
    "SDVKY": 0.057696319152643505,
    "MWA": 0.05767278471829149,
    "CIHPF": 0.05756052995568604,
    "WTS": 0.05750301782993221,
    "EMR": 0.05728130424772081,
    "HLIO": 0.057074254696521984,
    "CMI": 0.05642072098247969,
    "SPXSF": 0.055741738764744295,
    "SPXSY": 0.055741738764744295,
    "ATVK": 0.05570309375789098,
    "IEX": 0.05547364583373523,
    "RWCI": 0.05528513378926158,
    "SIELY": 0.05497895349328644,
    "NFPC": 0.05473130552948815,
    "CYD": 0.05464349367131127,
    "GCTAF": 0.05439959154388367,
    "GCTAY": 0.05439959154388367,
    "DCI": 0.054368907711300735,
    "CW": 0.05418111277958478,
    "RAVN": 0.05395943694415686,
    "SPXC": 0.05340990744440362,
    "RTOXF": 0.053269320499497876,
    "CFX": 0.053084643810104776,
    "CFXA": 0.053084643810104776,
    "ARTR": 0.053037535760867484,
    "PSN": 0.05254504511671509,
    "REOP": 0.052423396667375256,
    "WRTBF": 0.05237667172898293,
    "WRTBY": 0.05237667172898293,
    "XONE": 0.05235205149568688,
    "BBRW": 0.05219720759063061,
    "AACS": 0.052174866894372625,
    "SXI": 0.05215850892604758,
    "TNC": 0.051994239215859404,
    "HON": 0.051903182151707264,
    "SISXF": 0.051734220650349515,
    "YOKEF": 0.05159669914161281,
    "YOKEY": 0.05159669914161281,
    "NRDXF": 0.05156930430187057,
    "WEICF": 0.0515057904150158,
    "WEICY": 0.0515057904150158,
    "OFLX": 0.051311305364002475,
    "NWVCF": 0.05129800434390333,
    "HIMR": 0.05099193280180713,
    "GHM": 0.05091501807122552,
    "MHVYF": 0.05073021147067996,
    "GE": 0.05063965664564005,
    "AME": 0.05061000991723398,
    "KRNT": 0.050604824222794616,
    "PYBX": 0.05057777546706119,
    "HI": 0.05033146072556692,
    "KMRCF": 0.04984679717553943,
    "RVTI": 0.04983683112127404,
    "PSIX": 0.049672125302671816,
    "ITW": 0.049594181366331466,
    "FKSHF": 0.04948916196616866,
    "ARNC": 0.04945637615788956,
    "ALSMY": 0.049342459236137476,
    "AOMFF": 0.049342459236137476,
    "ROK": 0.04930694060771823,
    "KMAAF": 0.04927323190883671,
    "TOSBF": 0.04919458957588046,
    "TOSYY": 0.04919458957588046,
    "OTIS": 0.04905462039148507,
    "ROP": 0.0488340048847197,
    "TPIC": 0.04847527609641478,
    "LTMP": 0.04803025861145305,
    "INOH": 0.048008182363764404,
    "LDL": 0.04791022693472899,
    "MMM": 0.04787470884872579,
    "BWEN": 0.047802202061367025,
    "ATLCY": 0.04760923772085417,
    "ATLKF": 0.04760923772085417,
    "ATLKY": 0.04760923772085417,
    "ATTLF": 0.04760923772085417,
    "DOV": 0.04742210945256123,
    "AXTG": 0.047240123907542765,
    "JBT": 0.04718523953573968,
    "SBLUY": 0.04714135972614446,
    "LII": 0.04713392467992703,
    "EDEYF": 0.04699636075494377,
    "GRC": 0.04688501272978562,
    "TXMC": 0.04663129602128045,
    "IMDXF": 0.04659185441940579,
    "SHLAF": 0.04597890767811515,
    "SHLRF": 0.04597890767811515,
    "AFGVY": 0.045879932518166,
    "ALFVF": 0.04564488418526863,
    "ALFVY": 0.04564488418526863,
    "TWIN": 0.04547164802368085,
    "HURC": 0.0454253765137609,
    "ITT": 0.04533308330324573,
    "AUSI": 0.045221945085512104,
    "MIDD": 0.04474371488367809,
    "CIR": 0.04473041440655073,
    "EVTN": 0.04451450439606213,
    "ARVY": 0.04447228435576142,
    "WBT": 0.04422862883476658,
    "ESNC": 0.043944705849752325,
    "ASPW": 0.04358583787585028,
    "HSC": 0.04326071232281952,
    "AOS": 0.04302111711220017,
    "RCHN": 0.04267651593507511,
    "SENY": 0.042374350694057254,
    "RBC": 0.04217007813041111,
    "NLLSF": 0.041868313518825986,
    "NLLSY": 0.041868313518825986,
    "ETN": 0.041590772932422075,
    "FANUF": 0.041488120640290484,
    "FANUY": 0.041488120640290484,
    "VACNY": 0.04133543158943666,
    "VTTGF": 0.04133543158943666,
    "RXN": 0.041042629897811045,
    "THR": 0.04103759906492183,
    "TRS": 0.04094193445644441,
    "TECFF": 0.04080358697192719,
    "KWHIY": 0.040722613854158964,
    "XLWH": 0.04066108579611108,
    "FLOW": 0.04058010981441708,
    "MGTC": 0.040374094373976974,
    "TBUIF": 0.04013132054118483,
    "RCIT": 0.04003449042383315,
    "BRRN": 0.03956287121930644,
    "NJDCY": 0.03930979471305536,
    "NNDNF": 0.03930979471305536,
    "HBGRY": 0.03906562919540947,
    "SGTSY": 0.03902205390289877,
    "PRWYF": 0.03878629284112333,
    "SMGKF": 0.038463362623904776,
    "SMGZY": 0.038463362623904776,
    "MAOIF": 0.03761061499097154,
    "FLIDY": 0.03745747892107959,
    "TT": 0.037018357106880596,
    "KNYJF": 0.03688288854117179,
    "KNYJY": 0.03688288854117179,
    "SBGSF": 0.03679597578451317,
    "SBGSY": 0.03679597578451317,
    "DNIYY": 0.03673178731506925,
    "BYYLF": 0.036219288927588966,
    "PNR": 0.03617635645493777,
    "INVI": 0.03609368878335476,
    "GTES": 0.03596696366396608,
    "SIMA": 0.034785780910241475,
    "CSWI": 0.03406201471805169,
    "BONL": 0.03376074592694911,
    "TBABF": 0.032491082806967074,
    "CGRN": 0.03208473855301193,
    "AQUEF": 0.032081676980512015,
    "LGRDY": 0.03160128315663315,
    "LGRVF": 0.03160128315663315,
    "JKSM": 0.0315460830537119,
    "THKLY": 0.031339872439863366,
    "UHOIF": 0.03130211256487775,
    "NGKIF": 0.030202382602266185,
    "ENCR": 0.030135264475666865,
    "HSHZY": 0.029493831692345367,
    "ADERY": 0.028633872029659776,