{
    "TNRG": 1.0,
    "ROP": 0.13437826840180697,
    "EMR": 0.1317912618899047,
    "TOSBF": 0.1276910659208418,
    "TOSYY": 0.1276910659208418,
    "WTS": 0.1272954980332728,
    "HLIO": 0.12665101903408463,
    "MMM": 0.12647034344732155,
    "YOKEF": 0.12616166274102447,
    "YOKEY": 0.12616166274102447,
    "CRAWA": 0.12566116669150962,
    "SPXSF": 0.12545650191215296,
    "SPXSY": 0.12545650191215296,
    "JKSM": 0.12425004874879375,
    "B": 0.1233775163175081,
    "IHICF": 0.12292777872960445,
    "IHICY": 0.12292777872960445,
    "BBRW": 0.12134476737331759,
    "PURXF": 0.12113684163511643,
    "WRTBF": 0.12073033667125829,
    "WRTBY": 0.12073033667125829,
    "PH": 0.11942037064483672,
    "GE": 0.11901262661086259,
    "IEX": 0.11886932843398149,
    "DOV": 0.11667200310591525,
    "FLS": 0.11597255085660954,
    "TBABF": 0.11591181140741319,
    "ROK": 0.11531557216079379,
    "ALSMY": 0.11518775706707024,
    "AOMFF": 0.11518775706707024,
    "HON": 0.11517921143784313,
    "MHVYF": 0.114100003715197,
    "SPXC": 0.113905478338339,
    "KUKAF": 0.11372540398400632,
    "KUKAY": 0.11372540398400632,
    "SIEGY": 0.11333574246547849,
    "SMAWF": 0.11333574246547849,
    "ALFVF": 0.11319439485054925,
    "ALFVY": 0.11319439485054925,
    "RBC": 0.11289490422340516,
    "PRAC": 0.11284382946562252,
    "IBAL": 0.11223407837715837,
    "ITT": 0.11209213772586082,
    "SBGSF": 0.11195216590461679,
    "SBGSY": 0.11195216590461679,
    "CMI": 0.11118338688256223,
    "SDVKF": 0.10990968313624347,
    "SDVKY": 0.10990968313624347,
    "AALBF": 0.10846707964114684,
    "HI": 0.108446482602498,
    "GEAGF": 0.10826364940350248,
    "XLWH": 0.10783450324678852,
    "RXN": 0.1074702467853513,
    "AOS": 0.1066940801867476,
    "NDSN": 0.10544939818727213,
    "SXI": 0.1051707589143262,
    "CR": 0.1050908935779297,
    "PSN": 0.10479565158909362,
    "ITW": 0.10470361129033413,
    "XONE": 0.10462178879476097,
    "WEGZY": 0.10390469814292269,
    "AME": 0.1036188010299765,
    "FELE": 0.10342733002767114,
    "OTIS": 0.1034103481752607,
    "ESPHQ": 0.10332440949491928,
    "WBT": 0.1025654115957595,
    "EPAC": 0.10244063262586589,
    "DUERF": 0.10227683242972418,
    "DURYY": 0.10227683242972418,
    "SISXF": 0.10212534631544065,
    "CNGA": 0.10170310508630455,
    "GNRC": 0.10156454386778747,
    "GGG": 0.10155273058613719,
    "TOPPY": 0.10155123548030712,
    "KAI": 0.10131228623072153,
    "XYL": 0.10128748372622563,
    "IR": 0.10092300341097767,
    "ATLCY": 0.10084521979773489,
    "ATLKF": 0.10084521979773489,
    "ATLKY": 0.10084521979773489,
    "ATTLF": 0.10084521979773489,
    "THR": 0.10081161381880865,
    "JBT": 0.09996504510826824,
    "ARNC": 0.09985477114948443,
    "DFKCY": 0.0997311628876944,
    "CYD": 0.09945141023431309,
    "CVV": 0.09922343469833445,
    "CW": 0.09917345463424983,
    "NJDCY": 0.09851739837465023,
    "NNDNF": 0.09851739837465023,
    "AACS": 0.09774591762579832,
    "AFGVY": 0.09759306455177204,
    "AFRMF": 0.09732028844515914,
    "TSSP": 0.09722360487052632,
    "TRS": 0.09673869010156987,
    "EVTN": 0.09644999773892397,
    "RAVN": 0.09590913943145635,
    "TNC": 0.0957957240820539,
    "AMSC": 0.0957443747688687,
    "SBLUY": 0.09564734235425565,
    "AUUMF": 0.09485042736948247,
    "HURC": 0.09472398309621435,
    "BLDP": 0.09451041714885146,
    "GTEC": 0.09448989926144531,
    "SIELY": 0.09425674586567084,
    "HWM": 0.0939144180327133,
    "LXFR": 0.09391164371616575,
    "EBCOF": 0.09363663530609477,
    "EBCOY": 0.09363663530609477,
    "JPSWY": 0.09359040641851071,
    "FLOW": 0.09328269897363067,
    "GTES": 0.09309480181275324,
    "NISN": 0.09268846445174933,
    "ETN": 0.09234056534122984,
    "MGTC": 0.09224096122323434,
    "RWCI": 0.0921113506607741,
    "TT": 0.09168754749019231,
    "NPO": 0.09166209786341951,
    "CFX": 0.091370896325566,
    "CFXA": 0.091370896325566,
    "NWVCF": 0.09092499922469925,
    "BWEN": 0.09071412878586625,
    "OFLX": 0.09071294268365349,
    "GTLS": 0.0902842953242974,
    "KRNTY": 0.08999005802477783,
    "CGRN": 0.08807723768626627,
    "PNR": 0.08728799642545076,
    "RTOXF": 0.0860596704285345,
    "GHM": 0.08604267126241819,
    "WLMS": 0.0859607079348094,
    "ATCD": 0.08538473584278328,
    "DCI": 0.08512557453109865,
    "TCGN": 0.08490711763603108,
    "KMRCF": 0.08433876170735768,
    "PSIX": 0.08422985462825446,
    "NRBT": 0.08419934462734165,
    "HSHZY": 0.08373778022113454,
    "DNIYY": 0.08369592314980606,
    "HBGRY": 0.08305915700644348,
    "MIDD": 0.0829034085501512,
    "IMDXF": 0.08288428384185198,
    "TPIC": 0.0828563979892571,
    "KRNT": 0.08269227403478543,
    "KMAAF": 0.08242482620995069,
    "LDL": 0.08175305393317452,
    "SIMA": 0.08149907600809386,
    "MEGH": 0.08144566078067728,
    "CIR": 0.08102239068389729,
    "CSWI": 0.08076897447200938,
    "COCM": 0.08041112316088175,
    "SHLAF": 0.08036530842307778,
    "SHLRF": 0.08036530842307778,
    "KNYJF": 0.08032718702972191,
    "KNYJY": 0.08032718702972191,
    "WEICF": 0.07992368394066876,
    "WEICY": 0.07992368394066876,
    "LTMP": 0.07958234040743117,
    "FKSHF": 0.07887766131658655,
    "LII": 0.07873324438639634,
    "CIHPF": 0.07735346646522574,
    "HSC": 0.07733596974660849,
    "ROSN": 0.07715569946615311,
    "AATGF": 0.07686784100680295,
    "FLIDY": 0.07677621710775644,
    "LGRDY": 0.07673931236348777,
    "LGRVF": 0.07673931236348777,
    "XJNGF": 0.0766467646464404,
    "KWHIY": 0.07653799157922997,
    "XEBEF": 0.07624125572497319,
    "TWIN": 0.07616453112521337,
    "BYPLF": 0.07597186284644292,
    "FJTCY": 0.07562700916488885,
    "ARVY": 0.07557680580894562,
    "NRDXF": 0.07513248608608561,
    "REOP": 0.07506944890604729,
    "AUSI": 0.07498285312154648,
    "APGI": 0.07444114836987473,
    "APSI": 0.07409984578681365,
    "MWA": 0.07369978021202216,
    "AQUEF": 0.07367591270858316,
    "ATSAF": 0.07362036129395018,
    "AIMC": 0.07339923935263577,
    "RINO": 0.07313698057882748,
    "DYFSF": 0.07243410248475642,
    "TAYD": 0.07224305377868878,
    "WEGRY": 0.07160829984303255,
    "WEIGF": 0.07160829984303255,
    "PRWYF": 0.07097646645168841,
    "UHOIF": 0.0708933000691654,
    "INOH": 0.0706824248527749,
    "SMGKF": 0.07036008398465599,
    "SMGZY": 0.07036008398465599,
    "SGTSY": 0.07018669875932938,
    "VWDRY": 0.07012211054133126,
    "VWSYF": 0.07012211054133126,
    "FANUF": 0.06916431721450175,
    "FANUY": 0.06916431721450175,
    "SMCAY": 0.06911640813541214,
    "SMECF": 0.06911640813541214,
    "GRC": 0.06882819373582755,
    "DLPX": 0.0687147814299879,
    "MAOIF": 0.06829671338691226,
    "TECFF": 0.06781832014637852,
    "BYYLF": 0.06733935533649239,
    "ESNC": 0.06677675653606585,
    "TXMC": 0.06624057419381613,
    "NLLSF": 0.06614688994941018,
    "NLLSY": 0.06614688994941018,
    "EDEYF": 0.06588367419870735,
    "BRRN": 0.06508763778180807,
    "VACNY": 0.06488700170430349,
    "VTTGF": 0.06488700170430349,
    "MVAC": 0.06452160693490896,
    "NGKIF": 0.06436633117643259,
    "CCTC": 0.06379272757780773,
    "NFPC": 0.06250631077801871,
    "CVAT": 0.06185451090325289,
    "GCTAF": 0.06161970604304614,
    "GCTAY": 0.06161970604304614,
    "LPKFF": 0.0610986661374848,
    "PRPI": 0.06009944817495392,
    "RCIT": 0.059824943695774145,
    "TBUIF": 0.05931878489394698,
    "RCHN": 0.059268566651063816,
    "CHSTY": 0.05730866947094321,
    "WPUR": 0.05704087012207707,
    "VLNSF": 0.0568912198267511,
    "ADERY": 0.05616746945759281,
    "SKUYF": 0.05597026762956334,
    "SENY": 0.05593082340726106,
    "ASPW": 0.054221543579461795,
    "AXTG": 0.050606776698630805,
    "HIMR": 0.049781796740260856,
    "INVI": 0.049246094464553275,
    "LTHUQ": 0.04901353009370143,
    "PYR": 0.04888159271831939,
    "HYHY": 0.04684063152911175,
    "ARTR": 0.04663676612936506,
    "PYBX": 0.045650108572241783,
    "THKLY": 0.04530665217561805,
    "RVTI": 0.0446928132555766,
    "RGUS": 0.0442292065465304,