{
    "AFSIA": 1.0,
    "AFSIB": 1.0,
    "AFSIC": 1.0,
    "AFSIM": 1.0,
    "AFSIP": 1.0,
    "HALL": 0.5430263782622958,
    "AFG": 0.5307288281015414,
    "CNA": 0.5192788481525539,
    "RLI": 0.5107243086286732,
    "TRV": 0.49637727486201266,
    "Y": 0.4950000514679419,
    "THG": 0.4826091026517221,
    "WRB": 0.4807403956225844,
    "IFCZF": 0.4794223350085019,
    "IFZZF": 0.4794223350085019,
    "INTAF": 0.4794223350085019,
    "CB": 0.47210029764516465,
    "ARGO-PA": 0.4665153752025819,
    "ARGO": 0.4665153752025819,
    "MKL": 0.45146192656206496,
    "UFCS": 0.43851507148451974,
    "CINF": 0.43729033626706887,
    "AXS-PE": 0.4348289140155131,
    "AXS": 0.4348289140155131,
    "AHL-PC": 0.43073421962407477,
    "AHL-PD": 0.43073421962407477,
    "AHL-PE": 0.43073421962407477,
    "PGR": 0.41881187419106514,
    "FRFHF": 0.41275864251178124,
    "CNFR": 0.4051621219663174,
    "GBLI": 0.40419983262001535,
    "STFC": 0.39870953653971414,
    "KINS": 0.3775523672574,
    "QBEIF": 0.3708312958883534,
    "QBIEY": 0.3708312958883534,
    "KMPR": 0.36952699939406547,
    "SAFT": 0.36786852333972697,
    "L": 0.3658698880799551,
    "PRA": 0.3652616355246048,
    "PTVCA": 0.3616348198386556,
    "PTVCB": 0.3616348198386556,
    "SNMCY": 0.3591319971274101,
    "SNMYF": 0.3591319971274101,
    "SIGI": 0.3476072628274475,
    "SIGIP": 0.3476072628274475,
    "KNSL": 0.34663727843627096,
    "PPCCF": 0.3446954151186339,
    "PPCCY": 0.3446954151186339,
    "UIHC": 0.33714293923669575,
    "UNAM": 0.33156141058048294,
    "NSEC": 0.3282428430284667,
    "IAUGF": 0.3251302906008655,
    "IAUGY": 0.3251302906008655,
    "PLMR": 0.32219417330512673,
    "DGICA": 0.31464199974868573,
    "DGICB": 0.31464199974868573,
    "ALL-PG": 0.306516786385379,
    "ALL-PH": 0.306516786385379,
    "ALL-PI": 0.306516786385379,
    "ALL": 0.306516786385379,
    "MCY": 0.3058594554297273,
    "FNHC": 0.30483918011264544,
    "STC": 0.30150427870763924,
    "EGFHF": 0.3012964604489693,
    "HRTG": 0.2964772314258107,
    "RSNAY": 0.29543607416308015,
    "SMPNY": 0.29028770361843903,
    "MSADF": 0.29004951748789976,
    "MSADY": 0.29004951748789976,
    "WTM": 0.2870962303723238,
    "TKOMF": 0.28483069325800925,
    "TKOMY": 0.28483069325800925,
    "PINXF": 0.2803957533312504,
    "HCI": 0.27322203245551135,
    "UVE": 0.25978883073939657,
    "MAJCQ": 0.25582854156654294,
    "HMN": 0.2525968860464713,
    "LMND": 0.2490325081593903,
    "SGYI": 0.24615342595913597,
    "AFHBL": 0.23602674657582798,
    "AFHIF": 0.23602674657582798,
    "NODK": 0.21638071554562427,
    "ROOT": 0.21161887885770028,
    "ZZHGF": 0.19896432436218597,
    "SBBG": 0.1700971911261766,
    "AMIGF": 0.16073245578205902,
    "AMIGY": 0.16073245578205902,
    "MILE": 0.15203859663358715,
    "PTAYF": 0.136578148428859,
    "NMIH": 0.11939492477886503
}