{
    "AMIGF": 0.9999999999999997,
    "AMIGY": 0.9999999999999997,
    "RSNAY": 0.3471975199734991,
    "STFC": 0.22565060129411418,
    "Y": 0.22222346624936712,
    "AFG": 0.21633412014047995,
    "IFCZF": 0.20761949071636088,
    "IFZZF": 0.20761949071636088,
    "INTAF": 0.20761949071636088,
    "THG": 0.2059394021042056,
    "PGR": 0.199215382879536,
    "WRB": 0.19584848245220776,
    "ARGO-PA": 0.1957180932429061,
    "ARGO": 0.1957180932429061,
    "ROOT": 0.19042411019969482,
    "UFCS": 0.18930452135263842,
    "SIGI": 0.18898505601020005,
    "SIGIP": 0.18898505601020005,
    "CNFR": 0.18882797215717748,
    "MKL": 0.1875816332935577,
    "IAUGF": 0.18725977010653094,
    "IAUGY": 0.18725977010653094,
    "KMPR": 0.18557606330805637,
    "PINXF": 0.1842297253373755,
    "FRFHF": 0.1828748882072185,
    "HALL": 0.18278514277193197,
    "CINF": 0.1825837288799329,
    "PTVCA": 0.18205798239928528,
    "PTVCB": 0.18205798239928528,
    "NSEC": 0.18194480503119237,
    "AHL-PC": 0.18155450748606194,
    "AHL-PD": 0.18155450748606194,
    "AHL-PE": 0.18155450748606194,
    "SGYI": 0.17654500819474114,
    "TRV": 0.1745500021940577,
    "QBEIF": 0.17258722352132108,
    "QBIEY": 0.17258722352132108,
    "KNSL": 0.17032343601594205,
    "CNA": 0.1695796321486648,
    "MILE": 0.1629561793486721,
    "PRA": 0.16080049649004224,
    "AFSIA": 0.16073245578205902,
    "AFSIB": 0.16073245578205902,
    "AFSIC": 0.16073245578205902,
    "AFSIM": 0.16073245578205902,
    "AFSIP": 0.16073245578205902,
    "UIHC": 0.1598757428042033,
    "AXS-PE": 0.1590643208815865,
    "AXS": 0.1590643208815865,
    "GBLI": 0.158678072900967,
    "HCI": 0.15757355711096666,
    "MSADF": 0.15564168852760454,
    "MSADY": 0.15564168852760454,
    "CB": 0.15159654178640003,
    "KINS": 0.15154485990911903,
    "UVE": 0.15072619863322323,
    "STC": 0.15000621743507644,
    "L": 0.1488661244820305,
    "TKOMF": 0.1488304155634648,
    "TKOMY": 0.1488304155634648,
    "PPCCF": 0.14844447260621563,
    "PPCCY": 0.14844447260621563,
    "WTM": 0.1462669728678693,
    "RLI": 0.145731131947821,
    "NODK": 0.14545483710332086,
    "FNHC": 0.14483742828032806,
    "SAFT": 0.14454823988309215,
    "ALL-PG": 0.14287342837936914,
    "ALL-PH": 0.14287342837936914,
    "ALL-PI": 0.14287342837936914,
    "ALL": 0.14287342837936914,
    "EGFHF": 0.141149011638136,
    "UNAM": 0.14036579940390256,
    "ZZHGF": 0.1384634578852038,
    "HMN": 0.13748858305837336,
    "SNMCY": 0.13723404248313656,
    "SNMYF": 0.13723404248313656,
    "HRTG": 0.1330560988314571,
    "MCY": 0.13250904523697793,
    "LMND": 0.13073046308262254,
    "SMPNY": 0.12287104197029468,
    "PLMR": 0.11986919423005758,
    "AFHBL": 0.11674196535666628,
    "AFHIF": 0.11674196535666628,
    "DGICA": 0.11083778531230702,
    "DGICB": 0.11083778531230702,
    "MAJCQ": 0.10782096204394459,
    "PTAYF": 0.09420158484590423,
    "SBBG": 0.07518836647440245,
    "NMIH": 0.07140759245104744
}