{
    "CNFR": 1.0000000000000002,
    "AFG": 0.41889834249262625,
    "IFCZF": 0.4170168721606817,
    "IFZZF": 0.4170168721606817,
    "INTAF": 0.4170168721606817,
    "Y": 0.40930351820781796,
    "HALL": 0.4090198202342232,
    "AFSIA": 0.4051621219663174,
    "AFSIB": 0.4051621219663174,
    "AFSIC": 0.4051621219663174,
    "AFSIM": 0.4051621219663174,
    "AFSIP": 0.4051621219663174,
    "RLI": 0.40211459405375916,
    "UFCS": 0.3951907974118122,
    "THG": 0.38018616111300224,
    "WRB": 0.37406794918174385,
    "TRV": 0.37064485800602676,
    "NSEC": 0.36588983743366094,
    "CINF": 0.36350069475391167,
    "PGR": 0.3604780930659492,
    "SAFT": 0.3591684060808639,
    "UIHC": 0.3544559643807524,
    "KINS": 0.35415682972705004,
    "PTVCA": 0.35357524107126087,
    "PTVCB": 0.35357524107126087,
    "KNSL": 0.3528264274693764,
    "STFC": 0.3486577856977208,
    "MKL": 0.3467951664135333,
    "CNA": 0.3464589907857611,
    "UVE": 0.3442556082816667,
    "ARGO-PA": 0.3430097647565812,
    "ARGO": 0.3430097647565812,
    "PRA": 0.3422826518977496,
    "SIGI": 0.33841524342308377,
    "SIGIP": 0.33841524342308377,
    "AHL-PC": 0.33721388350145626,
    "AHL-PD": 0.33721388350145626,
    "AHL-PE": 0.33721388350145626,
    "KMPR": 0.33696251732870364,
    "FNHC": 0.3368833179388124,
    "FRFHF": 0.33177175367078865,
    "AXS-PE": 0.3183767852682278,
    "AXS": 0.3183767852682278,
    "GBLI": 0.31717920869047633,
    "L": 0.31513271466223447,
    "SMPNY": 0.31332309806630854,
    "PINXF": 0.3080010598461373,
    "QBEIF": 0.3063200212839198,
    "QBIEY": 0.3063200212839198,
    "CB": 0.30622051323886995,
    "EGFHF": 0.30537738638866313,
    "MCY": 0.30517460397008567,
    "HRTG": 0.30314213554308184,
    "DGICA": 0.30021436658978784,
    "DGICB": 0.30021436658978784,
    "TKOMF": 0.2992272713108759,
    "TKOMY": 0.2992272713108759,
    "HCI": 0.2952944196825256,
    "PLMR": 0.29512270787168315,
    "MSADF": 0.29144681175817216,
    "MSADY": 0.29144681175817216,
    "RSNAY": 0.291326334162779,
    "UNAM": 0.2885153574922219,
    "HMN": 0.2827437976792515,
    "IAUGF": 0.2782753948066222,
    "IAUGY": 0.2782753948066222,
    "PPCCF": 0.27695433254842455,
    "PPCCY": 0.27695433254842455,
    "STC": 0.27216420691463467,
    "SGYI": 0.2626828321797897,
    "AFHBL": 0.25941205997659417,
    "AFHIF": 0.25941205997659417,
    "ROOT": 0.25429500812539085,
    "NODK": 0.2525448243362713,
    "ALL-PG": 0.24886103644237698,
    "ALL-PH": 0.24886103644237698,
    "ALL-PI": 0.24886103644237698,
    "ALL": 0.24886103644237698,
    "SNMCY": 0.24449993587097663,
    "SNMYF": 0.24449993587097663,
    "WTM": 0.24436517837252142,
    "MAJCQ": 0.23982265551865053,
    "LMND": 0.23910876008722579,
    "ZZHGF": 0.2110672503139322,
    "AMIGF": 0.18882797215717748,
    "AMIGY": 0.18882797215717748,
    "MILE": 0.16260789793966937,
    "SBBG": 0.15246306138808596,
    "PTAYF": 0.14967868594088032,
    "NMIH": 0.1409149341324477
}