{
    "GBLI": 1.0000000000000004,
    "WRB": 0.4340742954531449,
    "Y": 0.43253056313643956,
    "AFSIA": 0.40419983262001535,
    "AFSIB": 0.40419983262001535,
    "AFSIC": 0.40419983262001535,
    "AFSIM": 0.40419983262001535,
    "AFSIP": 0.40419983262001535,
    "AXS-PE": 0.38395717611031416,
    "AXS": 0.38395717611031416,
    "HALL": 0.38311151766923274,
    "TRV": 0.37510514170888054,
    "AFG": 0.3736277968369265,
    "IFCZF": 0.37014078986981924,
    "IFZZF": 0.37014078986981924,
    "INTAF": 0.37014078986981924,
    "CB": 0.36555963884870657,
    "AHL-PC": 0.36500969067515276,
    "AHL-PD": 0.36500969067515276,
    "AHL-PE": 0.36500969067515276,
    "THG": 0.36086490446690106,
    "MKL": 0.35862719862982,
    "ARGO-PA": 0.35517594523005547,
    "ARGO": 0.35517594523005547,
    "RLI": 0.34447311894440746,
    "STFC": 0.3393881615398753,
    "PGR": 0.3383629977064942,
    "CNA": 0.3306963592640106,
    "CNFR": 0.31717920869047633,
    "WTM": 0.3061170388425204,
    "UFCS": 0.3049448740186993,
    "PRA": 0.2936923792637451,
    "CINF": 0.29352889353269135,
    "FRFHF": 0.28024833503009833,
    "NSEC": 0.27858706667898925,
    "QBEIF": 0.27828694552894373,
    "QBIEY": 0.27828694552894373,
    "PLMR": 0.27673948350449523,
    "KMPR": 0.2753534135805734,
    "SIGI": 0.2743917501510974,
    "SIGIP": 0.2743917501510974,
    "KINS": 0.26852425851052647,
    "HRTG": 0.2675129054964697,
    "RSNAY": 0.26657095262004865,
    "UNAM": 0.25697826916315536,
    "SAFT": 0.25570716856561665,
    "KNSL": 0.2537722995830261,
    "HCI": 0.2496332184825565,
    "UVE": 0.24592641136548485,
    "PTVCA": 0.24396883508084888,
    "PTVCB": 0.24396883508084888,
    "L": 0.23910112749706922,
    "ALL-PG": 0.23879043178735163,
    "ALL-PH": 0.23879043178735163,
    "ALL-PI": 0.23879043178735163,
    "ALL": 0.23879043178735163,
    "PPCCF": 0.22917019180481127,
    "PPCCY": 0.22917019180481127,
    "UIHC": 0.22737639527957623,
    "SNMCY": 0.22627673348330374,
    "SNMYF": 0.22627673348330374,
    "IAUGF": 0.22274505339628156,
    "IAUGY": 0.22274505339628156,
    "ROOT": 0.22237846561306204,
    "FNHC": 0.21644473663728722,
    "STC": 0.21044947570157574,
    "PINXF": 0.20604646264903909,
    "EGFHF": 0.20339718309252522,
    "MCY": 0.20044754945489696,
    "HMN": 0.19749225445950186,
    "SGYI": 0.19481228558902264,
    "TKOMF": 0.19040600086271825,
    "TKOMY": 0.19040600086271825,
    "DGICA": 0.18498904037547936,
    "DGICB": 0.18498904037547936,
    "MAJCQ": 0.1803306701707006,
    "NODK": 0.17858792968461565,
    "AFHBL": 0.17839300684521778,
    "AFHIF": 0.17839300684521778,
    "LMND": 0.17100515446121226,
    "MSADF": 0.16468180649380149,
    "MSADY": 0.16468180649380149,
    "AMIGF": 0.158678072900967,
    "AMIGY": 0.158678072900967,
    "SMPNY": 0.1560203426289669,
    "ZZHGF": 0.1416783782149907,
    "SBBG": 0.11688048417305631,
    "PTAYF": 0.10461273937354806,
    "MILE": 0.09087905105428401,
    "NMIH": 0.06945938999087785
}