{
    "NODK": 0.9999999999999997,
    "UFCS": 0.2865441982391591,
    "STFC": 0.26896534142971884,
    "UIHC": 0.2584227046594032,
    "EGFHF": 0.25436243500521716,
    "CNFR": 0.2525448243362713,
    "TKOMF": 0.2514160129501254,
    "TKOMY": 0.2514160129501254,
    "ARGO-PA": 0.2470895490683644,
    "ARGO": 0.2470895490683644,
    "HALL": 0.242623856092692,
    "KINS": 0.24245325578560975,
    "UVE": 0.230456187466144,
    "CB": 0.22805813754764145,
    "FRFHF": 0.22720492646389648,
    "SAFT": 0.22638208945800858,
    "AFG": 0.22020679932341014,
    "Y": 0.21799677060235828,
    "MSADF": 0.21709440952980835,
    "MSADY": 0.21709440952980835,
    "AHL-PC": 0.21648862285886328,
    "AHL-PD": 0.21648862285886328,
    "AHL-PE": 0.21648862285886328,
    "AFSIA": 0.21638071554562427,
    "AFSIB": 0.21638071554562427,
    "AFSIC": 0.21638071554562427,
    "AFSIM": 0.21638071554562427,
    "AFSIP": 0.21638071554562427,
    "SIGI": 0.21289366976182875,
    "SIGIP": 0.21289366976182875,
    "KNSL": 0.20988583479614797,
    "AFHBL": 0.2083319223568278,
    "AFHIF": 0.2083319223568278,
    "IFCZF": 0.20354947757904468,
    "IFZZF": 0.20354947757904468,
    "INTAF": 0.20354947757904468,
    "HCI": 0.20194529163785963,
    "THG": 0.19738082879999452,
    "SMPNY": 0.19505337229901443,
    "CNA": 0.19363233089513227,
    "NSEC": 0.19256078437290658,
    "KMPR": 0.19225571327685,
    "TRV": 0.19061451193335777,
    "PRA": 0.18953791186695093,
    "WRB": 0.18852943659348348,
    "PGR": 0.18715664005485808,
    "CINF": 0.18577203334845732,
    "HRTG": 0.1843661181414805,
    "IAUGF": 0.18372782212545735,
    "IAUGY": 0.18372782212545735,
    "PPCCF": 0.18200496778001793,
    "PPCCY": 0.18200496778001793,
    "GBLI": 0.17858792968461565,
    "QBEIF": 0.17606208309345686,
    "QBIEY": 0.17606208309345686,
    "MKL": 0.17569422457711617,
    "RLI": 0.17519323645444665,
    "PLMR": 0.17390179313893273,
    "DGICA": 0.17332190517613866,
    "DGICB": 0.17332190517613866,
    "PTVCA": 0.17220544734591503,
    "PTVCB": 0.17220544734591503,
    "ROOT": 0.16878014069027414,
    "PINXF": 0.16850919361568176,
    "LMND": 0.16793074902121438,
    "SGYI": 0.16516688051673858,
    "AXS-PE": 0.16224293627689348,
    "AXS": 0.16224293627689348,
    "L": 0.1610295741144778,
    "MCY": 0.160107549739479,
    "UNAM": 0.16006482536211677,
    "RSNAY": 0.15317326799711878,
    "FNHC": 0.15000325610468496,
    "AMIGF": 0.14545483710332086,
    "AMIGY": 0.14545483710332086,
    "HMN": 0.13567792077308755,
    "STC": 0.1355576407724456,
    "ALL-PG": 0.13527324223212525,
    "ALL-PH": 0.13527324223212525,
    "ALL-PI": 0.13527324223212525,
    "ALL": 0.13527324223212525,
    "SNMCY": 0.12399688710246298,
    "SNMYF": 0.12399688710246298,
    "WTM": 0.11723763331235046,
    "ZZHGF": 0.10826113662987777,
    "MILE": 0.10814608441699566,
    "MAJCQ": 0.10505268510585414,
    "NMIH": 0.10244083794340637,
    "SBBG": 0.09520284680875356,
    "PTAYF": 0.08922981280526229
}