{
    "ZZHGF": 1.0,
    "PINXF": 0.4158872840223073,
    "PPCCF": 0.3448165391349351,
    "PPCCY": 0.3448165391349351,
    "WRB": 0.26374498508378624,
    "MKL": 0.2629513262961422,
    "KMPR": 0.2595583920191239,
    "AFG": 0.25460757944505874,
    "Y": 0.24845456794192877,
    "PTVCA": 0.2391234994837772,
    "PTVCB": 0.2391234994837772,
    "ARGO-PA": 0.23809282080339256,
    "ARGO": 0.23809282080339256,
    "HALL": 0.23540984554845523,
    "PRA": 0.234272799136398,
    "AHL-PC": 0.23252440845420785,
    "AHL-PD": 0.23252440845420785,
    "AHL-PE": 0.23252440845420785,
    "TRV": 0.22925818464722633,
    "IFCZF": 0.22334457103316963,
    "IFZZF": 0.22334457103316963,
    "INTAF": 0.22334457103316963,
    "PGR": 0.22165470107116175,
    "CINF": 0.22065037304242863,
    "SNMCY": 0.2202513452078308,
    "SNMYF": 0.2202513452078308,
    "FRFHF": 0.2192420406512593,
    "AXS-PE": 0.21919806866037417,
    "AXS": 0.21919806866037417,
    "CNA": 0.21625690436301043,
    "STFC": 0.21254659282545046,
    "NSEC": 0.2119972958092983,
    "CNFR": 0.2110672503139322,
    "CB": 0.20956214942944085,
    "TKOMF": 0.20752911221000014,
    "TKOMY": 0.20752911221000014,
    "MSADF": 0.20731125758237348,
    "MSADY": 0.20731125758237348,
    "HCI": 0.20457081650088607,
    "QBEIF": 0.20169964578702076,
    "QBIEY": 0.20169964578702076,
    "WTM": 0.20068206447402695,
    "AFSIA": 0.19896432436218597,
    "AFSIB": 0.19896432436218597,
    "AFSIC": 0.19896432436218597,
    "AFSIM": 0.19896432436218597,
    "AFSIP": 0.19896432436218597,
    "THG": 0.19686477717957962,
    "HMN": 0.19385933705077663,
    "IAUGF": 0.19123543417371716,
    "IAUGY": 0.19123543417371716,
    "SMPNY": 0.18928778256440693,
    "RSNAY": 0.18925938240156195,
    "L": 0.1874298627155932,
    "RLI": 0.1863298421206426,
    "SIGI": 0.18570395762078706,
    "SIGIP": 0.18570395762078706,
    "STC": 0.18371645402028128,
    "KNSL": 0.18353174470897377,
    "UFCS": 0.18172092836108134,
    "SGYI": 0.1815218697227913,
    "MAJCQ": 0.17570838189551105,
    "UNAM": 0.17387738718061663,
    "UIHC": 0.17369408357093175,
    "SBBG": 0.17342381570544296,
    "ROOT": 0.16406295398039242,
    "UVE": 0.1612201304047595,
    "HRTG": 0.15913079069353814,
    "FNHC": 0.1587803321027717,
    "ALL-PG": 0.15826382609942746,
    "ALL-PH": 0.15826382609942746,
    "ALL-PI": 0.15826382609942746,
    "ALL": 0.15826382609942746,
    "PLMR": 0.14768790144093585,
    "EGFHF": 0.14701672102566374,
    "SAFT": 0.14521902333332737,
    "MCY": 0.1441878100322683,
    "LMND": 0.14239202025609585,
    "GBLI": 0.1416783782149907,
    "AMIGF": 0.1384634578852038,
    "AMIGY": 0.1384634578852038,
    "KINS": 0.12833120043125396,
    "DGICA": 0.12635986703874946,
    "DGICB": 0.12635986703874946,
    "PTAYF": 0.1251542017271139,
    "NMIH": 0.12481415492381634,
    "AFHBL": 0.11413054559475207,
    "AFHIF": 0.11413054559475207,
    "NODK": 0.10826113662987777,
    "MILE": 0.09980443044139956
}