{
    "HPP": 1.0,
    "KRC": 0.26586173922548423,
    "BXP": 0.1869889268362569,
    "TUERF": 0.18652953525641405,
    "BDN": 0.16912117099589372,
    "OFC": 0.16824936891885342,
    "SLG-PI": 0.16802341294385867,
    "SLG": 0.16802341294385867,
    "ARE": 0.16445601763322037,
    "HIW": 0.16318853942778339,
    "CXP": 0.15742871604228909,
    "DWVYF": 0.15376747158911724,
    "FSP": 0.15340755273963108,
    "PRLE": 0.15088410898931354,
    "GNL-PA": 0.15081907046995016,
    "GNL-PB": 0.15081907046995016,
    "GNL": 0.15081907046995016,
    "NYC": 0.14921386915629176,
    "PDM": 0.1454203422808082,
    "JBGS": 0.13975754941531224,
    "EQC-PD": 0.13954864201203987,
    "EQC": 0.13954864201203987,
    "PGRE": 0.13781794005420772,
    "VNO-PL": 0.13699357560593273,
    "VNO-PM": 0.13699357560593273,
    "VNO": 0.13699357560593273,
    "VNORP": 0.13699357560593273,
    "CLI": 0.13464507139443407,
    "CMCT": 0.13332292954558472,
    "CMCTP": 0.13332292954558472,
    "WRE": 0.13013681273631186,
    "DEI": 0.1265589553711946,
    "KREVF": 0.12351205687221734,
    "SLTTF": 0.1186624683450742,
    "OPI": 0.11219111151023534,
    "CUZ": 0.1056332354329397,
    "PSTL": 0.10406740356059135,
    "DEA": 0.09661342492117439,
    "DLR-PC": 0.08797612279604682,
    "DLR-PJ": 0.08797612279604682,
    "DLR-PK": 0.08797612279604682,
    "DLR-PL": 0.08797612279604682,
    "DLR": 0.08797612279604682,
    "WKPPF": 0.0866039537459338,
    "CIO-PA": 0.07341685987765642,
    "CIO": 0.07341685987765642,
    "COR": 0.06795663333653791,
    "APYRF": 0.05654414077696607,
    "DTLA-P": 0.03890834844934278
}