{
    "CLCGY": 1.0,
    "YI": 0.37487467763616644,
    "WBA": 0.3531438220832358,
    "CNBI": 0.3360976896168373,
    "CJJD": 0.3123540824915591,
    "BIMI": 0.3108266613305656,
    "ALBHF": 0.3035065746086693,
    "RAD": 0.281933670351465,
    "RXMD": 0.24313483860193288,
    "SAEYY": 0.24185491819823743,
    "RLLVF": 0.24168251234197005,
    "GNLN": 0.2404651673762454,
    "HITIF": 0.2404218661045079,
    "ZRSEF": 0.23277670428811195,
    "TSUSF": 0.23268364381123607,
    "MEDS": 0.22362833541666668,
    "ALST": 0.22196661891212557,
    "FFLWF": 0.2216440644118017,
    "PETS": 0.21835390662310503,
    "HADV": 0.21640115722787592,
    "SDGCF": 0.21080507593688455,
    "SSY": 0.21071019552338321,
    "HEWA": 0.21015229022608184,
    "RADLY": 0.20445266000731882,
    "SCRCQ": 0.20317133909994153,
    "DECN": 0.20222213478031875,
    "FSPM": 0.199687909633918,
    "BJTRF": 0.19854806289073748,
    "PNPL": 0.1979297365895552,
    "ISHI": 0.19130050561356107,
    "LFMD": 0.18928069114996007,
    "MDIN": 0.185105088210203,
    "CAFS": 0.17425806814899508,
    "OMHE": 0.17281292906495418,
    "JFIL": 0.14166431119150316,
    "AEGY": 0.1403709108326826,
    "OXIHF": 0.1311851334717546,
    "SGIPF": 0.12337329917421834,
    "YSSCD": 0.11491187096130019
}