{
    "EH": 1.0000000000000004,
    "YSHLF": 0.2698397201455007,
    "TIPGF": 0.25698635685205695,
    "ATRO": 0.23779295879684767,
    "ATROB": 0.23779295879684767,
    "AUTLF": 0.23311305905618934,
    "FINMF": 0.2253267053421515,
    "FINMY": 0.2253267053421515,
    "AIR": 0.21537177286380935,
    "UEHPY": 0.21027085663812078,
    "SAABF": 0.20764906823985663,
    "SAABY": 0.20764906823985663,
    "QNTQF": 0.2074582850929405,
    "QNTQY": 0.2074582850929405,
    "THLEF": 0.19771626811650983,
    "VEC": 0.19276623527062678,
    "RYCEF": 0.19129906202421215,
    "RYCEY": 0.19129906202421215,
    "LHX": 0.1906915273194788,
    "SAFRF": 0.19008236952698243,
    "SAFRY": 0.19008236952698243,
    "RTX": 0.18917769756833583,
    "BA": 0.18704248075905255,
    "ESLT": 0.18636935284371706,
    "NOC": 0.18542932941906584,
    "MEGGF": 0.18308537998364127,
    "MEGGY": 0.18308537998364127,
    "ETCC": 0.18189199872295134,
    "SGGKF": 0.18118117989691523,
    "SGGKY": 0.18118117989691523,
    "BUKS": 0.18041445011679944,
    "BAESF": 0.17962405266767562,
    "BAESY": 0.17962405266767562,
    "NSKFF": 0.1782382823410935,
    "VSEC": 0.17577004069930452,
    "LMT": 0.17431584325744431,
    "MOG-A": 0.17410310546458557,
    "MOG-B": 0.17410310546458557,
    "AJRD": 0.1740456940917473,
    "UAVS": 0.17239556317333135,
    "TXT": 0.1720185266124188,
    "KAMN": 0.16956205578588263,
    "CUB": 0.16872120585872957,
    "XERI": 0.16765369160105145,
    "WWD": 0.16588729778280156,
    "TATT": 0.16558467647922653,
    "MRCY": 0.16458375428022742,
    "EADSF": 0.16005508763949156,
    "EADSY": 0.16005508763949156,
    "ERJ": 0.15954785777297825,
    "BDRAF": 0.15943838072039165,
    "BDRBF": 0.15943838072039165,
    "MALJF": 0.15894625414186986,
    "DCO": 0.15544005547866258,
    "BRSI": 0.15503187956613357,
    "HERXF": 0.15411270122551787,
    "UITA": 0.15292041871639214,
    "HXL": 0.15085967807129091,
    "BANT": 0.15031127057183083,
    "DUAVF": 0.15003394197641323,
    "DFLYF": 0.14901476013447806,
    "DSUS": 0.14843713587890317,
    "KTOS": 0.14575321312687575,
    "CAE": 0.14553032610641822,
    "SIF": 0.14513187731600963,
    "AVAV": 0.1447050540813889,
    "SMBMF": 0.14360670309790735,
    "SMBMY": 0.14360670309790735,
    "SPR": 0.1424426371195125,
    "OPXS": 0.1423934852546385,
    "TDG": 0.14221305430408143,
    "HEI-A": 0.1414940239723462,
    "HEI": 0.1414940239723462,
    "QCKSF": 0.1374001714094091,
    "AIRI": 0.1367465514491616,
    "CVU": 0.1332484827677146,
    "AVPFF": 0.1330637044868131,
    "FLY": 0.13196977780497263,
    "IPTK": 0.1319335066413398,
    "HII": 0.13178190633618586,
    "ADFS": 0.13055005641052453,
    "CODA": 0.13023104873164976,
    "FLYLF": 0.13001881386852604,
    "ISSC": 0.12834101766888023,
    "RADA": 0.12781495915297025,
    "ASDN": 0.12619798330304027,
    "IVAC": 0.12576242039065544,
    "TGI": 0.12488505245285156,
    "TIKK": 0.12351893428400415,
    "UMAV": 0.1231901883307466,
    "MNDP": 0.12273863768644633,
    "PSSR": 0.1223466016320618,
    "AAIIQ": 0.12189580187451732,
    "CMGMY": 0.12170529092406779,
    "SPCE": 0.12034944229950753,
    "USDR": 0.11759329677461834,
    "NPK": 0.11682156059038057,
    "SDSS": 0.11491092056516043,
    "RGR": 0.11467519666246667,
    "BWXT": 0.11342840222221519,
    "STYS": 0.11001887931342999,
    "FTGFF": 0.10958961585078553,
    "KWEMF": 0.1093464563559037,
    "PKE": 0.1066574103114666,
    "MSNVF": 0.10425898610054138,
    "AERG": 0.10252237212484239,
    "NEXD": 0.10015798428686051,
    "ASTC": 0.09465970094822726,
    "AXON": 0.09369357245790626,
    "LLLI": 0.09350668047241155,
    "MIESF": 0.09084621340851573,
    "POWW": 0.09038441663115435,
    "OPST": 0.08763557223745068,
    "DEWY": 0.0853744097353981,
    "APLD": 0.08517727879989123,
    "DLRWF": 0.08500729371299921,
    "BYRND": 0.08490177965681639,
    "TURA": 0.08485483485659158,
    "NEIK": 0.08386995392927184,
    "AAZZF": 0.08234950002403615,
    "SNAVF": 0.08141896072420614,
    "RDEGF": 0.08138631247792924,
    "SWBI": 0.08099445840275807,
    "HWKE": 0.07844737250599026,
    "LNGT": 0.06835526491483024,
    "VTSI": 0.06822037438573278,
    "PMEA": 0.06807209981144947,
    "AKRRF": 0.05760071137112637,
    "MDEX": 0.05740402216067816,
    "SAFS": 0.04496752649767649
}