{
    "HII": 0.9999999999999999,
    "BWXT": 0.45480035339040753,
    "SAABF": 0.3018706829825885,
    "SAABY": 0.3018706829825885,
    "VSEC": 0.29589046485423603,
    "AIR": 0.2939628124798953,
    "VEC": 0.27390941820208325,
    "THLEF": 0.2732505923635195,
    "BAESF": 0.26171394692437355,
    "BAESY": 0.26171394692437355,
    "RTX": 0.25887958953220847,
    "BA": 0.2588545126691293,
    "YSHLF": 0.25873710429470065,
    "FINMF": 0.25192890093212156,
    "FINMY": 0.25192890093212156,
    "SAFRF": 0.24757052499839677,
    "SAFRY": 0.24757052499839677,
    "LMT": 0.24254328105048414,
    "SMBMF": 0.23835061013192693,
    "SMBMY": 0.23835061013192693,
    "LHX": 0.23566823584617413,
    "UEHPY": 0.2337740969106329,
    "NOC": 0.23122216168646645,
    "RYCEF": 0.22867652460717092,
    "RYCEY": 0.22867652460717092,
    "ETCC": 0.22411431895490025,
    "TXT": 0.21376818224712138,
    "MOG-A": 0.2118521469134394,
    "MOG-B": 0.2118521469134394,
    "HEI-A": 0.20900132758571843,
    "HEI": 0.20900132758571843,
    "MEGGF": 0.2054129635778511,
    "MEGGY": 0.2054129635778511,
    "ATRO": 0.20536558932648863,
    "ATROB": 0.20536558932648863,
    "QNTQF": 0.2039173959521763,
    "QNTQY": 0.2039173959521763,
    "AAIIQ": 0.20237343018711024,
    "TATT": 0.2022147648109818,
    "UITA": 0.20045932651524068,
    "DCO": 0.19985030239079327,
    "WWD": 0.19848732619473508,
    "AUTLF": 0.19648144587229546,
    "NSKFF": 0.19634638256895043,
    "BUKS": 0.19579176243672985,
    "MALJF": 0.19489994781708794,
    "BANT": 0.18325819593384274,
    "MSNVF": 0.18202457229115906,
    "HERXF": 0.18166739333477036,
    "ESLT": 0.1785418674142215,
    "AVAV": 0.1770095862910625,
    "CUB": 0.17653157561324712,
    "KTOS": 0.17535778846084168,
    "TDG": 0.17529305016237443,
    "CAE": 0.1741720650981449,
    "PSSR": 0.17256830711567006,
    "AJRD": 0.17161810112085477,
    "MRCY": 0.16884600959271345,
    "ERJ": 0.16735325367320064,
    "MIESF": 0.1673305697249667,
    "EADSF": 0.1656557183135709,
    "EADSY": 0.1656557183135709,
    "ADFS": 0.16363674538290962,
    "UAVS": 0.16211766720696447,
    "TGI": 0.15890654958581546,
    "SIF": 0.1567352358598236,
    "CVU": 0.156402495204935,
    "KAMN": 0.15639256854252953,
    "MNDP": 0.1549304330372766,
    "CODA": 0.15430218279841926,
    "AVPFF": 0.15288318473191606,
    "ISSC": 0.1521046881497691,
    "DSUS": 0.1511598216585079,
    "AIRI": 0.14978823404316274,
    "HXL": 0.14905887718333952,
    "OPXS": 0.14804732072128174,
    "BDRAF": 0.145401656952511,
    "BDRBF": 0.145401656952511,
    "DUAVF": 0.1439996491560236,
    "DFLYF": 0.14056519499541434,
    "RADA": 0.13959533199012203,
    "BRSI": 0.13867436115762144,
    "SPR": 0.13864275217247268,
    "NEIK": 0.13652431118869685,
    "CMGMY": 0.13409309368818817,
    "SPCE": 0.1331826518266627,
    "EH": 0.13178190633618586,
    "SGGKF": 0.12951545580813056,
    "SGGKY": 0.12951545580813056,
    "NPK": 0.12757742458872606,
    "UMAV": 0.12685249198658374,
    "RGR": 0.1259700222339039,
    "AERG": 0.1236309680602218,
    "FLYLF": 0.11660883506366039,
    "TIPGF": 0.11654492330517997,
    "STYS": 0.11383934366377978,
    "AAZZF": 0.11374735993904421,
    "AXON": 0.11061117729843002,
    "IVAC": 0.10942086306814845,
    "DLRWF": 0.10397811661737778,
    "PKE": 0.10335487980681153,
    "SDSS": 0.10253419374100979,
    "NEXD": 0.1018127455453568,
    "LLLI": 0.10166606353367576,
    "TIKK": 0.10097971635827553,
    "FTGFF": 0.10048571118909141,
    "IPTK": 0.10007009315671006,
    "RDEGF": 0.09967231149998013,
    "ASTC": 0.09734716646477677,
    "POWW": 0.09630091144621929,
    "PMEA": 0.09544372039701907,
    "SNAVF": 0.09413155115009122,
    "XERI": 0.09203465727287627,
    "OPST": 0.0912305772900682,
    "HWKE": 0.09042884556360772,
    "TURA": 0.09011283389070149,
    "DEWY": 0.08834114420253472,
    "BYRND": 0.08799357853278567,
    "APLD": 0.0861108041350798,
    "SWBI": 0.08607943610020974,
    "KWEMF": 0.08357965454422443,
    "VTSI": 0.0740678041132281,
    "QCKSF": 0.07404162959878371,
    "USDR": 0.07360627162241669,
    "LNGT": 0.07125887402134194,
    "FLY": 0.06889040987985263,
    "ASDN": 0.06589928312534847,
    "AKRRF": 0.06575798344585003,
    "MDEX": 0.06454683280757606,
    "SAFS": 0.05267329114187402
}