{
    "POWW": 1.0,
    "ATRO": 0.1832787224879575,
    "ATROB": 0.1832787224879575,
    "MEGGF": 0.18193016153736463,
    "MEGGY": 0.18193016153736463,
    "AIR": 0.18064545963517326,
    "MOG-A": 0.174610806398746,
    "MOG-B": 0.174610806398746,
    "DCO": 0.17253110471464317,
    "ADFS": 0.16876447977625966,
    "SAABF": 0.1685088549803165,
    "SAABY": 0.1685088549803165,
    "STYS": 0.16579591481291112,
    "FINMF": 0.16517386360720604,
    "FINMY": 0.16517386360720604,
    "RGR": 0.15642009616616467,
    "THLEF": 0.15567189604197562,
    "WWD": 0.15274095861948672,
    "SAFRF": 0.1519133981592052,
    "SAFRY": 0.1519133981592052,
    "BA": 0.15114348525678634,
    "MSNVF": 0.14975459130961818,
    "LLLI": 0.14803717415532372,
    "AJRD": 0.147401570567711,
    "RTX": 0.14726428434884087,
    "HERXF": 0.1470002393942787,
    "HEI-A": 0.14667447767386352,
    "HEI": 0.14667447767386352,
    "TXT": 0.14600308419084282,
    "ETCC": 0.14453318238446938,
    "QNTQF": 0.14241739490519237,
    "QNTQY": 0.14241739490519237,
    "ESLT": 0.1419901283887327,
    "BANT": 0.13806459303184954,
    "BAESF": 0.1370866353653414,
    "BAESY": 0.1370866353653414,
    "DSUS": 0.1363943134811772,
    "HXL": 0.13591352457666026,
    "NPK": 0.1358628841913962,
    "LMT": 0.1357402873247023,
    "SDSS": 0.1351639173165105,
    "RYCEF": 0.13452001389841473,
    "RYCEY": 0.13452001389841473,
    "MRCY": 0.13386004434180618,
    "CODA": 0.13261163898753348,
    "UAVS": 0.13243632168133118,
    "AVAV": 0.13236476204742237,
    "NSKFF": 0.13204943159383137,
    "AERG": 0.13190061312267284,
    "LHX": 0.1312924652138634,
    "AUTLF": 0.12991393444586882,
    "VSEC": 0.1298460332202122,
    "UEHPY": 0.1292164620569213,
    "SWBI": 0.1290699207143359,
    "BDRAF": 0.12766422351612347,
    "BDRBF": 0.12766422351612347,
    "NOC": 0.1274079193649445,
    "MALJF": 0.12687876898958023,
    "KAMN": 0.12679783309848652,
    "IVAC": 0.12677617644311723,
    "ISSC": 0.12615475200802506,
    "YSHLF": 0.12410619001691911,
    "CUB": 0.12358690591847432,
    "TATT": 0.12348975343443241,
    "TDG": 0.12339543548377327,
    "ERJ": 0.12220657838344445,
    "BUKS": 0.12092024776915733,
    "OPXS": 0.12045321661422449,
    "CAE": 0.11928418183415897,
    "VTSI": 0.11856298053238595,
    "BRSI": 0.116442738731518,
    "AAIIQ": 0.11600549896757026,
    "SIF": 0.11480584003523736,
    "SMBMF": 0.11438482675785136,
    "SMBMY": 0.11438482675785136,
    "PKE": 0.11436045427988206,
    "FLYLF": 0.11379586715625106,
    "BYRND": 0.11134739866288715,
    "EADSF": 0.11097358557538353,
    "EADSY": 0.11097358557538353,
    "CVU": 0.10885531031936194,
    "SPCE": 0.10777620408866553,
    "AIRI": 0.10701989180117437,
    "AXON": 0.10619623122860533,
    "AAZZF": 0.1060697232642192,
    "VEC": 0.10588317323829768,
    "TIKK": 0.10580853958795362,
    "DUAVF": 0.10485042378124061,
    "KTOS": 0.10357951455375171,
    "SAFS": 0.1030408984725927,
    "DFLYF": 0.10255052600579324,
    "PSSR": 0.10208701422477896,
    "MNDP": 0.10140237503373396,
    "APLD": 0.10126183795689911,
    "BWXT": 0.10118665941126351,
    "SPR": 0.10099141233704637,
    "UITA": 0.10068475848681947,
    "NEIK": 0.1001609397075796,
    "TGI": 0.0986253397214579,
    "AVPFF": 0.09784700940139746,
    "SGGKF": 0.09772846754683516,
    "SGGKY": 0.09772846754683516,
    "CMGMY": 0.0973330503817934,
    "OPST": 0.0965902839918583,
    "ASTC": 0.0965223171818655,
    "HII": 0.09630091144621929,
    "IPTK": 0.09565010095306252,
    "RDEGF": 0.09563786577864627,
    "UMAV": 0.09405830638459524,
    "RADA": 0.0919098364588041,
    "HWKE": 0.0910263319123242,
    "EH": 0.09038441663115435,
    "NEXD": 0.08768817589002216,
    "TIPGF": 0.0867900723651824,
    "USDR": 0.08481912079530211,
    "TURA": 0.08478427891073687,
    "SNAVF": 0.083486609516908,
    "KWEMF": 0.08306104305860162,
    "FTGFF": 0.08114061174691795,
    "PMEA": 0.07603690308293751,
    "XERI": 0.07517274310802015,
    "DLRWF": 0.07513591168528182,
    "MDEX": 0.07361426147355407,
    "QCKSF": 0.07111566944785325,
    "DEWY": 0.07084755600879805,
    "LNGT": 0.07080756139616858,
    "ASDN": 0.06418133139523084,
    "MIESF": 0.05900707112138889,
    "AKRRF": 0.0538204233019154,
    "FLY": 0.050380717445233585
}