{
    "RADA": 1.0000000000000002,
    "ESLT": 0.31551737945210884,
    "FINMF": 0.31247555141482264,
    "FINMY": 0.31247555141482264,
    "THLEF": 0.29615918007179626,
    "LMT": 0.2920840863940446,
    "NOC": 0.275073986698432,
    "SAABF": 0.2665267261130672,
    "SAABY": 0.2665267261130672,
    "BAESF": 0.2637831504143281,
    "BAESY": 0.2637831504143281,
    "LHX": 0.2593544157451843,
    "SAFRF": 0.2531032734654842,
    "SAFRY": 0.2531032734654842,
    "BA": 0.24929100288913347,
    "ATRO": 0.23822426536339006,
    "ATROB": 0.23822426536339006,
    "UEHPY": 0.23799012349059392,
    "RTX": 0.2361623377273559,
    "TATT": 0.23131176632791184,
    "ISSC": 0.22721608315709407,
    "MOG-A": 0.21287112308195724,
    "MOG-B": 0.21287112308195724,
    "MEGGF": 0.21115559448267096,
    "MEGGY": 0.21115559448267096,
    "TXT": 0.20834817571025088,
    "SMBMF": 0.20825219294656383,
    "SMBMY": 0.20825219294656383,
    "HEI-A": 0.20216887666443661,
    "HEI": 0.20216887666443661,
    "QNTQF": 0.20036454231859155,
    "QNTQY": 0.20036454231859155,
    "MRCY": 0.19892823912056534,
    "DCO": 0.19807656095897172,
    "NSKFF": 0.19673668612626347,
    "AIRI": 0.1943422810795192,
    "ASDN": 0.1918164350705483,
    "SGGKF": 0.1886748055308912,
    "SGGKY": 0.1886748055308912,
    "AIR": 0.187779368326532,
    "FLYLF": 0.18583647167981474,
    "CAE": 0.1852468713138163,
    "SNAVF": 0.1841927436841795,
    "DFLYF": 0.1783289163119163,
    "AJRD": 0.17711711698756027,
    "WWD": 0.16917185075305127,
    "BUKS": 0.16833990344110727,
    "CUB": 0.1680098394985591,
    "TDG": 0.16779413910960708,
    "CODA": 0.16631682923801097,
    "VEC": 0.1657586484261086,
    "OPXS": 0.1655655779068977,
    "DUAVF": 0.16441053622892812,
    "ETCC": 0.16118305003454692,
    "TGI": 0.16096872410057803,
    "VSEC": 0.1604527706851587,
    "KTOS": 0.15812385889478317,
    "ERJ": 0.15774177962127503,
    "UAVS": 0.15655368571501788,
    "HERXF": 0.1555126590561089,
    "MALJF": 0.15470213579016595,
    "AAIIQ": 0.15469434679605748,
    "BRSI": 0.15334756199549093,
    "AVAV": 0.1515581905483176,
    "EADSF": 0.1510337318320982,
    "EADSY": 0.1510337318320982,
    "AUTLF": 0.15014864213381787,
    "RYCEF": 0.1487314260473405,
    "RYCEY": 0.1487314260473405,
    "IVAC": 0.14858588236706308,
    "KAMN": 0.1419408441552848,
    "ADFS": 0.14192825018632518,
    "MSNVF": 0.1410955017301082,
    "BANT": 0.14072344982447543,
    "HII": 0.13959533199012203,
    "TURA": 0.13955707043184531,
    "HXL": 0.13834821302826555,
    "MNDP": 0.1381585525920357,
    "PSSR": 0.13550763221019232,
    "SIF": 0.1333892514270615,
    "CMGMY": 0.1309487462995579,
    "AERG": 0.13084624836247027,
    "TIKK": 0.1297860551468815,
    "CVU": 0.12817503436564465,
    "EH": 0.12781495915297025,
    "YSHLF": 0.12770260180496323,
    "KWEMF": 0.1266711315922435,
    "NPK": 0.12438510649803128,
    "SPR": 0.12171291037994864,
    "MIESF": 0.12110680597520818,
    "UITA": 0.12030837268407654,
    "SDSS": 0.12012691083142871,
    "PKE": 0.12005688562301571,
    "BDRAF": 0.12003556922400181,
    "BDRBF": 0.12003556922400181,
    "AXON": 0.11802321474338068,
    "AVPFF": 0.11560871265010712,
    "DLRWF": 0.11451295351011355,
    "STYS": 0.11345388117154101,
    "DSUS": 0.11189910794606418,
    "SPCE": 0.11020806089955221,
    "BWXT": 0.10513106561364448,
    "AAZZF": 0.10496476432033006,
    "UMAV": 0.10352020052546561,
    "LLLI": 0.10041689475957993,
    "FTGFF": 0.09903448056810576,
    "OPST": 0.09761701908244706,
    "POWW": 0.0919098364588041,
    "RGR": 0.08972271146412356,
    "DEWY": 0.08868885426460749,
    "USDR": 0.0880893074106001,
    "NEXD": 0.08646799385436035,
    "NEIK": 0.08629171256025871,
    "APLD": 0.08542685784162288,
    "ASTC": 0.08319029441315574,
    "QCKSF": 0.08093002700952744,
    "SWBI": 0.07410362880091684,
    "RDEGF": 0.07335350220592969,
    "XERI": 0.0720062784385059,
    "PMEA": 0.07189558619314224,
    "IPTK": 0.07018628740787489,
    "FLY": 0.07002645781360604,
    "BYRND": 0.06999984219397552,
    "LNGT": 0.06902845279260968,
    "TIPGF": 0.06861932256165339,
    "VTSI": 0.06251380350532339,
    "HWKE": 0.060854021671058724,
    "MDEX": 0.04824558746499093,
    "SAFS": 0.041357478270115614,
    "AKRRF": 0.03501649148340033
}