{
    "VTSI": 1.0,
    "CAE": 0.20700447529349045,
    "ETCC": 0.19125224870211827,
    "RTX": 0.16619027426616378,
    "THLEF": 0.16512823946212235,
    "ATRO": 0.1642248069447121,
    "ATROB": 0.1642248069447121,
    "TXT": 0.16381814300214298,
    "RGR": 0.1596366209809371,
    "BANT": 0.15429946622160554,
    "SAABF": 0.1507216796895879,
    "SAABY": 0.1507216796895879,
    "MEGGF": 0.1498881014192794,
    "MEGGY": 0.1498881014192794,
    "DFLYF": 0.14888924152522084,
    "WWD": 0.14180533973364964,
    "BA": 0.1411100728612703,
    "LMT": 0.13907371852538383,
    "AIR": 0.13748296309999383,
    "AXON": 0.13735312940092262,
    "QNTQF": 0.1371281959659853,
    "QNTQY": 0.1371281959659853,
    "SAFRF": 0.13639487476124,
    "SAFRY": 0.13639487476124,
    "FINMF": 0.1362660830067019,
    "FINMY": 0.1362660830067019,
    "DSUS": 0.13489832624312084,
    "MOG-A": 0.13363092612419794,
    "MOG-B": 0.13363092612419794,
    "LHX": 0.13024995792922378,
    "ESLT": 0.12798272858756554,
    "STYS": 0.12674859217033693,
    "MRCY": 0.12561643181400634,
    "UEHPY": 0.1234411846477394,
    "ISSC": 0.12227475232379377,
    "MSNVF": 0.12070157283539983,
    "AUTLF": 0.12039233144183618,
    "POWW": 0.11856298053238595,
    "LLLI": 0.11811035223597738,
    "NOC": 0.11806580516626708,
    "ADFS": 0.11705239470829967,
    "AVAV": 0.11605010116480906,
    "HEI-A": 0.11588618333891568,
    "HEI": 0.11588618333891568,
    "AJRD": 0.1151227140478729,
    "BUKS": 0.11507270911646049,
    "DCO": 0.113665635971039,
    "CODA": 0.11360518660941077,
    "BAESF": 0.11338641994558815,
    "BAESY": 0.11338641994558815,
    "TDG": 0.1120257398188393,
    "APLD": 0.11155157698215316,
    "CUB": 0.10953196552716393,
    "SDSS": 0.10923905026985752,
    "VSEC": 0.10912545289378979,
    "MALJF": 0.1084217887920881,
    "KTOS": 0.1077207552197141,
    "FLYLF": 0.10726843567438502,
    "BDRAF": 0.10566095021577138,
    "BDRBF": 0.10566095021577138,
    "TGI": 0.10420058513382241,
    "NPK": 0.10374707079343874,
    "MNDP": 0.10330104799678384,
    "UAVS": 0.10329544503932199,
    "SWBI": 0.10328908512819264,
    "SNAVF": 0.10322486244502352,
    "HERXF": 0.10196099891595826,
    "DUAVF": 0.10164025501497541,
    "AAIIQ": 0.1010225405175749,
    "HXL": 0.10096823288093956,
    "NSKFF": 0.10031120797901033,
    "EADSF": 0.09866777116220726,
    "EADSY": 0.09866777116220726,
    "TATT": 0.09838787132502806,
    "KAMN": 0.09710528858142863,
    "TIKK": 0.09534620491082624,
    "SMBMF": 0.09518019196367952,
    "SMBMY": 0.09518019196367952,
    "VEC": 0.09444703565606015,
    "PSSR": 0.09302238634886,
    "CVU": 0.09294723176012624,
    "TURA": 0.09244230475611215,
    "RYCEF": 0.09177269428161904,
    "RYCEY": 0.09177269428161904,
    "OPXS": 0.0917233389506454,
    "IVAC": 0.09170969311284766,
    "ERJ": 0.09022233397774067,
    "NEIK": 0.09010973201831626,
    "NEXD": 0.08969969217621379,
    "YSHLF": 0.08955769161917355,
    "USDR": 0.08954490665996977,
    "BRSI": 0.08857743985075131,
    "SIF": 0.08764507282117015,
    "SPR": 0.08716503068840574,
    "UITA": 0.08670508815315935,
    "ASTC": 0.08608069027010162,
    "AERG": 0.08515602269659667,
    "IPTK": 0.08206820989366863,
    "AIRI": 0.08201324931130848,
    "PKE": 0.08117076617842614,
    "MDEX": 0.08106836394368266,
    "UMAV": 0.07825852775744177,
    "SGGKF": 0.07768154577062183,
    "SGGKY": 0.07768154577062183,
    "KWEMF": 0.07682540128473238,
    "BWXT": 0.07664671737400257,
    "OPST": 0.07556241736583368,
    "AAZZF": 0.07490111963476674,
    "HII": 0.0740678041132281,
    "CMGMY": 0.07339926292073558,
    "HWKE": 0.07298648122051611,
    "BYRND": 0.06911474463959269,
    "EH": 0.06822037438573278,
    "FTGFF": 0.06763944625570034,
    "SPCE": 0.06762968336116533,
    "TIPGF": 0.06717616503348763,
    "AVPFF": 0.06651728239586403,
    "RDEGF": 0.0649779128601354,
    "RADA": 0.06251380350532339,
    "MIESF": 0.06091725729110584,
    "LNGT": 0.06064871013098498,
    "DEWY": 0.06056765412693983,
    "SAFS": 0.05725276923549321,
    "XERI": 0.05634609880447922,
    "DLRWF": 0.05336583846844673,
    "ASDN": 0.05333748802257887,
    "PMEA": 0.04902853051160431,
    "AKRRF": 0.044512988958216065,
    "QCKSF": 0.039891017770735504,
    "FLY": 0.03875845332861082
}