{
    "WWD": 1.0000000000000002,
    "SAFRF": 0.4594104760365017,
    "SAFRY": 0.4594104760365017,
    "MOG-A": 0.44183619353059,
    "MOG-B": 0.44183619353059,
    "TDG": 0.440884109038615,
    "ATRO": 0.4374247820430079,
    "ATROB": 0.4374247820430079,
    "AIR": 0.4361271565637852,
    "RYCEF": 0.43023818722855056,
    "RYCEY": 0.43023818722855056,
    "RTX": 0.42628220770560266,
    "MEGGF": 0.4188661716620087,
    "MEGGY": 0.4188661716620087,
    "TXT": 0.41531993013264984,
    "DCO": 0.3876849049079722,
    "NOC": 0.3855456677427597,
    "BA": 0.3786294234995354,
    "ETCC": 0.37656935051102775,
    "LMT": 0.363850286290239,
    "HEI-A": 0.36370327792418333,
    "HEI": 0.36370327792418333,
    "VSEC": 0.3633476243552633,
    "SAABF": 0.36100771526574205,
    "SAABY": 0.36100771526574205,
    "BAESF": 0.35988364638148146,
    "BAESY": 0.35988364638148146,
    "LHX": 0.3580976857556455,
    "FINMF": 0.35348585358086837,
    "FINMY": 0.35348585358086837,
    "TGI": 0.3458238803303596,
    "BUKS": 0.341385771640018,
    "HXL": 0.34035384469735047,
    "MALJF": 0.33744240834983147,
    "THLEF": 0.33743612270073164,
    "SPR": 0.3348690108078087,
    "QNTQF": 0.3297632008391763,
    "QNTQY": 0.3297632008391763,
    "NSKFF": 0.3197906979886162,
    "TATT": 0.3140245091138202,
    "UEHPY": 0.3103349126599842,
    "AJRD": 0.29361036474174174,
    "SIF": 0.29137412209855384,
    "HERXF": 0.29059983015097307,
    "AIRI": 0.28841477808848437,
    "VEC": 0.28539785331777856,
    "MRCY": 0.28198133689044624,
    "ISSC": 0.2818766470011683,
    "AAIIQ": 0.28062376611654627,
    "ESLT": 0.27747322163922516,
    "AVAV": 0.2679284225518773,
    "BDRAF": 0.26703815921941654,
    "BDRBF": 0.26703815921941654,
    "UITA": 0.26433213884454015,
    "EADSF": 0.26355426115683733,
    "EADSY": 0.26355426115683733,
    "ERJ": 0.26272056572019387,
    "DFLYF": 0.2609578727076353,
    "SMBMF": 0.25495034899605323,
    "SMBMY": 0.25495034899605323,
    "KAMN": 0.2545544905299265,
    "BWXT": 0.252872728090486,
    "BANT": 0.2520421933145102,
    "AUTLF": 0.24929772330429656,
    "NPK": 0.24807055060411343,
    "OPXS": 0.24426587990445647,
    "CVU": 0.24213518168957374,
    "AVPFF": 0.24160339750697157,
    "CMGMY": 0.24053023281222838,
    "CAE": 0.23449487229918978,
    "ADFS": 0.2341182405256217,
    "UAVS": 0.2331474479960526,
    "BRSI": 0.2325815596956445,
    "CUB": 0.2319492616245119,
    "CODA": 0.2284847242255051,
    "DUAVF": 0.22472694036296242,
    "RGR": 0.2235559358588381,
    "KTOS": 0.21313557803217012,
    "AERG": 0.211222790292714,
    "YSHLF": 0.20979110802951279,
    "HII": 0.19848732619473508,
    "PKE": 0.19439727732788928,
    "TIKK": 0.19373892464037756,
    "DSUS": 0.1937314061903271,
    "PSSR": 0.19234110987462422,
    "IVAC": 0.1896091948452656,
    "MSNVF": 0.18886321567116465,
    "DEWY": 0.18886273606275464,
    "APLD": 0.18590669043471877,
    "MIESF": 0.18098499590326364,
    "AXON": 0.17891078528920562,
    "UMAV": 0.17835030078459033,
    "FLYLF": 0.17581941441117943,
    "AAZZF": 0.17542301426216625,
    "STYS": 0.17498610816614252,
    "SDSS": 0.17143350021311685,
    "MNDP": 0.16999422890325644,
    "OPST": 0.16990500092421568,
    "RADA": 0.16917185075305127,
    "EH": 0.16588729778280156,
    "SNAVF": 0.16437462140762107,
    "HWKE": 0.16140480839189963,
    "LLLI": 0.15985921247328763,
    "SPCE": 0.1589009423212859,
    "DLRWF": 0.15838975013900372,
    "TIPGF": 0.15808072861760616,
    "ASTC": 0.15645780502095485,
    "SGGKF": 0.15635936011810275,
    "SGGKY": 0.15635936011810275,
    "SWBI": 0.15592790785603594,
    "POWW": 0.15274095861948672,
    "TURA": 0.14439620472315604,
    "FTGFF": 0.14221654113953178,
    "VTSI": 0.14180533973364964,
    "FLY": 0.13383590963644829,
    "XERI": 0.1321131407330145,
    "IPTK": 0.1320784612349791,
    "RDEGF": 0.12493075030250145,
    "LNGT": 0.12375249228092093,
    "NEIK": 0.12318933855757191,
    "NEXD": 0.12002831592706692,
    "KWEMF": 0.11813135440874231,
    "ASDN": 0.11741516176790472,
    "BYRND": 0.11404045362708247,
    "USDR": 0.11397307539701995,
    "QCKSF": 0.11022903489654078,
    "PMEA": 0.08945100735139631,
    "MDEX": 0.08851019045961345,
    "AKRRF": 0.06984679080431211,
    "SAFS": 0.0695997684690108
}