{
    "AWSL": 1.0000000000000002,
    "MMMW": 0.1861961130890865,
    "GRGR": 0.18438612180834169,
    "NKWFF": 0.1833600958025498,
    "PSPW": 0.16433423215060228,
    "TPII": 0.16106095504219797,
    "VCII": 0.15828862429798077,
    "WGEI": 0.1530413991684359,
    "INGXF": 0.14225432696492468,
    "TNABF": 0.14016419321781648,
    "TNABY": 0.14016419321781648,
    "CLNV": 0.13432944093219545,
    "CWPWF": 0.13403030411152617,
    "PWCO": 0.13125504129093266,
    "PVDG": 0.1308721172571136,
    "MAEOY": 0.12422700511179671,
    "QSPW": 0.12339002595495283,
    "CWEN-A": 0.12066296760274725,
    "CWEN": 0.12066296760274725,
    "RAMPF": 0.12057998240687903,
    "CGEI": 0.11735370828794495,
    "DNNGY": 0.11706315717254082,
    "DOGEF": 0.11706315717254082,
    "CLPXF": 0.11598854601780167,
    "NPIFF": 0.11474949733050031,
    "GSFI": 0.11442931344200766,
    "LGSXY": 0.11402303247934759,
    "TRNF": 0.11382068840253498,
    "FOJCF": 0.11319826064596822,
    "FOJCY": 0.11319826064596822,
    "ORA": 0.1119867691936382,
    "RROYF": 0.11185963047670028,
    "SKPGF": 0.1113874586985922,
    "NEP": 0.10938761053758833,
    "CLPXY": 0.10802183079142444,
    "TREAF": 0.10606793952327126,
    "BEPC": 0.10582016950974121,
    "WNDW": 0.10529181141904463,
    "FEWP": 0.10401656373479767,
    "CZAVF": 0.1037024130844082,
    "VLTAF": 0.10354487404744153,
    "TRSWF": 0.10337754438333481,
    "BRLXF": 0.10287668664207487,
    "VIHD": 0.10196589161796588,
    "OEZVF": 0.10115631077024716,
    "OEZVY": 0.10115631077024716,
    "TKECF": 0.10097859062324684,
    "TKECY": 0.10097859062324684,
    "ETRXF": 0.10010742245030874,
    "NCEN": 0.09864466247340363,
    "GEBRF": 0.09469941618245692,
    "AGLNF": 0.09404903350570416,
    "AGLXY": 0.09404903350570416,
    "GEECF": 0.0914594938453505,
    "KAEPF": 0.09145146795934335,
    "KAEPY": 0.09145146795934335,
    "ENLTF": 0.0904393614071009,
    "CREG": 0.09009709429174376,
    "PRHL": 0.08945035298792986,
    "RSHYY": 0.08709090480107834,
    "VSPC": 0.0869017773770304,
    "RNWR": 0.08637848512828958,
    "FNEC": 0.08486419869571361,
    "AKOWF": 0.08468385474647466,
    "AZRE": 0.08443002154103706,
    "EDRWY": 0.08425019349189379,
    "EPWDF": 0.08425019349189379,
    "ADN": 0.0800130030429545,
    "WWPW": 0.0764634163016731,
    "IRCC": 0.07598419225583954,
    "PUPOF": 0.07586929395611233,
    "NRTHF": 0.07462663804019404,
    "SMTLF": 0.07283622952677217,
    "VGREF": 0.07049046409826808,
    "EDRVF": 0.07021534711015798,
    "AQN": 0.06926244213002572,
    "GESI": 0.06704881360244384,
    "VVIVF": 0.06693486974027371,
    "CPWR": 0.0660494068711426,
    "ELLO": 0.06582770736448072,
    "BEP-PA": 0.06493198482092001,
    "BEP": 0.06493198482092001,
    "ATRWF": 0.06489727831686694,
    "ZHYLF": 0.05946869313758393,
    "AY": 0.056996406172901956,
    "FSGCY": 0.056850158260295644,
    "ARSC": 0.05680641341107029,
    "CWGYF": 0.05547082000407574,
    "HTOO": 0.04833951032588258,
    "MNELF": 0.03971786517389998
}