{
    "GEECF": 1.0000000000000002,
    "CREG": 0.27726326549477254,
    "PWCO": 0.25126841521208415,
    "TREAF": 0.22748000719577213,
    "EDRWY": 0.20989915806339493,
    "EPWDF": 0.20989915806339493,
    "LGSXY": 0.20670090878830538,
    "TNABF": 0.20161229639192993,
    "TNABY": 0.20161229639192993,
    "VIHD": 0.2006628107884012,
    "FOJCF": 0.20007863674593443,
    "FOJCY": 0.20007863674593443,
    "CWPWF": 0.19827528224617633,
    "CZAVF": 0.1965657881252653,
    "QSPW": 0.1936036306566986,
    "RNWR": 0.1905011952813616,
    "MAEOY": 0.18027077310359702,
    "ADN": 0.17837993589574117,
    "AZRE": 0.17644187085254787,
    "FEWP": 0.17585829857161606,
    "VLTAF": 0.17336775338456215,
    "ENLTF": 0.17139412257838255,
    "TRNF": 0.17028671473891246,
    "NPIFF": 0.16908327081954433,
    "ORA": 0.16896357573910026,
    "TPII": 0.16303019667164825,
    "CWEN-A": 0.1620395180088595,
    "CWEN": 0.1620395180088595,
    "NRTHF": 0.16140806010306455,
    "VVIVF": 0.15949968175526727,
    "AGLNF": 0.15514174672789996,
    "AGLXY": 0.15514174672789996,
    "SKPGF": 0.15243564451433467,
    "GESI": 0.15198732068377785,
    "GEBRF": 0.15045772926617337,
    "SMTLF": 0.14910017836034528,
    "CPWR": 0.14757198764910023,
    "DNNGY": 0.14688894767589616,
    "DOGEF": 0.14688894767589616,
    "NCEN": 0.1454809643368502,
    "RAMPF": 0.14450628896519002,
    "OEZVF": 0.14433756999136826,
    "OEZVY": 0.14433756999136826,
    "RSHYY": 0.14144812984312932,
    "PSPW": 0.14023973127962466,
    "IRCC": 0.13783807151682706,
    "CLPXF": 0.13772010415234337,
    "TKECF": 0.13768591098587052,
    "TKECY": 0.13768591098587052,
    "INGXF": 0.1371933812981495,
    "ATRWF": 0.13617336165591828,
    "MMMW": 0.1358478040075502,
    "NKWFF": 0.13446581066840052,
    "WNDW": 0.13396100185891074,
    "GRGR": 0.1329951815845501,
    "RROYF": 0.12992767253290735,
    "CLNV": 0.12903500771020013,
    "AQN": 0.12753781968961014,
    "CWGYF": 0.12454416711895944,
    "VSPC": 0.12367648564422898,
    "ETRXF": 0.12361253990878265,
    "ELLO": 0.1229790051104628,
    "FNEC": 0.12004794920539763,
    "PRHL": 0.11960098223202714,
    "CLPXY": 0.1185489308271792,
    "ZHYLF": 0.11779889213729539,
    "FSGCY": 0.11613563711141435,
    "CGEI": 0.11605322158015399,
    "WGEI": 0.11428667802290135,
    "KAEPF": 0.11269142623546816,
    "KAEPY": 0.11269142623546816,
    "PUPOF": 0.11229282012523215,
    "TRSWF": 0.11129673847092379,
    "PVDG": 0.11027287762207948,
    "BRLXF": 0.10963236145903221,
    "BEPC": 0.10731705373436728,
    "VGREF": 0.10696067083442731,
    "WWPW": 0.1055661178543542,
    "ARSC": 0.10511971546461879,
    "EDRVF": 0.10440829272650508,
    "AY": 0.10114997432643598,
    "AKOWF": 0.09681499552691512,
    "BEP-PA": 0.09169281398107054,
    "BEP": 0.09169281398107054,
    "AWSL": 0.0914594938453505,
    "HTOO": 0.09139541602028142,
    "NEP": 0.08447800306810924,
    "VCII": 0.07926167694182543,
    "GSFI": 0.0725001359521649,
    "MNELF": 0.06817387347355243
}