{
    "MNELF": 1.0000000000000002,
    "AGLNF": 0.15531761754792228,
    "AGLXY": 0.15531761754792228,
    "SMTLF": 0.1454634863809498,
    "GRGR": 0.1347058889852956,
    "CWGYF": 0.13182571423957606,
    "CLPXY": 0.12350827203440573,
    "CWPWF": 0.11810438099934521,
    "CLPXF": 0.10666074661458927,
    "AZRE": 0.09381498335667296,
    "GEBRF": 0.0935287711632213,
    "CZAVF": 0.09196108827859585,
    "TKECF": 0.08985283143091186,
    "TKECY": 0.08985283143091186,
    "ENLTF": 0.08922874491585787,
    "NPIFF": 0.08594272240573088,
    "TRSWF": 0.08203697799248733,
    "GSFI": 0.08175925246963389,
    "FOJCF": 0.08134524384827596,
    "FOJCY": 0.08134524384827596,
    "LGSXY": 0.08008770813881017,
    "HTOO": 0.07880351166439196,
    "TNABF": 0.07762014345222028,
    "TNABY": 0.07762014345222028,
    "ELLO": 0.07761768840081172,
    "TPII": 0.07508647065347869,
    "DNNGY": 0.07462355470980897,
    "DOGEF": 0.07462355470980897,
    "RSHYY": 0.07236425127841485,
    "CREG": 0.07190061404137671,
    "RAMPF": 0.07157511035849451,
    "QSPW": 0.07151939168298695,
    "TREAF": 0.07079846700744628,
    "VLTAF": 0.07069308391529949,
    "BEPC": 0.06841141726008032,
    "GEECF": 0.06817387347355243,
    "WWPW": 0.06776198694817713,
    "MAEOY": 0.06694769692259096,
    "PSPW": 0.06688072664177099,
    "NKWFF": 0.06591747924634683,
    "ETRXF": 0.06452540569125076,
    "EDRVF": 0.06367301405441675,
    "OEZVF": 0.06279478339716307,
    "OEZVY": 0.06279478339716307,
    "KAEPF": 0.0626292240876027,
    "KAEPY": 0.0626292240876027,
    "RNWR": 0.06233539225952095,
    "WGEI": 0.060157408550590895,
    "CWEN-A": 0.05986775328269897,
    "CWEN": 0.05986775328269897,
    "BEP-PA": 0.05905599366842145,
    "BEP": 0.05905599366842145,
    "AKOWF": 0.058536596719950776,
    "NCEN": 0.05798185266316624,
    "FSGCY": 0.057697301664350255,
    "ZHYLF": 0.056934519545837094,
    "ORA": 0.0568862248969284,
    "PRHL": 0.05570344982910955,
    "PWCO": 0.05560390616228143,
    "VSPC": 0.05506849067234871,
    "AQN": 0.05439592060431981,
    "PUPOF": 0.05436873834393109,
    "VIHD": 0.05406866623503471,
    "NEP": 0.05356437894271267,
    "VGREF": 0.053214424563662974,
    "PVDG": 0.051971047369577965,
    "INGXF": 0.05106623116222993,
    "EDRWY": 0.05091773926259527,
    "EPWDF": 0.05091773926259527,
    "ATRWF": 0.05075995643278755,
    "MMMW": 0.049184120127146305,
    "IRCC": 0.04910097845297386,
    "VCII": 0.04906591140398463,
    "FEWP": 0.04868335091404837,
    "CPWR": 0.047423487452488367,
    "TRNF": 0.046976197046944786,
    "BRLXF": 0.045833963856055704,
    "ADN": 0.04528606046214613,
    "CGEI": 0.04459064690651441,
    "RROYF": 0.043827512833513445,
    "AY": 0.042076886708995516,
    "FNEC": 0.04170732127097905,
    "SKPGF": 0.0412169721244139,
    "NRTHF": 0.0404620061160619,
    "WNDW": 0.040425707954786255,
    "AWSL": 0.03971786517389998,
    "VVIVF": 0.037212722752540804,
    "GESI": 0.033524213043497626,
    "CLNV": 0.025869931985270638,
    "ARSC": 0.025064566691328595
}