{
    "NCEN": 1.0,
    "CWPWF": 0.22775171695946936,
    "CLPXY": 0.20986011967629997,
    "ENLTF": 0.2095067169389081,
    "EDRWY": 0.20904407231737615,
    "EPWDF": 0.20904407231737615,
    "LGSXY": 0.2047512262893513,
    "ETRXF": 0.2033005671905901,
    "CLPXF": 0.20330028858794108,
    "RSHYY": 0.1957439694602956,
    "TREAF": 0.19470675688272507,
    "FEWP": 0.19332897289925982,
    "INGXF": 0.1917073900705339,
    "BEPC": 0.19120517859169422,
    "RNWR": 0.18862150784500353,
    "CWEN-A": 0.18236700924593796,
    "CWEN": 0.18236700924593796,
    "FNEC": 0.18080385007117317,
    "NKWFF": 0.1770249302042061,
    "PRHL": 0.174532405120811,
    "FOJCF": 0.1734183885492758,
    "FOJCY": 0.1734183885492758,
    "AZRE": 0.17204432184897667,
    "WGEI": 0.1717989878059739,
    "VIHD": 0.169728251720511,
    "AQN": 0.16545966933581632,
    "TRSWF": 0.16491679155659833,
    "CPWR": 0.1631451643190666,
    "TPII": 0.16243053880062258,
    "TNABF": 0.16053635484014045,
    "TNABY": 0.16053635484014045,
    "FSGCY": 0.1605342664366624,
    "RAMPF": 0.16045888976810718,
    "PWCO": 0.16019521236026246,
    "OEZVF": 0.15954876562232817,
    "OEZVY": 0.15954876562232817,
    "CZAVF": 0.15952495721415705,
    "BRLXF": 0.15757963802649025,
    "TKECF": 0.15584854443813131,
    "TKECY": 0.15584854443813131,
    "MAEOY": 0.15261268494229788,
    "ELLO": 0.15120550689753295,
    "GEBRF": 0.14996561865550695,
    "CREG": 0.14730519143944132,
    "PUPOF": 0.14694268084735115,
    "GEECF": 0.1454809643368502,
    "DNNGY": 0.14364221081815984,
    "DOGEF": 0.14364221081815984,
    "RROYF": 0.1425714299814438,
    "WWPW": 0.14211042989455944,
    "NPIFF": 0.13918402094211926,
    "PSPW": 0.13893589425643033,
    "AKOWF": 0.138267995908174,
    "AGLNF": 0.13604938425369392,
    "AGLXY": 0.13604938425369392,
    "ORA": 0.13590400385729337,
    "ATRWF": 0.13359804272031015,
    "ZHYLF": 0.13240938608152525,
    "VLTAF": 0.13067993938883776,
    "QSPW": 0.12931800920514516,
    "TRNF": 0.1264580806422952,
    "MMMW": 0.12179691839603357,
    "ARSC": 0.12104209527247675,
    "WNDW": 0.11734222593629023,
    "EDRVF": 0.11727617625089937,
    "NRTHF": 0.11539293325812508,
    "BEP-PA": 0.11428420377357304,
    "BEP": 0.11428420377357304,
    "SKPGF": 0.1142355494205535,
    "AY": 0.11352418871337618,
    "GRGR": 0.11104379493244856,
    "NEP": 0.10934978588763003,
    "SMTLF": 0.10637787067223439,
    "CGEI": 0.10611314940423389,
    "CWGYF": 0.10561239118825737,
    "ADN": 0.10344550371564135,
    "KAEPF": 0.1007765867063578,
    "KAEPY": 0.1007765867063578,
    "AWSL": 0.09864466247340363,
    "PVDG": 0.08865665969654568,
    "GESI": 0.08621365841536655,
    "IRCC": 0.08529050636181851,
    "VSPC": 0.08255044920213697,
    "VGREF": 0.07158298982102493,
    "VCII": 0.0685439416018507,
    "HTOO": 0.058044367405216526,
    "MNELF": 0.05798185266316624,
    "VVIVF": 0.0517742642266464,
    "CLNV": 0.04990916317600337,
    "GSFI": 0.046819547949151226
}