{
    "TRSWF": 0.9999999999999999,
    "INGXF": 0.33136201162725876,
    "EDRWY": 0.2704813540023028,
    "EPWDF": 0.2704813540023028,
    "LGSXY": 0.2626236665274663,
    "BEPC": 0.25041471740902843,
    "CWPWF": 0.2499692339618713,
    "CWEN-A": 0.24118811966934423,
    "CWEN": 0.24118811966934423,
    "NPIFF": 0.2411028905439877,
    "AGLNF": 0.23436119488084953,
    "AGLXY": 0.23436119488084953,
    "AQN": 0.23256830292470604,
    "TNABF": 0.2221146962766771,
    "TNABY": 0.2221146962766771,
    "CZAVF": 0.21598486296700506,
    "MAEOY": 0.20962187082243103,
    "TPII": 0.20855667201654124,
    "BRLXF": 0.2009564179973668,
    "OEZVF": 0.19655263725116895,
    "OEZVY": 0.19655263725116895,
    "TREAF": 0.18709352441797625,
    "NKWFF": 0.1856374618958131,
    "FOJCF": 0.1821826617622553,
    "FOJCY": 0.1821826617622553,
    "VLTAF": 0.180518258590521,
    "SKPGF": 0.17607494831738854,
    "ZHYLF": 0.1739315137353472,
    "FSGCY": 0.1736822160776794,
    "ORA": 0.1734623570151005,
    "ENLTF": 0.17089410338239802,
    "DNNGY": 0.17081739850108735,
    "DOGEF": 0.17081739850108735,
    "ETRXF": 0.17080289037641652,
    "GEBRF": 0.16577175269835323,
    "RAMPF": 0.16549100042733314,
    "NCEN": 0.16491679155659833,
    "AY": 0.16216002555776565,
    "RNWR": 0.16194487156916607,
    "MMMW": 0.1600437348509497,
    "CLPXF": 0.15695736427213147,
    "NEP": 0.1556051865928027,
    "RROYF": 0.15518243562166611,
    "CLPXY": 0.1529993938220976,
    "TKECF": 0.15238906020951895,
    "TKECY": 0.15238906020951895,
    "RSHYY": 0.15215015699481227,
    "EDRVF": 0.15144233592285677,
    "ELLO": 0.15029771824382504,
    "PUPOF": 0.14706368414449894,
    "AZRE": 0.14703235242831736,
    "SMTLF": 0.1457105938536989,
    "PWCO": 0.14471760573063822,
    "WWPW": 0.14249430611750163,
    "TRNF": 0.14212626162612862,
    "VIHD": 0.14016126577479893,
    "PSPW": 0.13836472086949902,
    "BEP-PA": 0.1356618943703055,
    "BEP": 0.1356618943703055,
    "CREG": 0.1311960845069892,
    "WGEI": 0.1267851982040404,
    "KAEPF": 0.1263730920376276,
    "KAEPY": 0.1263730920376276,
    "AKOWF": 0.1252159947285069,
    "ATRWF": 0.12501327624015043,
    "CPWR": 0.12098223020449415,
    "ADN": 0.12042727893190477,
    "WNDW": 0.11966732382667027,
    "GRGR": 0.11721844961897317,
    "VVIVF": 0.11518561048152753,
    "PVDG": 0.11184418529721911,
    "GEECF": 0.11129673847092379,
    "QSPW": 0.10899300342561316,
    "AWSL": 0.10337754438333481,
    "CGEI": 0.10295299160999918,
    "GESI": 0.09941370319671959,
    "VGREF": 0.09507186049003637,
    "PRHL": 0.09302130026804746,
    "FEWP": 0.0929065858154807,
    "VCII": 0.09191256981917498,
    "VSPC": 0.08966515654771841,
    "NRTHF": 0.08858991283793358,
    "MNELF": 0.08203697799248733,
    "FNEC": 0.07880045553906434,
    "HTOO": 0.07687008835560193,
    "IRCC": 0.07686431735710485,
    "GSFI": 0.0747671614319861,
    "CWGYF": 0.07438555199134878,
    "ARSC": 0.06322201942775103,
    "CLNV": 0.060152375225138825
}