{
    "WGEI": 1.0000000000000002,
    "NKWFF": 0.22896483949952645,
    "PSPW": 0.20326657796720896,
    "TPII": 0.18466592632152412,
    "PWCO": 0.1750964362126135,
    "GRGR": 0.1725906177082817,
    "NCEN": 0.1717989878059739,
    "MMMW": 0.16850946051806354,
    "INGXF": 0.16435689898682776,
    "BRLXF": 0.16408915484917802,
    "CWEN-A": 0.16114252531801088,
    "CWEN": 0.16114252531801088,
    "GEBRF": 0.16046933403104277,
    "QSPW": 0.15538964609657427,
    "VCII": 0.1549700555144014,
    "AWSL": 0.1530413991684359,
    "CWPWF": 0.1486791780382937,
    "DNNGY": 0.14740049589689197,
    "DOGEF": 0.14740049589689197,
    "RNWR": 0.14256431132833972,
    "RAMPF": 0.13860122274715966,
    "OEZVF": 0.13503581336469406,
    "OEZVY": 0.13503581336469406,
    "FNEC": 0.13485896858372823,
    "RROYF": 0.1335862308439737,
    "CPWR": 0.13165948430901936,
    "RSHYY": 0.13156679354704934,
    "ORA": 0.1314789482153153,
    "WNDW": 0.1312840935147701,
    "FOJCF": 0.12841461668131537,
    "FOJCY": 0.12841461668131537,
    "ENLTF": 0.12753141365064402,
    "PVDG": 0.1275030707139017,
    "TRSWF": 0.1267851982040404,
    "TRNF": 0.12522790912480208,
    "FEWP": 0.12520900314749056,
    "TNABF": 0.12480625206952178,
    "TNABY": 0.12480625206952178,
    "PRHL": 0.1247470595596466,
    "BEPC": 0.12279722023002539,
    "AKOWF": 0.1207998033996494,
    "CREG": 0.12048865777611273,
    "ETRXF": 0.11963716648762836,
    "CWGYF": 0.11699847562294391,
    "VIHD": 0.11591861503155255,
    "CZAVF": 0.11573403649543715,
    "GEECF": 0.11428667802290135,
    "TREAF": 0.11417127221211337,
    "CLPXF": 0.11391310718410476,
    "MAEOY": 0.11381928970015504,
    "VSPC": 0.11356438052875129,
    "LGSXY": 0.11311925334968517,
    "TKECF": 0.11135746592881308,
    "TKECY": 0.11135746592881308,
    "CLPXY": 0.10941834611522926,
    "AQN": 0.10913543048197236,
    "CGEI": 0.10885751987667636,
    "AGLNF": 0.10625560179952573,
    "AGLXY": 0.10625560179952573,
    "EDRWY": 0.10607675116057873,
    "EPWDF": 0.10607675116057873,
    "VLTAF": 0.10451362652631178,
    "GSFI": 0.10362387498175257,
    "AZRE": 0.10175987479245735,
    "NPIFF": 0.10038322008776693,
    "AY": 0.10014778558151363,
    "ELLO": 0.09625708529226569,
    "WWPW": 0.09611696782209395,
    "SMTLF": 0.09576630820446085,
    "ATRWF": 0.09521096394552953,
    "NEP": 0.09256618178810845,
    "FSGCY": 0.09225418110736607,
    "SKPGF": 0.09026433979935486,
    "CLNV": 0.0882714748231703,
    "ZHYLF": 0.08782004996218042,
    "ADN": 0.08721597019078065,
    "GESI": 0.0842014360810966,
    "VGREF": 0.0811041141108616,
    "KAEPF": 0.08065639364852421,
    "KAEPY": 0.08065639364852421,
    "VVIVF": 0.07893526461880315,
    "ARSC": 0.07634408610396155,
    "PUPOF": 0.07569179897597003,
    "NRTHF": 0.0752571888143617,
    "EDRVF": 0.07523977168480434,
    "BEP-PA": 0.06749287068799097,
    "BEP": 0.06749287068799097,
    "IRCC": 0.06530465289738713,
    "MNELF": 0.060157408550590895,
    "HTOO": 0.05764453342660483
}