{
    "CLIRF": 1.0,
    "UCLE": 0.19082210630263172,
    "TRMB": 0.17951063646154683,
    "WELX": 0.17351893040297756,
    "TDY": 0.1572493338645812,
    "ITRI": 0.15463333580144528,
    "GWSO": 0.1422173830614266,
    "MIND": 0.1411384460538527,
    "MINDP": 0.1411384460538527,
    "SEPJF": 0.13895423453554007,
    "ST": 0.1355594664635621,
    "MLAB": 0.12795450649100942,
    "ESE": 0.12697224053496298,
    "HXGBF": 0.1268173966120595,
    "HXGBY": 0.1268173966120595,
    "MKSI": 0.1258459385199457,
    "MKTY": 0.12541161092030265,
    "SOTK": 0.12513069995259096,
    "FTV-PA": 0.12233398770078656,
    "FTV": 0.12233398770078656,
    "SRMX": 0.12189407364618408,
    "FLIR": 0.12139681606531015,
    "COHR": 0.12001953195657479,
    "ESNR": 0.11792559270881303,
    "ELSE": 0.11519965947525876,
    "EMRN": 0.11477237139101619,
    "SOBR": 0.11365281420623366,
    "ISNS": 0.11350250136966818,
    "DSGT": 0.11309501800408508,
    "IIVI": 0.1117975744312781,
    "IIVIP": 0.1117975744312781,
    "KYCCF": 0.1115549483926271,
    "DYSL": 0.11077944274979892,
    "VNT": 0.10991368189664515,
    "ERMG": 0.10765955169931847,
    "GRMN": 0.10763162514689911,
    "LSRCF": 0.1070190256002568,
    "LSRCY": 0.1070190256002568,
    "FLXT": 0.10588279448838542,
    "KRKNF": 0.10537221650414984,
    "RNSHF": 0.10494632451019793,
    "VPG": 0.10369101129399097,
    "NUVG": 0.10241403824139833,
    "IRBL": 0.10225882886751918,
    "ACFN": 0.10176702841896909,
    "ACCMF": 0.10150960125362034,
    "CAZGF": 0.10078617339727897,
    "NOVT": 0.10007016171266633,
    "SMIT": 0.09809926009198365,
    "KNWN": 0.09758467283597579,
    "TRCK": 0.09581718277502148,
    "KEYS": 0.09555553886350382,
    "NSCIF": 0.09535644285641494,
    "MVIS": 0.09532709900657653,
    "CGNX": 0.09512400819488812,
    "FCUV": 0.09508598502590744,
    "QDLC": 0.09475973092404491,
    "LUNA": 0.0938939748735907,
    "NTSFF": 0.0938540447130682,
    "AURT": 0.09316421782963658,
    "BNSO": 0.0928404082135766,
    "LCTC": 0.09199042192864788,
    "GNSS": 0.09170577006037633,
    "SCND": 0.0915947960022774,
    "CRGS": 0.08930117706912269,
    "SCTC": 0.08765298776559528,
    "GIGA": 0.08744238359204295,
    "POCEF": 0.08717055133000809,
    "TOPCF": 0.08609687653911652,
    "TKOI": 0.0851690363525152,
    "VLDR": 0.08501515684641786,
    "SPEC": 0.08492891540787806,
    "MYDX": 0.0825375253882374,
    "DVRNF": 0.08224858678702214,
    "TRKR": 0.08058923066383872,
    "ROBOF": 0.07984308510125632,
    "SIGL": 0.07928735885879955,
    "ZEPP": 0.07921744137492448,
    "WATT": 0.07893781423910047,
    "CYBE": 0.07737092241761548,
    "FARO": 0.0771867561862693,
    "SILLF": 0.07487845730936467,
    "WRAP": 0.07323499376903983,
    "KESPF": 0.07064699068980038,
    "RMTD": 0.0682636454270062,
    "QURT": 0.06349256676908101,
    "ASPT": 0.05511895558875872,
    "EQTL": 0.052211409442949316,
    "SEDO": 0.0495312703850536,
    "MJLB": 0.045016071196027165
}