{
    "FARO": 1.0,
    "HXGBF": 0.24181696398721955,
    "HXGBY": 0.24181696398721955,
    "COHR": 0.2234392352304773,
    "KYCCF": 0.22112179975904872,
    "TRMB": 0.22019801096311226,
    "SEPJF": 0.20777957164760005,
    "TDY": 0.1971767345667143,
    "FLIR": 0.18510582747143542,
    "ITRI": 0.18295962890806014,
    "FTV-PA": 0.17817544087642734,
    "FTV": 0.17817544087642734,
    "MKSI": 0.1750291486840065,
    "NOVT": 0.1726235308344201,
    "VNT": 0.16566512188742544,
    "ESE": 0.1630058140189545,
    "KEYS": 0.1562006880853547,
    "IIVI": 0.15470721737707763,
    "IIVIP": 0.15470721737707763,
    "ST": 0.15328496989067442,
    "MKTY": 0.1510612209962091,
    "LCTC": 0.148727761037093,
    "SMIT": 0.14793392104343014,
    "MLAB": 0.14556242392402682,
    "LSRCF": 0.1421547851415552,
    "LSRCY": 0.1421547851415552,
    "DYSL": 0.14151661770507187,
    "CGNX": 0.13901872361813275,
    "RNSHF": 0.13872125855278009,
    "MIND": 0.13860714534944885,
    "MINDP": 0.13860714534944885,
    "LUNA": 0.13847023604565156,
    "DSGT": 0.13846113843140775,
    "GRMN": 0.13818576411224398,
    "EMRN": 0.13738503956381376,
    "GWSO": 0.13518133481597602,
    "MVIS": 0.13288321291361793,
    "CRGS": 0.13006848508428961,
    "CYBE": 0.1293782640343557,
    "UCLE": 0.12655107318926923,
    "ISNS": 0.12511050461712112,
    "KNWN": 0.12284684826459565,
    "ELSE": 0.12194386246000312,
    "SILLF": 0.12116985029410879,
    "TRCK": 0.11917346522663146,
    "GNSS": 0.11853332391354307,
    "SRMX": 0.11835730705480374,
    "ERMG": 0.11673116902512203,
    "KRKNF": 0.1166986729221361,
    "SOTK": 0.11517316894025846,
    "MYDX": 0.1148468659256889,
    "FCUV": 0.11298030741022581,
    "BNSO": 0.11161634101908229,
    "ACFN": 0.11064615941125754,
    "VPG": 0.10950995123781636,
    "TOPCF": 0.10947920651826894,
    "ZEPP": 0.10789807910559515,
    "TKOI": 0.10696696140788928,
    "FLXT": 0.10628184749512137,
    "QDLC": 0.10611584628853267,
    "NSCIF": 0.10550377921653134,
    "POCEF": 0.10452317303356655,
    "CAZGF": 0.10398289057938878,
    "SCTC": 0.10154723397903898,
    "WELX": 0.10131717637603475,
    "IRBL": 0.09995177695078078,
    "TRKR": 0.0998045988491778,
    "WRAP": 0.09961088878028364,
    "ACCMF": 0.09873382664955932,
    "NUVG": 0.09837140575013192,
    "ESNR": 0.09524704712604883,
    "SCND": 0.09499916991252225,
    "DVRNF": 0.09449329841222046,
    "NTSFF": 0.0944012430581778,
    "VLDR": 0.09343580793632572,
    "ROBOF": 0.08993024082018852,
    "GIGA": 0.0888719011946496,
    "SOBR": 0.08822440544388285,
    "KESPF": 0.08721855507157451,
    "ASPT": 0.08222369283561141,
    "AURT": 0.08182121793386843,
    "SIGL": 0.0807788521272832,
    "WATT": 0.08004556463083509,
    "CLIRF": 0.0771867561862693,
    "SPEC": 0.07378098805882735,
    "EQTL": 0.070875023858879,
    "RMTD": 0.06228528173074742,
    "QURT": 0.061925534015446496,
    "SEDO": 0.057593343071999564,
    "MJLB": 0.038673064012986084
}