{
    "KESPF": 0.9999999999999998,
    "ACCMF": 0.276336782540394,
    "TDY": 0.219443476822633,
    "ITRI": 0.2058104354236352,
    "SEPJF": 0.19065114919388915,
    "TRMB": 0.17732444877019557,
    "MKSI": 0.17468984956776373,
    "SRMX": 0.1699143901734407,
    "DYSL": 0.1643470310065648,
    "MKTY": 0.1618168118332521,
    "ESE": 0.1606504010511394,
    "MIND": 0.16059729858668287,
    "MINDP": 0.16059729858668287,
    "COHR": 0.15929964740525895,
    "DVRNF": 0.15883411285170843,
    "ST": 0.1578850558194414,
    "VNT": 0.15232473597340687,
    "KYCCF": 0.14916164701516574,
    "UCLE": 0.1463797748414148,
    "NOVT": 0.14517053619675938,
    "MLAB": 0.14464231992466878,
    "FTV-PA": 0.14463017257904318,
    "FTV": 0.14463017257904318,
    "FLIR": 0.14412402447228792,
    "IIVI": 0.1418466884650562,
    "IIVIP": 0.1418466884650562,
    "ISNS": 0.14157283944172155,
    "CGNX": 0.14093268691872135,
    "FCUV": 0.14083729570743017,
    "GRMN": 0.14039640080935456,
    "TRCK": 0.14024331039109708,
    "KEYS": 0.1397488007154956,
    "MYDX": 0.13926495135323796,
    "ZEPP": 0.13760615603650636,
    "EMRN": 0.1371853588450363,
    "WELX": 0.13677151948174374,
    "SIGL": 0.13667101548570024,
    "GWSO": 0.1337483961734308,
    "QDLC": 0.1335774706653663,
    "SMIT": 0.13323388353011792,
    "LUNA": 0.132317624374872,
    "NTSFF": 0.1320418276992659,
    "HXGBF": 0.13051358358237805,
    "HXGBY": 0.13051358358237805,
    "ROBOF": 0.1277459483939776,
    "DSGT": 0.1272502235994358,
    "ELSE": 0.12595160688312965,
    "ESNR": 0.12272122417443265,
    "LSRCF": 0.12136414009487843,
    "LSRCY": 0.12136414009487843,
    "KRKNF": 0.12127677802438686,
    "ACFN": 0.11724021287731098,
    "IRBL": 0.11669359034565921,
    "GNSS": 0.1166667967610197,
    "LCTC": 0.11617089400699826,
    "SCND": 0.11345786174844215,
    "CRGS": 0.1132577492919293,
    "BNSO": 0.11243377619574524,
    "ERMG": 0.11069902374213848,
    "WATT": 0.10853100877754603,
    "FLXT": 0.10837392807984356,
    "KNWN": 0.10663103086514504,
    "VPG": 0.10509208035920692,
    "RNSHF": 0.10482510336771186,
    "SOTK": 0.10387402432932728,
    "CYBE": 0.10184656915524948,
    "TRKR": 0.10178334280173151,
    "TOPCF": 0.10176320003539303,
    "SOBR": 0.10100247299536547,
    "POCEF": 0.10086693258950603,
    "CAZGF": 0.09882192991377886,
    "GIGA": 0.09585323175057464,
    "SCTC": 0.09568964585394205,
    "MVIS": 0.09554689258072863,
    "TKOI": 0.0943547079894959,
    "ASPT": 0.09343793793281387,
    "NSCIF": 0.0872249972578997,
    "FARO": 0.08721855507157451,
    "SPEC": 0.08648864210093624,
    "WRAP": 0.08534222324933591,
    "AURT": 0.08461859157754242,
    "NUVG": 0.08334678884769635,
    "EQTL": 0.08294301684418326,
    "SILLF": 0.0789207894471014,
    "CLIRF": 0.07064699068980038,
    "VLDR": 0.06968977079452068,
    "SEDO": 0.06753495136693825,
    "QURT": 0.0661885516532088,
    "RMTD": 0.06297810465039569,
    "MJLB": 0.05472899236223859
}