{
    "KNWN": 0.9999999999999999,
    "LUNA": 0.22121268591801507,
    "MIND": 0.20855233807786455,
    "MINDP": 0.20855233807786455,
    "SEPJF": 0.20587776702484706,
    "TDY": 0.20578215852915335,
    "CRGS": 0.1997725079983491,
    "COHR": 0.19385911632445885,
    "LSRCF": 0.1937558701009414,
    "LSRCY": 0.1937558701009414,
    "ESE": 0.1882119094553854,
    "NOVT": 0.18417698638396868,
    "TRMB": 0.18172337143731648,
    "FLIR": 0.18001972285938614,
    "GWSO": 0.1767613582529883,
    "MKSI": 0.1693478668363303,
    "MLAB": 0.16747677594520655,
    "DYSL": 0.16713317770772426,
    "LCTC": 0.16599811067333253,
    "AURT": 0.16520305551479458,
    "FTV-PA": 0.16373392449329122,
    "FTV": 0.16373392449329122,
    "ITRI": 0.16074569036788086,
    "ASPT": 0.15968482091193492,
    "NTSFF": 0.15822452777879314,
    "VNT": 0.15782246917505288,
    "BNSO": 0.157188442598923,
    "GRMN": 0.15611826168744095,
    "SPEC": 0.15353695824965394,
    "ST": 0.15239074122529594,
    "IIVI": 0.14994839132681378,
    "IIVIP": 0.14994839132681378,
    "TRCK": 0.1483875541517258,
    "SCTC": 0.14750898672347232,
    "ELSE": 0.1473771690901515,
    "MYDX": 0.14680702923185857,
    "MKTY": 0.1465612528544366,
    "SOTK": 0.14591832565456553,
    "HXGBF": 0.14573252765894734,
    "HXGBY": 0.14573252765894734,
    "ACFN": 0.1439939487211781,
    "SMIT": 0.1432454989251841,
    "EMRN": 0.14307038805482591,
    "UCLE": 0.14180978107449388,
    "ACCMF": 0.14066944964256778,
    "KYCCF": 0.1398299884435599,
    "ISNS": 0.13768929803209365,
    "CAZGF": 0.13765416964964758,
    "ERMG": 0.13723421587104323,
    "POCEF": 0.1366594516890779,
    "FLXT": 0.1351618843771401,
    "KRKNF": 0.13397650050996887,
    "WRAP": 0.1328449723498438,
    "ESNR": 0.13015117744132637,
    "KEYS": 0.1301321299940602,
    "QDLC": 0.1288156829999454,
    "NSCIF": 0.12881384953504987,
    "DSGT": 0.12876074988515535,
    "FCUV": 0.12870460371490358,
    "MVIS": 0.12866760650949488,
    "VPG": 0.1284685743360458,
    "TKOI": 0.12781982969435357,
    "CGNX": 0.12647922049067972,
    "ZEPP": 0.1260480893199815,
    "SIGL": 0.12544910248250826,
    "TRKR": 0.12508071026060436,
    "FARO": 0.12284684826459565,
    "NUVG": 0.12225550303695096,
    "ROBOF": 0.12131432985453476,
    "GNSS": 0.12123595573697354,
    "SOBR": 0.11907480156011005,
    "DVRNF": 0.11604397653992897,
    "WELX": 0.11590144988148413,
    "SCND": 0.1134602071169604,
    "RMTD": 0.10941007193119479,
    "SRMX": 0.10937379664510918,
    "CYBE": 0.1089520179512766,
    "RNSHF": 0.10763778380816544,
    "IRBL": 0.10735081623852255,
    "KESPF": 0.10663103086514504,
    "GIGA": 0.10658891424118858,
    "TOPCF": 0.10491321850253632,
    "WATT": 0.10451234098295685,
    "QURT": 0.10020181056655175,
    "CLIRF": 0.09758467283597579,
    "SILLF": 0.09704740629804581,
    "EQTL": 0.08803978884575125,
    "VLDR": 0.08197069848882445,
    "SEDO": 0.07728842308656045,
    "MJLB": 0.061095463685736984
}