{
    "SMIT": 1.0000000000000004,
    "SEPJF": 0.2785261356725378,
    "MKSI": 0.2691253412817082,
    "TDY": 0.26649990794410583,
    "ELSE": 0.2601654508565297,
    "MLAB": 0.25110640345729274,
    "FTV-PA": 0.2359096682561646,
    "FTV": 0.2359096682561646,
    "ITRI": 0.23417419775183887,
    "KYCCF": 0.23338387854794448,
    "TRMB": 0.23007041672699283,
    "MKTY": 0.2283304034746663,
    "MIND": 0.22809916482902337,
    "MINDP": 0.22809916482902337,
    "ST": 0.22610201808625102,
    "ESE": 0.21734008058139592,
    "NOVT": 0.213134551150427,
    "CYBE": 0.2125883087291841,
    "COHR": 0.21072612529428122,
    "FLIR": 0.20830599199900193,
    "HXGBF": 0.20512676784188408,
    "HXGBY": 0.20512676784188408,
    "LUNA": 0.2049637553228791,
    "GRMN": 0.2037370675407464,
    "VNT": 0.19884387617164623,
    "DYSL": 0.1986448816937767,
    "ACFN": 0.1939647896347398,
    "VPG": 0.19318963927090285,
    "IIVI": 0.19211945911906583,
    "IIVIP": 0.19211945911906583,
    "CGNX": 0.19187710169323408,
    "RNSHF": 0.18471393999989927,
    "NTSFF": 0.1838709830667871,
    "LSRCF": 0.1827117931589169,
    "LSRCY": 0.1827117931589169,
    "SOTK": 0.18182779570465848,
    "BNSO": 0.17955703683616484,
    "IRBL": 0.1785384650122637,
    "ISNS": 0.17496792345494427,
    "TRCK": 0.1727370400047089,
    "MYDX": 0.17170725993877126,
    "FCUV": 0.17157407258117194,
    "FLXT": 0.16959422293639667,
    "WELX": 0.16292319070832806,
    "GWSO": 0.16197546512018787,
    "KEYS": 0.16131698672387632,
    "SCND": 0.160362547867452,
    "EMRN": 0.15872160181096934,
    "TOPCF": 0.1575380906152812,
    "NUVG": 0.15672837888207986,
    "SOBR": 0.15631717172818724,
    "UCLE": 0.1536948560700744,
    "FARO": 0.14793392104343014,
    "ESNR": 0.14651089623662208,
    "KNWN": 0.1432454989251841,
    "ROBOF": 0.14210252036175128,
    "POCEF": 0.13938860455426116,
    "NSCIF": 0.13883566071672027,
    "TRKR": 0.1379241130167118,
    "ZEPP": 0.13653797404782086,
    "QDLC": 0.13642841931500746,
    "KRKNF": 0.13615560449996453,
    "MVIS": 0.13517222419340458,
    "ACCMF": 0.13421887249305758,
    "SIGL": 0.13368985243736464,
    "KESPF": 0.13323388353011792,
    "TKOI": 0.1321678531280661,
    "DSGT": 0.1298316901891367,
    "SCTC": 0.12856442609449242,
    "SRMX": 0.1284724914931242,
    "DVRNF": 0.12469233941505355,
    "GNSS": 0.12315491649957039,
    "SILLF": 0.1227946078357441,
    "ERMG": 0.1202374023970153,
    "LCTC": 0.11648017337777744,
    "AURT": 0.1140790080914548,
    "CAZGF": 0.11400216295192074,
    "GIGA": 0.11272472371351003,
    "EQTL": 0.11259159498892703,
    "WATT": 0.10308160138642466,
    "CRGS": 0.0989607455934102,
    "SPEC": 0.09823263184734193,
    "CLIRF": 0.09809926009198365,
    "QURT": 0.09650181576175279,
    "WRAP": 0.09352632883069394,
    "ASPT": 0.09011401847211774,
    "VLDR": 0.0829318904398853,
    "RMTD": 0.07353197046963335,
    "SEDO": 0.06507969330080701,
    "MJLB": 0.054530359100148515
}