{
    "SOBR": 1.0,
    "LCTC": 0.31929200012471265,
    "TDY": 0.19805113443777217,
    "TRCK": 0.19323639528894493,
    "SEPJF": 0.1878770990937952,
    "MKTY": 0.17276847089497815,
    "DYSL": 0.1695895930164531,
    "MIND": 0.1666023833018529,
    "MINDP": 0.1666023833018529,
    "MLAB": 0.1651292767697385,
    "ELSE": 0.16394096642961425,
    "TRMB": 0.16348792352046843,
    "VNT": 0.15878686768691624,
    "SMIT": 0.15631717172818724,
    "FLIR": 0.1537594442398047,
    "FTV-PA": 0.1533297037549189,
    "FTV": 0.1533297037549189,
    "IIVI": 0.15308186612140567,
    "IIVIP": 0.15308186612140567,
    "MKSI": 0.15119183653635426,
    "EMRN": 0.15090356682635098,
    "FCUV": 0.14951391469699965,
    "ITRI": 0.1481389429677154,
    "ISNS": 0.14790450227232416,
    "NUVG": 0.1475933262083959,
    "UCLE": 0.1464044186258857,
    "ESE": 0.14567876226925516,
    "DSGT": 0.14566053355913028,
    "COHR": 0.14515663466740125,
    "ACFN": 0.14439747669841912,
    "HXGBF": 0.1442405982752081,
    "HXGBY": 0.1442405982752081,
    "ST": 0.13936914343123458,
    "SRMX": 0.13769826383530187,
    "WELX": 0.13725739188953093,
    "SIGL": 0.1359932730267659,
    "KYCCF": 0.13284785265757784,
    "LUNA": 0.13253240177630346,
    "GRMN": 0.1314923958664704,
    "GWSO": 0.1305624125716275,
    "CGNX": 0.12997858625993708,
    "QDLC": 0.12535735660509534,
    "LSRCF": 0.12514537838103998,
    "LSRCY": 0.12514537838103998,
    "ACCMF": 0.12405473743427428,
    "IRBL": 0.12192894685120967,
    "ERMG": 0.12179842750483652,
    "ESNR": 0.12138349553887622,
    "BNSO": 0.12052980461315871,
    "KNWN": 0.11907480156011005,
    "CAZGF": 0.11881314711214619,
    "ROBOF": 0.1181798678017987,
    "NOVT": 0.11639627007620287,
    "KEYS": 0.11635653303858554,
    "TRKR": 0.11430003154305753,
    "QURT": 0.11368908981859142,
    "CLIRF": 0.11365281420623366,
    "FLXT": 0.11354881124734546,
    "CYBE": 0.11298860424179683,
    "KRKNF": 0.11123871709799274,
    "MVIS": 0.11113201500453639,
    "MYDX": 0.10973159463701793,
    "TKOI": 0.1094644184648611,
    "GIGA": 0.10927239893528082,
    "SOTK": 0.10901379072574971,
    "SCND": 0.10795121272149898,
    "ZEPP": 0.10702472498295705,
    "VPG": 0.10584095529059914,
    "SCTC": 0.1047209666744392,
    "NSCIF": 0.10458399596273188,
    "TOPCF": 0.10428349924627761,
    "WATT": 0.10402019988214412,
    "NTSFF": 0.10166613608688205,
    "KESPF": 0.10100247299536547,
    "WRAP": 0.10063026715878683,
    "VLDR": 0.10045984216737881,
    "CRGS": 0.09692779276924665,
    "POCEF": 0.09528615282690629,
    "RNSHF": 0.0930664426601044,
    "AURT": 0.09223289823367786,
    "GNSS": 0.09058084069516728,
    "DVRNF": 0.08914541664734682,
    "FARO": 0.08822440544388285,
    "EQTL": 0.08787031727235459,
    "SILLF": 0.08475699463926276,
    "ASPT": 0.08077137313470664,
    "SPEC": 0.07502846257694451,
    "RMTD": 0.06979825171944362,
    "SEDO": 0.06213226997184764,
    "MJLB": 0.05484822538366757
}