{
    "GDEN": 1.0000000000000002,
    "RRR": 0.37011912976271133,
    "MDEVF": 0.33683898975715926,
    "MLCO": 0.32372093685104103,
    "GMALF": 0.3148463329127723,
    "GMALY": 0.3148463329127723,
    "CZR": 0.31017310104111634,
    "BYD": 0.3074281141548269,
    "NGCRF": 0.2992031804790337,
    "NGCRY": 0.2992031804790337,
    "MGM": 0.29917962933582176,
    "ARHN": 0.29540015061127006,
    "GHIFF": 0.2900019040019611,
    "FLL": 0.28801462040557974,
    "MCHVF": 0.28645719283777166,
    "MCHVY": 0.28645719283777166,
    "LVS": 0.2772902723275071,
    "GEBHF": 0.27712724748225104,
    "GEBHY": 0.27712724748225104,
    "CGAM": 0.27496829451312665,
    "PENN": 0.2661558182690593,
    "MALDF": 0.2613868567633002,
    "CNTY": 0.25167571240823294,
    "MCRI": 0.24782915989493176,
    "PLYA": 0.2461196756449852,
    "XRXH": 0.24103494152977856,
    "BALY": 0.24040352096449485,
    "SJMHY": 0.2372023564926949,
    "SJMHF": 0.23696087554855172,
    "WYNMF": 0.23065937382082388,
    "WYNMY": 0.23065937382082388,
    "HGV": 0.22817019654603815,
    "WYNN": 0.2274782973228539,
    "MTN": 0.22712516306761105,
    "GIGNF": 0.22491509608147145,
    "GIGNY": 0.22491509608147145,
    "BVH": 0.22480768606603496,
    "BVHBB": 0.22480768606603496,
    "SCHYF": 0.2184064915006804,
    "SCHYY": 0.2184064915006804,
    "SKYZF": 0.2159950331808917,
    "ROBK": 0.21364268501788308,
    "GXYEF": 0.2112239322763252,
    "PDSSF": 0.2037320033174998,
    "BXG": 0.1985242589082792,
    "TBTC": 0.1955293131709187,
    "MSC": 0.1923314711944547,
    "BRRE": 0.18429707153949276,
    "GMVHF": 0.17130481314185975,
    "GMVHY": 0.17130481314185975,
    "VAC": 0.17007028023398105,
    "CRVH": 0.16290938713045572,
    "CWLDF": 0.1457611693526148,
    "CWLDY": 0.1457611693526148
}