{
    "MALDF": 1.0000000000000004,
    "MDEVF": 0.41429018870309436,
    "MLCO": 0.40890051494002944,
    "MCHVF": 0.40337862985066886,
    "MCHVY": 0.40337862985066886,
    "GXYEF": 0.3794041534243288,
    "NGCRF": 0.36787335082943,
    "NGCRY": 0.36787335082943,
    "SJMHY": 0.36715178047767766,
    "SJMHF": 0.36677800611934275,
    "GMALF": 0.3472752694361325,
    "GMALY": 0.3472752694361325,
    "GHIFF": 0.32568297554066117,
    "WYNMF": 0.3161240528421304,
    "WYNMY": 0.3161240528421304,
    "PDSSF": 0.31553461397875715,
    "GEBHF": 0.3051946205099164,
    "GEBHY": 0.3051946205099164,
    "SCHYF": 0.285364699415219,
    "SCHYY": 0.285364699415219,
    "MGM": 0.2835970892933615,
    "RRR": 0.2819031122560267,
    "FLL": 0.2746494888822981,
    "GDEN": 0.2613868567633002,
    "CZR": 0.25409417010689,
    "LVS": 0.2506660153464838,
    "SKYZF": 0.24005122268557533,
    "PENN": 0.23466898163748667,
    "BALY": 0.23127911758704758,
    "BVH": 0.2310203596515414,
    "BVHBB": 0.2310203596515414,
    "CGAM": 0.21950166533671653,
    "GMVHF": 0.21916868410268125,
    "GMVHY": 0.21916868410268125,
    "MSC": 0.21461756932337656,
    "BXG": 0.2129814378589414,
    "GIGNF": 0.21013464967129847,
    "GIGNY": 0.21013464967129847,
    "PLYA": 0.20801656131522897,
    "TBTC": 0.20663472669187397,
    "WYNN": 0.2055994294859262,
    "ROBK": 0.20536244728138778,
    "MCRI": 0.20274181507873698,
    "MTN": 0.20231895657692903,
    "BYD": 0.19456574177191394,
    "ARHN": 0.1905930318685364,
    "XRXH": 0.1880445007345628,
    "CNTY": 0.18207614957845333,
    "HGV": 0.1772668017440268,
    "BRRE": 0.17334367500929312,
    "CWLDF": 0.16246582799428624,
    "CWLDY": 0.16246582799428624,
    "CRVH": 0.1496720735681295,
    "VAC": 0.13189100903508752
}