{
    "PDSSF": 1.0,
    "MDEVF": 0.36237420145165194,
    "MALDF": 0.31553461397875715,
    "MLCO": 0.3086893849744302,
    "SJMHY": 0.29186366051738133,
    "SJMHF": 0.2915665323043865,
    "MCHVF": 0.2880698753078335,
    "MCHVY": 0.2880698753078335,
    "GMVHF": 0.27347893909320725,
    "GMVHY": 0.27347893909320725,
    "GMALF": 0.26294697028230063,
    "GMALY": 0.26294697028230063,
    "TBTC": 0.26057639673394,
    "GHIFF": 0.2585577698220447,
    "GXYEF": 0.2559627148994276,
    "NGCRF": 0.25513491236144564,
    "NGCRY": 0.25513491236144564,
    "GEBHF": 0.25162072539102287,
    "GEBHY": 0.25162072539102287,
    "FLL": 0.23791229140245593,
    "CZR": 0.22567710810861466,
    "MSC": 0.22349069540692668,
    "RRR": 0.21940389017809336,
    "PENN": 0.21587364528703273,
    "BXG": 0.2063373252606874,
    "SCHYF": 0.20458185274438478,
    "SCHYY": 0.20458185274438478,
    "GDEN": 0.2037320033174998,
    "ROBK": 0.20177712982803606,
    "MGM": 0.20062733471772734,
    "XRXH": 0.19400565783442592,
    "BVH": 0.19176685737573967,
    "BVHBB": 0.19176685737573967,
    "ARHN": 0.19065867716192916,
    "GIGNF": 0.18886669443012322,
    "GIGNY": 0.18886669443012322,
    "BALY": 0.18422890467955158,
    "SKYZF": 0.18325438838116287,
    "WYNMF": 0.17753157857318547,
    "WYNMY": 0.17753157857318547,
    "HGV": 0.17567263127509092,
    "CGAM": 0.17124584578008895,
    "BRRE": 0.1636901615431416,
    "MCRI": 0.1559256383668709,
    "WYNN": 0.1538948515362384,
    "BYD": 0.15232244364956096,
    "CNTY": 0.15211181874122792,
    "MTN": 0.15002966903522696,
    "LVS": 0.14990799883432357,
    "VAC": 0.13258468596698259,
    "CWLDF": 0.1260229889532892,
    "CWLDY": 0.1260229889532892,
    "PLYA": 0.11433790477961113,
    "CRVH": 0.0869693187114674
}