{
    "SJMHF": 1.0000000000000004,
    "SJMHY": 0.9767013981217971,
    "MDEVF": 0.45575433322837866,
    "MCHVF": 0.4022771062491139,
    "MCHVY": 0.4022771062491139,
    "MLCO": 0.3808766351551234,
    "GMALF": 0.3692680897771583,
    "GMALY": 0.3692680897771583,
    "MALDF": 0.36677800611934275,
    "NGCRF": 0.3633814888689004,
    "NGCRY": 0.3633814888689004,
    "GEBHF": 0.35304322466006305,
    "GEBHY": 0.35304322466006305,
    "GXYEF": 0.3235642784705333,
    "MSC": 0.3091842434141067,
    "PDSSF": 0.2915665323043865,
    "SCHYF": 0.28978073043174357,
    "SCHYY": 0.28978073043174357,
    "CZR": 0.2779621726339738,
    "RRR": 0.2687928445179836,
    "MGM": 0.262551242963268,
    "GHIFF": 0.26242831867161276,
    "SKYZF": 0.26233980049351935,
    "FLL": 0.26201334740132903,
    "WYNMF": 0.2539589588850262,
    "WYNMY": 0.2539589588850262,
    "TBTC": 0.2527700343506001,
    "GIGNF": 0.24229172666859614,
    "GIGNY": 0.24229172666859614,
    "GDEN": 0.23696087554855172,
    "BRRE": 0.23531826317472873,
    "WYNN": 0.23351282439576784,
    "CNTY": 0.22807577469249188,
    "BVH": 0.2261629594385743,
    "BVHBB": 0.2261629594385743,
    "PENN": 0.2214372891483509,
    "BALY": 0.2192229575100713,
    "BXG": 0.21746430643349218,
    "MTN": 0.21527383437193942,
    "CGAM": 0.1958333250807852,
    "HGV": 0.1924193349607699,
    "GMVHF": 0.18970999478310446,
    "GMVHY": 0.18970999478310446,
    "LVS": 0.18342769186621524,
    "MCRI": 0.1820498231043521,
    "ARHN": 0.18185398686662377,
    "BYD": 0.17430712226853684,
    "ROBK": 0.17394368670908272,
    "PLYA": 0.16956280587938413,
    "XRXH": 0.16746543274670997,
    "CWLDF": 0.15601984845072797,
    "CWLDY": 0.15601984845072797,
    "VAC": 0.1450190390313122,
    "CRVH": 0.14047611242571054
}