{
    "ACY": 1.0,
    "AL": 0.5615212534970901,
    "WLFC": 0.39832937493010867,
    "FTAI-PB": 0.21788502565187143,
    "FTAI-PC": 0.21788502565187143,
    "FTAI": 0.21788502565187143,
    "TRTN-PA": 0.18900329359896015,
    "TRTN-PB": 0.18900329359896015,
    "TRTN-PC": 0.18900329359896015,
    "TRTN-PD": 0.18900329359896015,
    "TRTN": 0.18900329359896015,
    "CAI-PA": 0.17495700501903366,
    "CAI-PB": 0.17495700501903366,
    "CAI": 0.17495700501903366,
    "HEES": 0.16051436516688083,
    "PRG": 0.1507703110779322,
    "AZNVF": 0.14994619201427373,
    "TGH-PA": 0.14863716339003538,
    "TGH": 0.14863716339003538,
    "RCII": 0.1472651138829474,
    "URI": 0.14065358907321468,
    "UHAL": 0.13838555766711458,
    "HTZGQ": 0.1370208688684507,
    "R": 0.1284743900709706,
    "WSC": 0.12833113603915208,
    "ASHTF": 0.11954868519179766,
    "ASHTY": 0.11954868519179766,
    "BDIMF": 0.11862225201852179,
    "LEAS": 0.11676260307007946,
    "HRI": 0.11628920241619453,
    "MGRC": 0.11511768528887754,
    "ALTG-PA": 0.1146350613895215,
    "ALTG": 0.1146350613895215,
    "CTOS": 0.11384974812042302,
    "EURMF": 0.1133867123360953,
    "BRRAY": 0.11264968092524183,
    "WSHE": 0.10408716655410825,
    "CAR": 0.10337277130511534,
    "LZRFY": 0.09450203609483887,
    "FPAY": 0.09056621736425075,
    "GFN": 0.08754484609504515,
    "GFNCP": 0.08754484609504515,
    "HYRE": 0.0844238232429937,
    "ARGKF": 0.07974051394926361,
    "EOHDF": 0.07337143592069943,
    "GATX": 0.06027952916590014,
    "AFDG": 0.055260268045375656
}