{
    "R": 1.0,
    "HRI": 0.3917466949070031,
    "BRRAY": 0.36521544899801517,
    "HEES": 0.33886428266547186,
    "BDIMF": 0.33766778224533534,
    "ALTG-PA": 0.31776492888746205,
    "ALTG": 0.31776492888746205,
    "URI": 0.311799741100178,
    "ASHTF": 0.3083132992305942,
    "ASHTY": 0.3083132992305942,
    "HTZGQ": 0.2995356784763268,
    "TRTN-PA": 0.28850030349398403,
    "TRTN-PB": 0.28850030349398403,
    "TRTN-PC": 0.28850030349398403,
    "TRTN-PD": 0.28850030349398403,
    "TRTN": 0.28850030349398403,
    "WSHE": 0.2881849010134141,
    "FTAI-PB": 0.2696920785086032,
    "FTAI-PC": 0.2696920785086032,
    "FTAI": 0.2696920785086032,
    "UHAL": 0.2656018052534231,
    "ARGKF": 0.26312322007272554,
    "MGRC": 0.2572416696507697,
    "CAR": 0.2474733783668369,
    "PRG": 0.2474305417992635,
    "CTOS": 0.24692871790874682,
    "WLFC": 0.23276509530012574,
    "CAI-PA": 0.22174932227418864,
    "CAI-PB": 0.22174932227418864,
    "CAI": 0.22174932227418864,
    "TGH-PA": 0.21293383715631478,
    "TGH": 0.21293383715631478,
    "FPAY": 0.19655930685013415,
    "GFN": 0.18478448434653888,
    "GFNCP": 0.18478448434653888,
    "EURMF": 0.17293219911984883,
    "WSC": 0.16557798453837286,
    "RCII": 0.16370410177778333,
    "AL": 0.16158710451130295,
    "LZRFY": 0.15587712813973242,
    "EOHDF": 0.15015196778368317,
    "LEAS": 0.13190480071521993,
    "AZNVF": 0.1285329403237795,
    "ACY": 0.1284743900709706,
    "HYRE": 0.12174033995390038,
    "AFDG": 0.10570526929155695,
    "GATX": 0.0774808092924893
}