{
    "CRMK": 1.0000000000000002,
    "SWIR": 0.3217510979283485,
    "AIRG": 0.24392842915983226,
    "FKWL": 0.24000625782127233,
    "DGII": 0.2299223301483756,
    "GNRD": 0.22671421913151432,
    "ELST": 0.2219662330109568,
    "WTT": 0.22000258645045634,
    "MINM": 0.21843903879126186,
    "BYLTF": 0.210292985059609,
    "TTCNF": 0.20268432080836427,
    "ERFB": 0.2022973309644531,
    "AVNW": 0.20227169160349392,
    "JCS": 0.19901041304235956,
    "CSCO": 0.19197327017227933,
    "GILT": 0.19127483996415498,
    "CASA": 0.18951463450439518,
    "COMM": 0.1880138003427718,
    "INSG": 0.1874185766791129,
    "PCTI": 0.18549543340698835,
    "CMBM": 0.18534852205954427,
    "LTRX": 0.18530111246382006,
    "EXTR": 0.1835238578985556,
    "CMTL": 0.18307743095481707,
    "ETCMY": 0.18126565356089844,
    "EUTLF": 0.18126565356089844,
    "KVHI": 0.18121676420080005,
    "KN": 0.17882333288303842,
    "MSI": 0.17613035989742204,
    "VIAV": 0.17563887187212693,
    "AACAY": 0.17347012936456627,
    "UBLXF": 0.17327963615610198,
    "TCCO": 0.17080065418359025,
    "CAMP": 0.17021200301955208,
    "UI": 0.16876472519763394,
    "DZSI": 0.1653531521979092,
    "VSAT": 0.1645059986499898,
    "PWFL": 0.16311118317799497,
    "FEIM": 0.1612381275609463,
    "LITE": 0.16054272303748762,
    "WSTL": 0.1601049246103765,
    "VNWTF": 0.15896003746669365,
    "ADTN": 0.15814794089762862,
    "ZTCOF": 0.1576753973407329,
    "ZTCOY": 0.1576753973407329,
    "NTGR": 0.15767338972890355,
    "TESS": 0.15755831058296793,
    "OSAT": 0.15730383405727405,
    "WDSL": 0.1570294970076914,
    "CSTC": 0.1538713680030364,
    "OTOW": 0.15366096408187874,
    "GTXO": 0.15284117140666031,
    "ITRN": 0.15259117339063896,
    "ONDS": 0.15099516876288302,
    "NTIP": 0.15096668169876334,
    "SILC": 0.1498420703204728,
    "PRXM": 0.1487052321531045,
    "HLIT": 0.14766020391974644,
    "AACAF": 0.14675884281968055,
    "VTKLF": 0.1462983662633451,
    "VTKLY": 0.1462983662633451,
    "AVSR": 0.1458183363180384,
    "AMPG": 0.1448656782393744,
    "BYDIF": 0.14471162875849247,
    "AUDC": 0.144497042506887,
    "CLFD": 0.14389531142213083,
    "ERIC": 0.14344760723296465,
    "ERIXF": 0.14344760723296465,
    "NOK": 0.14335566252877913,
    "NOKBF": 0.14335566252877913,
    "CNTFY": 0.14335095173200338,
    "CRNT": 0.14245228909429045,
    "FLTCF": 0.14194790835759852,
    "BOSC": 0.14137423495606224,
    "ZBRA": 0.14120979140302897,
    "OCC": 0.1410794770755319,
    "WWII": 0.14045363590134338,
    "BDR": 0.1398392932512632,
    "ZSTN": 0.1397025697691481,
    "JNPR": 0.13853654720157665,
    "BOGN": 0.13780209752981126,
    "SYTA": 0.1356450953692038,
    "CLRO": 0.13492271684091917,
    "WGNR": 0.13364259566990466,
    "SATS": 0.13358819236056674,
    "BKSD": 0.13270211077540275,
    "CYCA": 0.12994688187453135,
    "VISL": 0.12935258964828275,
    "CRLI": 0.12899978755482208,
    "WIRX": 0.1289101541488455,
    "RITT": 0.12868033249374214,
    "AJXGF": 0.12788985602688674,
    "HPNN": 0.12696482590412914,
    "CIEN": 0.1260925949631381,
    "JUMT": 0.12583555317722464,
    "UTRK": 0.12535036255911522,
    "PLT": 0.12532973506805817,
    "SONM": 0.1250947674549558,
    "CYBD": 0.12454271352213905,
    "AERS": 0.12432879949798513,
    "PDXP": 0.12410458352865514,
    "VMNT": 0.12392255634540626,
    "EXFO": 0.12219839024049683,
    "KPIFF": 0.12212284859694957,
    "MOYFF": 0.12138699410908473,
    "NVRVF": 0.1212621779008154,
    "QTRHF": 0.12117793043161326,
    "CYSNF": 0.11976932058481647,
    "TPTW": 0.11941616537246418,
    "VCRA": 0.11896401050698856,
    "LTCCF": 0.11523935785581729,
    "ETCIA": 0.11502252974923699,
    "MMATF": 0.1147525965122698,
    "PI": 0.11273491031699932,
    "NWBD": 0.11221339035772887,
    "ATGN": 0.11145092082564137,
    "ADVOF": 0.11131402273969261,
    "ORSX": 0.11027189188470969,
    "AKTS": 0.10944739809168441,
    "MFCO": 0.10919002056278228,
    "BEWFF": 0.10909195970185236,
    "ABILF": 0.10905926312080257,
    "BKTI": 0.10902262357474814,
    "HPE": 0.10745023075480056,
    "CHWTF": 0.10496278483047813,
    "SIMTF": 0.10450188165115988,
    "PAOTF": 0.10353706129898511,
    "FXCNF": 0.10307668613687074,
    "FXCNY": 0.10307668613687074,
    "BETW": 0.10242001333086932,
    "ATCLF": 0.10230022129887809,
    "EVTZF": 0.1022651081149018,
    "ITI": 0.10141188075313992,
    "YZOFF": 0.10132629075251792,
    "IZNN": 0.10066241634931827,
    "NRRWF": 0.09995826875368724,
    "FBCE": 0.09932907598403223,
    "HDIH": 0.09869281988932542,
    "MAXR": 0.09735571894028829,
    "UTSI": 0.0972504134526703,
    "WLAN": 0.09713559127276829,
    "LMSC": 0.09555211341113003,
    "LMGR": 0.09486630784482895,
    "AAPJ": 0.09288408136181578,
    "AXCP": 0.09172793890803396,
    "LTTC": 0.09081080813989166,
    "EZEN": 0.08847518596994024,
    "LBAS": 0.08628060710130428,
    "MPEG": 0.08199930624848069,
    "BOXL": 0.08184606098670257,
    "STRH": 0.07656137553650597,
    "INFN": 0.07620180691973494,
    "EVSBY": 0.07613364874464337,
    "SIML": 0.07100569307504397,
    "NUHRF": 0.06990089537215124,
    "CCWF": 0.06715327097808334,
    "PMOZ": 0.06408541482892952,
    "XCOMQ": 0.06212901571250468,
    "IMNG": 0.061483227010414636,
    "MKRO": 0.06053883123340245,
    "AKOM": 0.05852913328991552,
    "VCTY": 0.058429267495166734,
    "AXBSF": 0.05407760780052196,
    "ZTNO": 0.05047514687660795,
    "AWSI": 0.04620780524475598
}