{
    "DGII": 1.0,
    "SWIR": 0.39087327023060064,
    "TTCNF": 0.38425262944072963,
    "LTRX": 0.3558222043089877,
    "JCS": 0.31122386704526767,
    "CSCO": 0.30664415048108556,
    "NOK": 0.3065115239876437,
    "NOKBF": 0.3065115239876437,
    "CAMP": 0.30523905726018513,
    "ZTCOF": 0.30354163226166253,
    "ZTCOY": 0.30354163226166253,
    "VIAV": 0.3019123692171532,
    "EXTR": 0.30116066746976444,
    "INSG": 0.30103169148024367,
    "DZSI": 0.2990340062003916,
    "AVNW": 0.2989993401976126,
    "MSI": 0.2977427525487876,
    "ERFB": 0.2968383693432494,
    "TESS": 0.29227802325922614,
    "GNRD": 0.2894676850980347,
    "VNWTF": 0.2838877519864817,
    "ERIC": 0.2810518172161351,
    "ERIXF": 0.2810518172161351,
    "KVHI": 0.27911314493353506,
    "AUDC": 0.2789108535873454,
    "FKWL": 0.2759107043474107,
    "ADTN": 0.27063415010347774,
    "JNPR": 0.2688012774241833,
    "TCCO": 0.2686618821792667,
    "HLIT": 0.26787284981708476,
    "OSAT": 0.26605275293975217,
    "PCTI": 0.265913447965333,
    "WTT": 0.2629982741134992,
    "JUMT": 0.26167895314875633,
    "PWFL": 0.25693408489808073,
    "UBLXF": 0.2542602744286972,
    "CMTL": 0.2531117318735323,
    "GILT": 0.2526931492896731,
    "VTKLF": 0.2522962238518737,
    "VTKLY": 0.2522962238518737,
    "GTXO": 0.2517664078588009,
    "CMBM": 0.2511881788637589,
    "ETCMY": 0.2504173355598216,
    "EUTLF": 0.2504173355598216,
    "VSAT": 0.2479531930900502,
    "UI": 0.24729282351965148,
    "ITRN": 0.2468900365008435,
    "VCRA": 0.24591676098128207,
    "ZBRA": 0.244540061441086,
    "CIEN": 0.24410221059746529,
    "SIMTF": 0.24294051388748383,
    "CASA": 0.24131659241074963,
    "ELST": 0.23655067020175335,
    "CNTFY": 0.2347156993403655,
    "WDSL": 0.23375811399946456,
    "COMM": 0.23199135916344235,
    "CRMK": 0.2299223301483756,
    "WSTL": 0.2296003742082334,
    "BYLTF": 0.22821318739633906,
    "CLFD": 0.22500257832685264,
    "MINM": 0.2246314774994127,
    "NTGR": 0.22433856490068452,
    "CLRO": 0.2235924161992941,
    "NVRVF": 0.22353599865474807,
    "BOSC": 0.22294911491552052,
    "FEIM": 0.22253392958055487,
    "KN": 0.22248017746687004,
    "ADVOF": 0.2224735508573337,
    "AERS": 0.22064704391661266,
    "SATS": 0.21910177075068107,
    "AVSR": 0.2153908792322792,
    "WGNR": 0.21465277013864634,
    "ONDS": 0.21328480585734344,
    "WWII": 0.21258534586039263,
    "PRXM": 0.21250258589372395,
    "HPE": 0.21177347889119003,
    "PLT": 0.21122597576621344,
    "SILC": 0.20790296174472875,
    "OTOW": 0.20622061638381886,
    "CRNT": 0.2059038981883717,
    "SYTA": 0.20384526645152243,
    "ETCIA": 0.20349040831917853,
    "ZSTN": 0.2009729155347369,
    "EXFO": 0.1994530437711288,
    "CSTC": 0.1985609343579732,
    "PI": 0.1984039041196252,
    "CHWTF": 0.1978190438970877,
    "TPTW": 0.19634295450856162,
    "CYSNF": 0.19508448864972952,
    "ITI": 0.19292658031185253,
    "NTIP": 0.19203717059933445,
    "YZOFF": 0.19137516571465626,
    "CYCA": 0.18810580359763795,
    "BDR": 0.18738864481312123,
    "RITT": 0.1870490167544841,
    "UTRK": 0.18519643162560617,
    "BEWFF": 0.18478544146330314,
    "AKTS": 0.18428790889919688,
    "UTSI": 0.18427335748142498,
    "EVTZF": 0.18373445840239733,
    "AMPG": 0.18362023284136944,
    "FLTCF": 0.1826152425678376,
    "OCC": 0.1820339028631699,
    "ABILF": 0.17739090500150378,
    "BKSD": 0.17673075009200273,
    "LITE": 0.1766041974032871,
    "VMNT": 0.17518312191094293,
    "LTCCF": 0.17512545485011918,
    "HPNN": 0.17416278202726954,
    "VISL": 0.17331661880259303,
    "VCTY": 0.17261521694484275,
    "BOGN": 0.1725409246548866,
    "AIRG": 0.17009468186898868,
    "ATGN": 0.1696178869758036,
    "IZNN": 0.16909025282510462,
    "EVSBY": 0.1681600737442598,
    "WIRX": 0.1656243929320971,
    "CRLI": 0.16514856233870984,
    "BYDIF": 0.16509187720001106,
    "AACAY": 0.16258759301853482,
    "LTTC": 0.16227553979772483,
    "AJXGF": 0.16078007593116006,
    "ORSX": 0.15865611364515544,
    "ATCLF": 0.15855933803497335,
    "SONM": 0.15801939527609157,
    "KPIFF": 0.15767418543722708,
    "MAXR": 0.15651118298159122,
    "AACAF": 0.1545234297598734,
    "QTRHF": 0.15397614746828497,
    "LBAS": 0.1508229904881778,
    "NRRWF": 0.150674611172148,
    "HDIH": 0.14955505136436853,
    "BKTI": 0.14950388620551427,
    "BOXL": 0.14939640636103843,
    "PAOTF": 0.1478070368533465,
    "WLAN": 0.1454981142687043,
    "FXCNF": 0.14425068713414407,
    "FXCNY": 0.14425068713414407,
    "BETW": 0.13386949151012148,
    "MPEG": 0.12287870550511694,
    "INFN": 0.12263113113202372,
    "CYBD": 0.12162998274256362,
    "EZEN": 0.11615184777170588,
    "FBCE": 0.11592840290253767,
    "AAPJ": 0.11460811184417974,
    "MOYFF": 0.1134051538458967,
    "NWBD": 0.10988352384072482,
    "MMATF": 0.10859827907506216,
    "LMGR": 0.10803773494139665,
    "CCWF": 0.10703048671215709,
    "PMOZ": 0.10532611461958966,
    "LMSC": 0.1038956815508865,
    "NUHRF": 0.1032315265492937,
    "PDXP": 0.10267052303511157,
    "MFCO": 0.09956490696090686,
    "AXCP": 0.09713427908096216,
    "SIML": 0.09675785321004102,
    "STRH": 0.09395820476290921,
    "AXBSF": 0.0921353030443101,
    "AKOM": 0.08612674013317498,
    "XCOMQ": 0.07950729501444435,
    "MKRO": 0.07693849155496021,
    "ZTNO": 0.07407934501469352,
    "IMNG": 0.07326316659458296,
    "AWSI": 0.049946311442856786
}