{
    "ELST": 1.0000000000000002,
    "TESS": 0.380665529165174,
    "AVNW": 0.3351284857394327,
    "PCTI": 0.32657602774057065,
    "ONDS": 0.31591383917871857,
    "MSI": 0.3109011215288025,
    "KVHI": 0.3013697280334792,
    "CAMP": 0.2993557915755522,
    "KN": 0.2956293203603807,
    "JCS": 0.2941662185478073,
    "ZTCOF": 0.2803006932394427,
    "ZTCOY": 0.2803006932394427,
    "LTRX": 0.2780659942091024,
    "WTT": 0.27744653304614386,
    "CSCO": 0.2753552788562709,
    "TTCNF": 0.27520957799745727,
    "CMTL": 0.2741713414632716,
    "NOK": 0.27220513987220335,
    "NOKBF": 0.27220513987220335,
    "HLIT": 0.27198071243687394,
    "VTKLF": 0.2698645849565344,
    "VTKLY": 0.2698645849565344,
    "TCCO": 0.2697174853965175,
    "COMM": 0.2662477432753179,
    "PWFL": 0.26510170121990395,
    "VIAV": 0.2632597852987106,
    "GNRD": 0.2605836255657969,
    "CASA": 0.2596032130757433,
    "YZOFF": 0.2571323178016723,
    "VSAT": 0.2546741055976984,
    "INSG": 0.25078677018684925,
    "ZBRA": 0.24878015398611922,
    "CNTFY": 0.24644258753356357,
    "FEIM": 0.24635924795141423,
    "ERFB": 0.24589986950802661,
    "GILT": 0.2454952733483285,
    "BYLTF": 0.24419511894259072,
    "ERIC": 0.2434019524848346,
    "ERIXF": 0.2434019524848346,
    "EXFO": 0.24013040469142272,
    "OTOW": 0.23930030599470817,
    "WSTL": 0.23903552094202893,
    "EXTR": 0.23849375832983397,
    "BOSC": 0.23845092557207992,
    "CLRO": 0.23824668408076774,
    "CYSNF": 0.23706168682398732,
    "UI": 0.23692228304541768,
    "DGII": 0.23655067020175335,
    "DZSI": 0.23514479395850096,
    "WIRX": 0.23415308625855125,
    "FKWL": 0.23392463016737902,
    "CLFD": 0.2296278291910595,
    "ETCIA": 0.22823486628457346,
    "ADTN": 0.22782878709307633,
    "AMPG": 0.2271325696435831,
    "SWIR": 0.22707011739532432,
    "MINM": 0.2252029077379598,
    "VCRA": 0.22351925936732175,
    "VNWTF": 0.22324073011435036,
    "UBLXF": 0.22321402446549454,
    "CRMK": 0.2219662330109568,
    "HPNN": 0.22084180706807202,
    "CRNT": 0.2206012534499005,
    "TPTW": 0.22040935189581182,
    "AVSR": 0.22024141375213574,
    "WGNR": 0.2201030488325594,
    "CRLI": 0.21978284946156765,
    "ETCMY": 0.2175825813348919,
    "EUTLF": 0.2175825813348919,
    "WWII": 0.21673052116500535,
    "AUDC": 0.2163632791277516,
    "ITRN": 0.2161835625371397,
    "PLT": 0.215618057603141,
    "JNPR": 0.21552255114448243,
    "GTXO": 0.21542823434775132,
    "AERS": 0.21278882230076107,
    "WDSL": 0.20886295203438876,
    "CIEN": 0.2087511560535708,
    "OCC": 0.20786370977719984,
    "CMBM": 0.20713373747827496,
    "PRXM": 0.20706822272610775,
    "ZSTN": 0.20577541521717604,
    "SONM": 0.20496549139877177,
    "NTGR": 0.2025626055977822,
    "OSAT": 0.20130362667347368,
    "SIMTF": 0.2013032287042746,
    "BDR": 0.20023326408530553,
    "LTCCF": 0.1993268185037503,
    "CSTC": 0.19902623124111818,
    "CHWTF": 0.1979907899822696,
    "NVRVF": 0.19786040725101783,
    "AACAY": 0.19660292093339252,
    "LITE": 0.196012393285357,
    "BKSD": 0.19593031953309722,
    "SATS": 0.19541707151664495,
    "VISL": 0.19509539714504745,
    "CYCA": 0.19405891559994176,
    "FLTCF": 0.1933605369698182,
    "UTSI": 0.19054437935299032,
    "BKTI": 0.19037373751754247,
    "ADVOF": 0.18863833552014378,
    "NTIP": 0.18737719716502588,
    "AACAF": 0.18594024505118845,
    "JUMT": 0.18523261599623275,
    "BYDIF": 0.18518915018987006,
    "QTRHF": 0.18457561372567297,
    "BOGN": 0.18414237895428856,
    "HPE": 0.18276591472248796,
    "AKTS": 0.1819842380692382,
    "EVTZF": 0.18131322469791636,
    "PI": 0.18097103597778283,
    "ITI": 0.18010183767744403,
    "VMNT": 0.17952170190485034,
    "RITT": 0.1785920836506717,
    "PDXP": 0.17805460538816023,
    "SILC": 0.17774755123679215,
    "KPIFF": 0.1772045301031414,
    "SYTA": 0.17474622997983214,
    "HDIH": 0.17132135880164504,
    "AIRG": 0.16794675277000376,
    "NRRWF": 0.16630556267249239,
    "MAXR": 0.16497594013294975,
    "AJXGF": 0.16205783266777954,
    "ABILF": 0.16004132441670407,
    "FXCNF": 0.15995162945886426,
    "FXCNY": 0.15995162945886426,
    "UTRK": 0.15862244603787679,
    "BEWFF": 0.15816382367745935,
    "AAPJ": 0.15816032355466805,
    "IZNN": 0.1559607855624222,
    "WLAN": 0.15508784596908398,
    "MFCO": 0.15009145491569098,
    "ATCLF": 0.14929154108497722,
    "ORSX": 0.14793833750732546,
    "EVSBY": 0.1479141038422146,
    "BOXL": 0.14708330084127716,
    "MOYFF": 0.1458840526298296,
    "EZEN": 0.14503978070999038,
    "LMGR": 0.14216068266974005,
    "PAOTF": 0.14055762779360748,
    "SIML": 0.1395211379090375,
    "LTTC": 0.13616683773673732,
    "CYBD": 0.135348344536396,
    "BETW": 0.13447759096922016,
    "ATGN": 0.13406202623111968,
    "FBCE": 0.13389795356164916,
    "MPEG": 0.1292096956066444,
    "NWBD": 0.12479469392319234,
    "STRH": 0.12042560305485715,
    "LBAS": 0.11772815149937715,
    "AXBSF": 0.11728532185174675,
    "LMSC": 0.11726735044154332,
    "MMATF": 0.11553183105734227,
    "INFN": 0.11542637532425064,
    "VCTY": 0.11201251984699113,
    "AXCP": 0.10340679300264374,
    "AKOM": 0.10309836437539258,
    "ZTNO": 0.10099188551999158,
    "NUHRF": 0.09878570970742134,
    "PMOZ": 0.09087445764890659,
    "MKRO": 0.09069137330562806,
    "XCOMQ": 0.08954053733570819,
    "IMNG": 0.08358876476822617,
    "AWSI": 0.07999942909015843,
    "CCWF": 0.07920568322165775
}