{
    "NRRWF": 1.0,
    "AVNW": 0.25248297279663967,
    "TESS": 0.21558888070624588,
    "ZTCOF": 0.21316119573106118,
    "ZTCOY": 0.21316119573106118,
    "EXTR": 0.21043525541840838,
    "ERIC": 0.20364230492125876,
    "ERIXF": 0.20364230492125876,
    "NOK": 0.19918591483108006,
    "NOKBF": 0.19918591483108006,
    "INSG": 0.19529615789865346,
    "CASA": 0.19394290857276894,
    "GILT": 0.19285735205546137,
    "MSI": 0.18865634105498214,
    "ERFB": 0.18113198423480445,
    "DZSI": 0.17981093148157157,
    "GNRD": 0.17873140438484122,
    "VTKLF": 0.17805523235731702,
    "VTKLY": 0.17805523235731702,
    "VIAV": 0.17798635887996025,
    "JCS": 0.17552285906259846,
    "WTT": 0.17432500797002173,
    "COMM": 0.17415732574957069,
    "NVRVF": 0.17336784949226197,
    "BYLTF": 0.1715935046820863,
    "CSTC": 0.17155434282017118,
    "CMBM": 0.17001446404442994,
    "TTCNF": 0.1697696498231762,
    "UI": 0.16688312707733752,
    "WWII": 0.16680748343565355,
    "ELST": 0.16630556267249239,
    "ONDS": 0.16578462570210112,
    "TCCO": 0.16557679791577942,
    "SATS": 0.16507509015869296,
    "CRNT": 0.16487397938079526,
    "EXFO": 0.16424868701517345,
    "SWIR": 0.1640443123626106,
    "VNWTF": 0.1633707734389861,
    "CAMP": 0.16254568261013513,
    "JNPR": 0.16243238476220045,
    "WGNR": 0.1615280782506056,
    "UTSI": 0.16141706800506556,
    "FKWL": 0.16053699800143711,
    "LTRX": 0.15917831040405936,
    "PCTI": 0.15686639513392447,
    "CSCO": 0.1563485347387263,
    "KVHI": 0.15579543093055073,
    "PRXM": 0.15394289797987773,
    "CYBD": 0.1531091765166322,
    "ADTN": 0.15285462843056563,
    "JUMT": 0.15259079415232954,
    "RITT": 0.1517859067454902,
    "CLFD": 0.15156108749085417,
    "TPTW": 0.15152322333423912,
    "ITRN": 0.1509276707516844,
    "DGII": 0.150674611172148,
    "CLRO": 0.14999541704960392,
    "AUDC": 0.14971646479237888,
    "ADVOF": 0.1496246540655265,
    "KN": 0.14810597829636132,
    "LTCCF": 0.14741430589331608,
    "NTGR": 0.14643905074063168,
    "AMPG": 0.1463502955537503,
    "WSTL": 0.14620366976817287,
    "PLT": 0.14555833423934014,
    "VMNT": 0.1444783219373759,
    "CMTL": 0.14252966568918218,
    "OTOW": 0.13957872503772367,
    "CHWTF": 0.1392642548631811,
    "CNTFY": 0.1385773968020191,
    "ETCMY": 0.13823323455128686,
    "EUTLF": 0.13823323455128686,
    "CIEN": 0.13755466053176954,
    "OSAT": 0.13753770222212638,
    "HLIT": 0.13727351730840737,
    "ZBRA": 0.1372435116443546,
    "NTIP": 0.13721054179967274,
    "VSAT": 0.13610632567972808,
    "WDSL": 0.13464581219547875,
    "ZSTN": 0.13309705451467393,
    "VCRA": 0.13055139765736115,
    "CYSNF": 0.13027587727776377,
    "GTXO": 0.12993732149414858,
    "CRLI": 0.12916665640022787,
    "VISL": 0.12789922181825614,
    "PWFL": 0.12764089864928074,
    "SYTA": 0.12737011812639829,
    "FEIM": 0.1269551020560101,
    "WLAN": 0.1268313008239452,
    "ETCIA": 0.12402125208504802,
    "SONM": 0.12371125622441867,
    "UBLXF": 0.12301663558485527,
    "AVSR": 0.12179350896034676,
    "AERS": 0.1215380283821046,
    "MINM": 0.12150673993522314,
    "KPIFF": 0.1214959429028332,
    "HPNN": 0.11887443863363166,
    "WIRX": 0.11562983943498185,
    "IZNN": 0.11548201162865297,
    "AACAF": 0.11430128459120614,
    "EVTZF": 0.11159449466333038,
    "BDR": 0.11099279140513876,
    "BOGN": 0.11076688441655709,
    "BKSD": 0.11046873113477063,
    "HPE": 0.10938062212207696,
    "YZOFF": 0.10862506627873944,
    "ITI": 0.1081810937480122,
    "SIMTF": 0.10814570143232172,
    "SILC": 0.10737534000705079,
    "LITE": 0.10735794411704373,
    "BOSC": 0.10615763552321672,
    "BYDIF": 0.10455495396162309,
    "CYCA": 0.10409036371517341,
    "BKTI": 0.10407295498149297,
    "LMSC": 0.1033629911488826,
    "FLTCF": 0.1024868646933237,
    "PMOZ": 0.1018756437329018,
    "AACAY": 0.10182070089388454,
    "CRMK": 0.09995826875368724,
    "PI": 0.09883397629808857,
    "FXCNF": 0.09803261736030737,
    "FXCNY": 0.09803261736030737,
    "LBAS": 0.09776347775418383,
    "BEWFF": 0.09668934426167992,
    "OCC": 0.0960210667353202,
    "MAXR": 0.09564887544594508,
    "AKTS": 0.09261456991571325,
    "LTTC": 0.09257412960224383,
    "ORSX": 0.09214105298810743,
    "UTRK": 0.09158842211766975,
    "AJXGF": 0.09130270100048649,
    "AIRG": 0.09059470877917106,
    "BETW": 0.08950241652171768,
    "QTRHF": 0.08922884176674924,
    "ABILF": 0.08893146170483955,
    "ATCLF": 0.08797353408267106,
    "BOXL": 0.0837807788346648,
    "EZEN": 0.08240924332665595,
    "ATGN": 0.08053132601535981,
    "MFCO": 0.0802877937101509,
    "AXBSF": 0.07951116963834184,
    "FBCE": 0.07950825758646017,
    "PAOTF": 0.07810787799807226,
    "HDIH": 0.07601125718189441,
    "LMGR": 0.07561681705784623,
    "NUHRF": 0.07488289784862315,
    "MPEG": 0.07308329964244169,
    "EVSBY": 0.07286295302493961,
    "INFN": 0.07267198364485655,
    "VCTY": 0.07215466200494604,
    "ZTNO": 0.07214904562709573,
    "IMNG": 0.07189841685755097,
    "STRH": 0.07075501745129727,
    "PDXP": 0.07006463765863609,
    "MOYFF": 0.06717324247100445,
    "CCWF": 0.06714979989884234,
    "AAPJ": 0.06692962749060252,
    "MKRO": 0.06629834030679442,
    "MMATF": 0.06418766890686778,
    "NWBD": 0.0622892063695843,
    "AKOM": 0.056273026918540844,
    "AXCP": 0.0551237013410561,
    "SIML": 0.05434523158006664,
    "XCOMQ": 0.05092821402224812,
    "AWSI": 0.023013940148931974
}