{
    "NTIP": 0.9999999999999999,
    "TTCNF": 0.2634027529439286,
    "FKWL": 0.25411533791960167,
    "AVNW": 0.2464476885587846,
    "SWIR": 0.2426521364488859,
    "VNWTF": 0.23732831665737697,
    "JCS": 0.23623167341429852,
    "CSCO": 0.23266248943740642,
    "UI": 0.23121198035664972,
    "LTRX": 0.23003811128694765,
    "DZSI": 0.2294932466485513,
    "EXTR": 0.22947336352839157,
    "NOK": 0.22909758324654553,
    "NOKBF": 0.22909758324654553,
    "GILT": 0.22392758590843195,
    "CASA": 0.22348142697279172,
    "GNRD": 0.22310274494975646,
    "VIAV": 0.2215588666218653,
    "MSI": 0.22090930862516842,
    "BKSD": 0.21785496133868554,
    "ZTCOF": 0.21463575346205646,
    "ZTCOY": 0.21463575346205646,
    "SIMTF": 0.2111520184347922,
    "WSTL": 0.21032698885069476,
    "CMTL": 0.20840570344809056,
    "KPIFF": 0.20540440146314476,
    "TPTW": 0.20411051253939314,
    "TESS": 0.2038331000382446,
    "PCTI": 0.2031123708259379,
    "QTRHF": 0.2030292146022541,
    "WWII": 0.2025194380263852,
    "OSAT": 0.19994602096193556,
    "DGII": 0.19203717059933445,
    "HLIT": 0.19158611552159507,
    "CMBM": 0.19108391548771678,
    "BYLTF": 0.19014989167517823,
    "JUMT": 0.1893575511890278,
    "NVRVF": 0.188672082983894,
    "KVHI": 0.1884659860977448,
    "ELST": 0.18737719716502588,
    "ADTN": 0.18595424593199839,
    "CLFD": 0.1853068070667128,
    "AUDC": 0.18472282699144352,
    "WTT": 0.1835101370142872,
    "CRNT": 0.18344499293406843,
    "ETCMY": 0.18074898128717148,
    "EUTLF": 0.18074898128717148,
    "COMM": 0.1804207367779674,
    "ERIC": 0.1802662911329231,
    "ERIXF": 0.1802662911329231,
    "IZNN": 0.1802490961146075,
    "SATS": 0.17911575836234683,
    "TCCO": 0.17799664742259944,
    "INSG": 0.17789216424854473,
    "ERFB": 0.17762671365697724,
    "UTSI": 0.17431919707880064,
    "CAMP": 0.17183689529815663,
    "PWFL": 0.1713164420327952,
    "CHWTF": 0.17079380668207017,
    "CLRO": 0.17029473711185109,
    "CIEN": 0.16981055931880218,
    "AACAY": 0.16960167657916536,
    "GTXO": 0.1682510910852919,
    "VSAT": 0.16770039001548667,
    "JNPR": 0.16719017294143387,
    "HPNN": 0.16611524642195777,
    "AVSR": 0.1657198362295771,
    "AACAF": 0.1656345862300869,
    "VTKLF": 0.16192469221646671,
    "VTKLY": 0.16192469221646671,
    "ZSTN": 0.1618365755662689,
    "KN": 0.161677679299077,
    "CSTC": 0.16163288045819518,
    "ORSX": 0.16085679386496304,
    "AIRG": 0.16064371260694657,
    "SONM": 0.1593394556422335,
    "EXFO": 0.15898894739167874,
    "MINM": 0.15850515385981204,
    "ITRN": 0.1577289117925392,
    "AERS": 0.15670938176132254,
    "ZBRA": 0.15659582641106812,
    "BOGN": 0.15659384412410185,
    "CNTFY": 0.15610907055796616,
    "VCRA": 0.15604700499500254,
    "PLT": 0.15448943500708323,
    "RITT": 0.15442451754967476,
    "WGNR": 0.1537563195619832,
    "WDSL": 0.15279905014709919,
    "VISL": 0.15174054746337828,
    "ONDS": 0.15155481720846883,
    "SILC": 0.15108010595052615,
    "CRMK": 0.15096668169876334,
    "LMSC": 0.15032765075009988,
    "FEIM": 0.1499143872413429,
    "BETW": 0.14952443389895792,
    "YZOFF": 0.14755084470716173,
    "CYSNF": 0.14694103763249178,
    "PRXM": 0.14667289420700466,
    "PI": 0.14591778707834896,
    "AJXGF": 0.14447232538194701,
    "VMNT": 0.14269074387335307,
    "NWBD": 0.14220928863967883,
    "LTCCF": 0.14195894840148357,
    "AMPG": 0.14146140922886427,
    "ADVOF": 0.14031772711413193,
    "BEWFF": 0.13982210833490516,
    "EVTZF": 0.13865451208301469,
    "OTOW": 0.1375374945803483,
    "NRRWF": 0.13721054179967274,
    "NTGR": 0.13701819674472013,
    "HPE": 0.13582467368839204,
    "AKTS": 0.13503140780063036,
    "UTRK": 0.13499630890816067,
    "WLAN": 0.13379338026927123,
    "UBLXF": 0.13364336358278917,
    "CRLI": 0.13084391575399298,
    "FXCNF": 0.13048357167403216,
    "FXCNY": 0.13048357167403216,
    "EVSBY": 0.1300532383132665,
    "BOSC": 0.12979597294091846,
    "LTTC": 0.1291061404465373,
    "BDR": 0.128086094331297,
    "MPEG": 0.12738746608581944,
    "HDIH": 0.12696879831219107,
    "ETCIA": 0.1259761167536626,
    "WIRX": 0.12486924487093937,
    "LMGR": 0.12446423506325037,
    "AAPJ": 0.12275387228921585,
    "CYCA": 0.1219815884635394,
    "PMOZ": 0.12054590536606151,
    "FLTCF": 0.11927070906287754,
    "ITI": 0.11905982801893035,
    "ABILF": 0.11764805480981244,
    "SYTA": 0.11739284192458027,
    "FBCE": 0.11692313022540662,
    "ATGN": 0.11510153123928667,
    "LITE": 0.11454246925535011,
    "BKTI": 0.11438748771647328,
    "MAXR": 0.11301125523732108,
    "OCC": 0.11216169920735834,
    "BYDIF": 0.11172531466683662,
    "EZEN": 0.11121401672689483,
    "CYBD": 0.11097235571921675,
    "MFCO": 0.10802609139146951,
    "STRH": 0.10667503398560013,
    "LBAS": 0.10657228628457009,
    "BOXL": 0.10447353727334495,
    "CCWF": 0.10369251886386328,
    "IMNG": 0.10109884976497205,
    "INFN": 0.0999105001959165,
    "PAOTF": 0.09785790109904119,
    "ATCLF": 0.09739027674745995,
    "AXBSF": 0.09529738273984692,
    "AXCP": 0.09215216138916829,
    "MKRO": 0.09000893417795651,
    "MMATF": 0.08962652198430335,
    "PDXP": 0.089146346510436,
    "VCTY": 0.08578970940762504,
    "ZTNO": 0.08223990899438284,
    "AKOM": 0.08171529326011957,
    "MOYFF": 0.08049170822858927,
    "XCOMQ": 0.07794941761337322,
    "NUHRF": 0.06925125716168382,
    "SIML": 0.06660975456034139,
    "AWSI": 0.03009970965622426
}