{
    "PLT": 1.0000000000000002,
    "CLRO": 0.32941052266574306,
    "CSCO": 0.3171281071815431,
    "AVSR": 0.3149403990397099,
    "VNWTF": 0.3010752917233474,
    "MSI": 0.29478306001235627,
    "HLIT": 0.2940043296241549,
    "AVNW": 0.293548546285159,
    "AUDC": 0.2917104240298321,
    "TESS": 0.2824830884039023,
    "VIAV": 0.266535057956196,
    "EXTR": 0.2639800428417899,
    "ZTCOF": 0.2633381580112905,
    "ZTCOY": 0.2633381580112905,
    "ZBRA": 0.2627946294974619,
    "NOK": 0.26270725504134496,
    "NOKBF": 0.26270725504134496,
    "KVHI": 0.24700831249591862,
    "TTCNF": 0.245563092321827,
    "LTRX": 0.24421139326819152,
    "DZSI": 0.24319111012497213,
    "TPTW": 0.24136126138983025,
    "CAMP": 0.23856423581395633,
    "GILT": 0.23848305584495633,
    "CMTL": 0.23725956757791755,
    "JCS": 0.23697413222218675,
    "COMM": 0.2368480785486087,
    "NTGR": 0.23673979824100716,
    "VCRA": 0.23506613168340015,
    "JNPR": 0.23249091614376677,
    "KN": 0.230794678532558,
    "GNRD": 0.22984491981471764,
    "ERIC": 0.2287301945243513,
    "ERIXF": 0.2287301945243513,
    "INSG": 0.22742580011863522,
    "PCTI": 0.22622780247082955,
    "SATS": 0.2236324277964045,
    "MINM": 0.2219905542172698,
    "SWIR": 0.21841095277002112,
    "WTT": 0.216721517276371,
    "ETCMY": 0.21644280718366637,
    "EUTLF": 0.21644280718366637,
    "UI": 0.2162279298678901,
    "PWFL": 0.2156502650528338,
    "ELST": 0.215618057603141,
    "JUMT": 0.2153178999502562,
    "CIEN": 0.21344068165649613,
    "ONDS": 0.21161644308757582,
    "ERFB": 0.21161145429386763,
    "DGII": 0.21122597576621344,
    "BKSD": 0.21028159361281515,
    "VSAT": 0.2093586208127161,
    "CNTFY": 0.20927390241545837,
    "TCCO": 0.20891350485652918,
    "OSAT": 0.20607984889821107,
    "UBLXF": 0.20586388877445774,
    "NVRVF": 0.20585986799382994,
    "WSTL": 0.20140685436819006,
    "ATGN": 0.2007134848451859,
    "RITT": 0.19631680891857384,
    "ITRN": 0.19534862177050202,
    "VTKLF": 0.19338714637165808,
    "VTKLY": 0.19338714637165808,
    "CASA": 0.1922602834384935,
    "CRNT": 0.19153194129262965,
    "CSTC": 0.19147108188424244,
    "GTXO": 0.19140420515583964,
    "WGNR": 0.19073317261912173,
    "FKWL": 0.19028547691246442,
    "PRXM": 0.18904530515151222,
    "VMNT": 0.18762106970660894,
    "ADVOF": 0.18631825152775763,
    "PI": 0.18618042881152577,
    "EVTZF": 0.18476258895374306,
    "ADTN": 0.18427246760495744,
    "WIRX": 0.18326502307818432,
    "CMBM": 0.18311294253257637,
    "AACAY": 0.18195289055442707,
    "EZEN": 0.18022621389714505,
    "HPE": 0.17896411528805217,
    "YZOFF": 0.17746307382013368,
    "CLFD": 0.17636501109050098,
    "VISL": 0.175979225529662,
    "ETCIA": 0.17475032568973967,
    "BDR": 0.17469066005336512,
    "FEIM": 0.1708656119747143,
    "LTCCF": 0.17042765653106504,
    "BYLTF": 0.1681133604659857,
    "WDSL": 0.16688267608680835,
    "EXFO": 0.16587863237886907,
    "WWII": 0.16570008159724317,
    "SONM": 0.16522552771132193,
    "ITI": 0.1641313538159754,
    "BOSC": 0.16299019814324336,
    "LITE": 0.16285385933448374,
    "EVSBY": 0.1628064286757187,
    "AERS": 0.1620518506060033,
    "BOGN": 0.16195508986392448,
    "CHWTF": 0.1613145973655779,
    "SILC": 0.1607664038268526,
    "OCC": 0.16054338356267425,
    "CRLI": 0.16021889315073984,
    "MPEG": 0.1584982662687807,
    "ABILF": 0.15742778118368306,
    "ATCLF": 0.15652056176128837,
    "ORSX": 0.15620471306387917,
    "BYDIF": 0.15596963649485862,
    "NTIP": 0.15448943500708323,
    "FLTCF": 0.15231100540963594,
    "AMPG": 0.15169083036270686,
    "AIRG": 0.1512072195939783,
    "PDXP": 0.1506104059956168,
    "UTSI": 0.15032423767804373,
    "AJXGF": 0.1502266864878218,
    "MAXR": 0.15017718523609647,
    "ZSTN": 0.1495214979822397,
    "BEWFF": 0.14845570475734732,
    "QTRHF": 0.14648749175318995,
    "KPIFF": 0.1460283415299313,
    "NRRWF": 0.14555833423934014,
    "SIMTF": 0.1455309151429539,
    "OTOW": 0.14268281002355046,
    "HPNN": 0.13963137539108972,
    "AACAF": 0.13883238759885247,
    "CYSNF": 0.13475510860306364,
    "LTTC": 0.13441984268753096,
    "CYBD": 0.13086238885690704,
    "LBAS": 0.1281003602425292,
    "PAOTF": 0.12729509427172364,
    "WLAN": 0.1271686489257901,
    "IZNN": 0.1268777189841621,
    "FXCNF": 0.1261297608916675,
    "FXCNY": 0.1261297608916675,
    "BOXL": 0.12593867803749395,
    "BKTI": 0.12548140061025384,
    "CRMK": 0.12532973506805817,
    "INFN": 0.12255042366340428,
    "UTRK": 0.12219838587393667,
    "NWBD": 0.11931508426217656,
    "AKTS": 0.11838777583045935,
    "SYTA": 0.11788606658149842,
    "CYCA": 0.11720875152430829,
    "HDIH": 0.10958019925635726,
    "FBCE": 0.1081669023309367,
    "AAPJ": 0.10676713440644132,
    "MOYFF": 0.10320391467903448,
    "MFCO": 0.10303313814992901,
    "STRH": 0.10213332017406024,
    "LMSC": 0.10188364487710017,
    "BETW": 0.10019534185226768,
    "VCTY": 0.09195054142824544,
    "LMGR": 0.09002142283513857,
    "SIML": 0.08260854031839845,
    "AXBSF": 0.0825074267460386,
    "AKOM": 0.08180468167527083,
    "MMATF": 0.07826486148651596,
    "CCWF": 0.07736784309303008,
    "IMNG": 0.07350755133546692,
    "NUHRF": 0.07118653868904654,
    "PMOZ": 0.06695143062242699,
    "MKRO": 0.06399611335802292,
    "AXCP": 0.0634382997665052,
    "XCOMQ": 0.05920330730141499,
    "ZTNO": 0.05511087091356745,
    "AWSI": 0.044636732753767575
}