{
    "SONM": 1.0000000000000002,
    "MSI": 0.24434877280742257,
    "AVNW": 0.2428288380669209,
    "TESS": 0.22778163753039618,
    "ZBRA": 0.22026553400711438,
    "ELST": 0.20496549139877177,
    "WIRX": 0.20471047688301944,
    "CAMP": 0.2043760438395217,
    "NOK": 0.20303619922563995,
    "NOKBF": 0.20303619922563995,
    "CMTL": 0.20106341976281358,
    "CSCO": 0.19998074422601286,
    "PCTI": 0.1957391566381182,
    "TTCNF": 0.19527549126485078,
    "SWIR": 0.19494841965438253,
    "CNTFY": 0.19376998515809724,
    "DZSI": 0.19344171240153704,
    "PWFL": 0.19081337913255011,
    "KVHI": 0.1894719293139452,
    "GILT": 0.18800030635693932,
    "INSG": 0.18779498850282839,
    "AACAY": 0.18664838374534248,
    "ZTCOF": 0.1865391340649882,
    "ZTCOY": 0.1865391340649882,
    "VISL": 0.1855294541631707,
    "COMM": 0.18183077010857296,
    "ITRN": 0.17931075661902787,
    "HPNN": 0.17832592499435052,
    "CHWTF": 0.17832380488742655,
    "WDSL": 0.1774785238475768,
    "ERIC": 0.17746389914914126,
    "ERIXF": 0.17746389914914126,
    "TPTW": 0.1763833974374227,
    "LTRX": 0.17614425454723576,
    "AUDC": 0.17578459195744875,
    "CLRO": 0.1748934866813703,
    "ERFB": 0.174510395435658,
    "ADTN": 0.17343918854966672,
    "JCS": 0.17326739273615213,
    "QTRHF": 0.17322288726756913,
    "VCRA": 0.1730494077087868,
    "SATS": 0.17273508910472912,
    "EXTR": 0.17260543020110095,
    "VIAV": 0.17173308924131367,
    "VNWTF": 0.1710257469557612,
    "GNRD": 0.17065919736990715,
    "HLIT": 0.1698090233365141,
    "KN": 0.1687306761415065,
    "CYSNF": 0.16869259074803705,
    "OSAT": 0.16810036288497235,
    "BKSD": 0.1666831654644493,
    "WTT": 0.16635758229097433,
    "CASA": 0.16625654350226673,
    "AACAF": 0.1662120801493904,
    "PLT": 0.16522552771132193,
    "VSAT": 0.1648218348456112,
    "TCCO": 0.16459221099321317,
    "BYLTF": 0.16447859853283894,
    "JNPR": 0.16371969057943186,
    "GTXO": 0.1634992467283712,
    "VTKLF": 0.16221418558288977,
    "VTKLY": 0.16221418558288977,
    "ORSX": 0.16070708914761717,
    "SYTA": 0.1605352096416592,
    "WSTL": 0.1600700309235294,
    "BOGN": 0.15992030503035057,
    "NTIP": 0.1593394556422335,
    "DGII": 0.15801939527609157,
    "WWII": 0.15792629054091772,
    "ONDS": 0.15712607319436522,
    "OTOW": 0.15705716701404737,
    "AVSR": 0.1564671550874867,
    "CMBM": 0.15595037550961005,
    "CLFD": 0.15386129942296492,
    "NVRVF": 0.15213574002427674,
    "ETCMY": 0.15140015714571015,
    "EUTLF": 0.15140015714571015,
    "CSTC": 0.1504189262771115,
    "YZOFF": 0.14793320552599698,
    "BDR": 0.14708081377444313,
    "FEIM": 0.14692325068802184,
    "UI": 0.14669602732731443,
    "CIEN": 0.1462818011808499,
    "STRH": 0.14528689535321626,
    "LTCCF": 0.1445911167217522,
    "KPIFF": 0.14418575874587228,
    "FKWL": 0.14361583560406646,
    "WGNR": 0.14350310133227048,
    "CRNT": 0.14349438801282868,
    "ZSTN": 0.14312608917783784,
    "JUMT": 0.14157214595103232,
    "PI": 0.14115706047326412,
    "BEWFF": 0.1409973905767023,
    "BOSC": 0.13947087661201749,
    "ETCIA": 0.13906027925556627,
    "ABILF": 0.13709253304067076,
    "AERS": 0.13652221080756574,
    "BKTI": 0.13651467053741245,
    "FLTCF": 0.13591845502838304,
    "SILC": 0.13423841042093798,
    "SIMTF": 0.1341582328593864,
    "ITI": 0.13378388068803262,
    "PRXM": 0.1328921399097266,
    "HPE": 0.1325602075680877,
    "EVTZF": 0.13240282200168674,
    "MINM": 0.13228245694071686,
    "EXFO": 0.1313766351416606,
    "UTRK": 0.12914115017236905,
    "MAXR": 0.12836080251656104,
    "AMPG": 0.12816302319868003,
    "UBLXF": 0.12806285689438532,
    "ADVOF": 0.12783680770243436,
    "VMNT": 0.1274794302497133,
    "CYCA": 0.1273825617052796,
    "AJXGF": 0.12709185042665394,
    "LITE": 0.12701395005547547,
    "IZNN": 0.1267298464644219,
    "FXCNF": 0.12668186700804535,
    "FXCNY": 0.12668186700804535,
    "AKTS": 0.1253561886175188,
    "CRMK": 0.1250947674549558,
    "OCC": 0.12458611807995851,
    "NRRWF": 0.12371125622441867,
    "BOXL": 0.12348978320472248,
    "RITT": 0.12309631624856107,
    "AAPJ": 0.12266499116868632,
    "NTGR": 0.12262667431180006,
    "HDIH": 0.1211108287305423,
    "WLAN": 0.12044899502240261,
    "ATGN": 0.12014461716702027,
    "LTTC": 0.1188981385083893,
    "BYDIF": 0.1185582392657591,
    "LMGR": 0.11756204991685623,
    "UTSI": 0.11742926935525058,
    "LMSC": 0.11733691776974169,
    "LBAS": 0.11535373589546856,
    "PAOTF": 0.11410384181359166,
    "CRLI": 0.11256327765311466,
    "ATCLF": 0.10714681940531896,
    "NWBD": 0.10485065808591625,
    "BETW": 0.10479874296755223,
    "CCWF": 0.10337879099604781,
    "AIRG": 0.10254684636576913,
    "CYBD": 0.09760835923640376,
    "FBCE": 0.0966399767160449,
    "AXCP": 0.09498313860403644,
    "EZEN": 0.0944564887103581,
    "EVSBY": 0.09431358481331308,
    "MPEG": 0.09191652894904523,
    "MFCO": 0.09160155098356414,
    "PDXP": 0.08863116805865033,
    "PMOZ": 0.08760741387720963,
    "AXBSF": 0.08545678114832143,
    "INFN": 0.08360677990235617,
    "VCTY": 0.08006355123354017,
    "MKRO": 0.07753651951873594,
    "MOYFF": 0.07502871111756118,
    "IMNG": 0.07463603655148177,
    "MMATF": 0.07441892966278033,
    "ZTNO": 0.071678344830793,
    "AKOM": 0.07023100314484398,
    "NUHRF": 0.06981205675082719,
    "XCOMQ": 0.06658820450063113,
    "SIML": 0.0645328128782148,
    "AWSI": 0.027511672606910835
}