{
    "KMFI": 1.0000000000000004,
    "FBHS": 0.31537718547808347,
    "NVFY": 0.274071858617533,
    "TILE": 0.2643900035851431,
    "AMWD": 0.2550597659125606,
    "ETH": 0.24775204380173202,
    "LUVU": 0.24678692295165416,
    "KEQU": 0.2464222487572547,
    "MAWHF": 0.23785968043240271,
    "MAWHY": 0.23785968043240271,
    "BSET": 0.23730434958604169,
    "AUVI": 0.23068499570979908,
    "KBAL": 0.23056142949839464,
    "FTDL": 0.2304321668854689,
    "LCUT": 0.23041609258209972,
    "HDUGF": 0.22624796169117964,
    "FLXS": 0.2233554259713693,
    "LEG": 0.2213484743186282,
    "ROWC": 0.22011780919486662,
    "MLHR": 0.21594311514115538,
    "LOVE": 0.21344741362199093,
    "PRPL": 0.2081264354091622,
    "WHWRF": 0.2073625226277029,
    "DIIBF": 0.20439518755076322,
    "VIRC": 0.20121905398607118,
    "GNSG": 0.19852387534258342,
    "HOFT": 0.19576589547402945,
    "TPX": 0.19428015593576095,
    "IPGGF": 0.1864726047018989,
    "PFWIQ": 0.18410378687628048,
    "SNBR": 0.1832860175717155,
    "CSPR": 0.18328167715625088,
    "DGIX": 0.18166821656100524,
    "HWDJF": 0.18044639383721334,
    "HWDJY": 0.18044639383721334,
    "WHR": 0.17684412817980444,
    "DEER": 0.17381546428380015,
    "LZB": 0.17060441343015165,
    "SNTW": 0.16572406264830852,
    "EFOI": 0.16029596369036483,
    "MHK": 0.15847153262011604,
    "BVILF": 0.1511993505707136,
    "BVILY": 0.1511993505707136,
    "NTZ": 0.1482421064308812,
    "DIAAF": 0.11679375929183033,
    "VUOC": 0.1004288536206032
}