{
    "AGR": 1.0,
    "DUK-PA": 0.47504869289105994,
    "DUK": 0.47504869289105994,
    "ED": 0.41876874674341114,
    "EMRAF": 0.41649286790935436,
    "AEP": 0.4024936364841659,
    "AEPPZ": 0.4024936364841659,
    "ES": 0.38591176847584957,
    "XEL": 0.37948616118727085,
    "CNP-PB": 0.37509390332196657,
    "CNP": 0.37509390332196657,
    "SPKE": 0.3670047149036138,
    "SPKEP": 0.3670047149036138,
    "DTE": 0.35982872036282987,
    "ABZPF": 0.3559190785217383,
    "ABZPY": 0.3559190785217383,
    "SO": 0.3434794819689644,
    "ALP-PQ": 0.3410563797475943,
    "ALPVN": 0.3410563797475943,
    "APRCP": 0.3410563797475943,
    "APRDM": 0.3410563797475943,
    "APRDN": 0.3410563797475943,
    "APRDO": 0.3410563797475943,
    "APRDP": 0.3410563797475943,
    "NEE": 0.33925076064838283,
    "NGG": 0.33426869895064054,
    "NGGTF": 0.33426869895064054,
    "CNLHN": 0.3316856319751376,
    "CNLHO": 0.3316856319751376,
    "CNLPL": 0.3316856319751376,
    "CNLPM": 0.3316856319751376,
    "CNLTL": 0.3316856319751376,
    "CNLTN": 0.3316856319751376,
    "CNTHN": 0.3316856319751376,
    "CNTHO": 0.3316856319751376,
    "CNTHP": 0.3316856319751376,
    "AEE": 0.3296233867565184,
    "ETR": 0.32810813195683575,
    "LNT": 0.3269938648372455,
    "WEC": 0.3269467080651295,
    "GNE-PA": 0.31883348336904094,
    "GNE": 0.31883348336904094,
    "IPLDP": 0.31336792699083577,
    "ELEZF": 0.3109509850572326,
    "ELEZY": 0.3109509850572326,
    "PCG": 0.3092142112157363,
    "PCGU": 0.3092142112157363,
    "FORFF": 0.2946879132425516,
    "FTS": 0.2946879132425516,
    "PNM": 0.2936897513364275,
    "PAM": 0.29095379057737825,
    "OGE": 0.2908114841707716,
    "PPL": 0.28822276654390505,
    "PNW": 0.2823789135630504,
    "EVRG": 0.28093055660156363,
    "ABOIF": 0.27973446858510415,
    "ABTZY": 0.27973446858510415,
    "D": 0.27038404974536523,
    "DCUE": 0.27038404974536523,
    "ENIC": 0.26998337852193616,
    "NSARO": 0.26327303046009803,
    "FE": 0.2624437113697232,
    "SUME": 0.26056491341996124,
    "RGPCF": 0.2481817745885203,
    "CMS": 0.240010730644907,
    "IDA": 0.23291147548658947,
    "EBR-B": 0.23196736240147903,
    "EBR": 0.23196736240147903,
    "MSSEL": 0.22904064069138674,
    "CMS-PB": 0.22729451341733256,
    "CLPHF": 0.22534633194460146,
    "CLPHY": 0.22534633194460146,
    "KEP": 0.21724703938859197,
    "RDEIY": 0.21533803593377268,
    "POR": 0.21478205622955907,
    "EGIEY": 0.21068120112221955,
    "CEPU": 0.2058788608406792,
    "EUSP": 0.1986950001653637,
    "EIX": 0.19265077552964344,
    "TERRF": 0.19050559976639658,
    "TEZNY": 0.19050559976639658,
    "USWF": 0.18616007929136014,
    "CUPUF": 0.1833628732132502,
    "IESFY": 0.17716179898494003,
    "KEN": 0.17706753491359228,
    "EQUEY": 0.17529775227771477,
    "UELMO": 0.15918476792778072,
    "UEPCN": 0.15918476792778072,
    "UEPCP": 0.15918476792778072,
    "UEPEM": 0.15918476792778072,
    "UEPEN": 0.15918476792778072,
    "UEPEO": 0.15918476792778072,
    "UEPEP": 0.15918476792778072,
    "CKISY": 0.15675252349964985,
    "MCPB": 0.13876956260302054,
    "AILIH": 0.1363361433092189,
    "AILIM": 0.1363361433092189,
    "AILIN": 0.1363361433092189,
    "AILLI": 0.1363361433092189,
    "AILLN": 0.1363361433092189,
    "IPWLK": 0.13247745740032238,
    "ENIA": 0.12404535361771017,
    "SFDPF": 0.11392630810855847,
    "RIGH": 0.11372830541451884,
    "EDN": 0.11285815101046968,
    "CTPZY": 0.0989819843827204
}