{
    "KEN": 1.0000000000000002,
    "CUPUF": 0.25317615540174376,
    "FORFF": 0.21719697477192748,
    "FTS": 0.21719697477192748,
    "EBR-B": 0.21263413379186216,
    "EBR": 0.21263413379186216,
    "GNE-PA": 0.20335882049479928,
    "GNE": 0.20335882049479928,
    "PAM": 0.19969957440441646,
    "SPKE": 0.19663414426869222,
    "SPKEP": 0.19663414426869222,
    "NEE": 0.19660625889566696,
    "CLPHF": 0.1916535623663504,
    "CLPHY": 0.1916535623663504,
    "DUK-PA": 0.18845758321111042,
    "DUK": 0.18845758321111042,
    "ABZPF": 0.18428774039160498,
    "ABZPY": 0.18428774039160498,
    "SO": 0.18039947081533173,
    "AGR": 0.17706753491359228,
    "CKISY": 0.17651651878028382,
    "ABOIF": 0.17170490210848102,
    "ABTZY": 0.17170490210848102,
    "ETR": 0.171305523559464,
    "ELEZF": 0.1706626492256844,
    "ELEZY": 0.1706626492256844,
    "ENIC": 0.17033748489726852,
    "EMRAF": 0.16882987923559603,
    "ALP-PQ": 0.16611136168741727,
    "ALPVN": 0.16611136168741727,
    "APRCP": 0.16611136168741727,
    "APRDM": 0.16611136168741727,
    "APRDN": 0.16611136168741727,
    "APRDO": 0.16611136168741727,
    "APRDP": 0.16611136168741727,
    "KEP": 0.16534631318520088,
    "CNLHN": 0.16422968256914133,
    "CNLHO": 0.16422968256914133,
    "CNLPL": 0.16422968256914133,
    "CNLPM": 0.16422968256914133,
    "CNLTL": 0.16422968256914133,
    "CNLTN": 0.16422968256914133,
    "CNTHN": 0.16422968256914133,
    "CNTHO": 0.16422968256914133,
    "CNTHP": 0.16422968256914133,
    "PNW": 0.1641226522754593,
    "CMS-PB": 0.1612646856242663,
    "PCG": 0.1604100261246197,
    "PCGU": 0.1604100261246197,
    "CEPU": 0.15887618687381871,
    "XEL": 0.15849641393767422,
    "SUME": 0.157664212185186,
    "EGIEY": 0.15695531549697747,
    "LNT": 0.1548515808799698,
    "DTE": 0.15389327314019102,
    "CNP-PB": 0.15347318508727964,
    "CNP": 0.15347318508727964,
    "AEP": 0.15264282921652453,
    "AEPPZ": 0.15264282921652453,
    "OGE": 0.15185332084995473,
    "PNM": 0.1495618037570955,
    "USWF": 0.14727462916806125,
    "NSARO": 0.14254963804629042,
    "POR": 0.14144403637445171,
    "ES": 0.13937173815100493,
    "IPLDP": 0.13647896718236976,
    "IDA": 0.13372948523529124,
    "RGPCF": 0.13347645806602063,
    "AEE": 0.13316099759609842,
    "CMS": 0.13239747923192619,
    "ED": 0.13186376430559105,
    "WEC": 0.13067850916960835,
    "FE": 0.12849166040462082,
    "RDEIY": 0.12823731935382734,
    "NGG": 0.12546531587675142,
    "NGGTF": 0.12546531587675142,
    "PPL": 0.12397483276143552,
    "D": 0.11876526601796245,
    "DCUE": 0.11876526601796245,
    "EVRG": 0.11648844289541246,
    "EQUEY": 0.11258037742667482,
    "TERRF": 0.11172134263645439,
    "TEZNY": 0.11172134263645439,
    "MSSEL": 0.11046304943750962,
    "EIX": 0.10570586820150668,
    "IESFY": 0.10247862380256059,
    "UELMO": 0.10043511451393629,
    "UEPCN": 0.10043511451393629,
    "UEPCP": 0.10043511451393629,
    "UEPEM": 0.10043511451393629,
    "UEPEN": 0.10043511451393629,
    "UEPEO": 0.10043511451393629,
    "UEPEP": 0.10043511451393629,
    "EUSP": 0.08750937184622329,
    "CTPZY": 0.0859368592910518,
    "ENIA": 0.08232584271159366,
    "EDN": 0.08108289298466612,
    "AILIH": 0.07788661923777054,
    "AILIM": 0.07788661923777054,
    "AILIN": 0.07788661923777054,
    "AILLI": 0.07788661923777054,
    "AILLN": 0.07788661923777054,
    "MCPB": 0.0675929402363043,
    "IPWLK": 0.06398295685698757,
    "SFDPF": 0.05971146745279164,
    "RIGH": 0.056628737733798284
}