{
    "PNW": 1.0,
    "PCG": 0.428461315647504,
    "PCGU": 0.428461315647504,
    "PNM": 0.42613676658311617,
    "CMS-PB": 0.415678515604927,
    "CMS": 0.40423398431761626,
    "OGE": 0.3640298937268024,
    "ED": 0.35543876797021234,
    "FE": 0.3508063806022465,
    "NEE": 0.3504479338530292,
    "FORFF": 0.3422391877767945,
    "FTS": 0.3422391877767945,
    "EVRG": 0.32726936115805644,
    "NGG": 0.3269463996114444,
    "NGGTF": 0.3269463996114444,
    "SO": 0.3109440897946555,
    "DUK-PA": 0.30307060560654137,
    "DUK": 0.30307060560654137,
    "AEP": 0.3025690201603878,
    "AEPPZ": 0.3025690201603878,
    "EIX": 0.2999402997027037,
    "WEC": 0.2952047737604742,
    "DTE": 0.2936399474187987,
    "IDA": 0.28759802607277335,
    "AGR": 0.2823789135630504,
    "ELEZF": 0.2803534916661596,
    "ELEZY": 0.2803534916661596,
    "POR": 0.2627913198794774,
    "EMRAF": 0.255547314468993,
    "IPLDP": 0.2551786808669155,
    "NSARO": 0.25469424404245095,
    "ABZPF": 0.2513536507772764,
    "ABZPY": 0.2513536507772764,
    "XEL": 0.2494580006696408,
    "ALP-PQ": 0.2487057979753328,
    "ALPVN": 0.2487057979753328,
    "APRCP": 0.2487057979753328,
    "APRDM": 0.2487057979753328,
    "APRDN": 0.2487057979753328,
    "APRDO": 0.2487057979753328,
    "APRDP": 0.2487057979753328,
    "ES": 0.24789975639947273,
    "CNP-PB": 0.24764170947032518,
    "CNP": 0.24764170947032518,
    "PAM": 0.24632709820615867,
    "AEE": 0.24374830070054654,
    "SPKE": 0.2400137434133547,
    "SPKEP": 0.2400137434133547,
    "CNLHN": 0.23607729209189443,
    "CNLHO": 0.23607729209189443,
    "CNLPL": 0.23607729209189443,
    "CNLPM": 0.23607729209189443,
    "CNLTL": 0.23607729209189443,
    "CNLTN": 0.23607729209189443,
    "CNTHN": 0.23607729209189443,
    "CNTHO": 0.23607729209189443,
    "CNTHP": 0.23607729209189443,
    "ENIC": 0.23306117903859772,
    "D": 0.23127350697012053,
    "DCUE": 0.23127350697012053,
    "LNT": 0.22969376312008494,
    "CLPHF": 0.22677815097050824,
    "CLPHY": 0.22677815097050824,
    "EBR-B": 0.22656214548160356,
    "EBR": 0.22656214548160356,
    "CUPUF": 0.22375338337855458,
    "ETR": 0.2179994255483505,
    "RDEIY": 0.20369923687844074,
    "KEP": 0.203513544609888,
    "PPL": 0.18627153282030334,
    "ABOIF": 0.1860446304806056,
    "ABTZY": 0.1860446304806056,
    "GNE-PA": 0.17469334206305942,
    "GNE": 0.17469334206305942,
    "EQUEY": 0.1708826373825986,
    "IESFY": 0.16909430390033978,
    "RGPCF": 0.16848775889372167,
    "KEN": 0.1641226522754593,
    "MSSEL": 0.15976383798475416,
    "EGIEY": 0.15941766056725382,
    "TERRF": 0.14044162361508808,
    "TEZNY": 0.14044162361508808,
    "CEPU": 0.13485820880737384,
    "EDN": 0.12536540087736628,
    "SUME": 0.12436892516390752,
    "EUSP": 0.12294005783804365,
    "UELMO": 0.12080163934225993,
    "UEPCN": 0.12080163934225993,
    "UEPCP": 0.12080163934225993,
    "UEPEM": 0.12080163934225993,
    "UEPEN": 0.12080163934225993,
    "UEPEO": 0.12080163934225993,
    "UEPEP": 0.12080163934225993,
    "AILIH": 0.11518614152839714,
    "AILIM": 0.11518614152839714,
    "AILIN": 0.11518614152839714,
    "AILLI": 0.11518614152839714,
    "AILLN": 0.11518614152839714,
    "CTPZY": 0.11354583619741984,
    "MCPB": 0.11196841927327757,
    "ENIA": 0.10547684603421274,
    "CKISY": 0.10030186669377014,
    "SFDPF": 0.07963263141626825,
    "IPWLK": 0.07854553492578055,
    "RIGH": 0.07416736209760647,
    "USWF": 0.06187638721920022
}