{
    "PPL": 1.0,
    "DUK-PA": 0.3544427573107197,
    "DUK": 0.3544427573107197,
    "EMRAF": 0.3296485177950933,
    "FORFF": 0.3251066612902676,
    "FTS": 0.3251066612902676,
    "LNT": 0.310579271392171,
    "SPKE": 0.2918871534347912,
    "SPKEP": 0.2918871534347912,
    "IPLDP": 0.2888014177687035,
    "AGR": 0.28822276654390505,
    "XEL": 0.2684791280112049,
    "CNP-PB": 0.2684445475210019,
    "CNP": 0.2684445475210019,
    "ALP-PQ": 0.2676259999023797,
    "ALPVN": 0.2676259999023797,
    "APRCP": 0.2676259999023797,
    "APRDM": 0.2676259999023797,
    "APRDN": 0.2676259999023797,
    "APRDO": 0.2676259999023797,
    "APRDP": 0.2676259999023797,
    "AEE": 0.26743841010110525,
    "PCG": 0.2662175417179648,
    "PCGU": 0.2662175417179648,
    "ED": 0.26216277062544324,
    "ETR": 0.2595021573741329,
    "ES": 0.25770005753489106,
    "SO": 0.2563933811931236,
    "AEP": 0.25487617200348905,
    "AEPPZ": 0.25487617200348905,
    "GNE-PA": 0.2541934941784798,
    "GNE": 0.2541934941784798,
    "DTE": 0.2536865636978039,
    "ABZPF": 0.24058262384688642,
    "ABZPY": 0.24058262384688642,
    "WEC": 0.23077174001281403,
    "FE": 0.2289113929558342,
    "NGG": 0.22725212578568743,
    "NGGTF": 0.22725212578568743,
    "CNLHN": 0.22513471104544486,
    "CNLHO": 0.22513471104544486,
    "CNLPL": 0.22513471104544486,
    "CNLPM": 0.22513471104544486,
    "CNLTL": 0.22513471104544486,
    "CNLTN": 0.22513471104544486,
    "CNTHN": 0.22513471104544486,
    "CNTHO": 0.22513471104544486,
    "CNTHP": 0.22513471104544486,
    "OGE": 0.21958349082579898,
    "D": 0.21809952555381323,
    "DCUE": 0.21809952555381323,
    "ELEZF": 0.2137761723786656,
    "ELEZY": 0.2137761723786656,
    "NEE": 0.208407241461098,
    "IDA": 0.20801019082892303,
    "EVRG": 0.20459472442242263,
    "MSSEL": 0.19729141316866813,
    "CLPHF": 0.19595738142651198,
    "CLPHY": 0.19595738142651198,
    "NSARO": 0.194040647698388,
    "PNW": 0.18627153282030334,
    "CMS": 0.17969000611714672,
    "ENIC": 0.17882074242767976,
    "CMS-PB": 0.17654107022076776,
    "PAM": 0.17584575082125206,
    "POR": 0.1726378051832705,
    "PNM": 0.17211175500192785,
    "EIX": 0.16795716549855896,
    "ABOIF": 0.1651899719771986,
    "ABTZY": 0.1651899719771986,
    "EQUEY": 0.16395015100853247,
    "UELMO": 0.1636660042752779,
    "UEPCN": 0.1636660042752779,
    "UEPCP": 0.1636660042752779,
    "UEPEM": 0.1636660042752779,
    "UEPEN": 0.1636660042752779,
    "UEPEO": 0.1636660042752779,
    "UEPEP": 0.1636660042752779,
    "SUME": 0.15483585082734697,
    "RDEIY": 0.15361588646224345,
    "CEPU": 0.15127410092100813,
    "EUSP": 0.14589711931069976,
    "IESFY": 0.14566282053899582,
    "KEP": 0.13701074726353238,
    "RGPCF": 0.13637402079857686,
    "EGIEY": 0.13405122930501376,
    "AILIH": 0.12985865993318169,
    "AILIM": 0.12985865993318169,
    "AILIN": 0.12985865993318169,
    "AILLI": 0.12985865993318169,
    "AILLN": 0.12985865993318169,
    "EBR-B": 0.12839181485453846,
    "EBR": 0.12839181485453846,
    "SFDPF": 0.12531926352915296,
    "TERRF": 0.12457562421777356,
    "TEZNY": 0.12457562421777356,
    "KEN": 0.12397483276143552,
    "CKISY": 0.1177310678726367,
    "USWF": 0.10951507541877592,
    "MCPB": 0.10830116699931787,
    "CUPUF": 0.10664385962984754,
    "EDN": 0.09169946255208851,
    "IPWLK": 0.08602896850034772,
    "RIGH": 0.08498040011928665,
    "ENIA": 0.08030566113765765,
    "CTPZY": 0.07175237184162064
}