{
    "AKR": 1.0000000000000002,
    "PEI-PB": 0.18946113998690722,
    "PEI-PC": 0.18946113998690722,
    "PEI-PD": 0.18946113998690722,
    "PEI": 0.18946113998690722,
    "FRT-PC": 0.14568152701485876,
    "FRT": 0.14568152701485876,
    "CBLAQ": 0.1431350411404788,
    "CBLDQ": 0.1431350411404788,
    "CBLEQ": 0.1431350411404788,
    "MPCMF": 0.1401627016831749,
    "NTST": 0.13945890963095164,
    "REG": 0.12750303282393802,
    "FRZCF": 0.120753894699174,
    "UBA": 0.11989496335689082,
    "UBP-PH": 0.11989496335689082,
    "UBP-PK": 0.11989496335689082,
    "UBP": 0.11989496335689082,
    "RVI": 0.11934394064244022,
    "EPR-PC": 0.11548930681771988,
    "EPR-PE": 0.11548930681771988,
    "EPR-PG": 0.11548930681771988,
    "EPR": 0.11548930681771988,
    "UNBLF": 0.1144412458578188,
    "WPG-PH": 0.11408421523080216,
    "WPG-PI": 0.11408421523080216,
    "WPG": 0.11408421523080216,
    "WHLR": 0.11389754363371843,
    "WHLRD": 0.11389754363371843,
    "WHLRP": 0.11389754363371843,
    "KRG": 0.11361921566596239,
    "KIM-PL": 0.11125556323007764,
    "KIM-PM": 0.11125556323007764,
    "KIM": 0.11125556323007764,
    "SRG-PA": 0.10966294394432922,
    "SRG": 0.10966294394432922,
    "CDR-PB": 0.10943651392819456,
    "CDR-PC": 0.10943651392819456,
    "CDR": 0.10943651392819456,
    "ADC": 0.10662071438316124,
    "LKREF": 0.10374341010413855,
    "BFS-PD": 0.0986100795521424,
    "BFS-PE": 0.0986100795521424,
    "BFS": 0.0986100795521424,
    "O": 0.09417545487180502,
    "GTY": 0.09216687131662195,
    "CWYUF": 0.09158044748514975,
    "SRRTF": 0.0904501208748193,
    "LPMDF": 0.09007900602424665,
    "SITC-PA": 0.08856222330444913,
    "SITC": 0.08856222330444913,
    "CMPNF": 0.08791796503722343,
    "WRI": 0.08453908768592736,
    "CPAMF": 0.0822922935970246,
    "RPT": 0.08123924620301132,
    "WSR": 0.08063602031586271,
    "BRX": 0.08006074556333438,
    "SPG-PJ": 0.07668938784254656,
    "SPG": 0.07668938784254656,
    "HMSNF": 0.0765988884775677,
    "MAC": 0.07578728227760889,
    "ROIC": 0.0679053310577343,
    "NNN-PF": 0.06774305846473859,
    "NNN": 0.06774305846473859,
    "ALX": 0.06715703996336639,
    "RIOCF": 0.06285469198566512,
    "CNRAF": 0.05853034575298647,
    "KLPEF": 0.05818056654463404,
    "SKT": 0.05631833045729672,
    "BPYU": 0.052619534821738985,
    "BPYUP": 0.052619534821738985,
    "RPAI": 0.05133875049726695,
    "STGPF": 0.03569815362689182
}