{
    "BPYU": 0.9999999999999999,
    "BPYUP": 0.9999999999999999,
    "RPT": 0.13285108389091058,
    "KIM-PL": 0.11463204084209339,
    "KIM-PM": 0.11463204084209339,
    "KIM": 0.11463204084209339,
    "ADC": 0.11349012653105721,
    "FRZCF": 0.11187814681919095,
    "SKT": 0.1073687676968702,
    "SITC-PA": 0.10598302662175096,
    "SITC": 0.10598302662175096,
    "CPAMF": 0.10462455670248097,
    "BRX": 0.10295798493730807,
    "WPG-PH": 0.10235973131037417,
    "WPG-PI": 0.10235973131037417,
    "WPG": 0.10235973131037417,
    "MPCMF": 0.10195159156950524,
    "CWYUF": 0.09971635905219793,
    "ROIC": 0.09871262385119244,
    "RPAI": 0.09816942828301695,
    "CNRAF": 0.09584368641298473,
    "BFS-PD": 0.0957179811202308,
    "BFS-PE": 0.0957179811202308,
    "BFS": 0.0957179811202308,
    "SRRTF": 0.09081604413410214,
    "SPG-PJ": 0.09044008169187552,
    "SPG": 0.09044008169187552,
    "KLPEF": 0.0902334689638981,
    "NTST": 0.08974200786516391,
    "EPR-PC": 0.08779470664319637,
    "EPR-PE": 0.08779470664319637,
    "EPR-PG": 0.08779470664319637,
    "EPR": 0.08779470664319637,
    "UBA": 0.08695302450772655,
    "UBP-PH": 0.08695302450772655,
    "UBP-PK": 0.08695302450772655,
    "UBP": 0.08695302450772655,
    "LKREF": 0.08527337626585868,
    "CDR-PB": 0.08485475339521749,
    "CDR-PC": 0.08485475339521749,
    "CDR": 0.08485475339521749,
    "RVI": 0.08322561251206463,
    "SRG-PA": 0.08282902865653424,
    "SRG": 0.08282902865653424,
    "LPMDF": 0.08061197446213711,
    "WHLR": 0.07972917181991546,
    "WHLRD": 0.07972917181991546,
    "WHLRP": 0.07972917181991546,
    "O": 0.0780237002283436,
    "REG": 0.07747528415244548,
    "UNBLF": 0.07567960316653269,
    "FRT-PC": 0.07306712542440218,
    "FRT": 0.07306712542440218,
    "MAC": 0.07000644809706792,
    "NNN-PF": 0.06889068332659114,
    "NNN": 0.06889068332659114,
    "WRI": 0.0678541076588609,
    "WSR": 0.06569421933468847,
    "RIOCF": 0.06549191793001843,
    "GTY": 0.06479318005100991,
    "CMPNF": 0.06374582057904904,
    "PEI-PB": 0.06081106859981803,
    "PEI-PC": 0.06081106859981803,
    "PEI-PD": 0.06081106859981803,
    "PEI": 0.06081106859981803,
    "KRG": 0.06081070912680865,
    "ALX": 0.05985930972829014,
    "AKR": 0.052619534821738985,
    "CBLAQ": 0.04605540845801412,
    "CBLDQ": 0.04605540845801412,
    "CBLEQ": 0.04605540845801412,
    "STGPF": 0.041066378773538074,
    "HMSNF": 0.03965991241345604
}