{
    "EPR-PC": 1.0,
    "EPR-PE": 1.0,
    "EPR-PG": 1.0,
    "EPR": 1.0,
    "HMSNF": 0.28734841860257127,
    "KRG": 0.2513377506922378,
    "SRG-PA": 0.1994593007188398,
    "SRG": 0.1994593007188398,
    "ADC": 0.1642646546632171,
    "GTY": 0.16149716300920483,
    "NTST": 0.1546599306614074,
    "WPG-PH": 0.14444854776045024,
    "WPG-PI": 0.14444854776045024,
    "WPG": 0.14444854776045024,
    "SRRTF": 0.1397258276934739,
    "BRX": 0.13909824227073173,
    "FRZCF": 0.13140990746016568,
    "BFS-PD": 0.12910962671800502,
    "BFS-PE": 0.12910962671800502,
    "BFS": 0.12910962671800502,
    "WHLR": 0.1283515544983076,
    "WHLRD": 0.1283515544983076,
    "WHLRP": 0.1283515544983076,
    "MPCMF": 0.12161647868724132,
    "SITC-PA": 0.11916924839458425,
    "SITC": 0.11916924839458425,
    "CWYUF": 0.11756982468447598,
    "LPMDF": 0.11747592806239619,
    "CMPNF": 0.11579409185572312,
    "AKR": 0.11548930681771988,
    "FRT-PC": 0.11542661058127138,
    "FRT": 0.11542661058127138,
    "UNBLF": 0.1148969642736854,
    "REG": 0.1146577394852173,
    "SPG-PJ": 0.11245312898589338,
    "SPG": 0.11245312898589338,
    "WSR": 0.11003623358211545,
    "CBLAQ": 0.10685475303606326,
    "CBLDQ": 0.10685475303606326,
    "CBLEQ": 0.10685475303606326,
    "MAC": 0.10643010391603701,
    "PEI-PB": 0.10637796047917004,
    "PEI-PC": 0.10637796047917004,
    "PEI-PD": 0.10637796047917004,
    "PEI": 0.10637796047917004,
    "KIM-PL": 0.10612459619193806,
    "KIM-PM": 0.10612459619193806,
    "KIM": 0.10612459619193806,
    "CDR-PB": 0.10159787815524206,
    "CDR-PC": 0.10159787815524206,
    "CDR": 0.10159787815524206,
    "CPAMF": 0.09733906928775017,
    "RIOCF": 0.09707712647289041,
    "RPT": 0.09391322741916161,
    "NNN-PF": 0.09316066120843872,
    "NNN": 0.09316066120843872,
    "LKREF": 0.09280833832006574,
    "SKT": 0.08938180263175598,
    "WRI": 0.08890613121728831,
    "BPYU": 0.08779470664319637,
    "BPYUP": 0.08779470664319637,
    "KLPEF": 0.0859418269684671,
    "UBA": 0.08558373929795644,
    "UBP-PH": 0.08558373929795644,
    "UBP-PK": 0.08558373929795644,
    "UBP": 0.08558373929795644,
    "ALX": 0.08286572694005999,
    "ROIC": 0.0810939950180405,
    "O": 0.08037150390663349,
    "RPAI": 0.07896141412272766,
    "CNRAF": 0.07654803517271486,
    "RVI": 0.07254570273806059,
    "STGPF": 0.04230152104642846
}