{
    "NNN-PF": 1.0,
    "NNN": 1.0,
    "ADC": 0.2948745992458939,
    "RPAI": 0.26213443369504524,
    "WRI": 0.25667856403455624,
    "SRG-PA": 0.21618706239707863,
    "SRG": 0.21618706239707863,
    "CDR-PB": 0.209471565002115,
    "CDR-PC": 0.209471565002115,
    "CDR": 0.209471565002115,
    "KIM-PL": 0.19009740128419475,
    "KIM-PM": 0.19009740128419475,
    "KIM": 0.19009740128419475,
    "GTY": 0.1863083986199135,
    "NTST": 0.18543416735103585,
    "RIOCF": 0.18465578651819464,
    "BFS-PD": 0.17874185959389413,
    "BFS-PE": 0.17874185959389413,
    "BFS": 0.17874185959389413,
    "RPT": 0.17804732587722788,
    "LPMDF": 0.17544571886848714,
    "CBLAQ": 0.16933713953750204,
    "CBLDQ": 0.16933713953750204,
    "CBLEQ": 0.16933713953750204,
    "CWYUF": 0.1497042036489766,
    "MPCMF": 0.14318425567261944,
    "FRT-PC": 0.14073096911380148,
    "FRT": 0.14073096911380148,
    "BRX": 0.1339220030088433,
    "WPG-PH": 0.1337227092156072,
    "WPG-PI": 0.1337227092156072,
    "WPG": 0.1337227092156072,
    "UBA": 0.12436538680394454,
    "UBP-PH": 0.12436538680394454,
    "UBP-PK": 0.12436538680394454,
    "UBP": 0.12436538680394454,
    "MAC": 0.12284801287301782,
    "FRZCF": 0.12206637579994974,
    "SKT": 0.12143136454527585,
    "CMPNF": 0.11561248365806316,
    "O": 0.11330252453607391,
    "PEI-PB": 0.11302870968397596,
    "PEI-PC": 0.11302870968397596,
    "PEI-PD": 0.11302870968397596,
    "PEI": 0.11302870968397596,
    "ROIC": 0.11040573686526388,
    "CPAMF": 0.10577515474689332,
    "EPR-PC": 0.09316066120843872,
    "EPR-PE": 0.09316066120843872,
    "EPR-PG": 0.09316066120843872,
    "EPR": 0.09316066120843872,
    "CNRAF": 0.08431111605098905,
    "UNBLF": 0.07841213780502056,
    "REG": 0.07613202694622476,
    "WSR": 0.07394029509336118,
    "SRRTF": 0.0736426289408869,
    "ALX": 0.06997977447086651,
    "SITC-PA": 0.06908426041378556,
    "SITC": 0.06908426041378556,
    "BPYU": 0.06889068332659114,
    "BPYUP": 0.06889068332659114,
    "HMSNF": 0.06826071730531245,
    "AKR": 0.06774305846473859,
    "WHLR": 0.06536031575975544,
    "WHLRD": 0.06536031575975544,
    "WHLRP": 0.06536031575975544,
    "LKREF": 0.06456717417309024,
    "SPG-PJ": 0.05849654712764721,
    "SPG": 0.05849654712764721,
    "KLPEF": 0.05233847926377689,
    "STGPF": 0.05161139260439098,
    "KRG": 0.04401895195591479,
    "RVI": 0.04190895598139088
}