{
    "UROY": 1.0000000000000002,
    "UEC": 0.34732051766989397,
    "ANLDF": 0.26128675029789733,
    "UUUU": 0.26107545024980483,
    "URG": 0.2532412774191847,
    "GVXXF": 0.2494254753602873,
    "MARXF": 0.2472398606668812,
    "STTDF": 0.23447721646861885,
    "ALXEF": 0.23324943983820545,
    "FISOF": 0.22955266042151284,
    "WSTRF": 0.2248963092772044,
    "AZURF": 0.22315519812440626,
    "ENCUF": 0.22278008878700942,
    "BNNLF": 0.21566246240986967,
    "PLUUF": 0.2134489339520073,
    "NXE": 0.21019754852131212,
    "IRNG": 0.2064743770681453,
    "ISENF": 0.2051055035097793,
    "PUMGF": 0.20294083739214355,
    "BSENF": 0.19891438991343294,
    "DNN": 0.19577052243406176,
    "AZZUF": 0.19542373247397052,
    "FCUUF": 0.18993539524399866,
    "URVNF": 0.18888604322751507,
    "BKUCF": 0.18479082088427712,
    "PENMF": 0.18172748340405837,
    "DYLLF": 0.17905718492451606,
    "SRSIF": 0.17886262726266652,
    "APAAF": 0.17271586389920163,
    "XEPRF": 0.16787188706685746,
    "YLLXF": 0.16370094968951782,
    "MGAFF": 0.16221504738433434,
    "CCJ": 0.15922185395627506,
    "VEGYF": 0.15811211349412918,
    "JTCMF": 0.14871971230648215,
    "URPTF": 0.14148386472497876,
    "LEU": 0.12742464847713952,
    "BKLRF": 0.12626506476360094,
    "EGRAF": 0.12406904627830018
}