{
    "UUUU": 1.0000000000000002,
    "ANLDF": 0.48343676278336256,
    "UEC": 0.44518488110275506,
    "GVXXF": 0.39213297525497776,
    "ENCUF": 0.3920701384211069,
    "URG": 0.37381335114070097,
    "WSTRF": 0.3708980679215103,
    "AZURF": 0.352795171073468,
    "PLUUF": 0.34989638814669133,
    "PENMF": 0.3261029586508754,
    "MARXF": 0.31952316332248015,
    "FISOF": 0.29933913140424845,
    "ISENF": 0.29299027223277363,
    "IRNG": 0.28466273743055304,
    "NXE": 0.28224251730012223,
    "ALXEF": 0.2777420927332849,
    "PUMGF": 0.2763292096259672,
    "VEGYF": 0.27506017837878893,
    "BNNLF": 0.2692017256873241,
    "AZZUF": 0.2659337635013256,
    "XEPRF": 0.26540734062276694,
    "UROY": 0.26107545024980483,
    "CCJ": 0.2531966785626601,
    "FCUUF": 0.2459990311819251,
    "MGAFF": 0.24410330821408455,
    "URVNF": 0.2402030536680609,
    "DNN": 0.23978797409059752,
    "STTDF": 0.2311925827851184,
    "BKUCF": 0.22731847520775703,
    "SRSIF": 0.22500224105630748,
    "JTCMF": 0.22410852899908676,
    "APAAF": 0.21991749821156464,
    "DYLLF": 0.21523592935587887,
    "LEU": 0.20956760540681985,
    "BSENF": 0.20943128640197492,
    "BKLRF": 0.20533578737014477,
    "YLLXF": 0.20149183291272008,
    "URPTF": 0.18374904343190163,
    "EGRAF": 0.18365877114206322
}