{
    "VMI": 1.0000000000000002,
    "TKAMY": 0.4132399551462495,
    "TYEKF": 0.4132399551462495,
    "AP": 0.36745592513394276,
    "MUEL": 0.32295505903444394,
    "WOR": 0.31538838891109544,
    "MLI": 0.2977111700960709,
    "TPCS": 0.28761263100446577,
    "HIHO": 0.282118364513955,
    "MEC": 0.268919404243033,
    "IAALF": 0.265503743549168,
    "SGBX": 0.26518809900615375,
    "IIIN": 0.26503302911255494,
    "NWPX": 0.26382123457917456,
    "THRR": 0.24673200144594004,
    "TDYT": 0.244445369060859,
    "OLNCF": 0.24357133011322163,
    "HAYN": 0.2417375734430748,
    "ATI": 0.24144333425187567,
    "RYI": 0.2377340371653061,
    "CRS": 0.22818845067779178,
    "LQMT": 0.22746028405940513,
    "MTRT": 0.21883023697322546,
    "ERILF": 0.21160960131520792,
    "ARCW": 0.20661026192268148,
    "AMGY": 0.20526160712520983,
    "RIVT": 0.2031680125036655,
    "GEIN": 0.1829961039539012,
    "CDNO": 0.1634425083563075,
    "ELNX": 0.15281661343152386,
    "PRLB": 0.1365794603358274,
    "CHTM": 0.10177088885799924,
    "FEDC": 0.09907694772396847
}