{
    "EPOKY": 1.0000000000000004,
    "KMTUF": 0.2826140426454491,
    "KMTUY": 0.2826140426454491,
    "DE": 0.2795028673456124,
    "CAT": 0.27605845320039163,
    "WKRCF": 0.2744135521293892,
    "KUBTF": 0.2678630451702697,
    "KUBTY": 0.2678630451702697,
    "VLVLY": 0.2632754161979407,
    "VOLAF": 0.2632754161979407,
    "VOLVF": 0.2632754161979407,
    "PCAR": 0.2612910613363403,
    "ARTW": 0.25951593390510574,
    "CNHI": 0.2575614401251422,
    "ALG": 0.2533197480559142,
    "AGCO": 0.25239874628028325,
    "SHYF": 0.25087558743730315,
    "NAV": 0.24894688468277226,
    "OSK": 0.24746484422167161,
    "HYFM": 0.24216452456274118,
    "PUTKY": 0.2380395729404203,
    "FIRRF": 0.23522395588990624,
    "FIRRY": 0.23522395588990624,
    "KIGRY": 0.23056560814224694,
    "SNYYF": 0.22898522090751972,
    "LNN": 0.22475257606800686,
    "HY": 0.22200681237716807,
    "SRNA": 0.22181804230769062,
    "UGRO": 0.21608785298160116,
    "TWI": 0.21571269619183783,
    "ASTE": 0.21156821156842598,
    "TRATF": 0.21134887793648366,
    "AMMX": 0.1992604546512295,
    "WNC": 0.19407983255579697,
    "OSRS": 0.1937559376625415,
    "CMCO": 0.18849313620251779,
    "TEX": 0.1844768702617241,
    "MNTX": 0.1833842527338513,
    "MTW": 0.1821497479919256,
    "LKHLY": 0.18098176550126846,
    "ZLIOF": 0.1765837193561545,
    "ZLIOY": 0.1765837193561545,
    "HTCMY": 0.17467807430693244,
    "GRSO": 0.1684233256251893,
    "GWPD": 0.1671166616169467,
    "OUKPY": 0.16612880614665426,
    "AGGZF": 0.16426564938574076,
    "BWOWF": 0.15998993463287392,
    "GENC": 0.1583396028930557,
    "REVG": 0.1577675324502506,
    "TURV": 0.15105175018738212,
    "PLFRY": 0.14933663176912887,
    "CYLC": 0.1362479379948417,
    "MAGOF": 0.12909561818259138,
    "MAGOY": 0.12909561818259138,
    "GRNH": 0.1218549263695859,
    "BIIAF": 0.11746663921686068,
    "TYTN": 0.09742306258112686,
    "CUBXF": 0.09644639008658043,
    "CLEV": 0.09275408474834891,
    "TAKD": 0.09059976319970936,
    "FBRKF": 0.08195469193554092
}