{
    "HY": 1.0000000000000002,
    "NAV": 0.3564429562462921,
    "PCAR": 0.3542270137237804,
    "SHYF": 0.3144588026283832,
    "CNHI": 0.3135089346660603,
    "FIRRF": 0.31233767559226666,
    "FIRRY": 0.31233767559226666,
    "VLVLY": 0.31221075352438943,
    "VOLAF": 0.31221075352438943,
    "VOLVF": 0.31221075352438943,
    "WKRCF": 0.29707411176892234,
    "MTW": 0.2793783816044539,
    "AGCO": 0.27881483059299206,
    "KUBTF": 0.2758237980626569,
    "KUBTY": 0.2758237980626569,
    "OSK": 0.2685167064267996,
    "LNN": 0.2677616396224765,
    "KMTUF": 0.26432131564336214,
    "KMTUY": 0.26432131564336214,
    "DE": 0.2630673975811945,
    "KIGRY": 0.26298531120720037,
    "TRATF": 0.26189796936481574,
    "AMMX": 0.26010015670126463,
    "TWI": 0.25968584493722485,
    "OSRS": 0.25766514964644655,
    "CAT": 0.25429229721673025,
    "ARTW": 0.25136113487725514,
    "ALG": 0.250053827794928,
    "CMCO": 0.24948401630307548,
    "PUTKY": 0.24606783561795365,
    "TEX": 0.24040107133465521,
    "MNTX": 0.23985529391507468,
    "ASTE": 0.23520387514884394,
    "WNC": 0.23202299543989358,
    "HYFM": 0.2303371860857159,
    "ZLIOF": 0.22880346606369284,
    "ZLIOY": 0.22880346606369284,
    "REVG": 0.22426180527348413,
    "LKHLY": 0.22413811748452736,
    "SRNA": 0.22217574213210403,
    "EPOKY": 0.22200681237716807,
    "GENC": 0.20820014422092292,
    "BIIAF": 0.2044525431023134,
    "AGGZF": 0.19680710348390354,
    "UGRO": 0.1958951155111921,
    "GWPD": 0.1953111317577862,
    "GRSO": 0.18600416398234346,
    "GRNH": 0.17542137255093218,
    "OUKPY": 0.17213322263430197,
    "HTCMY": 0.17016165008745218,
    "PLFRY": 0.16971602599768248,
    "SNYYF": 0.1688960817832124,
    "MAGOF": 0.16309770784759334,
    "MAGOY": 0.16309770784759334,
    "BWOWF": 0.15542278705353868,
    "TYTN": 0.15509466982398223,
    "CLEV": 0.13890813302800786,
    "TAKD": 0.12868058492089074,
    "FBRKF": 0.1259561666981474,
    "CYLC": 0.11781174336210742,
    "TURV": 0.11191091495089531,
    "CUBXF": 0.10848833094588328
}