{
    "PUTKY": 1.0,
    "SNYYF": 0.3885641217574928,
    "KMTUF": 0.3242713370868625,
    "KMTUY": 0.3242713370868625,
    "NAV": 0.3112141976448107,
    "FIRRF": 0.30954223707249523,
    "FIRRY": 0.30954223707249523,
    "KUBTF": 0.30744214167059014,
    "KUBTY": 0.30744214167059014,
    "VLVLY": 0.30336291157456785,
    "VOLAF": 0.30336291157456785,
    "VOLVF": 0.30336291157456785,
    "AMMX": 0.3032695657613421,
    "WKRCF": 0.30284313709773647,
    "PCAR": 0.2945661554513067,
    "CNHI": 0.28976032096651083,
    "TRATF": 0.2867485848848844,
    "DE": 0.27877240512933976,
    "SHYF": 0.2751375502253527,
    "OSRS": 0.2740284495381571,
    "CAT": 0.2739183513557788,
    "HTCMY": 0.2677016383328813,
    "ZLIOF": 0.264633051709837,
    "ZLIOY": 0.264633051709837,
    "OSK": 0.26298667752251703,
    "AGCO": 0.2556925721718982,
    "TWI": 0.25492396351022406,
    "LNN": 0.2486934279829053,
    "HY": 0.24606783561795365,
    "MTW": 0.24201329148613526,
    "EPOKY": 0.2380395729404203,
    "KIGRY": 0.2372177743351746,
    "ASTE": 0.23223648380172468,
    "UGRO": 0.22978057256474674,
    "ALG": 0.2296283270054898,
    "HYFM": 0.2261879995728599,
    "ARTW": 0.22169634066399596,
    "LKHLY": 0.22119551948827654,
    "SRNA": 0.2122492274400805,
    "GENC": 0.20587411115520307,
    "MNTX": 0.2053996296016511,
    "OUKPY": 0.20306469125995064,
    "CMCO": 0.19923844622046444,
    "TEX": 0.19709692195368506,
    "WNC": 0.19570299874778885,
    "BWOWF": 0.19319825415844896,
    "GRSO": 0.18714662397250836,
    "GWPD": 0.18501730928045318,
    "TYTN": 0.18465149442375578,
    "PLFRY": 0.1775910161563395,
    "REVG": 0.165798815068029,
    "AGGZF": 0.16011435368076427,
    "BIIAF": 0.15791533314053188,
    "MAGOF": 0.15700819054937487,
    "MAGOY": 0.15700819054937487,
    "GRNH": 0.15366631319730434,
    "TURV": 0.13919974772176008,
    "CYLC": 0.1334479749511239,
    "CLEV": 0.12870963788578768,
    "FBRKF": 0.12572265439298294,
    "TAKD": 0.12127787463244231,
    "CUBXF": 0.10288782192653623
}