{
    "SHYF": 1.0000000000000002,
    "PCAR": 0.451141795762017,
    "CNHI": 0.42733639443783267,
    "OSK": 0.42627314338894595,
    "NAV": 0.4182419479038349,
    "VLVLY": 0.377061816920184,
    "VOLAF": 0.377061816920184,
    "VOLVF": 0.377061816920184,
    "REVG": 0.3738765286697095,
    "TRATF": 0.36139041809261996,
    "WNC": 0.34662272207530326,
    "AGCO": 0.3364210566380408,
    "WKRCF": 0.3347665098307942,
    "CAT": 0.3277453458136932,
    "FIRRF": 0.3184398398421802,
    "FIRRY": 0.3184398398421802,
    "KUBTF": 0.3165467452594533,
    "KUBTY": 0.3165467452594533,
    "KIGRY": 0.3162134068587222,
    "AMMX": 0.3145931792895565,
    "HY": 0.3144588026283832,
    "MTW": 0.3143518963209436,
    "DE": 0.3130519955261267,
    "TWI": 0.30439739741792854,
    "LNN": 0.3037795426707087,
    "ARTW": 0.3025582145122987,
    "ZLIOF": 0.2957725230206285,
    "ZLIOY": 0.2957725230206285,
    "KMTUF": 0.2917151955201578,
    "KMTUY": 0.2917151955201578,
    "MNTX": 0.2874705612843748,
    "ALG": 0.28574929072297256,
    "HYFM": 0.28284491750260204,
    "PUTKY": 0.2751375502253527,
    "SRNA": 0.2750414539186923,
    "UGRO": 0.26875793276122384,
    "MAGOF": 0.2522290709366546,
    "MAGOY": 0.2522290709366546,
    "EPOKY": 0.25087558743730315,
    "OSRS": 0.2505875061371557,
    "LKHLY": 0.250134036447814,
    "ASTE": 0.24918538625782524,
    "GENC": 0.24555037245342137,
    "GRSO": 0.2410591979393775,
    "TEX": 0.23788007314056567,
    "GWPD": 0.23467907384886558,
    "TYTN": 0.2336117549020676,
    "CMCO": 0.22831509912863807,
    "HTCMY": 0.22746973575350257,
    "BIIAF": 0.2189008293910625,
    "OUKPY": 0.21620157090085357,
    "AGGZF": 0.2123405493976896,
    "SNYYF": 0.20985333020204522,
    "GRNH": 0.20723810370931306,
    "PLFRY": 0.1949367420543776,
    "BWOWF": 0.18907565282804809,
    "CLEV": 0.16178549333495654,
    "FBRKF": 0.1503547713441967,
    "CUBXF": 0.1372737013974336,
    "CYLC": 0.13553456070736222,
    "TAKD": 0.13323778258000024,
    "TURV": 0.12316643085878144
}