{
    "TURV": 1.0000000000000002,
    "KUBTF": 0.1777579612825756,
    "KUBTY": 0.1777579612825756,
    "AMMX": 0.15430958667948505,
    "FIRRF": 0.15396737775630176,
    "FIRRY": 0.15396737775630176,
    "EPOKY": 0.15105175018738212,
    "PUTKY": 0.13919974772176008,
    "NAV": 0.13433496862168406,
    "HYFM": 0.13143400679679956,
    "TRATF": 0.12976523459975506,
    "PCAR": 0.1254579064088276,
    "LNN": 0.12508691136899236,
    "UGRO": 0.12440814380110819,
    "OSRS": 0.12399782128524513,
    "SHYF": 0.12316643085878144,
    "TYTN": 0.11958757037639958,
    "WKRCF": 0.11596681843905504,
    "HY": 0.11191091495089531,
    "CNHI": 0.11178348551453507,
    "KIGRY": 0.11112069425256918,
    "VLVLY": 0.11049082993749165,
    "VOLAF": 0.11049082993749165,
    "VOLVF": 0.11049082993749165,
    "ZLIOF": 0.11007815518724409,
    "ZLIOY": 0.11007815518724409,
    "MNTX": 0.10842067623429288,
    "OSK": 0.10819697916873347,
    "CUBXF": 0.1066845983741021,
    "MTW": 0.10649777169757609,
    "LKHLY": 0.10599205699599479,
    "GWPD": 0.10478193461987927,
    "FBRKF": 0.10442929075205372,
    "AGCO": 0.10380758202997356,
    "MAGOF": 0.10256982895371836,
    "MAGOY": 0.10256982895371836,
    "TWI": 0.10244069353963262,
    "GRSO": 0.10144485358124133,
    "SRNA": 0.10115201791610799,
    "BIIAF": 0.09996696331182582,
    "SNYYF": 0.09995359317942534,
    "DE": 0.09953960118034415,
    "CAT": 0.09845947401808056,
    "OUKPY": 0.0944141909888401,
    "ARTW": 0.09222336751323948,
    "GENC": 0.09086206618771206,
    "KMTUF": 0.0900813009067574,
    "KMTUY": 0.0900813009067574,
    "HTCMY": 0.08884843383452154,
    "AGGZF": 0.08733769361423158,
    "REVG": 0.08635573825410578,
    "TEX": 0.08614483738603346,
    "GRNH": 0.08536938368960002,
    "ALG": 0.08016027329628272,
    "CYLC": 0.07836625309094167,
    "WNC": 0.07719632333958654,
    "CMCO": 0.07527352340184373,
    "PLFRY": 0.07268058282818793,
    "BWOWF": 0.07074605019498795,
    "CLEV": 0.0687371016310401,
    "ASTE": 0.06706845150055034,
    "TAKD": 0.06609599770287083
}