{
    "TWI": 1.0,
    "DE": 0.36572950352862976,
    "NAV": 0.34043373889148815,
    "PCAR": 0.3373363565039501,
    "CNHI": 0.3347781339447571,
    "VLVLY": 0.3226379367237949,
    "VOLAF": 0.3226379367237949,
    "VOLVF": 0.3226379367237949,
    "AGCO": 0.31897185009502094,
    "CAT": 0.3167629143678217,
    "WKRCF": 0.30900526030057307,
    "KMTUF": 0.30663128708015674,
    "KMTUY": 0.30663128708015674,
    "SHYF": 0.30439739741792854,
    "FIRRF": 0.2976628305533634,
    "FIRRY": 0.2976628305533634,
    "MNTX": 0.29229384077463516,
    "LNN": 0.29107930289928075,
    "AMMX": 0.29010179958839055,
    "KUBTF": 0.2874486573655696,
    "KUBTY": 0.2874486573655696,
    "OSK": 0.28686670738713055,
    "MTW": 0.2761324402925579,
    "ARTW": 0.26563813709672823,
    "LKHLY": 0.26332614678810723,
    "HYFM": 0.26276081512594374,
    "HY": 0.25968584493722485,
    "ALG": 0.25683229243536093,
    "ZLIOF": 0.2562966528365968,
    "ZLIOY": 0.2562966528365968,
    "PUTKY": 0.25492396351022406,
    "OSRS": 0.2500068293955141,
    "CMCO": 0.24955772327587636,
    "TRATF": 0.23962532268616998,
    "TEX": 0.23959479386915353,
    "SNYYF": 0.2314567744955148,
    "UGRO": 0.23063500148604,
    "REVG": 0.23010187389056494,
    "KIGRY": 0.2283785054275113,
    "SRNA": 0.22789091695398728,
    "GENC": 0.22496024829463993,
    "ASTE": 0.22456200016408204,
    "WNC": 0.2238478671825798,
    "PLFRY": 0.22193682567425896,
    "EPOKY": 0.21571269619183783,
    "OUKPY": 0.21025084000510819,
    "HTCMY": 0.20788204553414039,
    "AGGZF": 0.19961978049796653,
    "BIIAF": 0.1994206307089319,
    "TYTN": 0.19541777437133384,
    "GRSO": 0.19380319636991175,
    "GWPD": 0.18513894841235026,
    "MAGOF": 0.17664905569252962,
    "MAGOY": 0.17664905569252962,
    "GRNH": 0.17544182529534186,
    "BWOWF": 0.16696818449136716,
    "CLEV": 0.14235076326732338,
    "TAKD": 0.14129410724561947,
    "CUBXF": 0.13190078119337706,
    "CYLC": 0.12632015804099944,
    "FBRKF": 0.10999377001761546,
    "TURV": 0.10244069353963262
}