{
    "CPRI": 1.0000000000000004,
    "LEVI": 0.330315561805275,
    "KTB": 0.32234761170574644,
    "SGC": 0.31666825166773355,
    "OXM": 0.3113027795648517,
    "GOOS": 0.29602420110137,
    "COLM": 0.2905437140819308,
    "UA": 0.27857099746087627,
    "UAA": 0.27857099746087627,
    "NICH": 0.2760567155263342,
    "RYPPF": 0.27517634676606945,
    "PVH": 0.27393295212428187,
    "GLSEF": 0.27213195314960575,
    "VFC": 0.2716710883200229,
    "TSIHF": 0.2685170201940118,
    "HBI": 0.2668560938223532,
    "VNCE": 0.26647725650091975,
    "GLLHF": 0.2660032844046434,
    "WACLY": 0.2659363751408882,
    "USYNF": 0.25842219379703124,
    "EVK": 0.2548608364567999,
    "SEPGY": 0.2546870675623758,
    "LOTE": 0.25389419597401097,
    "KBSF": 0.2528515117366785,
    "PBBSF": 0.25236350955522546,
    "WLFDY": 0.25187697934877107,
    "CDGXY": 0.24973655345139098,
    "DLA": 0.2493014715387412,
    "BOSSY": 0.23458795303432387,
    "NAKD": 0.23378256465750982,
    "MONRF": 0.22888676231520502,
    "BSDGF": 0.22757649782493625,
    "BSDGY": 0.22757649782493625,
    "ICON": 0.22549363355647034,
    "LYJN": 0.22357679450866483,
    "EDSFF": 0.217650373099937,
    "XELB": 0.21392704646803798,
    "TRUA": 0.20784312581633652,
    "JNBYF": 0.20504852886390346,
    "LAKE": 0.20475511362628224,
    "OMVE": 0.20437108716415162,
    "TALN": 0.19605786986369333,
    "NLLGF": 0.19370486085416552,
    "JRSH": 0.1863612024511513,
    "HMRZF": 0.18259129184006573,
    "HNNMY": 0.18259129184006573,
    "SQBG": 0.17676762343058816,
    "GIL": 0.1749525073828822,
    "RL": 0.1678940296784274,
    "CRTL": 0.14523491845088551,
    "SUUB": 0.14474415299284113,
    "DRCR": 0.13332778466075262,
    "CGAC": 0.12484973878365624,
    "JLMC": 0.12276508186372986,
    "TFRFF": 0.1172344939759616,
    "TFAN": 0.10751890798989813,
    "GFTX": 0.0997406469392643,
    "CIND": 0.09481862802528236,
    "SSTU": 0.09240922604864601,
    "APPM": 0.015259206092093464
}