{
    "JLMC": 1.0000000000000002,
    "OMVE": 0.16037421881945385,
    "NICH": 0.15291400135658406,
    "BOSSY": 0.13999582797623591,
    "PBBSF": 0.1393382127424468,
    "RYPPF": 0.1363913907766517,
    "CDGXY": 0.13468550091962644,
    "LEVI": 0.13380775766451225,
    "LYJN": 0.1330971405874062,
    "SQBG": 0.13304806102623895,
    "KTB": 0.131187448008256,
    "NAKD": 0.13080902305895148,
    "TRUA": 0.12986824354452164,
    "SGC": 0.1269576259444322,
    "EVK": 0.1260853782505647,
    "LOTE": 0.12467774622634453,
    "CPRI": 0.12276508186372986,
    "UA": 0.1225199683047063,
    "UAA": 0.1225199683047063,
    "COLM": 0.12246609793681179,
    "OXM": 0.12203320151992512,
    "PVH": 0.12137657032922115,
    "TSIHF": 0.12119387185449575,
    "HBI": 0.12083611464508826,
    "DLA": 0.11620637980765826,
    "JRSH": 0.11582869094954411,
    "ICON": 0.1146175480881167,
    "USYNF": 0.11370278042620871,
    "VNCE": 0.11280256997631108,
    "WLFDY": 0.11188383379847598,
    "VFC": 0.1117548980615323,
    "GOOS": 0.11165151470541712,
    "GLLHF": 0.11080757683762625,
    "XELB": 0.10954832682134223,
    "WACLY": 0.10947978978166331,
    "TALN": 0.10744091971602972,
    "MONRF": 0.10637192205693592,
    "NLLGF": 0.10171196465698294,
    "SEPGY": 0.101311594683459,
    "KBSF": 0.09765877028569334,
    "TFAN": 0.09532900672388651,
    "LAKE": 0.0941600783815991,
    "GLSEF": 0.0933675338589066,
    "RL": 0.09335387363610483,
    "BSDGF": 0.09267313549411706,
    "BSDGY": 0.09267313549411706,
    "EDSFF": 0.08946723605646885,
    "JNBYF": 0.08863533572596362,
    "GIL": 0.0878614420298622,
    "SUUB": 0.08619900323234751,
    "TFRFF": 0.08080923494381582,
    "CRTL": 0.07853581005282591,
    "HMRZF": 0.07706194503853468,
    "HNNMY": 0.07706194503853468,
    "DRCR": 0.0733832896414154,
    "CGAC": 0.07118794391489851,
    "GFTX": 0.06712794333019978,
    "SSTU": 0.05593135015494133,
    "CIND": 0.05323867116126657,
    "APPM": 0.03156447035820764
}