{
    "KALG": 1.0,
    "CERX": 0.30989223947336286,
    "AEXE": 0.27633382188835776,
    "ROYE": 0.2707327933984419,
    "NHPEF": 0.2418679316212772,
    "PTIZF": 0.23972998320818947,
    "SGBH": 0.21750373757737435,
    "NC": 0.20659605521909963,
    "ADOOY": 0.20460203485862025,
    "SHGP": 0.2035996804733563,
    "ARCH": 0.20312959044951517,
    "CCOZF": 0.19778880475082108,
    "CCOZY": 0.19778880475082108,
    "HNRG": 0.19264858124818315,
    "BTU": 0.18758523846061648,
    "SGQRF": 0.18173475356324012,
    "DMCHY": 0.18169290684494366,
    "NRP": 0.18058294934987615,
    "PBMRF": 0.17910096463594796,
    "PBMRY": 0.17910096463594796,
    "ARLP": 0.17596841366302254,
    "TBNGY": 0.17200950801997442,
    "WRLC": 0.1665538755309037,
    "WECFF": 0.16581296311252297,
    "WHITF": 0.16540681794926093,
    "CEIX": 0.1628420360720679,
    "CSUAY": 0.15940907850170577,
    "CUAEF": 0.15940907850170577,
    "YZCAY": 0.15834699423570447,
    "YZCHF": 0.15834699423570447,
    "KIRY": 0.1390237685525622,
    "RHNO": 0.12809381828645255,
    "PNGZF": 0.12392338369929232,
    "PNRLY": 0.12392338369929232
}