{
    "CCMP": 1.0,
    "ENTG": 0.3712334251318623,
    "AIXXF": 0.35403145575576755,
    "ASYS": 0.35262152341144026,
    "AMAT": 0.3444581966300574,
    "ADTTF": 0.3353384043549115,
    "ATEYY": 0.3353384043549115,
    "ASMIY": 0.33316039927152763,
    "ASMXF": 0.33316039927152763,
    "PLAB": 0.30975428480519346,
    "SCIA": 0.3036689327753909,
    "OXINF": 0.2874364569866243,
    "RBCN": 0.28524162714775064,
    "KLIC": 0.28144553189521765,
    "ACLS": 0.2806919868120821,
    "VECO": 0.27868869722687556,
    "TRT": 0.27454634848253223,
    "DSCSY": 0.26071704849003163,
    "OLED": 0.25759954612690017,
    "ASML": 0.2522489746580708,
    "ASMLF": 0.2522489746580708,
    "TOELF": 0.24754826289628862,
    "TOELY": 0.24754826289628862,
    "BESIY": 0.24743611216042216,
    "KLAC": 0.24173377896227835,
    "SESMF": 0.24074634057470437,
    "TER": 0.23709890560287505,
    "UCTT": 0.236860594580855,
    "ICHR": 0.23386166389204477,
    "IQEPF": 0.23028155807635708,
    "BRKS": 0.22906149196161868,
    "IPGP": 0.22620021946048252,
    "SODI": 0.22558937336934262,
    "CAMT": 0.20999092548790443,
    "COHU": 0.20903718188368003,
    "AXTI": 0.20803465482571953,
    "RNWEF": 0.20581060150478256,
    "RNWEY": 0.20581060150478256,
    "MMAPF": 0.20241756823398752,
    "AEHR": 0.20187770663145493,
    "ATOM": 0.20075325221611226,
    "SCON": 0.20044583830895046,
    "ASMVF": 0.19996828539014994,
    "ASMVY": 0.19996828539014994,
    "SLOIY": 0.19856746904989242,
    "NVMI": 0.1963524063799713,
    "SUMCF": 0.19612399108089107,
    "SUOPY": 0.19612399108089107,
    "STRI": 0.18186026102000058,
    "NNOCF": 0.18084252555160235,
    "ACMR": 0.17926835167741026,
    "LRCX": 0.16539622978102583,
    "MCRNF": 0.15745378251192224,
    "MYBUF": 0.15396429356747932,
    "XPER": 0.15105036431199007,
    "INDI": 0.1470776640786512,
    "AMBA": 0.14223802953089196,
    "SPVNF": 0.13627758382931873,
    "DQ": 0.13369848033305715,
    "TGAN": 0.1285605639922747,
    "GSTX": 0.1170959327440392
}