{
    "ENTG": 1.0000000000000002,
    "KLIC": 0.39196858991559225,
    "CCMP": 0.3712334251318623,
    "AMAT": 0.3642250419549118,
    "ICHR": 0.35774324413974623,
    "PLAB": 0.3434855843115018,
    "ASYS": 0.33728031168306194,
    "ADTTF": 0.3351430966285902,
    "ATEYY": 0.3351430966285902,
    "ASMIY": 0.32583102235141037,
    "ASMXF": 0.32583102235141037,
    "BESIY": 0.3208692049971175,
    "AIXXF": 0.32080297470824554,
    "OXINF": 0.31906131521768816,
    "TRT": 0.3160184559360542,
    "VECO": 0.3132894321108746,
    "ACLS": 0.31244719233058416,
    "KLAC": 0.30731948696315076,
    "UCTT": 0.30614873941269904,
    "RBCN": 0.3045488552406465,
    "ASMVF": 0.29568031486718793,
    "ASMVY": 0.29568031486718793,
    "TOELF": 0.2818247583610297,
    "TOELY": 0.2818247583610297,
    "TER": 0.2811349380058422,
    "SCIA": 0.27450310783597975,
    "IQEPF": 0.2694048351896605,
    "BRKS": 0.2621194217648306,
    "ASML": 0.25857094321034435,
    "ASMLF": 0.25857094321034435,
    "ATOM": 0.25660794623024835,
    "OLED": 0.25318062347023773,
    "IPGP": 0.25232924731645473,
    "CAMT": 0.24452026879683897,
    "SODI": 0.24010183729000506,
    "NVMI": 0.23334698329265335,
    "SESMF": 0.2309709703853685,
    "MMAPF": 0.2291554119909449,
    "COHU": 0.22838329605535992,
    "AXTI": 0.22377820748455116,
    "AEHR": 0.21493320146571898,
    "SLOIY": 0.20212084339694256,
    "ACMR": 0.20108728361962805,
    "MYBUF": 0.1995954890319355,
    "DSCSY": 0.19683099088768166,
    "RNWEF": 0.1905614586463688,
    "RNWEY": 0.1905614586463688,
    "XPER": 0.1897000093096694,
    "AMBA": 0.1891848020448266,
    "SCON": 0.1870784938978341,
    "STRI": 0.18356532739385367,
    "MCRNF": 0.1797279435884062,
    "LRCX": 0.17723095780440676,
    "INDI": 0.16508084399567358,
    "SPVNF": 0.1648826404365189,
    "SUMCF": 0.16134986585930927,
    "SUOPY": 0.16134986585930927,
    "NNOCF": 0.15426521081378947,
    "TGAN": 0.1523325926089836,
    "GSTX": 0.15113263407126626,
    "DQ": 0.14125946945128798
}