{
    "MYBUF": 1.0000000000000004,
    "AXTI": 0.21792817085384353,
    "AIXXF": 0.21591000474519725,
    "IQEPF": 0.21496534547063756,
    "SESMF": 0.20067307477984075,
    "OXINF": 0.20059882395144324,
    "ENTG": 0.1995954890319355,
    "ASMVF": 0.19270234937231606,
    "ASMVY": 0.19270234937231606,
    "ADTTF": 0.18948666735521483,
    "ATEYY": 0.18948666735521483,
    "GSTX": 0.18830822586836235,
    "UCTT": 0.18290497521689741,
    "ASML": 0.17765912103487325,
    "ASMLF": 0.17765912103487325,
    "ASMIY": 0.17498655412103975,
    "ASMXF": 0.17498655412103975,
    "RBCN": 0.17358816605275346,
    "TOELF": 0.17230280259744568,
    "TOELY": 0.17230280259744568,
    "KLIC": 0.16948184488591242,
    "DQ": 0.16678953991404716,
    "OLED": 0.16674886232549554,
    "PLAB": 0.16670900114499398,
    "ACLS": 0.1645945573270194,
    "ATOM": 0.16259173551420292,
    "BESIY": 0.15989339598726393,
    "CCMP": 0.15396429356747932,
    "AMAT": 0.1536801893958545,
    "ACMR": 0.14849275624651354,
    "CAMT": 0.14491247244578864,
    "ICHR": 0.1438455753670576,
    "COHU": 0.1428248725842061,
    "ASYS": 0.14278465893961378,
    "VECO": 0.1423284172763294,
    "KLAC": 0.13795427209918631,
    "AEHR": 0.1363527817860791,
    "SCON": 0.13573144267688608,
    "IPGP": 0.13467743064662963,
    "TER": 0.13122705158361783,
    "STRI": 0.12931707492651295,
    "NNOCF": 0.1276985940253636,
    "BRKS": 0.12576341327268886,
    "TRT": 0.12486338729323494,
    "SODI": 0.1222223804856705,
    "MMAPF": 0.1172360158805068,
    "XPER": 0.11648329170258882,
    "RNWEF": 0.11061646037618009,
    "RNWEY": 0.11061646037618009,
    "DSCSY": 0.11060022504114063,
    "SCIA": 0.10573397011490948,
    "NVMI": 0.10463083175566873,
    "SUMCF": 0.1024788460615289,
    "SUOPY": 0.1024788460615289,
    "LRCX": 0.10226216594717719,
    "MCRNF": 0.10224102403262587,
    "SLOIY": 0.09276378801963449,
    "INDI": 0.08992259617389696,
    "AMBA": 0.086142953237416,
    "SPVNF": 0.08003624603936087,
    "TGAN": 0.07401939030318164
}