{
    "CPCAF": 1.0000000000000002,
    "CPCAY": 1.0000000000000002,
    "AICAF": 0.4710351870556827,
    "AIRYY": 0.4710351870556827,
    "CHKIF": 0.38511845428682767,
    "ZNH": 0.38511845428682767,
    "CEA": 0.3550146837236343,
    "SINGF": 0.32521458074472814,
    "SINGY": 0.32521458074472814,
    "ALNPF": 0.2725863339177079,
    "ALNPY": 0.2725863339177079,
    "TKHVY": 0.2700818502813328,
    "TAWNF": 0.26302621789516506,
    "ANZFF": 0.2569798411541914,
    "ANZLY": 0.2569798411541914,
    "AFLYY": 0.24784467270166985,
    "AFRAF": 0.24784467270166985,
    "ELALF": 0.24746509117916515,
    "DLAKF": 0.24097629445277272,
    "DLAKY": 0.24097629445277272,
    "AVHOQ": 0.23114702339527138,
    "NWARF": 0.2307109548017093,
    "LUV": 0.22481394389746795,
    "LTMAQ": 0.22085006980159463,
    "UAL": 0.21898516580671484,
    "RYAAY": 0.21437499157831003,
    "RYAOF": 0.21437499157831003,
    "KLMR": 0.21167789581615734,
    "ACDVF": 0.20973829003028158,
    "AGZNF": 0.20779571381948514,
    "QABSY": 0.20585813386812063,
    "QUBSF": 0.20585813386812063,
    "EIFZF": 0.20512589104960482,
    "ALGT": 0.2028379478793837,
    "AIABF": 0.19958983594084087,
    "SKYW": 0.19530292004111754,
    "EJTTF": 0.19485313468387516,
    "ESYJY": 0.19485313468387516,
    "DAL": 0.1928271636616721,
    "JAPSY": 0.18691237745449962,
    "JBLU": 0.18226237570270246,
    "BABWF": 0.1774040166574599,
    "ICAGY": 0.1774040166574599,
    "HA": 0.17583745978606277,
    "AZUL": 0.17307237610988055,
    "CEBUF": 0.16877695120059136,
    "CEBUY": 0.16877695120059136,
    "CHRRF": 0.1672170889191806,
    "NOKPF": 0.16162133663699874,
    "ULCC": 0.15942656297200303,
    "ALK": 0.1589296019221426,
    "CPA": 0.1553955604504644,
    "SNCY": 0.1498189918863591,
    "MESA": 0.14980511380229664,
    "GRPAQ": 0.14978066534503354,
    "AAL": 0.1496596497374112,
    "SAVE": 0.14850763385089544,
    "WZZAF": 0.14800122956268166,
    "GOL": 0.14473091091995297,
    "JETMF": 0.1340048553218804,
    "HRBR": 0.13086857147199188,
    "VLRS": 0.12568902327926404,
    "GLUX": 0.12556952490487996,
    "AIBEF": 0.0822164513849684
}