{
    "JBLU": 0.9999999999999998,
    "CEBUF": 0.3421325187885255,
    "CEBUY": 0.3421325187885255,
    "ACDVF": 0.26744076996925703,
    "LTMAQ": 0.2632077252962077,
    "BABWF": 0.24401076891281306,
    "ICAGY": 0.24401076891281306,
    "LUV": 0.24379953661900952,
    "CEA": 0.24148624525824047,
    "MESA": 0.2385580620650684,
    "AVHOQ": 0.23587691216304746,
    "HA": 0.22893753748797752,
    "AAL": 0.22720672585146617,
    "ULCC": 0.2187801501920419,
    "AICAF": 0.2141931611724499,
    "AIRYY": 0.2141931611724499,
    "ALNPF": 0.2141443898436887,
    "ALNPY": 0.2141443898436887,
    "ANZFF": 0.213163632539974,
    "ANZLY": 0.213163632539974,
    "SAVE": 0.20758331706257824,
    "SKYW": 0.20756708927760986,
    "TAWNF": 0.20022711375997004,
    "QABSY": 0.1990109513608159,
    "QUBSF": 0.1990109513608159,
    "ALK": 0.19491671046356346,
    "JETMF": 0.1910438943380927,
    "UAL": 0.18624389643166603,
    "RYAAY": 0.18382932497608806,
    "RYAOF": 0.18382932497608806,
    "CPCAF": 0.18226237570270246,
    "CPCAY": 0.18226237570270246,
    "DLAKF": 0.1795480460394888,
    "DLAKY": 0.1795480460394888,
    "DAL": 0.17879527769826423,
    "AFLYY": 0.17844367598050828,
    "AFRAF": 0.17844367598050828,
    "ELALF": 0.17835132842720056,
    "ALGT": 0.1782353555345225,
    "SINGF": 0.1780552073887047,
    "SINGY": 0.1780552073887047,
    "CPA": 0.17197855117518632,
    "CHKIF": 0.17178104895639604,
    "ZNH": 0.17178104895639604,
    "CHRRF": 0.17108754196918094,
    "GRPAQ": 0.17075140348342757,
    "AZUL": 0.1657651980287399,
    "EJTTF": 0.16355349173915962,
    "ESYJY": 0.16355349173915962,
    "GLUX": 0.16147615304523044,
    "SNCY": 0.1604222987036739,
    "NWARF": 0.1587210164163082,
    "EIFZF": 0.1554270761276552,
    "TKHVY": 0.1473291549297466,
    "HRBR": 0.14287847825311595,
    "GOL": 0.14247144314858481,
    "KLMR": 0.14208065485039398,
    "AIABF": 0.13939171412555648,
    "AGZNF": 0.1374811716685925,
    "JAPSY": 0.1366124769566789,
    "WZZAF": 0.12149558310382604,
    "VLRS": 0.11681983450132688,
    "NOKPF": 0.10887511828992663,
    "AIBEF": 0.06708451111626702
}