{
    "ASBRF": 1.0,
    "KNBWF": 0.28936506141301016,
    "KNBWY": 0.28936506141301016,
    "BIBLF": 0.2390240761647487,
    "CCU": 0.23599906526026299,
    "AEBZY": 0.20809742793074285,
    "FMX": 0.20555798678544016,
    "FMXUF": 0.20555798678544016,
    "HEINY": 0.19332762763772224,
    "HINKF": 0.19332762763772224,
    "CABGY": 0.19130142140777254,
    "CABJF": 0.19130142140777254,
    "STBFF": 0.18157647515791792,
    "STBFY": 0.18157647515791792,
    "MENB": 0.17676408784901823,
    "ABEV": 0.17337625683196614,
    "CCGGY": 0.1614052797999862,
    "CGPZF": 0.1614052797999862,
    "BRBMF": 0.15135165503807815,
    "HVCW": 0.14526990720220503,
    "HKHHF": 0.1451197347491058,
    "HKHHY": 0.1451197347491058,
    "SBEV": 0.13697202311619278,
    "BDWBF": 0.13552263942858125,
    "BDWBY": 0.13552263942858125,
    "SAM": 0.1326440526998807,
    "TSGTF": 0.13186186055539392,
    "TSGTY": 0.13186186055539392,
    "TAP-A": 0.12024659187892271,
    "TAP": 0.12024659187892271,
    "FDFT": 0.11896119191725131,
    "CRHKY": 0.11525156598661308,
    "BUD": 0.10965020290547337,
    "BUDFF": 0.10965020290547337,
    "SIPC": 0.09925511124195631,
    "HOPS": 0.03483049971508863
}