{
    "BDWBF": 1.0000000000000002,
    "BDWBY": 1.0000000000000002,
    "BIBLF": 0.3142569606648409,
    "CRHKY": 0.31385943018119683,
    "KNBWF": 0.2800625872941521,
    "KNBWY": 0.2800625872941521,
    "BUD": 0.26447470734945905,
    "BUDFF": 0.26447470734945905,
    "HEINY": 0.24860566474446597,
    "HINKF": 0.24860566474446597,
    "MENB": 0.24029297123092014,
    "HKHHF": 0.23869370525548206,
    "HKHHY": 0.23869370525548206,
    "TSGTF": 0.2346099273708138,
    "TSGTY": 0.2346099273708138,
    "CCU": 0.23184202849806165,
    "ABEV": 0.21965247018527434,
    "CABGY": 0.21038269567004197,
    "CABJF": 0.21038269567004197,
    "AEBZY": 0.20560527612518736,
    "SAM": 0.20285149703114705,
    "HVCW": 0.18559047790635724,
    "FMX": 0.17919410104050676,
    "FMXUF": 0.17919410104050676,
    "BRBMF": 0.17758625074833684,
    "TAP-A": 0.17613907921012736,
    "TAP": 0.17613907921012736,
    "SBEV": 0.17176682979084976,
    "STBFF": 0.14663863217866782,
    "STBFY": 0.14663863217866782,
    "ASBRF": 0.13552263942858125,
    "CCGGY": 0.1289106409807899,
    "CGPZF": 0.1289106409807899,
    "FDFT": 0.11699225899765543,
    "SIPC": 0.10502868923347959,
    "HOPS": 0.05596486516598128
}