{
    "HOPS": 1.0000000000000002,
    "FDFT": 0.13470751989072474,
    "SIPC": 0.10546258051343207,
    "SAM": 0.10522032064512418,
    "HVCW": 0.10471685193302657,
    "TSGTF": 0.08623665928688423,
    "TSGTY": 0.08623665928688423,
    "AEBZY": 0.08590062553761747,
    "BRBMF": 0.07757599504094594,
    "MENB": 0.06977784114207715,
    "SBEV": 0.06887065154922027,
    "CABGY": 0.06004108794930267,
    "CABJF": 0.06004108794930267,
    "BIBLF": 0.05639995478241962,
    "BDWBF": 0.05596486516598128,
    "BDWBY": 0.05596486516598128,
    "HKHHF": 0.05534662864501027,
    "HKHHY": 0.05534662864501027,
    "KNBWF": 0.050802928367187646,
    "KNBWY": 0.050802928367187646,
    "CRHKY": 0.04585650391016525,
    "CCU": 0.044358867053272306,
    "TAP-A": 0.041268788360095836,
    "TAP": 0.041268788360095836,
    "FMX": 0.03977078769669783,
    "FMXUF": 0.03977078769669783,
    "HEINY": 0.03755474182958045,
    "HINKF": 0.03755474182958045,
    "ABEV": 0.03609569573728396,
    "ASBRF": 0.03483049971508863,
    "STBFF": 0.033459842888361,
    "STBFY": 0.033459842888361,
    "CCGGY": 0.02751476764853196,
    "CGPZF": 0.02751476764853196,
    "BUD": 0.02387416847175708,
    "BUDFF": 0.02387416847175708
}