{
    "JAKK": 1.0000000000000002,
    "HAS": 0.4550247623686272,
    "MAT": 0.4205593861843799,
    "CLAR": 0.3230796894548975,
    "VSTO": 0.3039274400236589,
    "NLS": 0.30102542594773357,
    "NCBDF": 0.30094574991365247,
    "NCBDY": 0.30094574991365247,
    "JOUT": 0.2944899131639035,
    "SPWH": 0.2862741927361545,
    "ELY": 0.28540243152785977,
    "PLBY": 0.2843704535942632,
    "SNMSF": 0.28331381659969435,
    "FNKO": 0.2752517858221662,
    "TOMYY": 0.266959897545867,
    "PYHOF": 0.26262847424865576,
    "XFTB": 0.2524264688043445,
    "ANPDF": 0.25000417042911993,
    "ANPDY": 0.25000417042911993,
    "ESCA": 0.24833761353519695,
    "YETI": 0.24243596557377323,
    "AOUT": 0.23421668760791955,
    "CLUBQ": 0.22628120741978167,
    "GMWKF": 0.2233681740837887,
    "BC": 0.22333084293610186,
    "DAAT": 0.21857493830459798,
    "POOL": 0.21808831362416695,
    "TSIOF": 0.2096506287837431,
    "BBIG": 0.2056201687250989,
    "BWMG": 0.2015655624597483,
    "BTN": 0.19400587550640686,
    "NINOF": 0.19357205511799916,
    "NINOY": 0.19357205511799916,
    "THUPY": 0.18898884916792608,
    "YAMCF": 0.18585496976639979,
    "YAMCY": 0.18585496976639979,
    "MANU": 0.18463349221115205,
    "GLXZ": 0.18173351262827184,
    "OSW": 0.18036094781464349,
    "DKSSF": 0.1774395308471851,
    "PMTYF": 0.17668728237203063,
    "TCCHF": 0.17613385133352327,
    "SHMDF": 0.17491669141064065,
    "SMNNY": 0.17491669141064065,
    "MSET": 0.17482347559705153,
    "GOLF": 0.1720699009880587,
    "LCLP": 0.17117975058481794,
    "LNNGF": 0.17084683929884545,
    "LNNGY": 0.17084683929884545,
    "GTHKF": 0.16768075351726378,
    "ASRAF": 0.16735155719123565,
    "VIRA": 0.1629510172331009,
    "BRSE": 0.16165863003487493,
    "CLTFF": 0.15975768566800952,
    "DS-PB": 0.15737245472202344,
    "DS-PC": 0.15737245472202344,
    "DS-PD": 0.15737245472202344,
    "DS": 0.15737245472202344,
    "CTVIF": 0.1571397192251318,
    "PTON": 0.15511321061745498,
    "HISJF": 0.15472252594323233,
    "VTMB": 0.15385946758407976,
    "PLNT": 0.1530357491407199,
    "PRXIQ": 0.1488092524065829,
    "PFFEF": 0.1452015736761033,
    "AVPI": 0.13654825483463776,
    "VMAR": 0.13559311624313067,
    "KENS": 0.13381371833637246,
    "NSPT": 0.13261068035768883,
    "ACGPF": 0.13047450808847433,
    "BTDG": 0.1282463763748131,
    "JVTSF": 0.12669079775817782,
    "VXEL": 0.12659802099756454,
    "FUN": 0.12363420015464525,
    "TRBX": 0.12340783949690767,
    "WSGF": 0.12216827988280714,
    "BORUF": 0.12051183337867964,
    "SEAS": 0.11874192445687014,
    "JMIH": 0.11849612161167986,
    "AHFI": 0.11787761707096699,
    "OMWSD": 0.11446245846032646,
    "OLCLF": 0.11353586477914086,
    "OLCLY": 0.11353586477914086,
    "USPS": 0.11325157781562745,
    "CUK": 0.1079327838218417,
    "CUKPF": 0.1079327838218417,
    "ECMH": 0.10691451889140155,
    "VMHG": 0.10571027796243627,
    "GYYMF": 0.10539209828897694,
    "PRKA": 0.10532490082642945,
    "SIX": 0.10340759937003566,
    "SPQS": 0.09780414719386459,
    "GBBT": 0.0965221168540261,
    "TSRR": 0.0930943261065638,
    "QRSM": 0.09128268892700594,
    "TVPC": 0.09050489391273808,
    "SCRH": 0.07925371927840227,
    "ASGRF": 0.07893366248009417,
    "SLBG": 0.07798805518745192,
    "OART": 0.07718424706892071,
    "ALTD": 0.07612575256069978,
    "DVD": 0.07324752028256412,
    "TONR": 0.07041240992489588,
    "EFLS": 0.06921106900307736,
    "MLFB": 0.060828925708291355,
    "KICK": 0.052248652839608535,
    "ABKB": 0.05174350270496002,
    "FTFY": 0.046288034901644945,
    "CLVFA": 0.039805668018789604
}