{
    "JMIH": 1.0,
    "BC": 0.271009195969559,
    "TVPC": 0.24633692822556189,
    "VMHG": 0.24433148958426615,
    "SPWH": 0.20991446241834896,
    "CLUBQ": 0.19154707956778427,
    "JOUT": 0.1772485611062728,
    "VMAR": 0.17591943348508696,
    "ALTD": 0.17559879499994335,
    "LCLP": 0.1731168489386413,
    "BWMG": 0.1615927616971492,
    "AOUT": 0.15355177103014106,
    "GYYMF": 0.15194660071615146,
    "ECMH": 0.15139436782410418,
    "SEAS": 0.15034624815406297,
    "TSIOF": 0.14735274856680813,
    "SHMDF": 0.1432047894539848,
    "SMNNY": 0.1432047894539848,
    "CLAR": 0.14022636434907515,
    "HAS": 0.13776389493308697,
    "NINOF": 0.13430297821408,
    "NINOY": 0.13430297821408,
    "DAAT": 0.13105334247325678,
    "MANU": 0.12953571320095122,
    "PYHOF": 0.1276282418102006,
    "YETI": 0.1269446595630779,
    "PLNT": 0.1268864702405456,
    "NLS": 0.12609925388688173,
    "NCBDF": 0.12442419004095774,
    "NCBDY": 0.12442419004095774,
    "TONR": 0.12407654766098739,
    "VTMB": 0.1238927694587027,
    "AVPI": 0.12359674338086535,
    "FTFY": 0.12325304664279074,
    "ABKB": 0.12099703983466811,
    "PFFEF": 0.11876273075571957,
    "JAKK": 0.11849612161167986,
    "BTDG": 0.11767181934607894,
    "KICK": 0.11634978264411261,
    "DS-PB": 0.11496421682634012,
    "DS-PC": 0.11496421682634012,
    "DS-PD": 0.11496421682634012,
    "DS": 0.11496421682634012,
    "TOMYY": 0.11448747770558365,
    "AHFI": 0.11387410939493865,
    "ANPDF": 0.11368255836777012,
    "ANPDY": 0.11368255836777012,
    "MAT": 0.11292333423100798,
    "TRBX": 0.1119527830657032,
    "CTVIF": 0.10913784087836645,
    "YAMCF": 0.10894008205434509,
    "YAMCY": 0.10894008205434509,
    "BTN": 0.10878482483058602,
    "BBIG": 0.10821599238217011,
    "FNKO": 0.10808012977835676,
    "ESCA": 0.10797119044820885,
    "ASRAF": 0.1070209745601881,
    "ELY": 0.10623503300850344,
    "NSPT": 0.10587596352917118,
    "CUK": 0.10529097552068642,
    "CUKPF": 0.10529097552068642,
    "PRKA": 0.10508175594008362,
    "SPQS": 0.10468152136525988,
    "CLTFF": 0.10446688973993017,
    "HISJF": 0.1034616666496933,
    "MSET": 0.10331167371228826,
    "DKSSF": 0.10246540988322723,
    "GTHKF": 0.10146120860387935,
    "XFTB": 0.10077862741431945,
    "TSRR": 0.10051010628422108,
    "GMWKF": 0.10002124764922798,
    "DVD": 0.099733013066684,
    "VSTO": 0.09954659747189833,
    "SNMSF": 0.09658547608443457,
    "PLBY": 0.0963168033720975,
    "PRXIQ": 0.09577136117990065,
    "LNNGF": 0.09419567787878307,
    "LNNGY": 0.09419567787878307,
    "GOLF": 0.09272329453728985,
    "SCRH": 0.09230276769237682,
    "VIRA": 0.09226177231285046,
    "JVTSF": 0.08500553012015409,
    "SIX": 0.0850011005119608,
    "POOL": 0.08177135205984047,
    "FUN": 0.08176522092692347,
    "TCCHF": 0.07781672749394596,
    "KENS": 0.07767315137719977,
    "OSW": 0.07731500816478348,
    "BORUF": 0.07669924650327584,
    "THUPY": 0.07494550674824099,
    "BRSE": 0.07448254682437452,
    "QRSM": 0.07265392615183953,
    "MLFB": 0.07189257702042476,
    "GLXZ": 0.07184490503398143,
    "ACGPF": 0.07008156824346076,
    "PMTYF": 0.06973020955135811,
    "EFLS": 0.06885050952840911,
    "GBBT": 0.06837895089255203,
    "PTON": 0.06696289369577402,
    "USPS": 0.06615236134350609,
    "ASGRF": 0.06596429453775927,
    "OLCLF": 0.06453747202295976,
    "OLCLY": 0.06453747202295976,
    "OMWSD": 0.06233396756409971,
    "SLBG": 0.06215927744013027,
    "OART": 0.0598697990610355,
    "VXEL": 0.05465994714993331,
    "CLVFA": 0.04953979284235646,
    "WSGF": 0.04943004338367738
}