{
    "PTON": 1.0000000000000002,
    "NLS": 0.22433842035556065,
    "CLUBQ": 0.20561093018600846,
    "SNMSF": 0.19859203451886986,
    "XFTB": 0.18641075205144853,
    "OSW": 0.18343795959557968,
    "HAS": 0.17637572573315652,
    "PLBY": 0.17036739892208652,
    "SCRH": 0.1595726208305422,
    "PLNT": 0.15548752941819605,
    "JAKK": 0.15511321061745498,
    "AHFI": 0.15269585725164014,
    "CLAR": 0.14733005375131972,
    "MAT": 0.14225419022503646,
    "KENS": 0.13686916997731446,
    "VSTO": 0.1352207612660552,
    "NCBDF": 0.131134914088318,
    "NCBDY": 0.131134914088318,
    "ESCA": 0.12989961961168248,
    "BTN": 0.12845480159712047,
    "ELY": 0.1276635891519796,
    "FNKO": 0.1259197699018384,
    "GMWKF": 0.12443208399042399,
    "YETI": 0.12369438703581993,
    "JOUT": 0.12126657704018898,
    "TOMYY": 0.11872264787031929,
    "NSPT": 0.11670588793176781,
    "DAAT": 0.1135621724036997,
    "TCCHF": 0.1123268045623741,
    "SPWH": 0.11166711214620048,
    "TRBX": 0.11146827404443249,
    "PRXIQ": 0.10978216742318352,
    "POOL": 0.10972370645293586,
    "MANU": 0.10773517787854212,
    "AOUT": 0.1070792217660245,
    "BC": 0.10681625130227607,
    "NINOF": 0.10673641201209016,
    "NINOY": 0.10673641201209016,
    "BBIG": 0.10653503587473478,
    "SHMDF": 0.10539518295081461,
    "SMNNY": 0.10539518295081461,
    "BRSE": 0.10508355868901699,
    "MSET": 0.10498631698937763,
    "TSIOF": 0.10464906361493446,
    "GYYMF": 0.10236866760209176,
    "BWMG": 0.10225239639702682,
    "GLXZ": 0.10105534101078464,
    "THUPY": 0.10033640214555559,
    "ANPDF": 0.09806491399209293,
    "ANPDY": 0.09806491399209293,
    "VMAR": 0.09698196484222908,
    "LNNGF": 0.09648892104922457,
    "LNNGY": 0.09648892104922457,
    "DKSSF": 0.09617714077628559,
    "PYHOF": 0.09590490542560326,
    "YAMCF": 0.09498461208361769,
    "YAMCY": 0.09498461208361769,
    "BTDG": 0.09414940841158179,
    "LCLP": 0.09372664617570513,
    "EFLS": 0.09360043234025407,
    "HISJF": 0.09237280691206787,
    "CUK": 0.0909705702638792,
    "CUKPF": 0.0909705702638792,
    "ECMH": 0.08990176789795165,
    "GOLF": 0.08971097922759143,
    "DS-PB": 0.08944876363991427,
    "DS-PC": 0.08944876363991427,
    "DS-PD": 0.08944876363991427,
    "DS": 0.08944876363991427,
    "CLTFF": 0.0889849924108667,
    "PFFEF": 0.08793323979936864,
    "GTHKF": 0.08663616410677236,
    "SLBG": 0.081897221838985,
    "VTMB": 0.08182223627398374,
    "ASRAF": 0.08047277380572498,
    "VIRA": 0.08033171458014289,
    "JVTSF": 0.07997367668739525,
    "BORUF": 0.07716947518980212,
    "PRKA": 0.07710903994089698,
    "CTVIF": 0.07697889292370833,
    "VXEL": 0.07668042487565821,
    "ACGPF": 0.07545876473886952,
    "FUN": 0.07503594877975957,
    "SEAS": 0.07498647371378352,
    "TVPC": 0.07356658558701515,
    "VMHG": 0.07085201310499611,
    "QRSM": 0.06944806854091312,
    "OMWSD": 0.06727824660446927,
    "JMIH": 0.06696289369577402,
    "ALTD": 0.06631313641086295,
    "AVPI": 0.06209764266146221,
    "SPQS": 0.06194841869671855,
    "GBBT": 0.060400972529428554,
    "SIX": 0.05834753792296225,
    "OLCLF": 0.05821432647501278,
    "OLCLY": 0.05821432647501278,
    "WSGF": 0.0571201020972403,
    "TSRR": 0.056600209323512604,
    "USPS": 0.05448877636575038,
    "PMTYF": 0.052116839638621806,
    "OART": 0.05165092678662192,
    "MLFB": 0.051505964009329296,
    "ASGRF": 0.0473943702145197,
    "TONR": 0.044989863859498144,
    "DVD": 0.04194339965118624,
    "KICK": 0.03932602261442038,
    "ABKB": 0.03725073782982408,
    "FTFY": 0.03474153657458156,
    "CLVFA": 0.022010456234565438
}