{
    "SIX": 1.0,
    "PRKA": 0.20424947293832002,
    "SEAS": 0.17129830859818196,
    "DS-PB": 0.1687245013004789,
    "DS-PC": 0.1687245013004789,
    "DS-PD": 0.1687245013004789,
    "DS": 0.1687245013004789,
    "TSRR": 0.14451679839056536,
    "HAS": 0.14397105825581627,
    "CLAR": 0.13214118604293668,
    "MSET": 0.12095277096564115,
    "MAT": 0.11766116099467273,
    "NINOF": 0.11686052240618551,
    "NINOY": 0.11686052240618551,
    "NCBDF": 0.11581055727585933,
    "NCBDY": 0.11581055727585933,
    "FUN": 0.11458420533779716,
    "NLS": 0.11390142260558118,
    "HISJF": 0.11342862330532627,
    "BTN": 0.11209671996279932,
    "CLUBQ": 0.11079447274691423,
    "GTHKF": 0.10808533165538046,
    "PYHOF": 0.10748273288093703,
    "PLBY": 0.10679291642066567,
    "SNMSF": 0.1061356651615699,
    "PLNT": 0.10562973618490486,
    "ESCA": 0.1050841985273442,
    "YAMCF": 0.10410612549592638,
    "YAMCY": 0.10410612549592638,
    "FNKO": 0.10385153503791894,
    "JAKK": 0.10340759937003566,
    "VTMB": 0.10301932057540235,
    "GMWKF": 0.09909637479863972,
    "SPWH": 0.09694829691400401,
    "DKSSF": 0.0969400476069114,
    "BBIG": 0.09547536606688148,
    "TSIOF": 0.09514550986415196,
    "ASGRF": 0.09325518913581414,
    "PRXIQ": 0.0927748979010047,
    "MANU": 0.09270037978826373,
    "ECMH": 0.09125991411893714,
    "CUK": 0.09109508451925374,
    "CUKPF": 0.09109508451925374,
    "VSTO": 0.09088660309637019,
    "XFTB": 0.09003185179499096,
    "LNNGF": 0.09002633648214206,
    "LNNGY": 0.09002633648214206,
    "PFFEF": 0.08982588532424825,
    "YETI": 0.08968348391505966,
    "JOUT": 0.08928522020144528,
    "AHFI": 0.08886941645566317,
    "KENS": 0.08820648556721777,
    "ELY": 0.08741027540739034,
    "POOL": 0.08707852411296844,
    "DAAT": 0.08678523506257893,
    "BC": 0.08626479169289247,
    "OSW": 0.08605490483240735,
    "VMAR": 0.08572881801374224,
    "TOMYY": 0.08557097142720846,
    "JMIH": 0.0850011005119608,
    "OLCLF": 0.08433945469042216,
    "OLCLY": 0.08433945469042216,
    "GYYMF": 0.08401192823849712,
    "LCLP": 0.08216855574825184,
    "BWMG": 0.07946077833217054,
    "CTVIF": 0.07863450154456238,
    "CLTFF": 0.07812764019559128,
    "WSGF": 0.07703510389604133,
    "DVD": 0.0758788242009466,
    "TRBX": 0.07420614872421671,
    "SCRH": 0.0731533868516021,
    "SPQS": 0.07250050345560168,
    "GLXZ": 0.07224983452261179,
    "BRSE": 0.07207904370667412,
    "VIRA": 0.07144082804386491,
    "SHMDF": 0.07113103038565982,
    "SMNNY": 0.07113103038565982,
    "TONR": 0.07070033819234083,
    "THUPY": 0.07025133431661017,
    "AOUT": 0.0692438075821805,
    "GOLF": 0.06902151078950239,
    "ASRAF": 0.06819833419069332,
    "JVTSF": 0.06610262019644776,
    "TCCHF": 0.06577248069788427,
    "VXEL": 0.06559204203701688,
    "BTDG": 0.06541530570532413,
    "AVPI": 0.06428965811731789,
    "VMHG": 0.06338311919796089,
    "BORUF": 0.06237106480359714,
    "PMTYF": 0.06167210289053332,
    "ANPDF": 0.061305867402756634,
    "ANPDY": 0.061305867402756634,
    "NSPT": 0.059579092907989996,
    "PTON": 0.05834753792296225,
    "ABKB": 0.05575965776504528,
    "TVPC": 0.055611586458271384,
    "ALTD": 0.05550059191277457,
    "FTFY": 0.05476641804082103,
    "OMWSD": 0.054373337247433096,
    "ACGPF": 0.050424326695069466,
    "MLFB": 0.04843642971317169,
    "SLBG": 0.04777166441034124,
    "GBBT": 0.046693185859272866,
    "KICK": 0.04511167798923625,
    "USPS": 0.044308550636302346,
    "QRSM": 0.043224912786502465,
    "OART": 0.03580541608628431,
    "EFLS": 0.03280075001292298,
    "CLVFA": 0.02439699469607851
}