{
    "VMHG": 1.0,
    "JMIH": 0.24433148958426615,
    "BC": 0.2045817508467047,
    "VMAR": 0.18535937880866876,
    "JOUT": 0.15351485103795737,
    "VIRA": 0.15245775016927846,
    "BWMG": 0.14745219605186877,
    "GOLF": 0.13671426219247643,
    "CLUBQ": 0.13103296846328724,
    "ECMH": 0.12793016948138206,
    "TONR": 0.1259942729813167,
    "YETI": 0.1248716340914017,
    "AHFI": 0.12467335438499529,
    "NCBDF": 0.12437154812750369,
    "NCBDY": 0.12437154812750369,
    "HISJF": 0.1212105464595529,
    "CTVIF": 0.11978856107614981,
    "BBIG": 0.10981185746238943,
    "DS-PB": 0.10831262377249845,
    "DS-PC": 0.10831262377249845,
    "DS-PD": 0.10831262377249845,
    "DS": 0.10831262377249845,
    "JAKK": 0.10571027796243627,
    "XFTB": 0.10465711463075614,
    "SPWH": 0.10348686963156095,
    "GTHKF": 0.10276660428957556,
    "TVPC": 0.10258216450433505,
    "CLAR": 0.10221958922330682,
    "TRBX": 0.1018207883887073,
    "HAS": 0.099655084346646,
    "VTMB": 0.09914016747392682,
    "NLS": 0.09803978073624957,
    "DKSSF": 0.09797861509954861,
    "ESCA": 0.09750952783543894,
    "PYHOF": 0.09616778339451795,
    "ALTD": 0.09501754091467302,
    "BTN": 0.09175757763953143,
    "SNMSF": 0.0916529767233776,
    "GMWKF": 0.09119208145889138,
    "SEAS": 0.0900952756475667,
    "MAT": 0.0899637447490952,
    "ELY": 0.0896832923414601,
    "FNKO": 0.0886985488646781,
    "BRSE": 0.08867048218189656,
    "BTDG": 0.08735348911567364,
    "CUK": 0.08732214700765484,
    "CUKPF": 0.08732214700765484,
    "DAAT": 0.08577756637078819,
    "NINOF": 0.08550343084139596,
    "NINOY": 0.08550343084139596,
    "TSIOF": 0.0821724688744753,
    "OSW": 0.08189239454826182,
    "VXEL": 0.08141807790466711,
    "PLBY": 0.0813672642008276,
    "PRKA": 0.08115724445343546,
    "ANPDF": 0.07963222236393754,
    "ANPDY": 0.07963222236393754,
    "LCLP": 0.07919595652455114,
    "BORUF": 0.07849844222983658,
    "SCRH": 0.07847861763818237,
    "SPQS": 0.07845530132112148,
    "KICK": 0.07591621805660943,
    "MANU": 0.0746534373520547,
    "YAMCF": 0.07447680884563761,
    "YAMCY": 0.07447680884563761,
    "CLTFF": 0.07408047305633558,
    "VSTO": 0.07366906881456861,
    "AVPI": 0.07091835809254203,
    "PTON": 0.07085201310499611,
    "LNNGF": 0.07077820108841427,
    "LNNGY": 0.07077820108841427,
    "TSRR": 0.07048461208994393,
    "TOMYY": 0.06976444848146372,
    "JVTSF": 0.0697007869045131,
    "TCCHF": 0.06883692544575282,
    "ASRAF": 0.06802952021438642,
    "POOL": 0.06765027494831242,
    "KENS": 0.06617879958542232,
    "AOUT": 0.06487238917599428,
    "PRXIQ": 0.0643481735199771,
    "ASGRF": 0.06394415626876802,
    "SIX": 0.06338311919796089,
    "SHMDF": 0.0624531678704621,
    "SMNNY": 0.0624531678704621,
    "NSPT": 0.06146137282982062,
    "PFFEF": 0.06063093909184297,
    "PLNT": 0.06034278080555283,
    "FUN": 0.058059612757406356,
    "MSET": 0.05624692521234,
    "MLFB": 0.0548115594648383,
    "GYYMF": 0.05420829751023768,
    "THUPY": 0.053579051449077195,
    "GLXZ": 0.05349764572279812,
    "PMTYF": 0.05307589263340631,
    "DVD": 0.046781120286261746,
    "OART": 0.04267567993115235,
    "FTFY": 0.042077184011405276,
    "EFLS": 0.041652034493066134,
    "ACGPF": 0.041237069610831796,
    "OLCLF": 0.04005963924558632,
    "OLCLY": 0.04005963924558632,
    "GBBT": 0.039917621969623486,
    "USPS": 0.039775543387891195,
    "ABKB": 0.03905005933898001,
    "QRSM": 0.03839252919260926,
    "OMWSD": 0.03660749735659406,
    "SLBG": 0.033041185501365256,
    "WSGF": 0.025559297509161815,
    "CLVFA": 0.019287657898554526
}