{
    "VSTO": 1.0000000000000002,
    "CLAR": 0.40276265012499074,
    "AOUT": 0.3886037155735766,
    "SPWH": 0.32669863747667904,
    "ELY": 0.31554012412366855,
    "JOUT": 0.31383967083190517,
    "JAKK": 0.3039274400236589,
    "HAS": 0.2858515025574103,
    "ESCA": 0.27874687034520307,
    "DAAT": 0.2759786856453434,
    "YETI": 0.2646300508752682,
    "NLS": 0.25489944826392036,
    "FNKO": 0.2507294842129126,
    "MAT": 0.24929965555751163,
    "VIRA": 0.23714502046797487,
    "MSET": 0.23636820547733553,
    "XFTB": 0.23636190090427567,
    "POOL": 0.23448470018348758,
    "PLBY": 0.21457223888818716,
    "ANPDF": 0.2129148316099639,
    "ANPDY": 0.2129148316099639,
    "GOLF": 0.21126300638659745,
    "NCBDF": 0.20614393129066705,
    "NCBDY": 0.20614393129066705,
    "TSIOF": 0.20557599610369073,
    "BC": 0.19997865719365804,
    "TOMYY": 0.19765573990636312,
    "THUPY": 0.19538682888393757,
    "LCLP": 0.19498744885865354,
    "BTN": 0.1920748994748611,
    "NINOF": 0.19013311410347666,
    "NINOY": 0.19013311410347666,
    "CLUBQ": 0.18422100239185724,
    "GMWKF": 0.18374094924453904,
    "BWMG": 0.18266752741688963,
    "MANU": 0.18121828530701764,
    "SNMSF": 0.1773975290115498,
    "YAMCF": 0.1740812891113165,
    "YAMCY": 0.1740812891113165,
    "PYHOF": 0.17248507858984136,
    "DS-PB": 0.169409598516644,
    "DS-PC": 0.169409598516644,
    "DS-PD": 0.169409598516644,
    "DS": 0.169409598516644,
    "SHMDF": 0.1674552879651582,
    "SMNNY": 0.1674552879651582,
    "LNNGF": 0.15994153306450365,
    "LNNGY": 0.15994153306450365,
    "TCCHF": 0.15990534286636737,
    "GLXZ": 0.15364872263875357,
    "ECMH": 0.1493217715587467,
    "OSW": 0.14811010862651408,
    "PFFEF": 0.14467061748319215,
    "BBIG": 0.14421336003243831,
    "VTMB": 0.14002081281471448,
    "DKSSF": 0.1368498629318422,
    "PTON": 0.1352207612660552,
    "USPS": 0.13521812541605174,
    "CTVIF": 0.13226322426135953,
    "VXEL": 0.13024533318551082,
    "HISJF": 0.12976955082611208,
    "GTHKF": 0.12819203781354055,
    "PRXIQ": 0.12750441445426003,
    "ACGPF": 0.12573782016178223,
    "ASRAF": 0.12536356089628312,
    "BTDG": 0.12345181281034279,
    "CLTFF": 0.12320621303510627,
    "TRBX": 0.11913460214743381,
    "PLNT": 0.11894490539215395,
    "TVPC": 0.11631012045407589,
    "BORUF": 0.115523020222234,
    "NSPT": 0.11543126587490948,
    "OMWSD": 0.11482926402592424,
    "VMAR": 0.11376028528369656,
    "OLCLF": 0.11035213433935241,
    "OLCLY": 0.11035213433935241,
    "BRSE": 0.10647695126230408,
    "SEAS": 0.10585833401069114,
    "CUK": 0.10334189855749677,
    "CUKPF": 0.10334189855749677,
    "FUN": 0.10075098416617431,
    "JVTSF": 0.0999693667798988,
    "JMIH": 0.09954659747189833,
    "WSGF": 0.09916138306545848,
    "KENS": 0.09601565741721141,
    "SIX": 0.09088660309637019,
    "AHFI": 0.08977600358642532,
    "GYYMF": 0.08868252603319966,
    "PMTYF": 0.087801766812471,
    "ALTD": 0.08742540203143054,
    "PRKA": 0.08684668374773469,
    "AVPI": 0.08655885972797203,
    "QRSM": 0.08404338519290445,
    "GBBT": 0.07920772012027073,
    "SPQS": 0.07501913703437138,
    "VMHG": 0.07366906881456861,
    "SLBG": 0.07361807481456824,
    "OART": 0.07163296958585384,
    "SCRH": 0.06980716468633848,
    "MLFB": 0.06791916197982034,
    "TSRR": 0.06634825461636103,
    "EFLS": 0.0658406679336182,
    "DVD": 0.058697516242343116,
    "ASGRF": 0.056499898823810894,
    "TONR": 0.05436680253888483,
    "ABKB": 0.05114266052393394,
    "KICK": 0.04741925538846281,
    "FTFY": 0.04381793337268407,
    "CLVFA": 0.023216075150886705
}