{
    "EMLAF": 0.9999999999999999,
    "WNGRF": 0.3130883106364084,
    "DNOPY": 0.28731109424933243,
    "OGGFF": 0.27148961554128026,
    "JSAIY": 0.2623333825012155,
    "JSNSF": 0.2623333825012155,
    "LBLCF": 0.2584532432065013,
    "SVNDF": 0.256381973620542,
    "SVNDY": 0.256381973620542,
    "MTRAF": 0.25116610652386495,
    "KR": 0.25101602171803966,
    "CUYTF": 0.23318797576968484,
    "CUYTY": 0.23318797576968484,
    "GO": 0.22782957176543223,
    "MRWSF": 0.22056938370448975,
    "MRWSY": 0.22056938370448975,
    "ARKO": 0.21581456067651147,
    "IMKTA": 0.2102428075868261,
    "ACI": 0.20452187067014693,
    "TSCDF": 0.20381083972348338,
    "TSCDY": 0.20381083972348338,
    "DFIHY": 0.20346149535028585,
    "DFILF": 0.20346149535028585,
    "KKOYY": 0.19274521112457269,
    "CRERF": 0.1865441523829979,
    "CRRFY": 0.1865441523829979,
    "ANCTF": 0.18194285703448057,
    "ANCUF": 0.18194285703448057,
    "QKLS": 0.18062913765179758,
    "CASY": 0.17951517941275533,
    "IFMK": 0.17522228026924427,
    "WOLWF": 0.17469604187520207,
    "WMK": 0.16758060260245217,
    "HCMC": 0.16659058061706153,
    "OCDDY": 0.16300882424776536,
    "OCDGF": 0.16300882424776536,
    "FFPM": 0.1586360835844409,
    "CGUSY": 0.1551101128800868,
    "SFM": 0.1521429621667114,
    "ADRNY": 0.15049863931163981,
    "AHODF": 0.15049863931163981,
    "NGVC": 0.14630495707463292,
    "ANCSQ": 0.14587918663863964,
    "VLGEA": 0.1426829573186493,
    "EUSHY": 0.13821673305187535,
    "HWIN": 0.11225841906066494,
    "MTVX": 0.09359816346345619,
    "IGSC": 0.08348457704649209,
    "SMMR": 0.04866962955934672
}