{
    "TSCDF": 1.0,
    "TSCDY": 1.0,
    "JSAIY": 0.42061701433532145,
    "JSNSF": 0.42061701433532145,
    "MRWSF": 0.33847361041922186,
    "MRWSY": 0.33847361041922186,
    "OCDDY": 0.29165893916641006,
    "OCDGF": 0.29165893916641006,
    "CUYTF": 0.27011864673460056,
    "CUYTY": 0.27011864673460056,
    "KR": 0.2485944377821734,
    "DFIHY": 0.22870897603162096,
    "DFILF": 0.22870897603162096,
    "GO": 0.22801032389285714,
    "KKOYY": 0.22189110527552847,
    "QKLS": 0.22133689813257834,
    "LBLCF": 0.220365001860807,
    "MTRAF": 0.21696124007225695,
    "CRERF": 0.212137732002829,
    "CRRFY": 0.212137732002829,
    "CGUSY": 0.21025574169224,
    "OGGFF": 0.20908794542146422,
    "CASY": 0.20806859280888346,
    "DNOPY": 0.20418395847110515,
    "EMLAF": 0.20381083972348338,
    "ANCTF": 0.2033940639962181,
    "ANCUF": 0.2033940639962181,
    "IFMK": 0.20303924931046488,
    "SVNDF": 0.19908469551396926,
    "SVNDY": 0.19908469551396926,
    "IMKTA": 0.19380051748091331,
    "ADRNY": 0.19361569891329075,
    "AHODF": 0.19361569891329075,
    "HCMC": 0.19130402593480253,
    "WOLWF": 0.19022737504677428,
    "WNGRF": 0.18941585111841908,
    "ARKO": 0.17784720337974208,
    "FFPM": 0.1766535195996353,
    "ACI": 0.17507198003187674,
    "ANCSQ": 0.16399899879710578,
    "WMK": 0.15932567087721047,
    "EUSHY": 0.154992433404575,
    "SFM": 0.15411100212381168,
    "NGVC": 0.1511391804517202,
    "IGSC": 0.13553976557540884,
    "MTVX": 0.12738980136968747,
    "VLGEA": 0.11886762044088608,
    "HWIN": 0.11355881442182823,
    "SMMR": 0.06060947610935909
}