{
    "FAF": 1.0000000000000004,
    "RDN": 0.5696288552781519,
    "FNF": 0.5062231641835371,
    "ITIC": 0.4533985581345204,
    "AIZ": 0.39030037274940327,
    "JRVR": 0.38450290567492457,
    "TIPT": 0.3654254346038072,
    "LCSHF": 0.36219577359884586,
    "FACO": 0.3557791834177719,
    "TRRSF": 0.3308358270758021,
    "MTG": 0.3225538133893838,
    "TIG": 0.3163364461716475,
    "MBI": 0.2941299401154535,
    "EIG": 0.2722507232184896,
    "MMMM": 0.26288110384432084,
    "AGO": 0.25488492973306465,
    "AMBC": 0.25444296605872957,
    "ICCH": 0.2440664896000523,
    "PROS": 0.22166670220395707,
    "TRUP": 0.19574396757408574,
    "AMSF": 0.19521936124362776,
    "ACMT": 0.19149827753516943,
    "ACMTA": 0.19149827753516943,
    "SYCRF": 0.15622969370212006,
    "PPHI": 0.1513348063697662,
    "FPLF": 0.1437197474690489,
    "TGIC": 0.09893837205666833
}