{
    "ITIC": 0.9999999999999998,
    "FAF": 0.4533985581345204,
    "FNF": 0.40543540266513295,
    "RDN": 0.34294272509829843,
    "LCSHF": 0.2796014504279966,
    "JRVR": 0.2614317445181444,
    "TIPT": 0.2598972998571869,
    "FACO": 0.2543345604857616,
    "EIG": 0.24877588145603777,
    "MTG": 0.24723697226282637,
    "TRRSF": 0.2368476971525659,
    "TIG": 0.230610888170642,
    "PROS": 0.22257841543238774,
    "MBI": 0.21484460146780054,
    "ICCH": 0.21309505894810934,
    "AGO": 0.2030953523549125,
    "AIZ": 0.20035995994365977,
    "AMSF": 0.19735688321338066,
    "TRUP": 0.18437221162510847,
    "MMMM": 0.17874796689339012,
    "AMBC": 0.1741473834807949,
    "SYCRF": 0.16101449781029284,
    "ACMT": 0.1547374350973735,
    "ACMTA": 0.1547374350973735,
    "PPHI": 0.1401818405066258,
    "TGIC": 0.13913865318639015,
    "FPLF": 0.1293330064855413
}