{
    "SYCRF": 1.0000000000000002,
    "JRVR": 0.2447520708901588,
    "EIG": 0.19810992440144545,
    "TRRSF": 0.19746087624173975,
    "AGO": 0.19303170020902416,
    "ICCH": 0.18341119671121703,
    "TIPT": 0.17863650459511932,
    "ITIC": 0.16101449781029284,
    "LCSHF": 0.15860908418084907,
    "TRUP": 0.15668972422562316,
    "FAF": 0.15622969370212006,
    "AMBC": 0.15171520080473408,
    "MMMM": 0.1472615256739909,
    "FNF": 0.14185993516931716,
    "MBI": 0.13709046756064683,
    "AIZ": 0.13383901588159547,
    "AMSF": 0.132082107651059,
    "FACO": 0.12390388567777871,
    "TIG": 0.12103669435496613,
    "PROS": 0.12045323694546037,
    "MTG": 0.11681720043106013,
    "RDN": 0.11106142629145324,
    "PPHI": 0.10843029006563429,
    "ACMT": 0.09639927642540862,
    "ACMTA": 0.09639927642540862,
    "TGIC": 0.0792994214573267,
    "FPLF": 0.0593646687009764
}