{
    "TIPT": 1.0,
    "FAF": 0.3654254346038072,
    "AIZ": 0.3430599834706374,
    "FNF": 0.3427461099604664,
    "RDN": 0.3333254231739526,
    "MTG": 0.32623399486350685,
    "MBI": 0.3057914336575681,
    "EIG": 0.3000245453794486,
    "AGO": 0.29991621810188734,
    "PROS": 0.2984900396452869,
    "TIG": 0.294019386057525,
    "MMMM": 0.28383811630124406,
    "JRVR": 0.2747750247970366,
    "TRRSF": 0.2742221519983086,
    "LCSHF": 0.2731279843662349,
    "FACO": 0.26599492081882276,
    "AMBC": 0.26496699697293735,
    "ICCH": 0.26428676222726877,
    "TRUP": 0.26215489329460645,
    "ITIC": 0.2598972998571869,
    "AMSF": 0.2121534265677598,
    "SYCRF": 0.17863650459511932,
    "ACMT": 0.16264290436650794,
    "ACMTA": 0.16264290436650794,
    "PPHI": 0.1588134305525115,
    "TGIC": 0.1357516051080159,
    "FPLF": 0.11605121630404293
}