{
    "ANCE": 0.9999999999999999,
    "UOLGF": 0.22888570390385726,
    "UOLGY": 0.22888570390385726,
    "DWAHF": 0.21642694601887358,
    "DWAHY": 0.21642694601887358,
    "SIMEF": 0.20398273056452176,
    "CHVKF": 0.20318503408870808,
    "OMAGQ": 0.20311613218204416,
    "HKHGF": 0.20162557310588528,
    "HNGKY": 0.20162557310588528,
    "SUHJF": 0.2003637850708439,
    "SUHJY": 0.2003637850708439,
    "BEIJF": 0.19611142934335332,
    "GZUHY": 0.194825039124523,
    "AYAAF": 0.1917129263108405,
    "SOLLY": 0.18899293284575458,
    "CHKGF": 0.1833202056112661,
    "COWP": 0.17868794482313802,
    "YMAIF": 0.17652328375458934,
    "PTLKF": 0.17587029819496444,
    "LSEA": 0.17579758752082306,
    "MGAWY": 0.17523944344207013,
    "EGXP": 0.17319977651058213,
    "CAOVY": 0.17220717938802446,
    "AEI": 0.1716734337421173,
    "PHKIF": 0.1686033893616471,
    "TIACF": 0.16817911152742965,
    "PRDL": 0.16447881353147123,
    "CAOVF": 0.16338937699454548,
    "FHRT": 0.16130997301948394,
    "CDEVF": 0.159721440433334,
    "CDEVY": 0.159721440433334,
    "HGSH": 0.1596849788363616,
    "CTRYF": 0.15962055569854822,
    "CTRYY": 0.15962055569854822,
    "KRYPF": 0.157971246927982,
    "GRHI": 0.15633181464636633,
    "LGFRY": 0.1557749841842573,
    "XIN": 0.15548522875377704,
    "YUEXF": 0.1510636658010203,
    "UCASU": 0.14791473006422687,
    "RBLAY": 0.14587484003866405,
    "PPCQ": 0.14503467968163208,
    "CLLDF": 0.1443757447731037,
    "CLLDY": 0.1443757447731037,
    "SRRE": 0.1429945870704992,
    "NHVP": 0.14278594761142846,
    "SHMAY": 0.14243894983622535,
    "SIOPF": 0.14243894983622535,
    "CRBJF": 0.1422747233036634,
    "CRBJY": 0.1422747233036634,
    "BPCP": 0.13997317027779127,
    "SNLAF": 0.13769299539589822,
    "SNLAY": 0.13769299539589822,
    "EGRNF": 0.13630150983728329,
    "EGRNY": 0.13527296544409834,
    "MODVF": 0.1349383412472349,
    "RGSG": 0.13214736646913955,
    "ARL": 0.13156293954019682,
    "CHIT": 0.13146132213420972,
    "GLCO": 0.12788924965125464,
    "AGPYF": 0.12365199840055702,
    "AGPYY": 0.12365199840055702,
    "HCDI": 0.12277602651637283,
    "DEVM": 0.12213366965810879,
    "CESTF": 0.12077021083699997,
    "CAPV": 0.11705736065565249,
    "CWQXF": 0.11549200215641028,
    "ILAL": 0.11185352842633352,
    "FPH": 0.11045225470500554,
    "KANP": 0.10482997977341112,
    "DTCWY": 0.10110254682890338,
    "DWHHF": 0.10110254682890338,
    "TAUX": 0.0969381341724091,
    "FOR": 0.08776396825229517,
    "HIHI": 0.08503350207443175,
    "INDT": 0.08242969530353669,
    "XTRM": 0.07642409816585029,
    "MTPP": 0.07003489732482276,
    "CTO": 0.06811116611647407,
    "IVCO": 0.05313370362190623,
    "GCCO": 0.017777849906446985
}