{
    "CAOVF": 0.9999999999999998,
    "CAOVY": 0.9885937903996281,
    "PHKIF": 0.5087935581294719,
    "HKHGF": 0.4790166803884785,
    "HNGKY": 0.4790166803884785,
    "TIACF": 0.47222747728476505,
    "YUEXF": 0.45797985200791963,
    "BEIJF": 0.44665525883200824,
    "SOLLY": 0.4435241642856717,
    "LGFRY": 0.4295083915095498,
    "SNLAF": 0.4265163715197027,
    "SNLAY": 0.4265163715197027,
    "KRYPF": 0.41433688315865885,
    "UOLGF": 0.41019393644231317,
    "UOLGY": 0.41019393644231317,
    "CHVKF": 0.4067723561434154,
    "CHKGF": 0.40410373166321306,
    "SHMAY": 0.39786000026695534,
    "SIOPF": 0.39786000026695534,
    "CRBJF": 0.39690792097542676,
    "CRBJY": 0.39690792097542676,
    "EGRNF": 0.38273118957849767,
    "GZUHY": 0.3823454132054872,
    "EGRNY": 0.3820378684999138,
    "SIMEF": 0.3705851074205373,
    "CTRYF": 0.3592078300177149,
    "CTRYY": 0.3592078300177149,
    "AGPYF": 0.3404651502908096,
    "AGPYY": 0.3404651502908096,
    "SUHJF": 0.33178821090767024,
    "SUHJY": 0.33178821090767024,
    "AYAAF": 0.3051716525407833,
    "HGSH": 0.2998507895743472,
    "YMAIF": 0.29639867539793596,
    "PTLKF": 0.2800194674123597,
    "SRRE": 0.2733415098042878,
    "CESTF": 0.27067972047017436,
    "XIN": 0.2673028006734063,
    "CLLDF": 0.2645715395839791,
    "CLLDY": 0.2645715395839791,
    "MGAWY": 0.2623938023931639,
    "MODVF": 0.24726854203485787,
    "DWAHF": 0.23863373044372427,
    "DWAHY": 0.23863373044372427,
    "RGSG": 0.23680722713965888,
    "COWP": 0.232650799170511,
    "RBLAY": 0.231848554611027,
    "AEI": 0.21192516312447401,
    "EGXP": 0.2013611822563095,
    "FPH": 0.1969160086779042,
    "KANP": 0.1942753088351768,
    "PRDL": 0.18790978132875955,
    "PPCQ": 0.1857915599714282,
    "FHRT": 0.18541945707371807,
    "ILAL": 0.18355114887536564,
    "GRHI": 0.1828063416390691,
    "NHVP": 0.18125796976677624,
    "LSEA": 0.17822978362940656,
    "DTCWY": 0.17074769264407033,
    "DWHHF": 0.17074769264407033,
    "UCASU": 0.17072401946049007,
    "CHIT": 0.16802635884467526,
    "CDEVF": 0.16645939741252558,
    "CDEVY": 0.16645939741252558,
    "ANCE": 0.16338937699454548,
    "ARL": 0.15864631876972882,
    "HCDI": 0.150271210772923,
    "OMAGQ": 0.14744946320106458,
    "GLCO": 0.1464309901307522,
    "BPCP": 0.14330927547509761,
    "TAUX": 0.12474666677605264,
    "FOR": 0.12072415656449585,
    "HIHI": 0.1139534409203647,
    "DEVM": 0.10338020814304236,
    "CTO": 0.10309493432463593,
    "XTRM": 0.09756586732512622,
    "CWQXF": 0.09663774712208374,
    "MTPP": 0.09599143910623524,
    "CAPV": 0.09574721943514143,
    "INDT": 0.07714464128846571,
    "IVCO": 0.0656610804603155,
    "GCCO": 0.021106635897634476
}