{
    "DWAHF": 1.0000000000000002,
    "DWAHY": 1.0000000000000002,
    "AYAAF": 0.368214474305658,
    "UOLGF": 0.3456591476694299,
    "UOLGY": 0.3456591476694299,
    "CHVKF": 0.34026099020011014,
    "MODVF": 0.337627891776121,
    "SUHJF": 0.3283146758999859,
    "SUHJY": 0.3283146758999859,
    "SIMEF": 0.3250143023288784,
    "PTLKF": 0.31012539780195186,
    "SOLLY": 0.30910827022141163,
    "GZUHY": 0.30170890887533586,
    "BEIJF": 0.3012004484528358,
    "CTRYF": 0.29634985138549147,
    "CTRYY": 0.29634985138549147,
    "XIN": 0.2913584109495278,
    "MGAWY": 0.2606437157132859,
    "TIACF": 0.25843298743466203,
    "LSEA": 0.25657784834734637,
    "COWP": 0.2559023627499813,
    "RBLAY": 0.2557432771179743,
    "PHKIF": 0.2534821625413721,
    "LGFRY": 0.2525254335848569,
    "YMAIF": 0.2518666211990958,
    "CAOVY": 0.24853716535889672,
    "CAOVF": 0.23863373044372427,
    "DTCWY": 0.2318757204354698,
    "DWHHF": 0.2318757204354698,
    "YUEXF": 0.23076633778164143,
    "CLLDF": 0.23063428139700384,
    "CLLDY": 0.23063428139700384,
    "KRYPF": 0.22429249534872167,
    "HKHGF": 0.21855107296244813,
    "HNGKY": 0.21855107296244813,
    "ANCE": 0.21642694601887358,
    "HGSH": 0.21442904656628278,
    "CRBJF": 0.20791825778232767,
    "CRBJY": 0.20791825778232767,
    "CHKGF": 0.20509387995654646,
    "NHVP": 0.19688293698693546,
    "GLCO": 0.19072725904316748,
    "FPH": 0.19023085755316452,
    "PPCQ": 0.18762956289023158,
    "SNLAF": 0.18684975801222167,
    "SNLAY": 0.18684975801222167,
    "RGSG": 0.18049571810217335,
    "ARL": 0.17370827933071975,
    "AEI": 0.1697298074336109,
    "SHMAY": 0.16969945471965925,
    "SIOPF": 0.16969945471965925,
    "FHRT": 0.16958653072572158,
    "SRRE": 0.16710690509743478,
    "GRHI": 0.16390492917447716,
    "FOR": 0.14993571053750646,
    "HCDI": 0.14837596008796844,
    "AGPYF": 0.14308182358256738,
    "AGPYY": 0.14308182358256738,
    "ILAL": 0.14105617872403217,
    "EGXP": 0.13899634750692377,
    "EGRNY": 0.13788737147412075,
    "UCASU": 0.13583247665253195,
    "EGRNF": 0.1349264879037318,
    "CESTF": 0.12941111085391752,
    "CDEVF": 0.12898452332071805,
    "CDEVY": 0.12898452332071805,
    "CHIT": 0.12573848779049338,
    "OMAGQ": 0.12147965619584702,
    "KANP": 0.11428575086025601,
    "PRDL": 0.10829941230592931,
    "CAPV": 0.10082029159583616,
    "BPCP": 0.09697610419775547,
    "DEVM": 0.09282218063001775,
    "HIHI": 0.08323116542822456,
    "MTPP": 0.07995655588815268,
    "INDT": 0.07804588895946339,
    "XTRM": 0.07698033079896131,
    "CWQXF": 0.06891459474800905,
    "GCCO": 0.06520147711553038,
    "TAUX": 0.05590522675274522,
    "IVCO": 0.05071093245303922,
    "CTO": 0.0389888605885053
}