{
    "TAUX": 1.0,
    "OMAGQ": 0.16568493461735423,
    "PHKIF": 0.14829176332933494,
    "FHRT": 0.14424233768464917,
    "KANP": 0.13657186831705137,
    "CRBJF": 0.13646712044867998,
    "CRBJY": 0.13646712044867998,
    "HKHGF": 0.1340604190389053,
    "HNGKY": 0.1340604190389053,
    "AEI": 0.13401965642147828,
    "HCDI": 0.1336182347255224,
    "FOR": 0.132659404085193,
    "PRDL": 0.13217464315388752,
    "ILAL": 0.12917746163734073,
    "GZUHY": 0.12574990593196053,
    "LSEA": 0.12512098528218576,
    "CAOVF": 0.12474666677605264,
    "SHMAY": 0.12392695346865998,
    "SIOPF": 0.12392695346865998,
    "CAOVY": 0.12302708144798637,
    "SRRE": 0.11288611463138475,
    "DEVM": 0.11269550675217438,
    "CHVKF": 0.11045669011999777,
    "GRHI": 0.10747743459046699,
    "AYAAF": 0.10593462974503906,
    "SOLLY": 0.10543816754471774,
    "HIHI": 0.1045006585108528,
    "TIACF": 0.10369710389747089,
    "EGRNF": 0.1029845998937599,
    "EGXP": 0.1028876116462233,
    "UCASU": 0.10228670440408097,
    "EGRNY": 0.10220746812954415,
    "HGSH": 0.10213247184866649,
    "BEIJF": 0.1002068003853352,
    "COWP": 0.09740108783044318,
    "ANCE": 0.0969381341724091,
    "XIN": 0.09686120684675259,
    "SNLAF": 0.09374524736428597,
    "SNLAY": 0.09374524736428597,
    "RBLAY": 0.09043996220552024,
    "SIMEF": 0.08912613404235341,
    "KRYPF": 0.08640284017926747,
    "PTLKF": 0.08612536285052518,
    "XTRM": 0.08597824259688022,
    "MGAWY": 0.08539383843719678,
    "YMAIF": 0.08496701967168002,
    "UOLGF": 0.08466166311291548,
    "UOLGY": 0.08466166311291548,
    "BPCP": 0.08452551922153709,
    "CHIT": 0.08089323062847957,
    "LGFRY": 0.08057878141672305,
    "GCCO": 0.07590490894561809,
    "PPCQ": 0.07308186441789359,
    "AGPYF": 0.07060896397340222,
    "AGPYY": 0.07060896397340222,
    "YUEXF": 0.06794336098812369,
    "RGSG": 0.06676590885882892,
    "MTPP": 0.0661183625495748,
    "ARL": 0.06552683737957979,
    "CHKGF": 0.06514345020727429,
    "SUHJF": 0.06494169855933946,
    "SUHJY": 0.06494169855933946,
    "CTO": 0.06456069142691936,
    "CDEVF": 0.06255202577899796,
    "CDEVY": 0.06255202577899796,
    "CAPV": 0.05944668837775012,
    "NHVP": 0.059338126427301796,
    "INDT": 0.056301112825439856,
    "DWAHF": 0.05590522675274522,
    "DWAHY": 0.05590522675274522,
    "GLCO": 0.05581733699484344,
    "CESTF": 0.054968762910505696,
    "MODVF": 0.054228898990788484,
    "CTRYF": 0.05296254652203781,
    "CTRYY": 0.05296254652203781,
    "IVCO": 0.05129578082425279,
    "FPH": 0.0459076284357378,
    "CLLDF": 0.04293956866504131,
    "CLLDY": 0.04293956866504131,
    "CWQXF": 0.039003996687509236,
    "DTCWY": 0.0322715910202832,
    "DWHHF": 0.0322715910202832
}