{
    "BOOM": 1.0,
    "FTK": 0.3119387016809367,
    "DRQ": 0.305400828668127,
    "OIS": 0.30392035225460906,
    "FET": 0.29966123498080083,
    "MCCRF": 0.28607585311786465,
    "OII": 0.28291454578782116,
    "TNRSF": 0.2779832258659119,
    "TS": 0.2779832258659119,
    "FTI": 0.27649619971789635,
    "CESDF": 0.2756130544049388,
    "BKR": 0.27482850712948814,
    "EXTN": 0.2727065303646984,
    "SAWLF": 0.2689787661810479,
    "NOV": 0.26831076624029027,
    "TTI": 0.2600482382145394,
    "MRC": 0.25898792638825796,
    "NR": 0.2562951225465938,
    "DNOW": 0.2541953433575532,
    "GEOS": 0.251123705864236,
    "CLB": 0.2489323551818075,
    "TAGP": 0.24811736487028924,
    "PFIE": 0.2452357799581117,
    "NCSM": 0.24488509990713442,
    "WYGPF": 0.2447557241762594,
    "WYGPY": 0.2447557241762594,
    "HLX": 0.238484584995486,
    "HNTIF": 0.2331453831184367,
    "CHX": 0.23127743341439946,
    "IO": 0.23121147744884776,
    "GIFI": 0.2296433205163767,
    "TXGE": 0.22718209503924028,
    "BLFR": 0.22560401236878905,
    "FI": 0.22270787049838264,
    "SLB": 0.22174236557047214,
    "AKAAF": 0.22085870443850775,
    "TDW": 0.21800220475732163,
    "HAL": 0.21764396376795736,
    "NGS": 0.21627890512196357,
    "RCON": 0.21583006045637113,
    "RES": 0.21382141385904996,
    "SMGI": 0.21253328355531192,
    "ACGYF": 0.21205361951325047,
    "SUBCY": 0.21205361951325047,
    "ENRFF": 0.21148510570113951,
    "NESR": 0.2114225849323192,
    "PKDC": 0.20944872412547824,
    "LNDT": 0.2074943970225217,
    "WFTLF": 0.20570930612497532,
    "SAPMF": 0.20493024369919116,
    "SAPMY": 0.20493024369919116,
    "FLSS": 0.2048349833480277,
    "NEX": 0.2042240311345736,
    "NWPIF": 0.199909646505631,
    "FURGF": 0.19907467167087856,
    "BASX": 0.1980118322382975,
    "WTTR": 0.19792243435002665,
    "WHD": 0.1972049274313855,
    "KLXE": 0.19653697564695347,
    "SBFFF": 0.1918446549047064,
    "SBFFY": 0.1918446549047064,
    "PRRY": 0.19173447077542677,
    "SECYF": 0.19090037337195317,
    "SLCA": 0.1891716544487976,
    "ALYE": 0.18472260258517925,
    "BOARF": 0.1842105423451953,
    "AROC": 0.1840429219232457,
    "TUSK": 0.18388106555753503,
    "ENGT": 0.18193288029907695,
    "EZIDF": 0.18185948736175733,
    "SHANF": 0.18050984957759358,
    "KEGX": 0.17953904039408086,
    "SDPI": 0.17774495633316237,
    "SND": 0.17676307090281684,
    "SOI": 0.17653875013518044,
    "SBOEF": 0.17517025602647562,
    "NNYR": 0.17407398299209947,
    "POFCF": 0.1737077360699922,
    "POFCY": 0.1737077360699922,
    "DWSN": 0.173683030311233,
    "IRIG": 0.1735282431317165,
    "SSOF": 0.17352368895560552,
    "AKKVF": 0.17346663405075363,
    "DPDW": 0.17193356669235882,
    "CPYJ": 0.16877379167275067,
    "PSYTF": 0.16815087138586549,
    "RNGR": 0.16644597700103722,
    "LMPRF": 0.16537708317948902,
    "TOLWF": 0.16367209936777238,
    "CSSV": 0.16136668897408613,
    "CGGYY": 0.16127020428988956,
    "AMCF": 0.16103035893887072,
    "EEYUF": 0.16058824126859378,
    "SKPO": 0.15960030037275402,
    "NOA": 0.15858973087116623,
    "HXGCF": 0.15661978817025496,
    "THNPF": 0.15639251377478713,
    "THNPY": 0.15639251377478713,
    "LBRT": 0.15382028906597173,
    "USEI": 0.15257438732388345,
    "CELP": 0.15232418948378418,
    "QSEP": 0.15229011199623918,
    "ENSV": 0.1520134141860599,
    "PRSEY": 0.1460505038386875,
    "CHOLF": 0.14279674966525613,
    "PUMP": 0.14114653580383174,
    "OPIEF": 0.13918767209247457,
    "PGEJF": 0.13868763598695147,
    "PGSVY": 0.13868763598695147,
    "PLSDF": 0.13752956707426453,
    "CFWFF": 0.13697584940221286,
    "WFTSF": 0.13567556534054845,
    "HGHAF": 0.13467702637594764,
    "TGSGY": 0.13232742022476118,
    "TGSNF": 0.13232742022476118,
    "NSFDF": 0.13175912485827057,
    "NINE": 0.13159452763494608,
    "PTOG": 0.13128386678476803,
    "VTOL": 0.12983813968295488,
    "SYNE": 0.1292560615506401,
    "OXFCF": 0.12911741939097982,
    "MDIKF": 0.12845119178197775,
    "VOPKF": 0.12828343153338656,
    "VOPKY": 0.12828343153338656,
    "FSNR": 0.12764385998307484,
    "CCLP": 0.1260479261136312,
    "BWTX": 0.12593981203649515,
    "TXLZF": 0.1259308151831888,
    "VYEY": 0.12195318908905076,
    "SVMRF": 0.12136687407182749,
    "GWTI": 0.12109366855374037,
    "PDER": 0.1191419292554467,
    "SNVVF": 0.11905611164015693,
    "TIRTZ": 0.11890033134110677,
    "FTSI": 0.1183747593435013,
    "CDVIQ": 0.11710658252715932,
    "CTBG": 0.11626700328437506,
    "CTNR": 0.11608932898923213,
    "USAC": 0.11150689750555048,
    "GLFH": 0.10835727449994859,
    "MARPS": 0.10762862411681692,
    "BMMCF": 0.1051938008432144,
    "TEGR": 0.10127806900061333,
    "TH": 0.10065835909314019,
    "DTRO": 0.09281606024965669,
    "XREG": 0.07837388758900275,
    "FOYJ": 0.07834738955165158,
    "NRT": 0.0765771822435123,
    "GPTC": 0.0760256336815328,
    "WOGI": 0.07599345931433404,
    "UTDE": 0.052015964663859895
}