{
    "TTI": 1.0,
    "FTI": 0.48763354907083917,
    "OIS": 0.48708144128590286,
    "NR": 0.4810915538610924,
    "FET": 0.4441228855744571,
    "HAL": 0.4294650209151055,
    "NESR": 0.42675536880007414,
    "BASX": 0.4158022130496864,
    "RES": 0.41112179869626825,
    "FLSS": 0.4021764730140086,
    "TAGP": 0.38964492102157317,
    "CESDF": 0.3893066429840587,
    "SAWLF": 0.3887855739182417,
    "KEGX": 0.3887436766458422,
    "RNGR": 0.3805582057467241,
    "WTTR": 0.3785610798774216,
    "FI": 0.3777244283431253,
    "KLXE": 0.3771101656768275,
    "FTK": 0.3761193396871356,
    "BKR": 0.37035833901592946,
    "OII": 0.3606968654506441,
    "PKDC": 0.35976693722715947,
    "PFIE": 0.3570644361786301,
    "GEOS": 0.3469099317816466,
    "NEX": 0.3411184725851544,
    "HLX": 0.3392683376992955,
    "TNRSF": 0.33591878739262465,
    "TS": 0.33591878739262465,
    "DRQ": 0.33510740679963996,
    "TUSK": 0.33123013106979043,
    "FURGF": 0.3260976263455815,
    "SLB": 0.32593569148006696,
    "NOV": 0.31606937635903687,
    "ACGYF": 0.31266090729176443,
    "SUBCY": 0.31266090729176443,
    "EXTN": 0.3113023361158346,
    "SECYF": 0.31082517453034314,
    "WFTLF": 0.3105186145162395,
    "CHOLF": 0.30799798315418525,
    "CLB": 0.30176695124503206,
    "IRIG": 0.2989158672465132,
    "CFWFF": 0.2985004878309655,
    "CHX": 0.29599151586837935,
    "BLFR": 0.2953729200946603,
    "MCCRF": 0.2928921313606107,
    "WYGPF": 0.29185710863318565,
    "WYGPY": 0.29185710863318565,
    "EZIDF": 0.2908037522749127,
    "TDW": 0.28965715897908,
    "HNTIF": 0.2896053642800333,
    "GIFI": 0.289123048828841,
    "THNPF": 0.2866351139391145,
    "THNPY": 0.2866351139391145,
    "DNOW": 0.2855874015315919,
    "EEYUF": 0.2837358363714745,
    "POFCF": 0.28234660728963257,
    "POFCY": 0.28234660728963257,
    "LMPRF": 0.2814797673994165,
    "TOLWF": 0.2779971177410652,
    "SAPMF": 0.27511286322985,
    "SAPMY": 0.27511286322985,
    "NWPIF": 0.27148049126279905,
    "BOARF": 0.2705532631818598,
    "AKKVF": 0.26815404647989305,
    "TXGE": 0.2657524077637597,
    "MRC": 0.2655701202448957,
    "CELP": 0.2652007335917684,
    "ALYE": 0.26357155400000104,
    "SND": 0.2608845354899423,
    "BOOM": 0.2600482382145394,
    "DPDW": 0.25905647680357463,
    "CSSV": 0.2579493615970037,
    "SBOEF": 0.2576188740392742,
    "WHD": 0.25685359308103006,
    "SDPI": 0.2566874653006068,
    "DWSN": 0.2549959927017163,
    "PSYTF": 0.25436887120281704,
    "PRRY": 0.25247899958133224,
    "NGS": 0.2521440801668268,
    "IO": 0.2499012620568876,
    "RCON": 0.24981195999553735,
    "ENRFF": 0.2488798184371042,
    "AKAAF": 0.24849831009061615,
    "ENSV": 0.240554748931681,
    "AROC": 0.23708898135603293,
    "LNDT": 0.23564446405156694,
    "CGGYY": 0.2338097745449898,
    "NINE": 0.22974014287979777,
    "CDVIQ": 0.2295149586466469,
    "PGEJF": 0.2285080302964106,
    "PGSVY": 0.2285080302964106,
    "FTSI": 0.22834755491148886,
    "NCSM": 0.22827750167408675,
    "ENGT": 0.22699598395246767,
    "SMGI": 0.2268818707072252,
    "VOPKF": 0.2201869127977564,
    "VOPKY": 0.2201869127977564,
    "SLCA": 0.21960234266447046,
    "LBRT": 0.21920570103836792,
    "HGHAF": 0.2187880980339832,
    "SOI": 0.21595043026470961,
    "PUMP": 0.21463559871955556,
    "SBFFF": 0.21127691560876238,
    "SBFFY": 0.21127691560876238,
    "VYEY": 0.209263339885395,
    "CCLP": 0.20433407907266266,
    "SNVVF": 0.2021889460695323,
    "WFTSF": 0.20211913352935212,
    "HXGCF": 0.20056742369419275,
    "PTOG": 0.19856785199310895,
    "SSOF": 0.19571723037606245,
    "TXLZF": 0.19448245986973253,
    "SHANF": 0.19311425287709522,
    "PRSEY": 0.19259605533403093,
    "SKPO": 0.19023068638513474,
    "VTOL": 0.1897404937780683,
    "CPYJ": 0.18758834486953524,
    "NNYR": 0.18628027709389927,
    "FSNR": 0.18326704938000815,
    "OPIEF": 0.1796112280564061,
    "TGSGY": 0.17943248749407836,
    "TGSNF": 0.17943248749407836,
    "TIRTZ": 0.17805911050693676,
    "GLFH": 0.17756374762961266,
    "NOA": 0.1742913332253734,
    "OXFCF": 0.17420201880614308,
    "QSEP": 0.1738419656354895,
    "BWTX": 0.17021824483850573,
    "MARPS": 0.16986530340217548,
    "USAC": 0.1656850529384779,
    "TH": 0.16105481828594503,
    "PLSDF": 0.1592513732234124,
    "CTNR": 0.15910626841649667,
    "AMCF": 0.158793941138918,
    "PDER": 0.15714137756307767,
    "SVMRF": 0.1482641873487489,
    "CTBG": 0.14297338833770518,
    "GWTI": 0.13995002756827882,
    "MDIKF": 0.1385913532306587,
    "XREG": 0.1363072360028103,
    "TEGR": 0.13548906754417137,
    "WOGI": 0.13363329007817287,
    "NRT": 0.1284537805237303,
    "BMMCF": 0.12543977622315775,
    "SYNE": 0.12143164064556955,
    "NSFDF": 0.1213143365257245,
    "USEI": 0.1197420591989405,
    "DTRO": 0.11001263369765904,
    "GPTC": 0.10846214510961873,
    "FOYJ": 0.10016101401997585,
    "UTDE": 0.07663347867835826
}