{
    "AHT-PD": 1.0,
    "AHT-PF": 1.0,
    "AHT-PG": 1.0,
    "AHT-PH": 1.0,
    "AHT-PI": 1.0,
    "AHT": 1.0,
    "BHR-PB": 0.346620318594553,
    "BHR-PD": 0.346620318594553,
    "BHR": 0.346620318594553,
    "RLJ-PA": 0.20269086435046726,
    "RLJ": 0.20269086435046726,
    "SOHO": 0.19102819141569713,
    "SOHOB": 0.19102819141569713,
    "SOHON": 0.19102819141569713,
    "SOHOO": 0.19102819141569713,
    "CDOR": 0.18592206533766376,
    "CLDT": 0.16745037789654224,
    "HT-PC": 0.15772542362890157,
    "HT-PD": 0.15772542362890157,
    "HT-PE": 0.15772542362890157,
    "HT": 0.15772542362890157,
    "APLE": 0.15097272411637322,
    "PEB-PC": 0.13107678309065426,
    "PEB-PD": 0.13107678309065426,
    "PEB-PG": 0.13107678309065426,
    "PEB": 0.13107678309065426,
    "INN-PE": 0.12573020158047915,
    "INN": 0.12573020158047915,
    "CPLG": 0.12448525028084724,
    "XHR": 0.124465191386201,
    "DRH-PA": 0.12095077744655934,
    "DRH": 0.12095077744655934,
    "SVC": 0.10253986816428808,
    "FCPT": 0.09201537207194753,
    "IHT": 0.09070691979606978,
    "SHO-PE": 0.0884519600652606,
    "SHO-PF": 0.0884519600652606,
    "SHO": 0.0884519600652606,
    "HST": 0.07070532819265198,
    "AHOTF": 0.0593322030322325,
    "PK": 0.05247127495918658,
    "RHP": 0.049730624417443914,
    "DBMXF": 0.04125271298244204
}