{
    "AHNMF": 1.0,
    "OLVRF": 0.30909655856202556,
    "EQMEF": 0.28820977773826734,
    "SLRRF": 0.2554931047417241,
    "LUCRF": 0.23996631268064303,
    "TEUTF": 0.23656654905494687,
    "CTMCF": 0.23536854017608594,
    "MPVDF": 0.2264413848106112,
    "AXDDF": 0.22552200054664026,
    "SWYDF": 0.22338799980986057,
    "QGLDF": 0.21848797244385995,
    "GOTRF": 0.20893938315069774,
    "TARSF": 0.2057341460330127,
    "AGLDF": 0.20398662911053594,
    "BBBXF": 0.20274510981007351,
    "HEGLF": 0.1998088894598526,
    "XTRRF": 0.19962387618529776,
    "PMMEF": 0.19959154896264394,
    "GMDMF": 0.19676705402185624,
    "RVSDF": 0.1963594123605839,
    "STNRF": 0.19612787017066113,
    "MRZLF": 0.19383711196463813,
    "GGSM": 0.19279483464240507,
    "RKHNF": 0.19005904924035796,
    "GILXF": 0.18965834080451865,
    "MBYMF": 0.18652164845021313,
    "VLMGF": 0.18580332364361207,
    "SNLRF": 0.18361123980650573,
    "NMEX": 0.18349433481788494,
    "MUX": 0.18132142827043807,
    "DDNFF": 0.18054279171105306,
    "AUMN": 0.18007026639647053,
    "ABBRF": 0.17716409152526372,
    "TSDRF": 0.17702217987620433,
    "IMPUF": 0.17633168859784826,
    "IMPUY": 0.17633168859784826,
    "ORAGF": 0.17610801035134663,
    "ORVMF": 0.17516630051360277,
    "CHKKF": 0.17489106060195797,
    "KGFMF": 0.17373859777485318,
    "KGSSF": 0.17293124957152928,
    "BXXRF": 0.1704155009500533,
    "KDKCF": 0.16843705271856585,
    "ACKRF": 0.16695341923668577,
    "PVGDF": 0.16671431174147938,
    "VIPRF": 0.16495876636780263,
    "GSRCF": 0.1647262503747923,
    "MMNGF": 0.15895062481905178,
    "BLXX": 0.1585375941452771,
    "AUXIF": 0.15761210848081267,
    "SCTSF": 0.15659361083717463,
    "CAPTF": 0.15638529827079373,
    "CTDT": 0.15592632083780755,
    "DNCVF": 0.15580356227053999,
    "GLDRF": 0.15575975397815262,
    "CMCXF": 0.15575423039118277,
    "GSMGF": 0.15528597078335066,
    "NBRI": 0.1549603708103394,
    "GORIF": 0.1533575856423739,
    "MXSG": 0.15241596478022845,
    "EMPYF": 0.1513122842662169,
    "DFIFF": 0.15016153849074998,
    "SSVRF": 0.1501036391072589,
    "GYRRF": 0.1500485735016832,
    "ETFLF": 0.14844369316672068,
    "MLRKF": 0.14736927769445052,
    "AUXRF": 0.14721112791508115,
    "LSXEF": 0.14664937168611378,
    "ASM": 0.14641947899930083,
    "URHG": 0.14563670042042196,
    "MHTZF": 0.14547248502988624,
    "NHVCF": 0.14471446202635566,
    "ILST": 0.14405307646939064,
    "RYMM": 0.14364227366615412,
    "HGLD": 0.14327323113684895,
    "FMNJ": 0.14325414492859762,
    "DSCR": 0.14324273987417954,
    "GBRRF": 0.14137711092293503,
    "LBCMF": 0.14067741263492048,
    "ASLRF": 0.14060473606620183,
    "GNYPF": 0.14006498062607833,
    "GDPHF": 0.13931953759200014,
    "NCMBF": 0.1383416292914801,
    "ANGCF": 0.13823314850189775,
    "MEXGF": 0.13805382976900232,
    "GIDMF": 0.13785064934290345,
    "CHPGF": 0.13697304531593957,
    "BYRG": 0.136935189123079,
    "BKRRF": 0.1368974738739279,
    "SAPLF": 0.136367913962472,
    "ATBHF": 0.13629592310775476,
    "SSRSF": 0.135682477112338,
    "ELRFF": 0.13548127212441088,
    "APGOF": 0.13512318760339734,
    "AHNR": 0.1341436615319049,
    "SUNPF": 0.13335157071469947,
    "DMIFF": 0.13242295615127167,
    "SDRC": 0.13188400750206264,
    "SNNGF": 0.13164474683780952,
    "GLGDF": 0.13044730228586185,
    "TBXXF": 0.1301189532622432,
    "SMOFF": 0.1299376626987199,
    "SLVTF": 0.1294070741710282,
    "ECPN": 0.12907782970686957,
    "EMSKF": 0.12826878384913243,
    "AZGFF": 0.12688444971035134,
    "ASDZF": 0.1266965602405634,
    "PTNUF": 0.12433980470459678,
    "CRTIF": 0.1241075933378691,
    "SILV": 0.12312208729964269,
    "ESGI": 0.12224493793130821,
    "ITRG": 0.12189921726315218,
    "SBLRF": 0.12142959641298189,
    "PGVI": 0.12108094564691746,
    "HTRRF": 0.12098519916348976,
    "BVN": 0.12085238276531281,
    "PEXZF": 0.12016440927758489,
    "SLSSF": 0.11903577963142278,
    "FNLPF": 0.11868794139492675,
    "RIINF": 0.11801113597235505,
    "AUIAF": 0.11737978379865602,
    "NOCSF": 0.11720149784112378,
    "AXU": 0.11599182833522763,
    "JINFF": 0.11583648033649688,
    "PPTA": 0.11561792971202102,
    "IFAM": 0.11508383397407404,
    "SSVFF": 0.11453490146954177,
    "MYAGF": 0.11277693408435606,
    "BMIX": 0.11191620237681887,
    "CLRMF": 0.11149844125203809,
    "FBSGF": 0.1113878599991194,
    "SRGZ": 0.11056281205040515,
    "PLG": 0.1104917079110823,
    "AUCUF": 0.10938446276942204,
    "CFTN": 0.10802536706231573,
    "DYNR": 0.10720585049392636,
    "NUPMF": 0.10692410219990897,
    "GRYEF": 0.10656674400665252,
    "CNRIF": 0.10642040516380348,
    "DRIFF": 0.10444841467979045,
    "GROY": 0.10286829837720915,
    "GATO": 0.10059386182708945,
    "MMMRF": 0.10032317149193085,
    "HBEIF": 0.09919843217947961,
    "SILS": 0.09788028758992329,
    "AMNP": 0.09623188124811323,
    "MMX": 0.0961264506299046,
    "BOCOF": 0.09591909624392586,
    "GOFF": 0.09487258114224718,
    "TIHRF": 0.09452721556267836,
    "AGPPF": 0.09218598185858586,
    "ANGPY": 0.09218598185858586,
    "MTA": 0.09115856148726469,
    "HYMC": 0.09095490226303538,
    "AUCOY": 0.09019441333672595,
    "POYYF": 0.09019441333672595,
    "IMGL": 0.08909949158428591,
    "BRGC": 0.08640005726612081,
    "VOXCF": 0.07696117307289156,
    "SMPR": 0.07457178556180775,
    "SMPRD": 0.07457178556180775,
    "MAGE": 0.07271970148062541,
    "NSRXF": 0.06649312155006624,
    "CGLD": 0.06231952254342648
}