{
    "CRTIF": 1.0000000000000002,
    "RKHNF": 0.31073414308184005,
    "ETFLF": 0.2911284094094662,
    "CTMCF": 0.2879849085223928,
    "TSDRF": 0.287883216585199,
    "CMCXF": 0.2809770905265017,
    "ACKRF": 0.28000354567303914,
    "EQMEF": 0.27859266992114035,
    "EMSKF": 0.2718070871981064,
    "BKRRF": 0.2717200214354016,
    "AHNR": 0.2694277237079189,
    "LSXEF": 0.2649040951792406,
    "XTRRF": 0.2510560843278654,
    "GYRRF": 0.25050261483949793,
    "SCTSF": 0.250365112159987,
    "LBCMF": 0.24608265423312414,
    "GOTRF": 0.24326824077503503,
    "BYRG": 0.24232292043392356,
    "KDKCF": 0.23681081741837307,
    "ORAGF": 0.2361213919620306,
    "GSRCF": 0.23586419012699672,
    "MUX": 0.23261065786301946,
    "PVGDF": 0.23247406782652535,
    "SDRC": 0.2312458268108467,
    "ASLRF": 0.23109109830249466,
    "SLSSF": 0.230688171999143,
    "AZGFF": 0.22856457607681485,
    "ABBRF": 0.2272353221902339,
    "SWYDF": 0.2265888576452492,
    "GLGDF": 0.21989313976925276,
    "QGLDF": 0.2171273252499879,
    "MHTZF": 0.21658827815033987,
    "SLVTF": 0.21503799997809264,
    "CHKKF": 0.213764636081639,
    "DNCVF": 0.21159310911197896,
    "ATBHF": 0.20779567272302207,
    "SSVRF": 0.20503867453044178,
    "AUXRF": 0.20325656766893355,
    "SUNPF": 0.20139582502246908,
    "BBBXF": 0.20108060795890126,
    "ANGCF": 0.19973792802902804,
    "PTNUF": 0.19936155572155442,
    "GNYPF": 0.19735948746290838,
    "VLMGF": 0.19639658818947073,
    "APGOF": 0.19432405506591383,
    "GLDRF": 0.1940641691729465,
    "NCMBF": 0.1927533473727337,
    "OLVRF": 0.19267253085010197,
    "MXSG": 0.19169623287313522,
    "PMMEF": 0.19131938679769822,
    "GILXF": 0.1905626965115932,
    "AUMN": 0.18801962883909867,
    "RVSDF": 0.18731239717994672,
    "AGLDF": 0.18648104979737662,
    "AXDDF": 0.1857407579177054,
    "AUXIF": 0.1844151006088342,
    "MBYMF": 0.18422925331558432,
    "ILST": 0.18375328355555337,
    "NOCSF": 0.18373846115826162,
    "MLRKF": 0.18359019045516867,
    "SLRRF": 0.18231854276385914,
    "SMOFF": 0.18187733123509403,
    "ITRG": 0.1814657917898796,
    "KGFMF": 0.18044468236158642,
    "GORIF": 0.18011883616306168,
    "CLRMF": 0.17964112436704893,
    "IMPUF": 0.17921746433513538,
    "IMPUY": 0.17921746433513538,
    "VIPRF": 0.17875398259360653,
    "NBRI": 0.17830012970604134,
    "SSRSF": 0.1782226750755913,
    "GBRRF": 0.17770628628440724,
    "SBLRF": 0.17599621526019157,
    "MRZLF": 0.17478787222167563,
    "TBXXF": 0.17472032605322188,
    "SNLRF": 0.17368347809025797,
    "ASM": 0.17354768205137494,
    "MPVDF": 0.17245958131074982,
    "ESGI": 0.17135995903568446,
    "NMEX": 0.17065539585805703,
    "HYMC": 0.1704559997368644,
    "SRGZ": 0.16965111362479415,
    "JINFF": 0.16930403620420378,
    "NUPMF": 0.16929774463632452,
    "GGSM": 0.16928560816942603,
    "KGSSF": 0.16917523855296374,
    "MMNGF": 0.16810699267498147,
    "ORVMF": 0.16741640693465773,
    "MAGE": 0.16496697994150655,
    "DRIFF": 0.16385011258076784,
    "SNNGF": 0.16076497325524827,
    "STNRF": 0.16061946416109013,
    "MEXGF": 0.1600159181039015,
    "MMMRF": 0.1590149027510465,
    "BMIX": 0.15795474456607622,
    "GSMGF": 0.15785503504339246,
    "AUIAF": 0.15706913066466666,
    "HTRRF": 0.15563182074933316,
    "ECPN": 0.15557193527112706,
    "SSVFF": 0.1547958869158044,
    "IFAM": 0.1546253130630764,
    "PGVI": 0.15252444397713721,
    "HEGLF": 0.15125755601655141,
    "PEXZF": 0.15077274805719768,
    "CAPTF": 0.15054399665301252,
    "MYAGF": 0.14842823344569284,
    "DDNFF": 0.1481665111413654,
    "URHG": 0.14641192841152362,
    "BXXRF": 0.1453948675320567,
    "DYNR": 0.1449537071690604,
    "FMNJ": 0.14433861489847205,
    "SILV": 0.14432313553959886,
    "TARSF": 0.14398316152695662,
    "GIDMF": 0.14239398162090855,
    "RIINF": 0.14222242737438787,
    "HGLD": 0.14172835942943332,
    "CHPGF": 0.14141557032775737,
    "LUCRF": 0.13559498901563888,
    "FBSGF": 0.1348878622339888,
    "CFTN": 0.13419554887345014,
    "TEUTF": 0.13416305990767827,
    "GATO": 0.1335105665632683,
    "NHVCF": 0.13203976371474638,
    "AUCUF": 0.13131042010561053,
    "AXU": 0.1267642257361031,
    "BVN": 0.1261011955753478,
    "PPTA": 0.12597070054446546,
    "PLG": 0.12593286177173835,
    "SILS": 0.1258751811778407,
    "RYMM": 0.12526577785080595,
    "AHNMF": 0.1241075933378691,
    "ELRFF": 0.12260828127104069,
    "GMDMF": 0.12222392966900965,
    "CNRIF": 0.12090393518034742,
    "HBEIF": 0.11964222251937519,
    "FNLPF": 0.11723959934229648,
    "DMIFF": 0.1172247014602315,
    "SMPR": 0.11576824177988651,
    "SMPRD": 0.11576824177988651,
    "MMX": 0.11246017541757283,
    "GOFF": 0.10974474525499926,
    "ASDZF": 0.1076580040827859,
    "BLXX": 0.10661938347229327,
    "BRGC": 0.10431210673228637,
    "GDPHF": 0.10152699699810935,
    "TIHRF": 0.10124201235117697,
    "AUCOY": 0.0984085500394611,
    "POYYF": 0.0984085500394611,
    "GROY": 0.09677229033648435,
    "MTA": 0.09665379843835344,
    "DSCR": 0.09563651249943114,
    "EMPYF": 0.09542378403238458,
    "AMNP": 0.09472639306636776,
    "SAPLF": 0.09248446622243431,
    "IMGL": 0.0918025243108957,
    "DFIFF": 0.08757880561649149,
    "CTDT": 0.085347556304453,
    "AGPPF": 0.08375188304620385,
    "ANGPY": 0.08375188304620385,
    "GRYEF": 0.07769104244789715,
    "VOXCF": 0.07723674397576456,
    "NSRXF": 0.07403002474373921,
    "CGLD": 0.07226234661196287,
    "BOCOF": 0.05216757999229104
}