{
    "PGVI": 1.0000000000000002,
    "ESGI": 0.2454190370836313,
    "SSVFF": 0.2184239463953742,
    "KDKCF": 0.21720837419706937,
    "SLVTF": 0.20965901793064937,
    "GGSM": 0.20556078068315398,
    "NMEX": 0.2049403083572201,
    "QGLDF": 0.2011920989444259,
    "RKHNF": 0.19427815526788517,
    "GILXF": 0.193905168670102,
    "SLRRF": 0.1933461841199193,
    "BXXRF": 0.19216140988639194,
    "ORAGF": 0.18839709933259993,
    "MUX": 0.18643000485390054,
    "MYAGF": 0.18423978519078424,
    "RVSDF": 0.18349321191667478,
    "CHKKF": 0.1833205415305338,
    "PVGDF": 0.1802451652575866,
    "XTRRF": 0.17977626591827173,
    "DNCVF": 0.17961588619181737,
    "RIINF": 0.1780371683612245,
    "FMNJ": 0.17600346840018483,
    "DRIFF": 0.17320773229991135,
    "ABBRF": 0.17199276264030974,
    "AUXIF": 0.17156549450650507,
    "MBYMF": 0.17072750643079404,
    "ILST": 0.16968279075076617,
    "SLSSF": 0.16735422460943483,
    "TARSF": 0.16611407237347636,
    "DYNR": 0.16448097134430875,
    "CMCXF": 0.1635229319802801,
    "NOCSF": 0.16266280556964993,
    "STNRF": 0.16225251706865892,
    "SRGZ": 0.16013364614114003,
    "PMMEF": 0.15896918253460463,
    "ACKRF": 0.15809889896324417,
    "FBSGF": 0.15778820005154984,
    "MXSG": 0.1576988057448761,
    "SCTSF": 0.1563047043087235,
    "BKRRF": 0.1562649159631726,
    "MLRKF": 0.15589633212351087,
    "MRZLF": 0.15559891051771516,
    "AXDDF": 0.15485543924505216,
    "ANGCF": 0.1543030683382035,
    "APGOF": 0.154048379568812,
    "GYRRF": 0.15354955975866105,
    "DDNFF": 0.1528199451615903,
    "CRTIF": 0.15252444397713721,
    "GNYPF": 0.1525160570895588,
    "SNLRF": 0.15240355118170454,
    "CTMCF": 0.15220883445634864,
    "AGLDF": 0.15196502656308075,
    "EQMEF": 0.15183877491674813,
    "KGFMF": 0.15123201931909364,
    "GORIF": 0.15117133727767323,
    "TBXXF": 0.15114533460489177,
    "NBRI": 0.15081233043939918,
    "NCMBF": 0.15065783098794533,
    "GBRRF": 0.14998195914388956,
    "VLMGF": 0.1492440442226373,
    "HTRRF": 0.14913815267775835,
    "GSRCF": 0.14828071657848332,
    "SSRSF": 0.14804874403675577,
    "ETFLF": 0.1479337552365637,
    "SMOFF": 0.14788784653826312,
    "SSVRF": 0.1478691463693063,
    "EMSKF": 0.14770297106791416,
    "CAPTF": 0.14721450619851245,
    "MMNGF": 0.1469488448711742,
    "BYRG": 0.14515003274675012,
    "BBBXF": 0.1444166283909546,
    "GOTRF": 0.14436396599584106,
    "GLDRF": 0.1442471813358909,
    "AUMN": 0.14400183656650167,
    "AZGFF": 0.14331478055423966,
    "CHPGF": 0.14276885067716655,
    "CLRMF": 0.14235963239192168,
    "LSXEF": 0.1412882471918985,
    "BLXX": 0.14087334845205737,
    "MEXGF": 0.14000512458805559,
    "ITRG": 0.13943012345326727,
    "PPTA": 0.13804559560580146,
    "SILS": 0.137545825588575,
    "GATO": 0.13741718875983344,
    "SNNGF": 0.13728438150893776,
    "NHVCF": 0.13617361851563675,
    "HBEIF": 0.13491402992304313,
    "LBCMF": 0.1340273901076408,
    "CFTN": 0.1339546696081528,
    "GLGDF": 0.13393228311199248,
    "TSDRF": 0.1337448022760345,
    "SILV": 0.1333720638503444,
    "GIDMF": 0.13316526597932649,
    "ATBHF": 0.13195414441229164,
    "PEXZF": 0.1319223839555901,
    "NUPMF": 0.13171723692316756,
    "TEUTF": 0.1309864766097307,
    "ASLRF": 0.12936864741757623,
    "JINFF": 0.12839262051383107,
    "VIPRF": 0.1280201639665529,
    "ORVMF": 0.12784058375797677,
    "KGSSF": 0.1277549442264372,
    "URHG": 0.12762591587041286,
    "AUXRF": 0.12690394394751625,
    "SMPR": 0.1262623295243733,
    "SMPRD": 0.1262623295243733,
    "OLVRF": 0.12618375199473905,
    "LUCRF": 0.12616006607195956,
    "CNRIF": 0.12477046378871286,
    "SUNPF": 0.123968559808999,
    "AUIAF": 0.12345844746026031,
    "HEGLF": 0.12287109912644484,
    "MPVDF": 0.1228153388254577,
    "SWYDF": 0.12268596987279355,
    "ASM": 0.12252196935646634,
    "IMGL": 0.12227480201013582,
    "ECPN": 0.12223382297752786,
    "AMNP": 0.12143240565637833,
    "HGLD": 0.12114312836057195,
    "AHNMF": 0.12108094564691746,
    "BRGC": 0.12021800388524916,
    "SBLRF": 0.11911435536045513,
    "MMMRF": 0.11593021441468421,
    "AXU": 0.1155655061783306,
    "MMX": 0.11293707083047724,
    "GDPHF": 0.11075054825602333,
    "DFIFF": 0.1085918871496925,
    "AUCUF": 0.10837437121230145,
    "SDRC": 0.1071546034297991,
    "IMPUF": 0.10677695005355152,
    "IMPUY": 0.10677695005355152,
    "GOFF": 0.10580573125332514,
    "ASDZF": 0.10468515540806611,
    "AHNR": 0.10316549296566599,
    "GSMGF": 0.10295477100962318,
    "BVN": 0.10226828057192162,
    "MHTZF": 0.100223138312396,
    "PLG": 0.09904403275010508,
    "RYMM": 0.09676920666116849,
    "BMIX": 0.09618133192996063,
    "ELRFF": 0.095897034369061,
    "GROY": 0.09560223931346637,
    "DMIFF": 0.09474690688660257,
    "GMDMF": 0.09461135190218437,
    "IFAM": 0.09377766338249142,
    "FNLPF": 0.09255671429003164,
    "MAGE": 0.09251056668892772,
    "CTDT": 0.09158047027357727,
    "PTNUF": 0.08976305923884333,
    "HYMC": 0.08946098148167803,
    "SAPLF": 0.08806036618485703,
    "EMPYF": 0.08395164452113595,
    "CGLD": 0.08218498266796764,
    "MTA": 0.08041659444580665,
    "TIHRF": 0.08038344272534058,
    "AUCOY": 0.08011129732083735,
    "POYYF": 0.08011129732083735,
    "DSCR": 0.07880103320977282,
    "AGPPF": 0.0767245733808651,
    "ANGPY": 0.0767245733808651,
    "VOXCF": 0.0711791977178853,
    "GRYEF": 0.06895822269868554,
    "NSRXF": 0.06852493150060192,
    "BOCOF": 0.06283743240981018
}