{
    "SCTSF": 1.0000000000000002,
    "ACKRF": 0.4443234835639439,
    "CMCXF": 0.43076400755169997,
    "GORIF": 0.4216902184388921,
    "AUXRF": 0.4089252075722819,
    "EMSKF": 0.40251155692166,
    "GOTRF": 0.3876347116654154,
    "NBRI": 0.3862257528059415,
    "GSRCF": 0.3777228490727579,
    "GYRRF": 0.37715154789037114,
    "PVGDF": 0.37148793001456487,
    "XTRRF": 0.3701798663639533,
    "LSXEF": 0.3581064622059453,
    "KGFMF": 0.34924029151296515,
    "RKHNF": 0.3410672208175771,
    "SLSSF": 0.335860144840016,
    "GLGDF": 0.3342260530080715,
    "KDKCF": 0.32799174529742137,
    "ASM": 0.3187818000710624,
    "MBYMF": 0.31439090853303225,
    "AZGFF": 0.30891872221674543,
    "AUMN": 0.30734407707026223,
    "GILXF": 0.30663722918288366,
    "ETFLF": 0.3051344472012554,
    "AXDDF": 0.3025101427255135,
    "ORAGF": 0.3018345804723067,
    "BKRRF": 0.2981617053188674,
    "VLMGF": 0.297813784366393,
    "CTMCF": 0.2945584967514591,
    "EQMEF": 0.29131161635257224,
    "APGOF": 0.2889129769450428,
    "GNYPF": 0.2876777589253115,
    "SSRSF": 0.28591692785375217,
    "DNCVF": 0.28569774087729805,
    "SSVRF": 0.28558399639023535,
    "QGLDF": 0.28500890862098094,
    "NCMBF": 0.2819922064229735,
    "TEUTF": 0.28161548953427684,
    "ATBHF": 0.28050578120557734,
    "ABBRF": 0.2765925750566321,
    "GIDMF": 0.2736758605409656,
    "PMMEF": 0.27291539119372255,
    "LBCMF": 0.2705073369952832,
    "CHKKF": 0.2697878117047357,
    "STNRF": 0.264921133763793,
    "SNLRF": 0.2646704976225432,
    "SLVTF": 0.26001918268186125,
    "VIPRF": 0.2592819043858107,
    "SMOFF": 0.2583657514012713,
    "ITRG": 0.2582950119073775,
    "AHNR": 0.2570810294355931,
    "KGSSF": 0.253070410320967,
    "CRTIF": 0.250365112159987,
    "SRGZ": 0.24996638050327835,
    "MXSG": 0.24913726620896962,
    "PEXZF": 0.24825176422933817,
    "SLRRF": 0.24751094171010796,
    "TSDRF": 0.24664604410873903,
    "SBLRF": 0.24258769090638121,
    "TARSF": 0.24248835878834504,
    "GBRRF": 0.2417323996472641,
    "TBXXF": 0.23474485282340346,
    "BBBXF": 0.23243309907139717,
    "MRZLF": 0.23099397716466058,
    "BYRG": 0.23024149095815172,
    "SNNGF": 0.2288578432739659,
    "CHPGF": 0.2274753771770379,
    "CLRMF": 0.22562477125762417,
    "AUXIF": 0.2241384891391486,
    "MHTZF": 0.22289264760469124,
    "SSVFF": 0.22089439225011326,
    "NOCSF": 0.22043809445404383,
    "ILST": 0.21980316117768195,
    "MLRKF": 0.21949309121730878,
    "MUX": 0.2181692477554644,
    "HTRRF": 0.21663925784022003,
    "ANGCF": 0.2137397313238022,
    "GGSM": 0.21263746116158455,
    "OLVRF": 0.212357643276365,
    "CFTN": 0.21107108621649504,
    "ECPN": 0.20956002383408392,
    "AUIAF": 0.20880639575997792,
    "AGLDF": 0.20758551874192988,
    "JINFF": 0.20669559782810323,
    "GLDRF": 0.2049303047390389,
    "DRIFF": 0.2021321436690215,
    "MPVDF": 0.19993210349793578,
    "NUPMF": 0.1982672217979463,
    "IFAM": 0.19754654158004584,
    "MMNGF": 0.19693511189905255,
    "RIINF": 0.1965984865582128,
    "SDRC": 0.19521379810099934,
    "RVSDF": 0.19304167135899486,
    "SILV": 0.1919597130095881,
    "ASLRF": 0.19165451917412085,
    "NMEX": 0.1911515167390681,
    "MMMRF": 0.1908904336957551,
    "DDNFF": 0.19056921178942374,
    "HGLD": 0.18920282177615216,
    "PTNUF": 0.1883185441158461,
    "BXXRF": 0.1841000784394771,
    "DYNR": 0.18335131841804106,
    "CAPTF": 0.18311296718097206,
    "MEXGF": 0.18285317465773726,
    "FBSGF": 0.18182996407496477,
    "SUNPF": 0.17875113334963835,
    "BMIX": 0.17839685053906673,
    "PPTA": 0.17794794588698165,
    "HEGLF": 0.17729842396254106,
    "AUCUF": 0.17658718494810627,
    "GSMGF": 0.17150811164499308,
    "AXU": 0.17080047244718724,
    "ORVMF": 0.17049750994902116,
    "ASDZF": 0.16731100035967736,
    "MYAGF": 0.16551567486267568,
    "DMIFF": 0.15967725759067677,
    "GMDMF": 0.15700030117766425,
    "AHNMF": 0.15659361083717463,
    "PGVI": 0.1563047043087235,
    "LUCRF": 0.153832265954976,
    "FNLPF": 0.15335675962435819,
    "IMPUF": 0.1531427169219293,
    "IMPUY": 0.1531427169219293,
    "SWYDF": 0.1520859412612565,
    "NHVCF": 0.15177635635680756,
    "GDPHF": 0.14838094989870607,
    "RYMM": 0.14835907385432287,
    "URHG": 0.14720992559456803,
    "FMNJ": 0.14458810324941165,
    "MAGE": 0.14386339688675953,
    "HYMC": 0.14278707804362395,
    "PLG": 0.14269966134749024,
    "HBEIF": 0.1426608758283365,
    "ELRFF": 0.13755471482629672,
    "CNRIF": 0.13448703934117018,
    "GOFF": 0.13289657778591993,
    "DSCR": 0.13207625009284726,
    "BVN": 0.12955228817093253,
    "BRGC": 0.12813188481741963,
    "GATO": 0.12766107049771588,
    "EMPYF": 0.1274870046329748,
    "ESGI": 0.12535177976817216,
    "BLXX": 0.12304891810529252,
    "TIHRF": 0.12136490841088164,
    "DFIFF": 0.11908690049156752,
    "GROY": 0.11808085566248429,
    "SILS": 0.11409750340406621,
    "AUCOY": 0.11384173436785504,
    "POYYF": 0.11384173436785504,
    "MTA": 0.10914332903120513,
    "GRYEF": 0.106494756431597,
    "MMX": 0.10160488182306691,
    "SAPLF": 0.10082048482041873,
    "NSRXF": 0.10013234231101238,
    "SMPR": 0.09829150219962754,
    "SMPRD": 0.09829150219962754,
    "VOXCF": 0.09519499451136917,
    "IMGL": 0.08957411640969007,
    "CTDT": 0.08846365747964631,
    "AMNP": 0.08487632239393558,
    "AGPPF": 0.08372773938097487,
    "ANGPY": 0.08372773938097487,
    "CGLD": 0.0778310356632353,
    "BOCOF": 0.05773009635876719
}