{
    "SUNPF": 1.0000000000000004,
    "EMSKF": 0.2925946893596306,
    "RKHNF": 0.28964400207103247,
    "VLMGF": 0.26809107311288627,
    "BKRRF": 0.2678709959036079,
    "ABBRF": 0.26669830792703464,
    "TSDRF": 0.2645001419510472,
    "SLRRF": 0.26423262641827594,
    "ACKRF": 0.2572878349489392,
    "PVGDF": 0.2567153030451158,
    "HEGLF": 0.25296744158740075,
    "SNNGF": 0.24881429116928472,
    "GSRCF": 0.2445616615433751,
    "KDKCF": 0.2432786170993893,
    "CHKKF": 0.2411797929565919,
    "MHTZF": 0.23876449382196366,
    "PTNUF": 0.2349704269304379,
    "TBXXF": 0.23242373800232463,
    "VIPRF": 0.22795400736596666,
    "DNCVF": 0.22504425950586696,
    "KGFMF": 0.22264143714011234,
    "GYRRF": 0.2210354243386772,
    "AUMN": 0.2180487567923715,
    "XTRRF": 0.2179248156788198,
    "APGOF": 0.21722698516035238,
    "MMNGF": 0.21714952973467144,
    "MRZLF": 0.2170213971113585,
    "AUCUF": 0.2162716387862633,
    "CMCXF": 0.2151864413129274,
    "SSVFF": 0.21468810029172758,
    "SLVTF": 0.21173581617135326,
    "NUPMF": 0.21166760754423128,
    "SRGZ": 0.21135085622874064,
    "SMOFF": 0.21117586516188763,
    "DDNFF": 0.21058946342483084,
    "LSXEF": 0.21045586022594068,
    "MMX": 0.2098364533588799,
    "EQMEF": 0.20836501955769973,
    "GBRRF": 0.2081865741828421,
    "ORVMF": 0.20615678885671143,
    "BBBXF": 0.20548190925084622,
    "GLDRF": 0.20447018333195582,
    "GOTRF": 0.20438732130480633,
    "GORIF": 0.20316667860343632,
    "ASM": 0.20271571499484473,
    "JINFF": 0.20231769280503248,
    "ECPN": 0.20169569520712577,
    "CRTIF": 0.20139582502246908,
    "ASLRF": 0.2005357831488354,
    "SNLRF": 0.20052827884084903,
    "NHVCF": 0.1996906882171755,
    "ANGCF": 0.19952642064240422,
    "SLSSF": 0.19941789803365653,
    "MEXGF": 0.19899056047821828,
    "QGLDF": 0.1984288167389323,
    "ATBHF": 0.19595254556582478,
    "GSMGF": 0.19578593628223306,
    "MUX": 0.19522119686719094,
    "PEXZF": 0.1945383330807526,
    "MBYMF": 0.19450638567479492,
    "ITRG": 0.19378555506788275,
    "MLRKF": 0.19309907153966524,
    "SBLRF": 0.19302025274002385,
    "ORAGF": 0.1926974136484272,
    "SILV": 0.19229527212627265,
    "OLVRF": 0.19228583214913386,
    "GILXF": 0.19211988959650164,
    "CHPGF": 0.19134408300906933,
    "RVSDF": 0.1912398991667182,
    "BVN": 0.19027518483676925,
    "GNYPF": 0.18854028542216963,
    "AUXRF": 0.18840208067528696,
    "CLRMF": 0.1882628465822397,
    "DRIFF": 0.1874930595185028,
    "FBSGF": 0.18430434363695614,
    "MMMRF": 0.18253054681489445,
    "CTMCF": 0.18233121603731045,
    "ETFLF": 0.18210736232093822,
    "NMEX": 0.18196393669974864,
    "PMMEF": 0.18168476491146698,
    "GGSM": 0.1813754006120732,
    "SSRSF": 0.18100216114134846,
    "SSVRF": 0.18038867353264115,
    "GLGDF": 0.1794025858138491,
    "SCTSF": 0.17875113334963835,
    "ILST": 0.1787220495703015,
    "BXXRF": 0.17858518576966123,
    "AXU": 0.17721016668232037,
    "PLG": 0.1768412620883209,
    "AUIAF": 0.17580500078954128,
    "GIDMF": 0.17538577712860343,
    "AZGFF": 0.1749311360225565,
    "HTRRF": 0.17397303474313594,
    "BYRG": 0.17272747476882697,
    "TEUTF": 0.17176216392197577,
    "MXSG": 0.17141345756713075,
    "EMPYF": 0.1703242328485049,
    "AGLDF": 0.17005705157364953,
    "RIINF": 0.16867761962308797,
    "SWYDF": 0.16719879437299065,
    "HGLD": 0.16612303539575538,
    "FMNJ": 0.16555881507506112,
    "IMPUF": 0.1651303495250409,
    "IMPUY": 0.1651303495250409,
    "DYNR": 0.1646731317839604,
    "DMIFF": 0.16391297044784522,
    "NBRI": 0.16201829481136532,
    "PPTA": 0.16200785793238803,
    "ASDZF": 0.1595701264473056,
    "RYMM": 0.15824293133003367,
    "AUXIF": 0.1575252382225498,
    "CNRIF": 0.15716964294914798,
    "AXDDF": 0.15700503119685885,
    "STNRF": 0.15666517528256874,
    "AHNR": 0.1564335552762522,
    "TARSF": 0.15438101861408224,
    "SDRC": 0.15357507333630888,
    "CAPTF": 0.1535176556763684,
    "LBCMF": 0.15211132724134716,
    "URHG": 0.1520254298974619,
    "GOFF": 0.15116046657651128,
    "LUCRF": 0.1505159815931013,
    "NOCSF": 0.14915627985710342,
    "KGSSF": 0.14888805005829425,
    "MYAGF": 0.14772772734944356,
    "GDPHF": 0.14548744217336243,
    "IFAM": 0.14535733612479548,
    "NCMBF": 0.14486621482544684,
    "SILS": 0.1445011701300268,
    "SMPR": 0.14252638400004936,
    "SMPRD": 0.14252638400004936,
    "ESGI": 0.13965392874844745,
    "GROY": 0.1366332742866604,
    "MPVDF": 0.13637020190265095,
    "AHNMF": 0.13335157071469947,
    "FNLPF": 0.1318118840272078,
    "AUCOY": 0.1286805296231532,
    "POYYF": 0.1286805296231532,
    "BMIX": 0.12840489668674596,
    "GATO": 0.1261974697811034,
    "BLXX": 0.1260718269550996,
    "MTA": 0.12573451538101774,
    "BRGC": 0.12546111786984349,
    "TIHRF": 0.12462147769380301,
    "ELRFF": 0.12454281625508108,
    "PGVI": 0.123968559808999,
    "HYMC": 0.1224918900085563,
    "GRYEF": 0.12186990338569807,
    "SAPLF": 0.12165168198764986,
    "CFTN": 0.11932407487823289,
    "GMDMF": 0.11789618909318748,
    "AGPPF": 0.1123522634959199,
    "ANGPY": 0.1123522634959199,
    "VOXCF": 0.11206394215044797,
    "MAGE": 0.11091648642214941,
    "HBEIF": 0.1096922841739973,
    "DSCR": 0.09984410427338763,
    "DFIFF": 0.0937183139417108,
    "AMNP": 0.08346653156280567,
    "CTDT": 0.0829395803836768,
    "IMGL": 0.07785936874360348,
    "NSRXF": 0.07281412981538726,
    "BOCOF": 0.06428395676971357,
    "CGLD": 0.058316889991874094
}