{
    "CDNA": 1.0000000000000002,
    "TDLAF": 0.3585853977090175,
    "NTRA": 0.1952018583463256,
    "TMO": 0.1742464183934526,
    "ILMN": 0.17224256685406367,
    "SQIDF": 0.16667303456949595,
    "QDEL": 0.16046884529863412,
    "ROSGQ": 0.1558441383815447,
    "QGEN": 0.15356018587043538,
    "PKI": 0.15353924567468655,
    "OCDX": 0.1522045143575903,
    "RNLX": 0.1488547945996492,
    "RTNXF": 0.1488547945996492,
    "RYMDF": 0.14712826020674272,
    "PACB": 0.14579192273065125,
    "SSMXF": 0.14559064141182498,
    "SSMXY": 0.14559064141182498,
    "A": 0.14455881310216281,
    "APDN": 0.14345266380762922,
    "LH": 0.1424681189497262,
    "NEO": 0.14038626302617585,
    "CMXC": 0.14021455199454236,
    "BNGO": 0.14020666260989692,
    "OPGN": 0.14000880021952358,
    "PRAH": 0.1389264574439061,
    "MYGN": 0.13702641339395777,
    "HSKA": 0.13700757455199047,
    "PHG": 0.13677302555039794,
    "RYLPF": 0.13677302555039794,
    "CGNH": 0.13503480887375965,
    "NOTV": 0.13384530598734234,
    "TRIB": 0.13356490904117335,
    "GH": 0.13328173566728563,
    "NVYTF": 0.13228627504907584,
    "SYNH": 0.13117422453853148,
    "BMRA": 0.13069660566815683,
    "AWH": 0.13013072397341377,
    "IQV": 0.12934277800080343,
    "DHR-PA": 0.12798931748520262,
    "DHR-PB": 0.12798931748520262,
    "DHR": 0.12798931748520262,
    "WAT": 0.1278152467980849,
    "NRC": 0.12682974211977374,
    "BIOC": 0.12670753241021843,
    "EDTXF": 0.12537485974056908,
    "CODX": 0.12441966941752963,
    "NSTM": 0.12387992701440415,
    "TDSGF": 0.12306258446215368,
    "CNTG": 0.1223777084728985,
    "ENZ": 0.12112133647313324,
    "BDSX": 0.12024083958881099,
    "IDXX": 0.11973376528360945,
    "AGHC": 0.11874932004340276,
    "OPK": 0.11871119637727472,
    "NNGRF": 0.11787059824975717,
    "EPLYF": 0.11714057133574167,
    "LNTH": 0.11667829270603873,
    "SENS": 0.11582909467163932,
    "EPGNF": 0.11452015902777762,
    "EPGNY": 0.11452015902777762,
    "GTH": 0.11427677517157984,
    "MXDHF": 0.1135392473638499,
    "DMTK": 0.11319262473495752,
    "ICLR": 0.11170828309781779,
    "WUXAY": 0.11081722626886775,
    "WUXIF": 0.11081722626886775,
    "QTNT": 0.10876276011342305,
    "CEMI": 0.10850007894510053,
    "XGN": 0.1083225410868895,
    "CSTL": 0.10823342946779402,
    "PSNL": 0.10734657315980757,
    "CRL": 0.10705937165131674,
    "LHDX": 0.10691535025777321,
    "EXAS": 0.10664315657545455,
    "ARYC": 0.10619608568909018,
    "BNR": 0.10614271143177777,
    "MTD": 0.10590247052752272,
    "SMMNY": 0.10428725175754829,
    "PRPO": 0.10369433444918702,
    "AXDX": 0.10234446484664772,
    "CELC": 0.10187053107272434,
    "STIM": 0.09849802735244564,
    "CHHL": 0.09846733443343428,
    "NVTA": 0.0983882091684357,
    "IZOZF": 0.097911023689311,
    "VIVO": 0.09732278647114674,
    "IDXG": 0.09680287959308179,
    "FLDM": 0.0967901630708299,
    "BMKDF": 0.09636703000232286,
    "DXCM": 0.09630864934603324,
    "DGX": 0.0961531217160833,
    "NDRA": 0.09606876688308419,
    "SLDX": 0.09594427041175374,
    "NEOG": 0.09563347334964167,
    "FLGT": 0.09543300235482327,
    "AMCY": 0.09515596056078739,
    "ANPCY": 0.09478956686471146,
    "IHTI": 0.0945966265417599,
    "ANIX": 0.09280035392483198,
    "TTOO": 0.0927264315883204,
    "CYPS": 0.09195464082194728,
    "NLAB": 0.09165021422246092,
    "ONVO": 0.09151372475437976,
    "GWHP": 0.09112133595603966,
    "GNWSF": 0.09109857145775432,
    "THOXF": 0.09093761554883431,
    "GENE": 0.09088702306527455,
    "DRIO": 0.09070067539944407,
    "MEDP": 0.08961798747781566,
    "RGDXQ": 0.08959220355982397,
    "LZAGF": 0.08938761715526472,
    "LZAGY": 0.08938761715526472,
    "AVCRF": 0.08897770850240609,
    "IBXXF": 0.08864631335378131,
    "ABMC": 0.08829797342860327,
    "IVRO": 0.08820481044265911,
    "TWST": 0.08772095646856894,
    "SHC": 0.08747750384713192,
    "ERFSF": 0.08680100339759579,
    "OPGX": 0.0867930492146917,
    "OLK": 0.08625209787509648,
    "HCLC": 0.0857884332581417,
    "ZENO": 0.0856680309983455,
    "PMD": 0.08372326741995498,
    "IDTA": 0.08213893208070439,
    "HTGM": 0.08209650683332562,
    "BIOQ": 0.08079548136408968,
    "PMSNF": 0.07909617218909784,
    "VNRX": 0.07795971098291159,
    "CHEK": 0.07531913127164828,
    "RDNT": 0.07517960948391823,
    "DSRLF": 0.07485142810053635,
    "MEDD": 0.07293830117731609,
    "MOTS": 0.07150059202666136,
    "BVS": 0.06962424191057809,
    "CO": 0.06702278133512023,
    "BGNX": 0.06646063840028126,
    "RNVA": 0.0662266113117457,
    "DIGP": 0.0649785024318904,
    "BMXMF": 0.06476615587518673,
    "MRPS": 0.06431382713532555,
    "PCHM": 0.06338947027668343,
    "ICBU": 0.06243331590874828,
    "CGNSF": 0.05818803359854328,
    "AKU": 0.052994245769870676,
    "JMPHF": 0.050147888481281946
}