{
    "CMXC": 1.0,
    "NSTM": 0.2258916307598271,
    "RYMDF": 0.21458779117257587,
    "QDEL": 0.2134810686822471,
    "EDTXF": 0.19922131435577495,
    "AGHC": 0.19810295109676004,
    "NVYTF": 0.19750525613921466,
    "TRIB": 0.18874475715518568,
    "MEDD": 0.1876729943273959,
    "BNGO": 0.18150469812071587,
    "TDSGF": 0.1787316192112546,
    "SSMXF": 0.178521036091268,
    "SSMXY": 0.178521036091268,
    "DRIO": 0.1775779264315367,
    "ENZ": 0.17452913546695473,
    "CRL": 0.17351170079229242,
    "TMO": 0.16984474256916696,
    "WAT": 0.16824800987813435,
    "RNLX": 0.1669318601747565,
    "RTNXF": 0.1669318601747565,
    "IDTA": 0.16650394677848265,
    "PKI": 0.1639445989281039,
    "NOTV": 0.16156096483483157,
    "BMRA": 0.16044355997127302,
    "NNGRF": 0.15997948841536727,
    "EPLYF": 0.1595668058511195,
    "NEO": 0.15833486856630144,
    "OCDX": 0.1581836395414497,
    "OPK": 0.15800861409118375,
    "DXCM": 0.15496608861497785,
    "LH": 0.15259591215447987,
    "HSKA": 0.1515126931121102,
    "ANPCY": 0.15125603980235347,
    "GH": 0.15067796840799363,
    "PRAH": 0.14993863073142752,
    "WUXAY": 0.14959343042063755,
    "WUXIF": 0.14959343042063755,
    "CYPS": 0.14908606979550598,
    "ILMN": 0.1478693630122548,
    "ROSGQ": 0.14746326421040412,
    "DHR-PA": 0.1464092131342438,
    "DHR-PB": 0.1464092131342438,
    "DHR": 0.1464092131342438,
    "APDN": 0.14596840986028667,
    "PHG": 0.14545595835440514,
    "RYLPF": 0.14545595835440514,
    "A": 0.14453974179439127,
    "MXDHF": 0.14360803432920796,
    "SENS": 0.14352067730864798,
    "IDXX": 0.14280104274797886,
    "LZAGF": 0.14255781303514176,
    "LZAGY": 0.14255781303514176,
    "NVTA": 0.1419534120582722,
    "AMCY": 0.14103121066135899,
    "CDNA": 0.14021455199454236,
    "IQV": 0.13882012271728136,
    "MYGN": 0.13868675925622445,
    "CEMI": 0.13654680504699065,
    "LNTH": 0.1363820483689588,
    "AXDX": 0.13627351165178336,
    "FLDM": 0.13512672266589043,
    "ANIX": 0.13438299136524917,
    "SYNH": 0.13434372748734874,
    "BIOC": 0.13418694705975961,
    "CHHL": 0.1335154439652448,
    "CNTG": 0.13338613477572014,
    "ICLR": 0.13303636517331066,
    "NTRA": 0.13092820773799907,
    "CGNH": 0.13088959663571909,
    "EPGNF": 0.13034142195850956,
    "EPGNY": 0.13034142195850956,
    "IVRO": 0.13011675365992809,
    "AWH": 0.12946128745924687,
    "QGEN": 0.1293283330735892,
    "XGN": 0.12865769238014452,
    "CODX": 0.12735428966053888,
    "NEOG": 0.12711071456387935,
    "STIM": 0.12521637574203257,
    "MEDP": 0.1251002339485983,
    "JMPHF": 0.12446243398483797,
    "ARYC": 0.1240591457154645,
    "SHC": 0.12403507285654225,
    "MTD": 0.12391750975127737,
    "SMMNY": 0.12378832724879583,
    "BVS": 0.12338334240694507,
    "QTNT": 0.12304442732260594,
    "SQIDF": 0.12280208626059849,
    "NRC": 0.12145099261073575,
    "PRPO": 0.12109461793505626,
    "OPGN": 0.12070231043295483,
    "BDSX": 0.12001227407487294,
    "DMTK": 0.11830412207116897,
    "IBXXF": 0.11645979672495854,
    "EXAS": 0.1157820460093843,
    "LHDX": 0.11575255137498379,
    "DGX": 0.11480558245590328,
    "IHTI": 0.11455907554788038,
    "PACB": 0.11446461716498445,
    "GWHP": 0.11374277322062386,
    "GTH": 0.1136958754096026,
    "RGDXQ": 0.11347555182996737,
    "FLGT": 0.11323548947217281,
    "ABMC": 0.11299752293470643,
    "BNR": 0.11281704430941394,
    "THOXF": 0.11164730629132748,
    "ERFSF": 0.11070021767595939,
    "SLDX": 0.11005659801825729,
    "HCLC": 0.10970159451310799,
    "BMKDF": 0.10744490219206768,
    "VIVO": 0.10739909698339804,
    "PMSNF": 0.10723199848179593,
    "PMD": 0.10717678507236113,
    "IDXG": 0.10577219422371531,
    "GENE": 0.10343694851769861,
    "CGNSF": 0.10287511634431243,
    "IZOZF": 0.10199413209205682,
    "GNWSF": 0.09949971698914602,
    "OLK": 0.09864652121842803,
    "BIOQ": 0.09834148671697163,
    "TTOO": 0.0982887435193537,
    "PSNL": 0.09693667855237385,
    "NDRA": 0.09687604949860004,
    "CELC": 0.09505496535497095,
    "AVCRF": 0.09445894180395958,
    "MOTS": 0.0942588487366808,
    "DIGP": 0.09388495082044478,
    "CSTL": 0.09301459014614095,
    "MRPS": 0.0917022930500655,
    "CHEK": 0.0879476300144004,
    "OPGX": 0.08671700209541575,
    "NLAB": 0.08622138119922852,
    "BMXMF": 0.08501925647168933,
    "TWST": 0.08368172375280214,
    "CO": 0.08301920184600808,
    "HTGM": 0.08247149010751885,
    "DSRLF": 0.08229604415363473,
    "BGNX": 0.08204429352727258,
    "VNRX": 0.08181064206598732,
    "RDNT": 0.0801232115145864,
    "TDLAF": 0.07993752274105005,
    "ZENO": 0.07855630948647349,
    "ICBU": 0.07531918531318861,
    "RNVA": 0.07336736741256261,
    "ONVO": 0.07260120143702758,
    "AKU": 0.06616107404348413,
    "PCHM": 0.046454593551632624
}