{
    "CO": 1.0,
    "GWHP": 0.18970814824669316,
    "QTNT": 0.1851932718947785,
    "AGHC": 0.18409910605172494,
    "OCDX": 0.16963087767017204,
    "WUXAY": 0.15931849064012768,
    "WUXIF": 0.15931849064012768,
    "RNVA": 0.15907636539688447,
    "NVYTF": 0.15023960119765592,
    "EPGNF": 0.1478272759140739,
    "EPGNY": 0.1478272759140739,
    "AMCY": 0.14663845002773962,
    "SSMXF": 0.13811411075949934,
    "SSMXY": 0.13811411075949934,
    "HSKA": 0.13443876693477314,
    "NEO": 0.13168923215779113,
    "CHHL": 0.12683735923035142,
    "DHR-PA": 0.12337922845847667,
    "DHR-PB": 0.12337922845847667,
    "DHR": 0.12337922845847667,
    "VIVO": 0.1223569833978471,
    "GNWSF": 0.1195293868343706,
    "NVTA": 0.11920702960880052,
    "LH": 0.11872732071748063,
    "NOTV": 0.11668019617953929,
    "RYMDF": 0.11478501020352677,
    "WAT": 0.1147327610999772,
    "GTH": 0.11409902119206433,
    "PRAH": 0.11388195260448337,
    "EPLYF": 0.11324102680085608,
    "CGNH": 0.11151565066946885,
    "IQV": 0.11102102226145216,
    "QDEL": 0.11090410760369214,
    "ONVO": 0.10996490715678622,
    "BMRA": 0.10995801096468702,
    "PKI": 0.10963240046225588,
    "ILMN": 0.10945077361969227,
    "TMO": 0.10942445447431823,
    "CEMI": 0.1090983698574541,
    "SYNH": 0.10798327444676584,
    "PRPO": 0.10764696299469549,
    "TRIB": 0.10721095063457625,
    "IDXX": 0.10648108049332182,
    "NTRA": 0.10563857208329229,
    "PMD": 0.10190894792027448,
    "RDNT": 0.10148498651625065,
    "BNGO": 0.09993526092372276,
    "CRL": 0.0998208502878974,
    "DGX": 0.09916545656721196,
    "XGN": 0.09876229966844562,
    "SHC": 0.0983705904205002,
    "EXAS": 0.09772181198859217,
    "CYPS": 0.09682714150817844,
    "IHTI": 0.09671101744169974,
    "VNRX": 0.0966945443692788,
    "ABMC": 0.09639673542671723,
    "BDSX": 0.09611947041643583,
    "SMMNY": 0.09511805685019507,
    "LHDX": 0.09456958961696654,
    "QGEN": 0.09426013848070926,
    "HCLC": 0.09340912399113578,
    "ERFSF": 0.09338227780349895,
    "ARYC": 0.09187192641727575,
    "ANPCY": 0.09122122293805966,
    "FLDM": 0.09061058087479643,
    "APDN": 0.08999763561773202,
    "ICLR": 0.08997210725058484,
    "ENZ": 0.08919269977066144,
    "AWH": 0.08917096691266675,
    "FLGT": 0.08908746808760921,
    "AXDX": 0.08896822794863612,
    "BIOQ": 0.08816994924228927,
    "MEDP": 0.08815689339761289,
    "PHG": 0.08764062410520293,
    "RYLPF": 0.08764062410520293,
    "MXDHF": 0.08700405654353269,
    "NNGRF": 0.0867471253489738,
    "BNR": 0.08518822716134863,
    "GENE": 0.0850993882103204,
    "GH": 0.08471486556907273,
    "OPK": 0.08465059580539647,
    "BIOC": 0.08441697461880023,
    "EDTXF": 0.08410776533795683,
    "IDTA": 0.08388729303950694,
    "CMXC": 0.08301920184600808,
    "NEOG": 0.08270058644016288,
    "SENS": 0.08231319276967454,
    "NLAB": 0.08211543825303655,
    "TDSGF": 0.08172762966837749,
    "TTOO": 0.08162992293409106,
    "TWST": 0.08015799743508745,
    "ANIX": 0.08012440435687186,
    "CODX": 0.07972706269689452,
    "MEDD": 0.0797099323959589,
    "NRC": 0.07928422142153094,
    "PACB": 0.07908352816760607,
    "LZAGF": 0.07897018438629437,
    "LZAGY": 0.07897018438629437,
    "OPGN": 0.078917088065982,
    "RNLX": 0.07889249878013052,
    "RTNXF": 0.07889249878013052,
    "A": 0.07723639144102203,
    "AKU": 0.07494756253412964,
    "CNTG": 0.07438701751028488,
    "ROSGQ": 0.07415272055956035,
    "IVRO": 0.07298782635702684,
    "LNTH": 0.07247488263448053,
    "IZOZF": 0.07236423134827541,
    "MTD": 0.07230120306295906,
    "NSTM": 0.07192073218627064,
    "DRIO": 0.07183804145500254,
    "IDXG": 0.0718375712601609,
    "AVCRF": 0.07141131117409437,
    "DMTK": 0.07060439373781642,
    "OPGX": 0.07014328048726612,
    "MYGN": 0.06972755906067296,
    "PMSNF": 0.0679581681574273,
    "CDNA": 0.06702278133512023,
    "PSNL": 0.06674980535382771,
    "OLK": 0.06669755855428311,
    "RGDXQ": 0.06579639187624943,
    "NDRA": 0.06538625604768358,
    "SLDX": 0.06525053384033032,
    "THOXF": 0.06429347740828147,
    "MOTS": 0.06415456747437037,
    "BVS": 0.06362912913490863,
    "TDLAF": 0.059512572016222065,
    "SQIDF": 0.05856745814123282,
    "JMPHF": 0.05774601926367498,
    "IBXXF": 0.05701841929206607,
    "DSRLF": 0.053630892422867824,
    "BMKDF": 0.05283844582451993,
    "STIM": 0.05283289442041621,
    "HTGM": 0.05272721914793756,
    "CSTL": 0.05215129808754101,
    "CELC": 0.0511266471331981,
    "ZENO": 0.05086402354368811,
    "DIGP": 0.05070888987904747,
    "DXCM": 0.05022021130510002,
    "BMXMF": 0.04827327639787064,
    "BGNX": 0.048117096047370016,
    "CGNSF": 0.0471197471936199,
    "CHEK": 0.04471857587643114,
    "ICBU": 0.040727797389468745,
    "PCHM": 0.03827856688190118,
    "MRPS": 0.03587176151357316
}