{
    "CSTL": 1.0000000000000002,
    "MYGN": 0.2474370755886702,
    "DMTK": 0.21782825647634355,
    "GNWSF": 0.21623552233389126,
    "ROSGQ": 0.2121682724517695,
    "EXAS": 0.191738001208886,
    "IDXG": 0.19091212743839184,
    "EPGNF": 0.1884951610093366,
    "EPGNY": 0.1884951610093366,
    "BIOC": 0.18345194238623297,
    "AWH": 0.1646907232712276,
    "BNR": 0.1641470444587752,
    "CELC": 0.161106256169216,
    "BDSX": 0.15423389379099176,
    "NTRA": 0.1535760289371632,
    "GTH": 0.14624570159355071,
    "MXDHF": 0.1448453446332988,
    "GH": 0.14480005182547737,
    "CNTG": 0.1437993688793927,
    "NRC": 0.14040862384093067,
    "OPGN": 0.13681982878729385,
    "SSMXF": 0.1350274169087639,
    "SSMXY": 0.1350274169087639,
    "GENE": 0.13470432921867997,
    "RGDXQ": 0.1296660842098321,
    "GWHP": 0.12772011111630915,
    "BMRA": 0.12727368800387462,
    "QDEL": 0.12551205738584317,
    "AGHC": 0.12329781042789313,
    "NEO": 0.12022334694430341,
    "VNRX": 0.11911398490063208,
    "LHDX": 0.11836856091294419,
    "XGN": 0.11360381141985412,
    "AXDX": 0.11289017128696618,
    "CODX": 0.11269821321328866,
    "QGEN": 0.11265861012342485,
    "LH": 0.11201202801833807,
    "NSTM": 0.11103157147723969,
    "BMKDF": 0.10949721772233575,
    "CDNA": 0.10823342946779402,
    "DGX": 0.10822273467274689,
    "NVYTF": 0.10792883374098733,
    "PRPO": 0.10734251412575432,
    "STIM": 0.10672816277052231,
    "ANPCY": 0.10478308160123609,
    "SQIDF": 0.10463283561546806,
    "ENZ": 0.10423162237549125,
    "RNLX": 0.10246199695114905,
    "RTNXF": 0.10246199695114905,
    "TDSGF": 0.10138908010668714,
    "SYNH": 0.09967357355238471,
    "IQV": 0.09870899665369452,
    "WUXAY": 0.09861382398931275,
    "WUXIF": 0.09861382398931275,
    "ONVO": 0.09796303744336246,
    "CGNH": 0.09790503511027068,
    "IDXX": 0.09750191969488368,
    "ILMN": 0.09719307259756912,
    "APDN": 0.09627266474322352,
    "NVTA": 0.09619421540461945,
    "IVRO": 0.09611538040767222,
    "THOXF": 0.09414979530018962,
    "SLDX": 0.09392115297976483,
    "PMD": 0.09325919333779378,
    "CMXC": 0.09301459014614095,
    "EDTXF": 0.0917383699338926,
    "PKI": 0.09125903845334273,
    "OPK": 0.09099583964863088,
    "A": 0.09071973714319649,
    "LNTH": 0.09028685945756386,
    "ANIX": 0.08959593968891379,
    "PHG": 0.08912189717306726,
    "RYLPF": 0.08912189717306726,
    "IBXXF": 0.08889150554279061,
    "PSNL": 0.08849068814731575,
    "QTNT": 0.08763767326898596,
    "NOTV": 0.087254283891189,
    "PACB": 0.08722909266710922,
    "CRL": 0.08711131869508318,
    "BNGO": 0.08677688384577904,
    "TTOO": 0.08648972270598741,
    "ABMC": 0.08625231162027676,
    "TRIB": 0.08541479167653813,
    "NNGRF": 0.08463103288391292,
    "TMO": 0.08436639553258106,
    "OCDX": 0.08371965830978738,
    "ARYC": 0.08258365018393433,
    "PRAH": 0.08253718227600236,
    "SENS": 0.08154054181171817,
    "CHHL": 0.0809143248241596,
    "DHR-PA": 0.08052644410342899,
    "DHR-PB": 0.08052644410342899,
    "DHR": 0.08052644410342899,
    "FLGT": 0.07961653160481115,
    "IHTI": 0.07896025224327546,
    "NDRA": 0.07839118392090061,
    "EPLYF": 0.07778353486524105,
    "NEOG": 0.07613391030633397,
    "CYPS": 0.07612829204207261,
    "CEMI": 0.07585531572616537,
    "WAT": 0.07566593101674578,
    "HSKA": 0.07495093225761551,
    "DRIO": 0.07427661761776758,
    "RYMDF": 0.07427611507541938,
    "ICLR": 0.07278404482394957,
    "ERFSF": 0.07210285609185416,
    "VIVO": 0.07145716488346235,
    "RNVA": 0.07069575489796741,
    "PMSNF": 0.06992700398708708,
    "SMMNY": 0.0689716179613173,
    "MTD": 0.06751265507594834,
    "OLK": 0.06672020911015207,
    "IZOZF": 0.06655125524936482,
    "AKU": 0.06588894693387788,
    "BVS": 0.06573564999971207,
    "AMCY": 0.06412454637359209,
    "RDNT": 0.06399409999598901,
    "BIOQ": 0.063398360359247,
    "MEDD": 0.06337885146317974,
    "SHC": 0.06277312815149519,
    "DSRLF": 0.06199320363279978,
    "MEDP": 0.0619519999375525,
    "LZAGF": 0.06179965654794474,
    "LZAGY": 0.06179965654794474,
    "NLAB": 0.06175585653019721,
    "IDTA": 0.060172512992683766,
    "OPGX": 0.05953887392516983,
    "MOTS": 0.05914428758765882,
    "CHEK": 0.05837494478585267,
    "TWST": 0.05631565084141792,
    "HTGM": 0.05577313378562237,
    "FLDM": 0.05568152828632766,
    "PCHM": 0.05544636038835172,
    "DXCM": 0.055065036440710674,
    "BMXMF": 0.054636594936440824,
    "AVCRF": 0.05252722333057577,
    "CO": 0.05215129808754101,
    "TDLAF": 0.050834012683320336,
    "HCLC": 0.050006889202393066,
    "CGNSF": 0.04988700852220669,
    "DIGP": 0.04400383522061609,
    "MRPS": 0.042572298863162134,
    "JMPHF": 0.04118719908944749,
    "ICBU": 0.04098943469270932,
    "ZENO": 0.039285379767292176,
    "BGNX": 0.033883205575975545
}