{
    "HSKA": 0.9999999999999983,
    "IDXX": 0.35782566925592185,
    "TMO": 0.2931952608646672,
    "QDEL": 0.2743271981857447,
    "EPLYF": 0.2583750678641625,
    "DHR-PA": 0.25510814116849617,
    "DHR-PB": 0.25510814116849617,
    "DHR": 0.25510814116849617,
    "NVYTF": 0.25376910105995487,
    "TRIB": 0.2483876872864802,
    "WUXAY": 0.23805697489688665,
    "WUXIF": 0.23805697489688665,
    "OPK": 0.2310382495598375,
    "PKI": 0.22959321236673336,
    "WAT": 0.22870040864728955,
    "SSMXF": 0.22794928832237712,
    "SSMXY": 0.22794928832237712,
    "NOTV": 0.22692524903152453,
    "MTD": 0.22654563974879846,
    "ILMN": 0.22521188102734535,
    "ENZ": 0.21936227779407275,
    "NEOG": 0.2189367861214541,
    "SMMNY": 0.2147815526031369,
    "IQV": 0.21429410006249605,
    "PHG": 0.2126066797873071,
    "RYLPF": 0.2126066797873071,
    "NNGRF": 0.2118584806101253,
    "CRL": 0.21034855716098103,
    "LH": 0.20973044576182462,
    "A": 0.20827059930797398,
    "LZAGF": 0.20451818525079252,
    "LZAGY": 0.20451818525079252,
    "PRAH": 0.20228824813308677,
    "BMRA": 0.20034819634210824,
    "NEO": 0.200032227385508,
    "BNGO": 0.19441454046010292,
    "OCDX": 0.1940674025759811,
    "QGEN": 0.19320244832161415,
    "ARYC": 0.18840739108598803,
    "SHC": 0.18438179671081067,
    "FLDM": 0.1829589347309903,
    "CEMI": 0.18190542134902507,
    "NRC": 0.18040840558191185,
    "APDN": 0.1797924806013771,
    "RYMDF": 0.1789618468906987,
    "VNRX": 0.17795052903855907,
    "ICLR": 0.1767986080879894,
    "OPGN": 0.17186978258690278,
    "EDTXF": 0.17174418595224622,
    "DGX": 0.1711769022038029,
    "AGHC": 0.1704538923719591,
    "QTNT": 0.16993001510611191,
    "EXAS": 0.1698482141888339,
    "CYPS": 0.16814299621266568,
    "BIOC": 0.1641187101141603,
    "VIVO": 0.1636634152072838,
    "SYNH": 0.1622325742393591,
    "GWHP": 0.16142802861093372,
    "IVRO": 0.16119754591509014,
    "MXDHF": 0.1610191829044757,
    "CGNH": 0.16044998945095393,
    "NTRA": 0.15823833583081673,
    "SENS": 0.1553263485032671,
    "IHTI": 0.15491563865636684,
    "NVTA": 0.15255286726233214,
    "CMXC": 0.1515126931121102,
    "IDTA": 0.1514773416757939,
    "MYGN": 0.15033212557354514,
    "CNTG": 0.14946459979825766,
    "DSRLF": 0.14823261518643774,
    "PACB": 0.14758637429199553,
    "PRPO": 0.14629153954233942,
    "OLK": 0.14618151736540255,
    "ERFSF": 0.14602665424796687,
    "RDNT": 0.1441926837843054,
    "DMTK": 0.14414819761745903,
    "CODX": 0.14367283905122238,
    "MEDP": 0.14279143951022724,
    "GH": 0.14252845775614878,
    "BDSX": 0.14181525366439982,
    "PMSNF": 0.1417211122432423,
    "RNLX": 0.14033295281398023,
    "RTNXF": 0.14033295281398023,
    "BIOQ": 0.14015143731716462,
    "NLAB": 0.13953932594279791,
    "GENE": 0.1392329891742171,
    "HCLC": 0.13854418252214043,
    "THOXF": 0.13805028285832038,
    "IZOZF": 0.1371819584021189,
    "LNTH": 0.1370576292316379,
    "CDNA": 0.13700757455199047,
    "AXDX": 0.13700176984561063,
    "CHHL": 0.13653850808716925,
    "CO": 0.13443876693477314,
    "PMD": 0.13363674896974573,
    "GTH": 0.1335227318478516,
    "AKU": 0.13299063747050335,
    "AWH": 0.13298995200807157,
    "EPGNF": 0.13207624516176233,
    "EPGNY": 0.13207624516176233,
    "XGN": 0.13166391707584635,
    "MRPS": 0.12927052710415382,
    "PSNL": 0.12814287169843433,
    "STIM": 0.12692340087722595,
    "RGDXQ": 0.1263102895295164,
    "SQIDF": 0.1259973793365023,
    "ANPCY": 0.12527882214603045,
    "ABMC": 0.12519079895179888,
    "FLGT": 0.12501979384594514,
    "OPGX": 0.12400868830724258,
    "BVS": 0.12364085088325166,
    "IDXG": 0.12313812354397981,
    "BMXMF": 0.12033902856422539,
    "TTOO": 0.11898700693814414,
    "MEDD": 0.11897539497090977,
    "AVCRF": 0.11828346154179935,
    "ROSGQ": 0.1168490659383289,
    "TDSGF": 0.11500226056691407,
    "ANIX": 0.1142519920160095,
    "TWST": 0.1138922227952908,
    "IBXXF": 0.11307410042066252,
    "GNWSF": 0.11253773395434545,
    "NDRA": 0.11169770961816936,
    "NSTM": 0.11009905819945967,
    "DRIO": 0.10956948405907194,
    "BNR": 0.10635863613974547,
    "DXCM": 0.1043374796672349,
    "LHDX": 0.10391156525865514,
    "BMKDF": 0.09961457836584692,
    "TDLAF": 0.0955794884269553,
    "ZENO": 0.09340100902953884,
    "CELC": 0.09287893063856173,
    "AMCY": 0.0877615634217696,
    "ICBU": 0.08638116020505625,
    "JMPHF": 0.08630583840596598,
    "DIGP": 0.08507191117475983,
    "MOTS": 0.08165221319338536,
    "HTGM": 0.08056211705498544,
    "CHEK": 0.07807455607453337,
    "CGNSF": 0.07790770805483613,
    "BGNX": 0.07740313819691264,
    "ONVO": 0.07645600299092048,
    "RNVA": 0.07543960405363813,
    "CSTL": 0.07495093225761551,
    "SLDX": 0.06617078559572227,
    "PCHM": 0.05396129811671092
}