{
    "JMPHF": 1.0000000000000002,
    "MEDD": 0.43170340652198214,
    "AKU": 0.27575558997073607,
    "RDNT": 0.25493081211372376,
    "SMMNY": 0.22179959658753087,
    "RYMDF": 0.20605404561777846,
    "AGHC": 0.18969657738928208,
    "PHG": 0.1827909494064325,
    "RYLPF": 0.1827909494064325,
    "TDSGF": 0.16641164959094526,
    "NEO": 0.15182017643651174,
    "IZOZF": 0.14901359535871517,
    "NDRA": 0.1474342037842334,
    "DGX": 0.14526904732179702,
    "DRIO": 0.14062738584946008,
    "NSTM": 0.1349820541530552,
    "EPLYF": 0.13381486210931592,
    "CGNSF": 0.13181619490121238,
    "EDTXF": 0.13029586303498514,
    "SQIDF": 0.12874696697429658,
    "MEDP": 0.1271815934441428,
    "ILMN": 0.12708930400190507,
    "PKI": 0.12615159148413485,
    "WUXAY": 0.12605959588152346,
    "WUXIF": 0.12605959588152346,
    "CMXC": 0.12446243398483797,
    "IBXXF": 0.12441670884246317,
    "SSMXF": 0.12374743272872574,
    "SSMXY": 0.12374743272872574,
    "ICLR": 0.12345358258481295,
    "GENE": 0.12275081581982542,
    "NVTA": 0.12274402976458576,
    "AVCRF": 0.12015283654068624,
    "LH": 0.11788205522283952,
    "PRPO": 0.11469374762156277,
    "IDXX": 0.11111426386052939,
    "NVYTF": 0.1103436014574658,
    "TRIB": 0.11015132616976013,
    "IQV": 0.10851988207354007,
    "NNGRF": 0.10836366388294923,
    "SYNH": 0.10645268031131537,
    "CEMI": 0.10638345168059204,
    "BIOC": 0.10620695226358128,
    "DHR-PA": 0.10468214452731588,
    "DHR-PB": 0.10468214452731588,
    "DHR": 0.10468214452731588,
    "CRL": 0.10386286887231112,
    "OCDX": 0.10305885294484482,
    "NOTV": 0.10272163902690418,
    "CGNH": 0.10269849169426255,
    "IDTA": 0.10249507364800488,
    "PRAH": 0.10086671039895745,
    "SHC": 0.10018505116814402,
    "TMO": 0.09951222361241267,
    "LNTH": 0.09841381646450342,
    "OPK": 0.09712845944502176,
    "NLAB": 0.09637122739943435,
    "ENZ": 0.09626392641593039,
    "WAT": 0.09394462807427721,
    "QDEL": 0.0918520443800521,
    "BMRA": 0.09115087215604328,
    "BNGO": 0.0907944992683747,
    "PSNL": 0.08882501597802539,
    "ERFSF": 0.08846757551033321,
    "AMCY": 0.08807171079319343,
    "GWHP": 0.08714548623524393,
    "FLGT": 0.08703341286109152,
    "HSKA": 0.08630583840596598,
    "NRC": 0.08602201892716194,
    "ARYC": 0.08489165090370497,
    "BDSX": 0.08486897171718727,
    "AWH": 0.0847484448102709,
    "IDXG": 0.08358428971794363,
    "GTH": 0.0834153515345572,
    "ZENO": 0.0830005010119347,
    "A": 0.08294659817155522,
    "BIOQ": 0.08234787734542262,
    "FLDM": 0.08230714809847972,
    "CODX": 0.08177572086768733,
    "ROSGQ": 0.08115638995772059,
    "OPGN": 0.08053358693102285,
    "NTRA": 0.07823066577040587,
    "CNTG": 0.07739218106937644,
    "LZAGF": 0.07726175677172109,
    "LZAGY": 0.07726175677172109,
    "DMTK": 0.07723042673523632,
    "SENS": 0.07533945868682208,
    "MOTS": 0.0747523100605908,
    "PACB": 0.07426739548703166,
    "CHEK": 0.07408834888345173,
    "MXDHF": 0.07315877421394143,
    "MYGN": 0.07301105475001932,
    "IHTI": 0.07231457748543768,
    "ANPCY": 0.07230172618203834,
    "THOXF": 0.07157546572312741,
    "APDN": 0.07147192755915403,
    "LHDX": 0.06997893093257337,
    "GH": 0.06909338511568221,
    "BVS": 0.0684541472599483,
    "BMKDF": 0.06795023042156523,
    "ABMC": 0.0677409309683043,
    "QTNT": 0.06696500267317876,
    "AXDX": 0.06645482405278703,
    "VIVO": 0.06598194815968852,
    "PMD": 0.06562972249409152,
    "RGDXQ": 0.06385146601448091,
    "TTOO": 0.06368595603941142,
    "SLDX": 0.06285512098695172,
    "NEOG": 0.06273544011353854,
    "STIM": 0.06257524877986854,
    "HCLC": 0.0625194383410365,
    "EXAS": 0.06245357667876886,
    "IVRO": 0.062354936809993565,
    "MTD": 0.062222083390842425,
    "BGNX": 0.061113929775023335,
    "QGEN": 0.06084747815114079,
    "PMSNF": 0.060174975330959675,
    "CYPS": 0.05957643432064478,
    "CELC": 0.0592168420917301,
    "DXCM": 0.05918776591392025,
    "OLK": 0.059089360503003785,
    "GNWSF": 0.05907574999857863,
    "CO": 0.05774601926367498,
    "CHHL": 0.05768539848667579,
    "DSRLF": 0.05669627124187441,
    "OPGX": 0.05667741050940549,
    "DIGP": 0.05625126019851384,
    "EPGNF": 0.055881733132746074,
    "EPGNY": 0.055881733132746074,
    "MRPS": 0.05437382817665205,
    "RNVA": 0.05366838629531018,
    "ANIX": 0.05033565945062935,
    "CDNA": 0.050147888481281946,
    "RNLX": 0.05002253299569946,
    "RTNXF": 0.05002253299569946,
    "TDLAF": 0.048852662562760746,
    "XGN": 0.04627856188769125,
    "VNRX": 0.04393070625757133,
    "BMXMF": 0.04257602569976425,
    "CSTL": 0.04118719908944749,
    "BNR": 0.04113621422066853,
    "ONVO": 0.04035667599200716,
    "PCHM": 0.04019419527714479,
    "TWST": 0.04017674570993105,
    "HTGM": 0.03998402359043592,
    "ICBU": 0.03953671347378985
}