{
    "PCHM": 0.9999999999999999,
    "PMD": 0.1813574966930505,
    "ABMC": 0.11303595051538291,
    "NEO": 0.10052354539578849,
    "QDEL": 0.09928077650279553,
    "BGNX": 0.09001055053367653,
    "AGHC": 0.0888849091183942,
    "PKI": 0.08282960938688044,
    "CGNH": 0.08182362960560008,
    "NTRA": 0.0808413216451229,
    "SSMXF": 0.07992502431784107,
    "SSMXY": 0.07992502431784107,
    "MOTS": 0.07843548563562487,
    "TRIB": 0.07705963729332982,
    "NVYTF": 0.07656446819167075,
    "ILMN": 0.07623427579447713,
    "OCDX": 0.07578245064545017,
    "NOTV": 0.07495459458791433,
    "AWH": 0.07432350257257196,
    "APDN": 0.07415097152257483,
    "IDTA": 0.07314382917272721,
    "WUXAY": 0.07219613629195723,
    "WUXIF": 0.07219613629195723,
    "CEMI": 0.07218997790994451,
    "BMRA": 0.07196093059306641,
    "IDXX": 0.07053474878678727,
    "DHR-PA": 0.07036169963926202,
    "DHR-PB": 0.07036169963926202,
    "DHR": 0.07036169963926202,
    "TMO": 0.07027683004233372,
    "IVRO": 0.06995912305055262,
    "ROSGQ": 0.06981794776432136,
    "OPGX": 0.06900146894799415,
    "WAT": 0.06868087404541885,
    "BDSX": 0.06847066455340935,
    "BNGO": 0.06757204878042228,
    "VNRX": 0.06738334005908572,
    "LH": 0.06706321198104477,
    "IHTI": 0.06661338368407436,
    "CRL": 0.06604560023682135,
    "NEOG": 0.06495485248787342,
    "OPGN": 0.0644623459957984,
    "STIM": 0.06410798695281805,
    "QGEN": 0.063668539465997,
    "CDNA": 0.06338947027668343,
    "CNTG": 0.0628243586711363,
    "MXDHF": 0.06276013268654777,
    "CODX": 0.062286006460292954,
    "OPK": 0.06220190356370412,
    "GTH": 0.06167888114167568,
    "LNTH": 0.061407785694181635,
    "QTNT": 0.06129880200961611,
    "IQV": 0.061083313435519294,
    "EDTXF": 0.06062097176228346,
    "EXAS": 0.06057566629915981,
    "ERFSF": 0.0603490336808086,
    "CELC": 0.06029471186084283,
    "EPLYF": 0.06029285804617106,
    "THOXF": 0.06012485336166351,
    "RYMDF": 0.059996420481300605,
    "SYNH": 0.059806365671142794,
    "BIOC": 0.059205942478858645,
    "AVCRF": 0.05851809483912228,
    "ENZ": 0.05841957344401374,
    "CYPS": 0.05839788214551497,
    "SLDX": 0.05806002024563602,
    "TTOO": 0.057681902295057076,
    "IDXG": 0.05741915854268856,
    "PACB": 0.057329212774702876,
    "NRC": 0.057116957706549135,
    "AXDX": 0.056588424180506906,
    "PRAH": 0.056297845317104286,
    "GENE": 0.05615063974742862,
    "MYGN": 0.056102730338441306,
    "RNLX": 0.05603882339017812,
    "RTNXF": 0.05603882339017812,
    "MTD": 0.05596548194936502,
    "ARYC": 0.05577684701420762,
    "NNGRF": 0.05550323635815825,
    "CSTL": 0.05544636038835172,
    "DGX": 0.055428897466137834,
    "GH": 0.05532705722839744,
    "CHHL": 0.05529517419269737,
    "PSNL": 0.054991288275756084,
    "IBXXF": 0.05445665167856547,
    "A": 0.05422409566412941,
    "VIVO": 0.05405236433926782,
    "HSKA": 0.05396129811671092,
    "ANIX": 0.053916244537830456,
    "SHC": 0.05376122323118292,
    "DIGP": 0.053417469713894015,
    "XGN": 0.053196822536127744,
    "PRPO": 0.05267110302076402,
    "TDSGF": 0.05220778029419712,
    "PHG": 0.05175741615890368,
    "RYLPF": 0.05175741615890368,
    "SMMNY": 0.051561269737396505,
    "FLGT": 0.051464784315123524,
    "ANPCY": 0.05115331166548656,
    "MEDP": 0.05111643861171971,
    "DMTK": 0.050813753852784145,
    "AKU": 0.050646434771136555,
    "EPGNF": 0.05063416193190184,
    "EPGNY": 0.05063416193190184,
    "SQIDF": 0.05040721158431167,
    "PMSNF": 0.049884460077411166,
    "BIOQ": 0.04977328842644319,
    "BMKDF": 0.04933993209897749,
    "NSTM": 0.04930040183432749,
    "HCLC": 0.04917479985847041,
    "NLAB": 0.04904690754063916,
    "LZAGF": 0.04845405931137668,
    "LZAGY": 0.04845405931137668,
    "LHDX": 0.048194885386568964,
    "RGDXQ": 0.04649262781804616,
    "ICLR": 0.04648797535150043,
    "CMXC": 0.046454593551632624,
    "SENS": 0.046393705762997124,
    "AMCY": 0.04548807253400236,
    "NDRA": 0.04362475917994795,
    "ONVO": 0.042156163415784646,
    "OLK": 0.04211257876918486,
    "BNR": 0.04196939522146244,
    "NVTA": 0.04142077766098033,
    "GWHP": 0.041391304993322775,
    "CHEK": 0.041319721735089805,
    "RNVA": 0.040800933068514664,
    "RDNT": 0.04035389709433694,
    "JMPHF": 0.04019419527714479,
    "TDLAF": 0.04003426987728481,
    "FLDM": 0.039744351205790854,
    "BVS": 0.03968426534556495,
    "ICBU": 0.039182165059193266,
    "DSRLF": 0.03906797633873159,
    "CO": 0.03827856688190118,
    "MEDD": 0.03821081296140151,
    "DXCM": 0.03770909514913349,
    "GNWSF": 0.03767211232061403,
    "ZENO": 0.037306088070346015,
    "MRPS": 0.03643035523375712,
    "BMXMF": 0.03630069241710645,
    "DRIO": 0.03623833820986222,
    "IZOZF": 0.03491421711848897,
    "CGNSF": 0.03478993933070069,
    "HTGM": 0.034626764619148334,
    "TWST": 0.031579536576957695
}