{
    "QTNT": 1.0000000000000002,
    "OCDX": 0.34204629771465966,
    "NVYTF": 0.291937981109512,
    "GWHP": 0.24447001672288382,
    "BMRA": 0.24422808423461836,
    "LH": 0.22625442810117133,
    "PKI": 0.22099707418021844,
    "GNWSF": 0.21696235234540326,
    "TRIB": 0.21645869715713312,
    "VNRX": 0.21513241513201645,
    "CODX": 0.21355220039027104,
    "SQIDF": 0.2034437251061353,
    "ARYC": 0.20104788201049809,
    "EPGNF": 0.20091152193901954,
    "EPGNY": 0.20091152193901954,
    "QDEL": 0.1929086412921681,
    "CEMI": 0.1923413791034231,
    "WAT": 0.18956497748533374,
    "IDXX": 0.1863837430078196,
    "PRPO": 0.18620191059559196,
    "CO": 0.1851932718947785,
    "CGNH": 0.185075093672158,
    "OPK": 0.18503094306739729,
    "NTRA": 0.17822853186082846,
    "VIVO": 0.17624576191967367,
    "ANPCY": 0.17380274516991867,
    "TMO": 0.17275053032610846,
    "RNLX": 0.1716578295825727,
    "RTNXF": 0.1716578295825727,
    "APDN": 0.17126952375078064,
    "HSKA": 0.16993001510611191,
    "BIOC": 0.1697632485194499,
    "RYMDF": 0.1681616243481232,
    "NNGRF": 0.16677084803589914,
    "CRL": 0.16664606285623415,
    "SSMXF": 0.16652417320841348,
    "SSMXY": 0.16652417320841348,
    "ENZ": 0.16463226051309884,
    "CNTG": 0.16083143403638012,
    "NOTV": 0.1596836611455713,
    "TTOO": 0.1592422239707326,
    "EXAS": 0.15863927882970222,
    "THOXF": 0.1566850519981376,
    "ILMN": 0.15590786623830946,
    "NEOG": 0.15538073515014372,
    "NEO": 0.1553448160595809,
    "EDTXF": 0.15465430640501987,
    "OPGN": 0.15439832096789127,
    "LNTH": 0.15439804664287118,
    "IVRO": 0.15235285766466555,
    "DHR-PA": 0.15026003221293976,
    "DHR-PB": 0.15026003221293976,
    "DHR": 0.15026003221293976,
    "AGHC": 0.1492628638635948,
    "MXDHF": 0.1487107933736179,
    "GH": 0.14689593229851677,
    "GTH": 0.1468172950125379,
    "SMMNY": 0.14668207258529878,
    "BNGO": 0.14484436967723802,
    "XGN": 0.1446503798440946,
    "IDTA": 0.14418698843154384,
    "BDSX": 0.14301706932154826,
    "LZAGF": 0.14057222992554047,
    "LZAGY": 0.14057222992554047,
    "IBXXF": 0.1394208883553804,
    "ROSGQ": 0.13752727783905025,
    "FLGT": 0.1365466924463847,
    "PACB": 0.13646295726974675,
    "TDLAF": 0.13391518027586333,
    "EPLYF": 0.13185939833952007,
    "STIM": 0.12990393517269064,
    "IHTI": 0.12959325728370127,
    "AWH": 0.12941278194459327,
    "PHG": 0.12879206325632997,
    "RYLPF": 0.12879206325632997,
    "QGEN": 0.12870339399771089,
    "ONVO": 0.12864936426013462,
    "A": 0.12860596552640507,
    "SLDX": 0.1280968358843903,
    "DGX": 0.12790161781162576,
    "AMCY": 0.12758723528530722,
    "PMD": 0.1236996559456867,
    "CMXC": 0.12304442732260594,
    "DMTK": 0.1218112676838089,
    "IDXG": 0.12147802822543398,
    "AXDX": 0.12062308116795832,
    "CELC": 0.11990377905199529,
    "SENS": 0.11862809301760888,
    "GENE": 0.11824181057471819,
    "MTD": 0.11822285173725244,
    "TDSGF": 0.11817465050581161,
    "PRAH": 0.11805825311050375,
    "MYGN": 0.11741820135854421,
    "ERFSF": 0.11728467421559541,
    "ABMC": 0.11632636540030397,
    "NDRA": 0.11631137974402718,
    "IQV": 0.11604906053100397,
    "WUXAY": 0.11520936795111118,
    "WUXIF": 0.11520936795111118,
    "LHDX": 0.11376051469562923,
    "NRC": 0.1135460417509352,
    "DRIO": 0.11354478178679288,
    "CYPS": 0.11312028099968735,
    "HCLC": 0.11207375496675306,
    "IZOZF": 0.11179434568734982,
    "PSNL": 0.11160570275011975,
    "NSTM": 0.11154338835977239,
    "DSRLF": 0.11010237846931473,
    "SHC": 0.10952034345519873,
    "CDNA": 0.10876276011342305,
    "BIOQ": 0.10839910981574867,
    "ICLR": 0.10665910086354805,
    "PMSNF": 0.10632174749171261,
    "BMKDF": 0.10458373673059773,
    "OLK": 0.10335221612270168,
    "SYNH": 0.1012869072428418,
    "ICBU": 0.10051668441010835,
    "OPGX": 0.09931877471775234,
    "ANIX": 0.09859034375679156,
    "DXCM": 0.09608296126146477,
    "RGDXQ": 0.09287510575706662,
    "BNR": 0.0919539796576896,
    "NVTA": 0.09005812702475394,
    "CSTL": 0.08763767326898596,
    "HTGM": 0.08617935508675406,
    "NLAB": 0.08525103290064709,
    "CHHL": 0.08484769283721834,
    "FLDM": 0.0847291913104847,
    "RDNT": 0.08425334706965264,
    "TWST": 0.08368581908203443,
    "AVCRF": 0.08286304730591017,
    "CGNSF": 0.08166941408534813,
    "BMXMF": 0.0812513136128653,
    "BVS": 0.08061091853117514,
    "MEDP": 0.07840788551143328,
    "MOTS": 0.07768002454681605,
    "CHEK": 0.07600522978446701,
    "MEDD": 0.06812484293972247,
    "JMPHF": 0.06696500267317876,
    "DIGP": 0.06501290910186401,
    "MRPS": 0.06282226403032558,
    "RNVA": 0.062258885780312224,
    "BGNX": 0.062058398200271536,
    "PCHM": 0.06129880200961611,
    "AKU": 0.05732123701274978,
    "ZENO": 0.05261159614244238
}