{
    "SMMNY": 1.0,
    "PHG": 0.33578999359093753,
    "RYLPF": 0.33578999359093753,
    "DHR-PA": 0.32576501491418586,
    "DHR-PB": 0.32576501491418586,
    "DHR": 0.32576501491418586,
    "PKI": 0.32503163969204224,
    "IQV": 0.30955989559377356,
    "NVYTF": 0.3082699527903482,
    "WUXAY": 0.30701889364235885,
    "WUXIF": 0.30701889364235885,
    "TMO": 0.3061028814251862,
    "EPLYF": 0.28602390786100684,
    "MEDD": 0.275202279138914,
    "IDXX": 0.2737267079444624,
    "RDNT": 0.2677133965295711,
    "A": 0.26666849384482966,
    "PRAH": 0.26579943837316006,
    "NOTV": 0.2619658314197172,
    "ENZ": 0.258606758162467,
    "CRL": 0.2492222029554992,
    "OPK": 0.24653730196447748,
    "TRIB": 0.24398989644538352,
    "NEO": 0.24303448356291488,
    "LH": 0.2418068659245024,
    "QDEL": 0.2404003723306193,
    "AKU": 0.23713718127717354,
    "NEOG": 0.23161975738246485,
    "DGX": 0.23105005650920185,
    "NNGRF": 0.22764867052948373,
    "ILMN": 0.22186303074507002,
    "JMPHF": 0.22179959658753087,
    "WAT": 0.21996908629490747,
    "SSMXF": 0.2188998843188831,
    "SSMXY": 0.2188998843188831,
    "ICLR": 0.21868594703045846,
    "HSKA": 0.2147815526031369,
    "MEDP": 0.20860668419839007,
    "PSNL": 0.20716261826748114,
    "LZAGF": 0.20547854389247772,
    "LZAGY": 0.20547854389247772,
    "NRC": 0.20209905520240945,
    "SYNH": 0.1995963266148094,
    "OPGN": 0.19727210322141359,
    "AGHC": 0.19725232604871062,
    "MTD": 0.19579684559475985,
    "CEMI": 0.19345999772489256,
    "SHC": 0.19203486244732618,
    "SQIDF": 0.18986191098738864,
    "QGEN": 0.1892908411746723,
    "APDN": 0.18557791036994906,
    "NDRA": 0.18464687149661327,
    "OCDX": 0.18431424355518194,
    "CNTG": 0.18411894385188263,
    "SENS": 0.1808245501482352,
    "VIVO": 0.1769946481533047,
    "ARYC": 0.176320742036893,
    "ERFSF": 0.17623265044385597,
    "BIOC": 0.17313592101678046,
    "CODX": 0.17279309309015053,
    "EXAS": 0.1708408297189797,
    "BMRA": 0.16857972338227567,
    "BNGO": 0.16672230843182892,
    "GH": 0.16375141417465236,
    "GTH": 0.1620839656265601,
    "RYMDF": 0.16116193861105296,
    "EDTXF": 0.1573875226828457,
    "STIM": 0.15561973574038393,
    "NTRA": 0.15336170710783295,
    "IVRO": 0.15237879714873434,
    "PRPO": 0.1523441801911053,
    "GENE": 0.15179974420928039,
    "CYPS": 0.15046789997803686,
    "PACB": 0.15044895529543353,
    "IHTI": 0.15041540411401533,
    "FLDM": 0.14990046777591778,
    "EPGNF": 0.14931654463451682,
    "EPGNY": 0.14931654463451682,
    "HCLC": 0.14921668122091358,
    "NVTA": 0.14781483474239132,
    "BIOQ": 0.14731806698028488,
    "MXDHF": 0.14712716483330873,
    "QTNT": 0.14668207258529878,
    "LNTH": 0.1445951982007992,
    "RNLX": 0.1442019759224041,
    "RTNXF": 0.1442019759224041,
    "CGNH": 0.1439136966337011,
    "DMTK": 0.14313458358639647,
    "THOXF": 0.14202214970191207,
    "IDTA": 0.14175529148531174,
    "IBXXF": 0.1410904047447489,
    "AVCRF": 0.14033277671479352,
    "IZOZF": 0.13995941503968767,
    "OLK": 0.13942810733280855,
    "AWH": 0.13772973313084289,
    "AXDX": 0.13608103755850204,
    "CHHL": 0.13601902822812548,
    "FLGT": 0.13588966394907803,
    "MYGN": 0.13491280946859355,
    "OPGX": 0.13423754728392723,
    "DXCM": 0.13254670769639498,
    "PMSNF": 0.12817827951600838,
    "BDSX": 0.1281070769738628,
    "BVS": 0.12520839901108802,
    "CMXC": 0.12378832724879583,
    "SLDX": 0.12321264965968864,
    "MRPS": 0.12308778063827139,
    "IDXG": 0.12270747513084179,
    "PMD": 0.12183496268628399,
    "TTOO": 0.1204624299539671,
    "DSRLF": 0.119976580124549,
    "NLAB": 0.11797933046066242,
    "LHDX": 0.11791401151130747,
    "ABMC": 0.11768036585683794,
    "ROSGQ": 0.11568297663605417,
    "GWHP": 0.11372775301752788,
    "DIGP": 0.11317001787113802,
    "ANPCY": 0.11304095038073811,
    "ANIX": 0.11090267928815968,
    "XGN": 0.11088951355013105,
    "ICBU": 0.10805050384866398,
    "CGNSF": 0.10754844123217952,
    "BMKDF": 0.10707704682206684,
    "RGDXQ": 0.10644277975349688,
    "TDSGF": 0.10546664200522642,
    "CDNA": 0.10428725175754829,
    "BNR": 0.09970022528299219,
    "BMXMF": 0.0996530802322287,
    "TDLAF": 0.09947215759759927,
    "NSTM": 0.0983707237001075,
    "DRIO": 0.09797522031963174,
    "CELC": 0.09698774347650119,
    "TWST": 0.09533072097311879,
    "CO": 0.09511805685019507,
    "GNWSF": 0.09370722756810392,
    "HTGM": 0.0890526993211258,
    "VNRX": 0.08897977151214505,
    "ZENO": 0.08865482506511572,
    "MOTS": 0.08526481585987566,
    "RNVA": 0.07915139517043643,
    "AMCY": 0.07903489148151334,
    "ONVO": 0.07451287172987041,
    "CHEK": 0.07126130138978615,
    "CSTL": 0.0689716179613173,
    "BGNX": 0.062420603204540716,
    "PCHM": 0.051561269737396505
}