{
    "OESX": 1.0000000000000002,
    "PHPPY": 0.3368854873099396,
    "SFFYF": 0.3368854873099396,
    "AYI": 0.33509862641149496,
    "LSCG": 0.31933887003138484,
    "HUBB": 0.316662982075973,
    "OSAGF": 0.30385459799949865,
    "OSAGY": 0.30385459799949865,
    "POWL": 0.27670883297718735,
    "BMI": 0.269479139129507,
    "SVT": 0.26797427170610044,
    "TAER": 0.26140891192579435,
    "VRT": 0.25860528327552146,
    "DIALF": 0.25813386101993413,
    "BDC": 0.254319197618175,
    "RNRTY": 0.24703115608747397,
    "LNNNY": 0.24592124225506617,
    "ULBI": 0.24581167140175422,
    "ABB": 0.24493645356570995,
    "ABLZF": 0.24493645356570995,
    "NVT": 0.2438284979050174,
    "GBLTF": 0.24284297151924336,
    "AZZ": 0.2427228602780441,
    "SSCFF": 0.24085566726122182,
    "AEIS": 0.23521162859422703,
    "USLG": 0.23433099967087084,
    "FCEL": 0.23041002373468847,
    "FCELB": 0.23041002373468847,
    "FELTF": 0.22528682722586182,
    "FELTY": 0.22528682722586182,
    "RFIL": 0.2192478891685389,
    "OPTT": 0.2182355365627593,
    "NXPRF": 0.21580906330751265,
    "MIELF": 0.21498449837778194,
    "MIELY": 0.21498449837778194,
    "PLPC": 0.2127711720968345,
    "CAPC": 0.2125212730450481,
    "ENR-PA": 0.2124713363453964,
    "ENR": 0.2124713363453964,
    "GNAL": 0.21209686387952426,
    "EFLVF": 0.21148579430218029,
    "ENS": 0.21137669367597034,
    "DPW": 0.20874227551935703,
    "ESP": 0.20773052977568457,
    "KE": 0.2072088584740932,
    "CETY": 0.2071590120168028,
    "ATKR": 0.2018996305824258,
    "OZSC": 0.19735058226512484,
    "POLA": 0.19647592946846143,
    "PURY": 0.196400762102888,
    "CECBF": 0.19322108027958604,
    "QBAK": 0.19172063957870958,
    "FUWAY": 0.18283082093377298,
    "ZNRG": 0.1805525485808743,
    "PPSI": 0.17923136892754352,
    "HOLI": 0.17832502053173355,
    "ORBT": 0.17786319002871356,
    "XTEG": 0.17689489828587962,
    "APWC": 0.17633075245320495,
    "HLSPY": 0.17479293971023357,
    "USGA": 0.1747275003494485,
    "FLUX": 0.17368561054430634,
    "ILIKF": 0.17238702942194176,
    "EOSE": 0.17204317984232437,
    "TNRK": 0.17035958845548527,
    "YASKY": 0.17016629351005158,
    "LECNF": 0.1699316074795842,
    "BW": 0.16875487680485576,
    "BE": 0.16518701133395683,
    "LPSIF": 0.16303370474369025,
    "REFXF": 0.15921808800958878,
    "PLUG": 0.15703956052332974,
    "GYUAF": 0.15526147209642963,
    "FWAV": 0.15507227583610234,
    "CBAT": 0.1542680781393328,
    "LDGYY": 0.1538283766723728,
    "PSTO": 0.1499645502032135,
    "HYEG": 0.14888235566476268,
    "BSTK": 0.1472620064555267,
    "EIPC": 0.1438304647003391,
    "WIRE": 0.14358863121670773,
    "TRUL": 0.1402182622660225,
    "EGTYF": 0.1379678493322863,
    "DFEL": 0.13629738893959564,
    "CPWHF": 0.1347788892188307,
    "CRPHY": 0.1347788892188307,
    "AFGYF": 0.134233174579361,
    "EAF": 0.1314033742473513,
    "URNXF": 0.12954583278723286,
    "GCLL": 0.12887045085111964,
    "NVNXF": 0.12707079022723916,
    "XNNHQ": 0.12477628051474927,
    "MCELQ": 0.11915593167158653,
    "MGXRF": 0.11393010105329585,
    "GPGC": 0.10921059186501592,
    "HAYW": 0.10894699084815712,
    "DLYT": 0.10761870462411777,
    "PCELF": 0.10656805937734481,
    "XPPLF": 0.1037735733572378,
    "PWVI": 0.0991920456746534,
    "EXROF": 0.09277987814871506,
    "IHGP": 0.09269251530691615,
    "NHHHF": 0.09202892299602178,
    "ZNNMF": 0.09202892299602178,
    "CHGI": 0.08361405322446569,
    "AXPWQ": 0.0806924392112671,
    "NEOV": 0.07055233104911822,
    "IPWR": 0.07049691831199423,
    "LTBR": 0.06920761711659712
}