{
    "PCRFF": 1.0000000000000002,
    "PCRFY": 1.0000000000000002,
    "KYOCF": 0.41968744841753897,
    "KYOCY": 0.41968744841753897,
    "APELY": 0.38939841183140034,
    "VOXX": 0.35764504105430506,
    "JVCZY": 0.3258588743060007,
    "SHCAF": 0.32226738163773544,
    "SHCAY": 0.32226738163773544,
    "SNEJF": 0.3170457000009292,
    "SONY": 0.3170457000009292,
    "ACKAY": 0.31302255342257584,
    "UEIC": 0.2649042827514826,
    "RINIF": 0.26387674011756723,
    "ELUXF": 0.24770664127595632,
    "ELUXY": 0.24770664127595632,
    "XIACF": 0.2468397955690562,
    "CSIOY": 0.24546804404232558,
    "JNNDF": 0.24443754210771396,
    "JPDYY": 0.24443754210771396,
    "HRSHF": 0.23704080681816697,
    "FUAIY": 0.23116937588605968,
    "TRUHF": 0.21491649342809244,
    "TRUHY": 0.21491649342809244,
    "AMOSF": 0.20599659581813634,
    "ATER": 0.20581975843262126,
    "SMDM": 0.20479085733434377,
    "VUZI": 0.2031563662192204,
    "ANDR": 0.20269088906790209,
    "MSN": 0.2001482495102354,
    "VIOT": 0.19940458343010498,
    "GPRO": 0.1977950770075475,
    "VZIO": 0.1856661373394146,
    "SONO": 0.18317271213741088,
    "LPL": 0.17996987723337934,
    "HEAR": 0.1745687098996336,
    "HBB": 0.1730924489398307,
    "DBOXF": 0.17144762700970287,
    "AAPL": 0.16808734568794292,
    "CEHD": 0.16525764496036105,
    "BGOUF": 0.15820851103495143,
    "UTME": 0.15549098384692628,
    "TCLHF": 0.15208237010682904,
    "APWL": 0.151898095868302,
    "KOSS": 0.15150618022711237,
    "ROFO": 0.14228776491282769,
    "CTXV": 0.14134546683395965,
    "ZVTK": 0.13980118315328066,
    "NYXO": 0.13108270773816907,
    "EXEO": 0.12801864525869555,
    "IRBT": 0.12798179954940642,
    "BZIC": 0.12312329751629147,
    "SQFL": 0.11922752868344813,
    "TKLS": 0.11802471598535233,
    "LTEC": 0.10998068399587375,
    "COLCF": 0.10334963298248528,
    "SONR": 0.10126018237461111,
    "HLOC": 0.09090619405770774,
    "HAPBF": 0.0714363318368408,
    "ADPXY": 0.07067694277172298
}