{
    "AAT": 1.0000000000000002,
    "ESRT": 0.3046460749738328,
    "AHH-PA": 0.28040082552948703,
    "AHH": 0.28040082552948703,
    "SQFT": 0.27143048722687796,
    "HRUFF": 0.26324403842461175,
    "ALEX": 0.2523048043510946,
    "PSB-PW": 0.24573387670698005,
    "PSB-PX": 0.24573387670698005,
    "PSB-PY": 0.24573387670698005,
    "PSB-PZ": 0.24573387670698005,
    "PSB": 0.24573387670698005,
    "WPC": 0.2289636430877412,
    "ARESF": 0.22435223664922738,
    "AFIN": 0.2205512785196946,
    "AFINO": 0.2205512785196946,
    "AFINP": 0.2205512785196946,
    "MRPRF": 0.21186434062753726,
    "OLP": 0.21166359669718915,
    "CLPR": 0.19483328735180358,
    "EPRT": 0.1934835911022961,
    "SAFE": 0.19261401555475258,
    "CLNC": 0.1916961805425526,
    "GADS": 0.18900095611983217,
    "VER-PF": 0.18760211757710316,
    "VER": 0.18760211757710316,
    "CMLEF": 0.1874740865486251,
    "STAR-PD": 0.18430556875942883,
    "STAR-PG": 0.18430556875942883,
    "STAR-PI": 0.18430556875942883,
    "STAR": 0.18430556875942883,
    "DXSPF": 0.1841359057873624,
    "SRC-PA": 0.18348476577340683,
    "SRC": 0.18348476577340683,
    "MDRR": 0.18271677471048198,
    "MDRRP": 0.18271677471048198,
    "LDSCY": 0.1799560467352359,
    "LSGOF": 0.1799560467352359,
    "BNL": 0.17360473164929477,
    "STOR": 0.17360011984441157,
    "KWIPF": 0.1694815422412911,
    "CLNY-PG": 0.16884623783308234,
    "CLNY-PH": 0.16884623783308234,
    "CLNY-PI": 0.16884623783308234,
    "CLNY-PJ": 0.16884623783308234,
    "CLNY": 0.16884623783308234,
    "FRMUF": 0.16853691825092354,
    "BRLAF": 0.1629713554035166,
    "BTLCY": 0.1629713554035166,
    "BTBIF": 0.16206904341594508,
    "NREF-PA": 0.16186766734715263,
    "NREF": 0.16186766734715263,
    "PDNLA": 0.16097859480219012,
    "PDNLB": 0.16097859480219012,
    "VICI": 0.15739322326168714,
    "BELP": 0.15308626888374666,
    "GPTGF": 0.1477367908403522,
    "STKAF": 0.14549716550878447,
    "UE": 0.1412058982225852,
    "MGP": 0.140907115093038,
    "FREVS": 0.13341094810663587,
    "CORR-PA": 0.13329898904007437,
    "CORR": 0.13329898904007437,
    "LXP-PC": 0.12928745547014356,
    "LXP": 0.12928745547014356,
    "GMGSF": 0.12589575980024204,
    "FBASF": 0.12464244104138461,
    "PINE": 0.10697261730367826,
    "LNSPF": 0.10039273949541097,
    "SURVF": 0.10033414177173049,
    "GSEFF": 0.09809425135878758,
    "HIBRF": 0.08584333484005442,
    "GOOD": 0.07605344768382641,
    "GOODM": 0.07605344768382641,
    "GOODN": 0.07605344768382641,
    "ESBA": 0.030576698034775224,
    "FISK": 0.030576698034775224,
    "OGCP": 0.030576698034775224
}