{
    "STOR": 1.0000000000000004,
    "WPC": 0.2696866236444575,
    "BNL": 0.25735092890215094,
    "SQFT": 0.24654272638419159,
    "SAFE": 0.2375463521932802,
    "OLP": 0.23059924015827482,
    "STAR-PD": 0.21110601325444792,
    "STAR-PG": 0.21110601325444792,
    "STAR-PI": 0.21110601325444792,
    "STAR": 0.21110601325444792,
    "MRPRF": 0.2064883905075371,
    "FRMUF": 0.20024814251543102,
    "PINE": 0.19122654361616234,
    "GADS": 0.1893844590658107,
    "CMLEF": 0.1877701440361862,
    "LXP-PC": 0.18654585911407104,
    "LXP": 0.18654585911407104,
    "VER-PF": 0.18190109912410157,
    "VER": 0.18190109912410157,
    "CLNY-PG": 0.18175990693475472,
    "CLNY-PH": 0.18175990693475472,
    "CLNY-PI": 0.18175990693475472,
    "CLNY-PJ": 0.18175990693475472,
    "CLNY": 0.18175990693475472,
    "SRC-PA": 0.1804497790137229,
    "SRC": 0.1804497790137229,
    "PDNLA": 0.17482091415319073,
    "PDNLB": 0.17482091415319073,
    "DXSPF": 0.17428707835478613,
    "AAT": 0.17360011984441157,
    "KWIPF": 0.16992359048499045,
    "GPTGF": 0.16377120050438143,
    "LNSPF": 0.157657157190185,
    "ESRT": 0.1501110288614232,
    "ALEX": 0.14935999485672397,
    "EPRT": 0.1481748005711377,
    "VICI": 0.1446374794870205,
    "BRLAF": 0.14085025579359445,
    "BTLCY": 0.14085025579359445,
    "CLNC": 0.1401918654564378,
    "ARESF": 0.13946345761851522,
    "AFIN": 0.13925500725108492,
    "AFINO": 0.13925500725108492,
    "AFINP": 0.13925500725108492,
    "MDRR": 0.13673519600077913,
    "MDRRP": 0.13673519600077913,
    "GMGSF": 0.13255884399697426,
    "LDSCY": 0.131939274338119,
    "LSGOF": 0.131939274338119,
    "STKAF": 0.13130477103368388,
    "CLPR": 0.126747978590928,
    "MGP": 0.12655657010461852,
    "AHH-PA": 0.12572004409644819,
    "AHH": 0.12572004409644819,
    "FREVS": 0.12500808198739,
    "BELP": 0.12168913175455866,
    "PSB-PW": 0.12084116757470101,
    "PSB-PX": 0.12084116757470101,
    "PSB-PY": 0.12084116757470101,
    "PSB-PZ": 0.12084116757470101,
    "PSB": 0.12084116757470101,
    "NREF-PA": 0.1135605272270376,
    "NREF": 0.1135605272270376,
    "HRUFF": 0.11318699290273952,
    "BTBIF": 0.10645870458331433,
    "CORR-PA": 0.10322849512006489,
    "CORR": 0.10322849512006489,
    "HIBRF": 0.09984365546736301,
    "SURVF": 0.09045664798246153,
    "FBASF": 0.08516798950584734,
    "GSEFF": 0.08134127025890704,
    "GOOD": 0.07284214917916668,
    "GOODM": 0.07284214917916668,
    "GOODN": 0.07284214917916668,
    "UE": 0.06798977330363307,
    "ESBA": 0.019868198897123962,
    "FISK": 0.019868198897123962,
    "OGCP": 0.019868198897123962
}