{
    "SURVF": 1.0000000000000002,
    "PSB-PW": 0.21580337132587732,
    "PSB-PX": 0.21580337132587732,
    "PSB-PY": 0.21580337132587732,
    "PSB-PZ": 0.21580337132587732,
    "PSB": 0.21580337132587732,
    "AHH-PA": 0.1796148482296995,
    "AHH": 0.1796148482296995,
    "SQFT": 0.1515211994935174,
    "ESRT": 0.12180538012022872,
    "ARESF": 0.11919492897273741,
    "BELP": 0.11252112592319503,
    "CMLEF": 0.10787098523308288,
    "HRUFF": 0.10406236965171205,
    "DXSPF": 0.10210396837364813,
    "FREVS": 0.1015078932480034,
    "AAT": 0.10033414177173049,
    "LDSCY": 0.09524733726680354,
    "LSGOF": 0.09524733726680354,
    "WPC": 0.09458055642318666,
    "STOR": 0.09045664798246153,
    "MDRR": 0.09023404636931281,
    "MDRRP": 0.09023404636931281,
    "HIBRF": 0.0880082590226894,
    "BNL": 0.0842598008200936,
    "GADS": 0.08179054007280528,
    "NREF-PA": 0.0809845489998528,
    "NREF": 0.0809845489998528,
    "BRLAF": 0.08080043704641483,
    "BTLCY": 0.08080043704641483,
    "MRPRF": 0.0801863172643973,
    "CLNY-PG": 0.0790050578826906,
    "CLNY-PH": 0.0790050578826906,
    "CLNY-PI": 0.0790050578826906,
    "CLNY-PJ": 0.0790050578826906,
    "CLNY": 0.0790050578826906,
    "OLP": 0.07866164145022583,
    "GPTGF": 0.07805827673036353,
    "EPRT": 0.0771790501485097,
    "VER-PF": 0.07637731831767437,
    "VER": 0.07637731831767437,
    "ALEX": 0.07441021552604742,
    "AFIN": 0.07423331667355744,
    "AFINO": 0.07423331667355744,
    "AFINP": 0.07423331667355744,
    "CLPR": 0.07094432138409366,
    "PDNLA": 0.07071940410689105,
    "PDNLB": 0.07071940410689105,
    "CLNC": 0.0693927854754081,
    "SAFE": 0.06685648643221825,
    "STKAF": 0.06653020094434661,
    "STAR-PD": 0.06158084954807994,
    "STAR-PG": 0.06158084954807994,
    "STAR-PI": 0.06158084954807994,
    "STAR": 0.06158084954807994,
    "FRMUF": 0.05976999747126904,
    "SRC-PA": 0.057599112117385824,
    "SRC": 0.057599112117385824,
    "GMGSF": 0.05705618441323689,
    "BTBIF": 0.05623944477337873,
    "GSEFF": 0.052611834466685256,
    "MGP": 0.052421711847799424,
    "PINE": 0.05143899091591067,
    "LNSPF": 0.048743252225820315,
    "KWIPF": 0.048411119956245065,
    "LXP-PC": 0.0473858538951906,
    "LXP": 0.0473858538951906,
    "FBASF": 0.04735194366788581,
    "UE": 0.04392816926418866,
    "GOOD": 0.04327394910397934,
    "GOODM": 0.04327394910397934,
    "GOODN": 0.04327394910397934,
    "VICI": 0.0410643786981327,
    "CORR-PA": 0.03082394711349854,
    "CORR": 0.03082394711349854,
    "ESBA": 0.004024855300453111,
    "FISK": 0.004024855300453111,
    "OGCP": 0.004024855300453111
}