{
    "ADS": 1.0,
    "MA": 0.38741785053086475,
    "AXP": 0.3405133549868875,
    "NNI": 0.3175572409683361,
    "ATLC": 0.2788548434983113,
    "IX": 0.2639600269831931,
    "ORXCF": 0.2639600269831931,
    "COF-PG": 0.2618133438121488,
    "COF-PH": 0.2618133438121488,
    "COF-PI": 0.2618133438121488,
    "COF-PJ": 0.2618133438121488,
    "COF": 0.2618133438121488,
    "COFPL": 0.2618133438121488,
    "MGI": 0.2493235001070711,
    "SYF-PA": 0.24449544129164877,
    "SYF": 0.24449544129164877,
    "PMTS": 0.2437434150033078,
    "CCGN": 0.24109670752457035,
    "DFS": 0.23946244394234184,
    "NAVI": 0.23695511144708872,
    "QIWI": 0.2365297641469172,
    "ACCFF": 0.2327835487998177,
    "GDOT": 0.23225696957850134,
    "YRD": 0.229238253197198,
    "ENVA": 0.21792629925484547,
    "MAURY": 0.2146742166111967,
    "ITJTY": 0.2138005684437252,
    "AGRIP": 0.2080436077915042,
    "JT": 0.20692075851526484,
    "MUTM": 0.19692958584345774,
    "WU": 0.19402218379643263,
    "XSHLF": 0.19101869138507083,
    "ALLY": 0.18934577995226323,
    "MRLN": 0.18932298126414837,
    "MITJF": 0.18587402672551878,
    "YUANF": 0.18376683458050116,
    "LX": 0.1830505065606127,
    "SNFCA": 0.18251388333619795,
    "BWMY": 0.18235401183141203,
    "HYPOF": 0.18155077411335097,
    "LC": 0.17932892625703584,
    "FOA": 0.17920051963623024,
    "AIFLY": 0.17585091247088286,
    "WRLD": 0.17435398316740044,
    "V": 0.17225284890750614,
    "RAHGF": 0.1707763692442134,
    "LPRO": 0.1704271244160168,
    "SC": 0.17040200745522704,
    "CHFI": 0.16605712163483788,
    "KGTHY": 0.16393713191975698,
    "TRFNF": 0.16208244151008874,
    "EHMEF": 0.16116923992728888,
    "RM": 0.16070455723095478,
    "EQUI": 0.15914088710440433,
    "PRAA": 0.1576429794834974,
    "OPRT": 0.1570426060317662,
    "ECNCF": 0.15623241683401923,
    "AWKS": 0.15555900369200076,
    "ASFZ": 0.1547902993444699,
    "ZNKKY": 0.15435110628012322,
    "PYPL": 0.1505979131571799,
    "FRNV": 0.14398348800471117,
    "LU": 0.1438757033810193,
    "FPLPY": 0.14278939342344077,
    "IMMFF": 0.1404397365033524,
    "ELVT": 0.13934078002090536,
    "CYIO": 0.13925652994842067,
    "SLM": 0.13923131141538936,
    "SLMBP": 0.13923131141538936,
    "FDTC": 0.1390351596488473,
    "CPSS": 0.13639343488242725,
    "SGOC": 0.13454899967259595,
    "MFIN": 0.13205029747102015,
    "IOUFF": 0.13123786229504278,
    "CTON": 0.13059864913552027,
    "PT": 0.12951369651560074,
    "SEZNL": 0.1294666127531936,
    "GAFL": 0.12784648998383358,
    "QD": 0.12756370778643333,
    "XYF": 0.12577475230748536,
    "CACC": 0.1257726776743348,
    "HXPR": 0.1239803409046796,
    "OCSL": 0.12371187501524851,
    "FCFS": 0.12359025376176307,
    "VIEWF": 0.12311706666195679,
    "LYL": 0.12256757728064323,
    "CFGX": 0.12156232742699473,
    "EDNMF": 0.11855747859477213,
    "EDNMY": 0.11855747859477213,
    "EZPW": 0.11571759209036726,
    "CURO": 0.11513896543650784,
    "ARWD": 0.11487986480567033,
    "AMSA": 0.11188892949108013,
    "NICK": 0.11095474261888874,
    "FAVO": 0.10555107422137913,
    "WEI": 0.10532630195441217,
    "EPOR": 0.10496112815245182,
    "OMF": 0.10268845668038795,
    "SOFI": 0.1025495296070429,
    "AGM-A": 0.10201397866352388,
    "AGM-PC": 0.10201397866352388,
    "AGM-PD": 0.10201397866352388,
    "AGM-PE": 0.10201397866352388,
    "AGM-PF": 0.10201397866352388,
    "AGM": 0.10201397866352388,
    "AGMGP": 0.10201397866352388,
    "CHWWF": 0.10194245293159737,
    "FLXP": 0.09831760803464717,
    "MRBLF": 0.0963778747157686,
    "QFIN": 0.09444538452970488,
    "ORCC": 0.09369543385541523,
    "KYNC": 0.09342405198486907,
    "CRQDF": 0.0920850891712023,
    "CAFI": 0.09202214309327247,
    "AIHS": 0.09094151901812987,
    "NECA": 0.08754268068509989,
    "WORC": 0.08079980030931556,
    "CFNB": 0.08033144123916104,
    "ECDD": 0.07903577773340578,
    "DXF": 0.07519086647657888,
    "PNNRF": 0.07336409949105649,
    "UPST": 0.07005686352958258,
    "GSBD": 0.06951421850922782,
    "FINV": 0.0693344870717186,
    "ATIN": 0.05602780303954925,
    "FNNZF": 0.05576010626645976,
    "HUNTF": 0.0553609309602688,
    "RYTTF": 0.054586919620562904,
    "BBDC": 0.04299806764964276,
    "BCAP": 0.040432041631463404
}