{
    "AMS": 1.0000000000000004,
    "USNU": 0.42208744816506405,
    "CCM": 0.30158344036343254,
    "ENSG": 0.227316963463691,
    "NHC": 0.21520695302220694,
    "NMHLY": 0.20285702003503533,
    "THC": 0.1888611102174213,
    "AGL": 0.17987122243193165,
    "AVAH": 0.17955905571801103,
    "PNTG": 0.17926542819147956,
    "BNYN": 0.17721559123838693,
    "INNV": 0.17608619410593881,
    "GENN": 0.17471344817878257,
    "LHCG": 0.17212309082415012,
    "HCA": 0.16838550011631337,
    "EHC": 0.16717961555579794,
    "EXETF": 0.16014241046326766,
    "NWKHY": 0.16005956274612143,
    "AMED": 0.15876595989563816,
    "UHS": 0.15844112497428836,
    "BDULF": 0.15666202645619393,
    "BDUUF": 0.15666202645619393,
    "DVCR": 0.15636861526230497,
    "NRTSF": 0.15152469414872038,
    "HNGR": 0.15056283658577369,
    "ADUS": 0.15030300760457638,
    "RHE": 0.14954035387954867,
    "WLYYF": 0.1472451670990673,
    "MODV": 0.14664955009938485,
    "NAFS": 0.14630863382078926,
    "NVOS": 0.1449636310072275,
    "FCHS": 0.14363431764867263,
    "AMBD": 0.14343985728696734,
    "BUHPF": 0.1433158694980756,
    "SKHCF": 0.1425191055873168,
    "SKHHY": 0.1425191055873168,
    "GNOW": 0.14240812226818594,
    "CSU": 0.13968959252735255,
    "NFH": 0.1379967833650587,
    "SHGFF": 0.13794161819911935,
    "SEM": 0.1378488905236519,
    "AMEH": 0.13532187060892825,
    "IHHHF": 0.13497548100548395,
    "ORPEF": 0.13497357658061598,
    "DVA": 0.1342140878891102,
    "WEQL": 0.13399287547178615,
    "FMCQF": 0.13385371557417808,
    "FMS": 0.13385371557417808,
    "LTGHY": 0.13364338014620714,
    "JDHIF": 0.13294925830864723,
    "OPMC": 0.13269127761481178,
    "HCSG": 0.13185620193319736,
    "CYH": 0.13143139864290637,
    "FSNUF": 0.1296596506193447,
    "FSNUY": 0.1296596506193447,
    "RMSYF": 0.1276009073616078,
    "RMYHY": 0.1276009073616078,
    "NXGT": 0.12730913596038454,
    "CHE": 0.1266374604922269,
    "JYNT": 0.12618244094839548,
    "OPCH": 0.12502768422684732,
    "MDGP": 0.12484286128961924,
    "RAFLF": 0.12462974371414923,
    "GBNH": 0.12267402618525099,
    "AIH": 0.12086219575291014,
    "EVGRF": 0.12004051101489596,
    "GRST": 0.11964443107992113,
    "ACHC": 0.11901507768062844,
    "MD": 0.11897876588320197,
    "IMAC": 0.11852141069268102,
    "SETO": 0.11705487498697985,
    "TVTY": 0.11644653989020279,
    "AMN": 0.11629639886989492,
    "LKYSF": 0.11609087582168683,
    "BBAL": 0.11559285897649876,
    "ICUSF": 0.11534841890902411,
    "ASSF": 0.11439452083708627,
    "NVMDF": 0.11403904172545369,
    "KJFI": 0.11345213037023959,
    "ACGI": 0.1115542462635031,
    "OSH": 0.11102846664321578,
    "TLIF": 0.1098914040854724,
    "EPWCF": 0.10855756303442825,
    "AVCO": 0.10807957266409395,
    "DPAT": 0.10755490028863443,
    "BKD": 0.10742455653115808,
    "SGRY": 0.10734958781407564,
    "USPH": 0.10621948652766901,
    "MFCSF": 0.10611319777418536,
    "CPAI": 0.10594262791307439,
    "JRSS": 0.10418134689043776,
    "OTRK": 0.10363266866259348,
    "OTRKP": 0.10363266866259348,
    "LWSCF": 0.10326075985397569,
    "FVE": 0.10144197954772298,
    "NOVC": 0.10128269114494423,
    "BNKL": 0.1001526141022426,
    "BDYS": 0.09793466191757418,
    "MAHN": 0.09614528122833765,
    "RYHTY": 0.0961452104551621,
    "MHIVF": 0.09609476371399282,
    "XCRT": 0.09516101012881999,
    "BICX": 0.09252316055632168,
    "CHHHF": 0.09167832968693915,
    "MKLNF": 0.08850621394107178,
    "WFHG": 0.08805130166706919,
    "SMTI": 0.08783908192689326,
    "VLXC": 0.0867177293887253,
    "NVLPF": 0.0864569439194265,
    "CMPS": 0.08645621683273368,
    "SPIN": 0.08239986516754617,
    "TLMD": 0.08146718078918687,
    "CHCR": 0.07953786487449502,
    "PPRG": 0.07710417183905215,
    "CEVE": 0.07704518082521519,
    "PAOG": 0.07526711926867276,
    "JNHMF": 0.07431703238839896,
    "ARHH": 0.07324878808347869,
    "CCEL": 0.07310086020240095,
    "HQDA": 0.07302859360584993,
    "FTRPF": 0.07297611530962404,
    "OHAQ": 0.07104951816716454,
    "PHMB": 0.06942193723464771,
    "KSQR": 0.06852800839334348,
    "CHYL": 0.06256207813675983,
    "NHLG": 0.06123584580561391,
    "DRWN": 0.054762453255796636,
    "SCAL": 0.04694222143711281,
    "MSGP": 0.04453645376574866,
    "ARPC": 0.037230622389095816
}