{
    "CMPS": 1.0000000000000002,
    "NMHLY": 0.24277369276428756,
    "SHGFF": 0.14808833203724486,
    "SKHCF": 0.14279677871019694,
    "SKHHY": 0.14279677871019694,
    "OTRK": 0.1381113178506365,
    "OTRKP": 0.1381113178506365,
    "RMSYF": 0.13433185211638096,
    "RMYHY": 0.13433185211638096,
    "ACHC": 0.1272208659955601,
    "LTGHY": 0.1264575631468691,
    "JYNT": 0.12473323748305332,
    "AMED": 0.12371262852187141,
    "GBNH": 0.11892731844752463,
    "AGL": 0.11884722398181459,
    "HNGR": 0.11797994247955805,
    "EHC": 0.11614810426001211,
    "INNV": 0.11385097810605095,
    "DVCR": 0.113382738526106,
    "DVA": 0.10826333637218448,
    "OSH": 0.10793254302856353,
    "GENN": 0.10680001619744268,
    "UHS": 0.10542945812442817,
    "EVGRF": 0.10458992688791482,
    "MODV": 0.1029525810479224,
    "NRTSF": 0.10270769953802243,
    "LHCG": 0.10231117078903892,
    "OPMC": 0.10082195289435018,
    "CHHHF": 0.1007935195225697,
    "HCA": 0.10059421157874428,
    "PHMB": 0.10043581864567276,
    "NAFS": 0.09978493942393198,
    "SETO": 0.09811775211638785,
    "FMCQF": 0.0978667839083924,
    "FMS": 0.0978667839083924,
    "WLYYF": 0.09775656817976697,
    "BNYN": 0.09658055562661105,
    "NVMDF": 0.09631586515916275,
    "CPAI": 0.09568594669883346,
    "AVAH": 0.09500089989706792,
    "CCM": 0.09499385011581034,
    "GNOW": 0.09378434789008133,
    "MDGP": 0.09314699985500677,
    "AMEH": 0.09276202943027805,
    "PNTG": 0.0915025987496967,
    "ENSG": 0.09140611195070844,
    "ASSF": 0.09123430967402654,
    "THC": 0.09021735522328657,
    "IMAC": 0.08959465600275308,
    "HCSG": 0.0895299534747045,
    "BDULF": 0.0889113335820874,
    "BDUUF": 0.0889113335820874,
    "NWKHY": 0.08789774382937099,
    "BNKL": 0.08687361267190184,
    "TVTY": 0.08670040645008997,
    "AMS": 0.08645621683273368,
    "CHE": 0.08633826728753054,
    "RHE": 0.08595153747759554,
    "BICX": 0.08490724333087088,
    "KJFI": 0.08475103923820394,
    "VLXC": 0.08468377835081742,
    "MFCSF": 0.08455060520409663,
    "CYH": 0.08433267554076812,
    "NHC": 0.08426413505360066,
    "MHIVF": 0.08346769942639999,
    "MAHN": 0.08293548001626243,
    "LKYSF": 0.08212056985404366,
    "BUHPF": 0.08136669734812564,
    "EPWCF": 0.08087876758427281,
    "AVCO": 0.0808118108831903,
    "CSU": 0.08060331748947949,
    "GRST": 0.08009702217596779,
    "IHHHF": 0.07974315169867316,
    "JRSS": 0.07964290245925211,
    "ADUS": 0.07774679745946676,
    "WEQL": 0.07686022042323909,
    "EXETF": 0.07652659603812484,
    "OPCH": 0.07612667820794138,
    "SEM": 0.07589093670931447,
    "NVLPF": 0.0743938032433822,
    "TLMD": 0.07417425275803499,
    "JDHIF": 0.07373201388945848,
    "ACGI": 0.07316631812678684,
    "RYHTY": 0.07251670602307296,
    "SPIN": 0.07197344585988291,
    "XCRT": 0.07157146569357639,
    "PAOG": 0.07153756147816315,
    "MD": 0.07153210596491578,
    "NOVC": 0.07133240802196078,
    "SMTI": 0.07093119904788832,
    "FCHS": 0.07057228306267302,
    "AIH": 0.07042589394521294,
    "CHCR": 0.07009220150361735,
    "NVOS": 0.06997850000779994,
    "SGRY": 0.06985453544826979,
    "FSNUF": 0.06906963906571018,
    "FSNUY": 0.06906963906571018,
    "USPH": 0.06775596105203459,
    "LWSCF": 0.06755260070910332,
    "BBAL": 0.06709385218992589,
    "ORPEF": 0.06672050827676138,
    "AMBD": 0.06657341880003148,
    "NHLG": 0.06651087346166734,
    "USNU": 0.06552433154278382,
    "FVE": 0.06372186548989499,
    "CHYL": 0.0631932563059272,
    "BKD": 0.06273170206073207,
    "MKLNF": 0.06172078389775766,
    "TLIF": 0.061342444545913165,
    "CEVE": 0.06111448427608958,
    "ARHH": 0.060504250568782225,
    "NFH": 0.06045549827407988,
    "NXGT": 0.05995284353381664,
    "HQDA": 0.05919900798492644,
    "DRWN": 0.05613799140114497,
    "JNHMF": 0.05382798338770793,
    "AMN": 0.05372434549324416,
    "RAFLF": 0.05247132234181417,
    "ICUSF": 0.05225954785015932,
    "SCAL": 0.051186872408592154,
    "CCEL": 0.05079563832220051,
    "FTRPF": 0.050587427988250035,
    "PPRG": 0.046920821333704184,
    "WFHG": 0.04664768633691993,
    "DPAT": 0.04379026500886469,
    "OHAQ": 0.04374536560066794,
    "MSGP": 0.03328740496032459,
    "BDYS": 0.02946302335980158,
    "KSQR": 0.029256748153593796,
    "ARPC": 0.027984816430674162
}