{
    "DVCR": 1.0000000000000004,
    "NHC": 0.37461321665349534,
    "GENN": 0.3700759788611895,
    "AVAH": 0.36998965273516815,
    "ENSG": 0.3538520710537601,
    "LHCG": 0.3276561264413885,
    "EHC": 0.29676894752759625,
    "PNTG": 0.2842528123987893,
    "CYH": 0.27774199719828974,
    "HCA": 0.2777086608331119,
    "RHE": 0.275148910951363,
    "THC": 0.272445978486664,
    "HNGR": 0.2691482463721707,
    "AMED": 0.2653161316173178,
    "OPCH": 0.263249198808442,
    "HCSG": 0.2578776546917357,
    "NMHLY": 0.25077747304000414,
    "DVA": 0.25031298994988355,
    "CSU": 0.24999157013013268,
    "SEM": 0.24593909547373277,
    "SKHCF": 0.2404263705338995,
    "SKHHY": 0.2404263705338995,
    "IMAC": 0.23796036551466748,
    "IHHHF": 0.23415486017547563,
    "INNV": 0.23160716239230753,
    "EXETF": 0.22827930863027732,
    "ADUS": 0.22678216659363212,
    "SGRY": 0.22464256298656538,
    "UHS": 0.2221047823450717,
    "ORPEF": 0.21945121183978883,
    "MDGP": 0.21511243135969468,
    "WEQL": 0.21468700991652204,
    "MODV": 0.21444787125178047,
    "NRTSF": 0.2095704502277158,
    "LTGHY": 0.20773184715591336,
    "GNOW": 0.20658335481639692,
    "FCHS": 0.20628656501126702,
    "MHIVF": 0.2059087254825829,
    "USPH": 0.20386088578408668,
    "OSH": 0.20303799656544158,
    "AMEH": 0.2015505763905989,
    "NWKHY": 0.20154408716731506,
    "OPMC": 0.20138102460008445,
    "FSNUF": 0.19931816623084858,
    "FSNUY": 0.19931816623084858,
    "BUHPF": 0.19723520264792088,
    "MAHN": 0.19590297163291207,
    "AGL": 0.19562094848151274,
    "SHGFF": 0.19423780790137976,
    "ACHC": 0.19394789959781453,
    "JDHIF": 0.19178428420520965,
    "GBNH": 0.19083760883776368,
    "AMN": 0.19011907624542335,
    "FMCQF": 0.189680998808723,
    "FMS": 0.189680998808723,
    "CCM": 0.18964825849985553,
    "NVOS": 0.18800916684417762,
    "WLYYF": 0.18239326281000154,
    "JRSS": 0.17151940559482223,
    "LKYSF": 0.1712036658020424,
    "BBAL": 0.1708705346690533,
    "FVE": 0.16698422018317374,
    "TVTY": 0.16603908785245042,
    "BKD": 0.16573617902972093,
    "RMSYF": 0.16442631955601988,
    "RMYHY": 0.16442631955601988,
    "RAFLF": 0.16084885619056716,
    "NXGT": 0.1595487724084757,
    "EPWCF": 0.15794423063739318,
    "NOVC": 0.15679642781524075,
    "AMS": 0.15636861526230497,
    "BNYN": 0.15604753939750882,
    "NVLPF": 0.1540700226080521,
    "NAFS": 0.15400642991434246,
    "NVMDF": 0.15394005765696575,
    "BDULF": 0.15210851586441107,
    "BDUUF": 0.15210851586441107,
    "CHHHF": 0.15106842278407487,
    "AIH": 0.15015821682423264,
    "MD": 0.15001957920613088,
    "AVCO": 0.14940805360231021,
    "CHE": 0.14845557063558906,
    "MFCSF": 0.14769301542084873,
    "OTRK": 0.1473682462124228,
    "OTRKP": 0.1473682462124228,
    "BICX": 0.1429904727580295,
    "LWSCF": 0.1412684574287131,
    "ACGI": 0.14125385699456933,
    "SETO": 0.1393121900602612,
    "NHLG": 0.1384402621541037,
    "EVGRF": 0.13793109851676752,
    "KJFI": 0.13510118135294802,
    "ASSF": 0.13068793331245693,
    "TLIF": 0.12926378706399663,
    "AMBD": 0.1291641335129013,
    "JYNT": 0.12603870064840633,
    "CPAI": 0.12579176834232053,
    "PHMB": 0.12568003356473842,
    "SMTI": 0.11858810189054918,
    "VLXC": 0.11851553624582173,
    "SPIN": 0.11715614968228068,
    "TLMD": 0.11698762414687991,
    "RYHTY": 0.11669953255545087,
    "BNKL": 0.11625165396364823,
    "CMPS": 0.113382738526106,
    "DRWN": 0.11265998938715521,
    "PPRG": 0.11053177398163223,
    "NFH": 0.1097855493542599,
    "CHCR": 0.10750640544667839,
    "PAOG": 0.10555513448332986,
    "XCRT": 0.10536217028945093,
    "MKLNF": 0.10463569529401318,
    "FTRPF": 0.10141892565841035,
    "DPAT": 0.10053517874273907,
    "OHAQ": 0.09990994890432206,
    "CHYL": 0.09873764559305759,
    "ARHH": 0.09575888713947418,
    "USNU": 0.09444980965068496,
    "GRST": 0.09231195302797027,
    "CEVE": 0.09079929513287484,
    "ICUSF": 0.08863691533282829,
    "WFHG": 0.0878022285908305,
    "JNHMF": 0.07998448304159446,
    "HQDA": 0.07947895860452607,
    "CCEL": 0.07854525400558333,
    "MSGP": 0.0761294695603214,
    "SCAL": 0.060022186155976896,
    "BDYS": 0.05223659670639686,
    "ARPC": 0.050947047505789225,
    "KSQR": 0.041355843199245214
}