{
    "NMHLY": 1.0,
    "UHS": 0.32475798451494614,
    "THC": 0.31973454345182833,
    "BUHPF": 0.3145968602943698,
    "HCA": 0.3094346150923215,
    "ENSG": 0.29436221085393754,
    "SKHCF": 0.2895095362255254,
    "SKHHY": 0.2895095362255254,
    "LHCG": 0.27757049772059006,
    "EHC": 0.2749991253666262,
    "AVAH": 0.27440356888936834,
    "NRTSF": 0.27245455038648764,
    "NHC": 0.2666490382175198,
    "PNTG": 0.26394998804114544,
    "GENN": 0.26306648397957677,
    "CYH": 0.26074317610643766,
    "LTGHY": 0.2577207620834105,
    "WLYYF": 0.25278987513211176,
    "RMSYF": 0.25115927056454274,
    "RMYHY": 0.25115927056454274,
    "DVCR": 0.25077747304000414,
    "CCM": 0.24943822110602817,
    "IHHHF": 0.2479127382925169,
    "DVA": 0.2439189324630167,
    "CMPS": 0.24277369276428756,
    "RHE": 0.2379441939425563,
    "SGRY": 0.23641272595368573,
    "INNV": 0.23638717288958844,
    "HNGR": 0.23602780770030427,
    "NWKHY": 0.23544531918628847,
    "GNOW": 0.23459004925275964,
    "JDHIF": 0.2328411633421457,
    "MFCSF": 0.23026781500601706,
    "HCSG": 0.2288685317882602,
    "FSNUF": 0.2277120944627917,
    "FSNUY": 0.2277120944627917,
    "BDULF": 0.22688793456227965,
    "BDUUF": 0.22688793456227965,
    "AMED": 0.2266985471041684,
    "WEQL": 0.22615198716515764,
    "SEM": 0.2255269868237955,
    "FCHS": 0.2254893538673491,
    "EXETF": 0.2248137490626936,
    "OPMC": 0.2209934588172708,
    "FMCQF": 0.2170896792168391,
    "FMS": 0.2170896792168391,
    "JYNT": 0.21580473259653077,
    "AIH": 0.21427373604654693,
    "ACHC": 0.21412717257391625,
    "MODV": 0.21394237854148923,
    "SHGFF": 0.21320184555803692,
    "ORPEF": 0.21015343131457295,
    "MDGP": 0.2082807534911341,
    "AMN": 0.20784688007366578,
    "CSU": 0.2045782500002975,
    "NVMDF": 0.20385425658487633,
    "NFH": 0.20327773885250625,
    "EVGRF": 0.20318479506997628,
    "AMS": 0.20285702003503533,
    "RAFLF": 0.19664382207626785,
    "AMEH": 0.19374627287259066,
    "IMAC": 0.18983781454331478,
    "NXGT": 0.18917764278071847,
    "BNYN": 0.18582838658004636,
    "EPWCF": 0.18421148341096877,
    "MAHN": 0.182643853963621,
    "BBAL": 0.18222726994049054,
    "JRSS": 0.18076706388720126,
    "AGL": 0.1800185056041244,
    "LKYSF": 0.17949788006768316,
    "CHE": 0.17915804585158207,
    "RYHTY": 0.17528386071298013,
    "ADUS": 0.17506664771408892,
    "NVOS": 0.17393352580397792,
    "SETO": 0.1715552005660077,
    "AVCO": 0.17095471154637193,
    "GBNH": 0.16867912513140865,
    "ACGI": 0.16710468642179044,
    "OSH": 0.16344369173580942,
    "NAFS": 0.16307245217306854,
    "MKLNF": 0.1613217544771435,
    "LWSCF": 0.16092515320471473,
    "CHHHF": 0.1600522538489605,
    "MHIVF": 0.15948557643872033,
    "KJFI": 0.1569753849773324,
    "NVLPF": 0.15278934183473028,
    "MD": 0.15248166435362923,
    "TVTY": 0.15246195858351275,
    "OPCH": 0.1519759735542605,
    "USPH": 0.15102549244725016,
    "PAOG": 0.14988017278141158,
    "FTRPF": 0.14937229580346295,
    "VLXC": 0.14903773033623077,
    "BKD": 0.14765892783789697,
    "ASSF": 0.144273531973541,
    "OTRK": 0.14200555537638276,
    "OTRKP": 0.14200555537638276,
    "JNHMF": 0.13463610286173194,
    "AMBD": 0.13422294472560167,
    "TLIF": 0.13414314758264112,
    "CPAI": 0.13300240418948642,
    "XCRT": 0.13254718755525344,
    "TLMD": 0.1324236996593464,
    "BICX": 0.12860497743268204,
    "SMTI": 0.12781176984238812,
    "OHAQ": 0.12751222609303153,
    "NOVC": 0.12708755579202446,
    "GRST": 0.11700382548000778,
    "BNKL": 0.11405539260768609,
    "FVE": 0.11347377611794825,
    "PPRG": 0.10788907006771031,
    "DRWN": 0.10718275376645747,
    "WFHG": 0.1059779162382813,
    "USNU": 0.10244117054430064,
    "CHYL": 0.10080916915185537,
    "ICUSF": 0.09773299415960368,
    "SPIN": 0.09631362834232976,
    "NHLG": 0.09516492239388917,
    "CEVE": 0.09177803572543967,
    "PHMB": 0.0901484384423922,
    "HQDA": 0.08732197523021323,
    "DPAT": 0.08677369708440795,
    "CCEL": 0.08403613626879068,
    "ARHH": 0.08376417361328015,
    "CHCR": 0.0762799308832482,
    "KSQR": 0.07626658432095831,
    "SCAL": 0.07015705806351649,
    "BDYS": 0.06464183333014896,
    "ARPC": 0.0636772462278277,
    "MSGP": 0.05354526824197367
}