{
    "PNTG": 1.0000000000000002,
    "EHC": 0.4748279476759738,
    "ENSG": 0.4200403384714837,
    "CSU": 0.4037967646397727,
    "AVAH": 0.3894836149855756,
    "ADUS": 0.3853162680279624,
    "NHC": 0.3703671003977055,
    "LHCG": 0.3599050032105183,
    "AMED": 0.35538571884432324,
    "BKD": 0.3438204530794719,
    "FVE": 0.3388744638044933,
    "LWSCF": 0.32491677587542456,
    "GENN": 0.3220962724296135,
    "EXETF": 0.3126548579073083,
    "DVCR": 0.2842528123987893,
    "INNV": 0.2835884420513657,
    "RHE": 0.2685190989875374,
    "UHS": 0.2680634536213305,
    "NMHLY": 0.26394998804114544,
    "ORPEF": 0.24763635116091753,
    "MODV": 0.24377019215874365,
    "THC": 0.24304688888027104,
    "SKHCF": 0.2382991429834693,
    "SKHHY": 0.2382991429834693,
    "CHE": 0.23450829763130127,
    "MAHN": 0.22839839581499463,
    "TVTY": 0.2272705976616193,
    "MDGP": 0.22644106144249732,
    "NVLPF": 0.22533089793289007,
    "HCSG": 0.22347997782364235,
    "BBAL": 0.22063596112235476,
    "HNGR": 0.219574040328795,
    "IHHHF": 0.21833887478311662,
    "HCA": 0.21829742586325038,
    "NRTSF": 0.21789599537057414,
    "CHYL": 0.21737216267987391,
    "ACHC": 0.21532772169999587,
    "EVGRF": 0.20582305681974994,
    "CCM": 0.204339389199842,
    "LTGHY": 0.20357384816953153,
    "SHGFF": 0.20338361616825956,
    "OPMC": 0.2002178871547188,
    "JDHIF": 0.19980298433639054,
    "SEM": 0.19958611092265768,
    "DVA": 0.1994149444595511,
    "ASSF": 0.19915992723656586,
    "WEQL": 0.19845769860165338,
    "BUHPF": 0.19428120525251225,
    "BNYN": 0.190854293938931,
    "BDULF": 0.19037613839031042,
    "BDUUF": 0.19037613839031042,
    "FMCQF": 0.18620489356400688,
    "FMS": 0.18620489356400688,
    "AGL": 0.1856277451013869,
    "WLYYF": 0.18537674356691394,
    "AMN": 0.18537082593004856,
    "NVOS": 0.18535513775539172,
    "NWKHY": 0.18492355822048406,
    "CYH": 0.18299886867338644,
    "OPCH": 0.18280759439871397,
    "GNOW": 0.1823693711006077,
    "MHIVF": 0.18160360454155122,
    "USPH": 0.1814864844243602,
    "AMS": 0.17926542819147956,
    "AMEH": 0.1781984808452122,
    "LKYSF": 0.1775320743100505,
    "FSNUF": 0.17569084668925058,
    "FSNUY": 0.17569084668925058,
    "RMSYF": 0.175253818347946,
    "RMYHY": 0.175253818347946,
    "OTRK": 0.17499940001522957,
    "OTRKP": 0.17499940001522957,
    "NVMDF": 0.1726499463815455,
    "CHHHF": 0.17228470985662225,
    "JYNT": 0.1694797078276588,
    "TLIF": 0.16907148003786537,
    "AIH": 0.1687998522765978,
    "FCHS": 0.16642070360007571,
    "SGRY": 0.16392114488836837,
    "RAFLF": 0.1628608933326905,
    "NXGT": 0.15600037246348472,
    "ACGI": 0.15580227844995065,
    "RYHTY": 0.15536423213235423,
    "MD": 0.15420984108846486,
    "MFCSF": 0.15283038613812994,
    "AVCO": 0.15232568690176898,
    "NFH": 0.15018880120886458,
    "NAFS": 0.14861760623810258,
    "CPAI": 0.14486821145895334,
    "SETO": 0.14184265400627913,
    "EPWCF": 0.14080091835303127,
    "JRSS": 0.1398922797716892,
    "IMAC": 0.1396465872579261,
    "OSH": 0.13503925675683687,
    "KJFI": 0.13472345607564626,
    "BNKL": 0.1345063610156575,
    "AMBD": 0.13207693050870797,
    "GBNH": 0.12627106263078344,
    "VLXC": 0.12387233584723316,
    "SMTI": 0.12345335251211485,
    "ARHH": 0.12321849358799156,
    "PPRG": 0.12191972156076952,
    "PAOG": 0.11932229353651089,
    "BICX": 0.11499880093695224,
    "NOVC": 0.11469687936244814,
    "XCRT": 0.1104983008009077,
    "TLMD": 0.10787348041313137,
    "MKLNF": 0.10722617015214037,
    "WFHG": 0.10685321322510694,
    "SPIN": 0.10240907900365166,
    "DPAT": 0.100762107740488,
    "HQDA": 0.10032833916555883,
    "GRST": 0.0975930737360973,
    "CEVE": 0.09726822026646494,
    "PHMB": 0.09465385473852733,
    "CMPS": 0.0915025987496967,
    "OHAQ": 0.09066168606138228,
    "USNU": 0.08638546266208569,
    "FTRPF": 0.085484236618932,
    "ICUSF": 0.0836097388351995,
    "CCEL": 0.08280720370576805,
    "DRWN": 0.08205641213027948,
    "JNHMF": 0.08097553953973634,
    "KSQR": 0.07988885142119526,
    "CHCR": 0.07924451035820179,
    "NHLG": 0.06706082727209865,
    "MSGP": 0.06606105466291408,
    "SCAL": 0.06319701103807016,
    "ARPC": 0.05763750922575875,
    "BDYS": 0.05729154572937583
}