{
    "SKHCF": 1.0000000000000002,
    "SKHHY": 1.0000000000000002,
    "LTGHY": 0.33442195642522915,
    "RMSYF": 0.3035295142576311,
    "RMYHY": 0.3035295142576311,
    "THC": 0.2942359452683366,
    "NMHLY": 0.2895095362255254,
    "MODV": 0.26413747856357356,
    "NWKHY": 0.2637309088740578,
    "UHS": 0.2618041148136981,
    "LHCG": 0.25962394986757226,
    "ENSG": 0.25936868152290915,
    "CCM": 0.25457815806186423,
    "SHGFF": 0.2517799879418816,
    "EHC": 0.2511490657273904,
    "GENN": 0.24855216036468933,
    "HCA": 0.24550207959871362,
    "AVAH": 0.24507891377477778,
    "NHC": 0.24442322811855743,
    "BUHPF": 0.24390777449860657,
    "BDULF": 0.24072433606075389,
    "BDUUF": 0.24072433606075389,
    "DVCR": 0.2404263705338995,
    "PNTG": 0.2382991429834693,
    "DVA": 0.2359243612025481,
    "IHHHF": 0.23482471893239676,
    "CYH": 0.22971518669400998,
    "NVMDF": 0.2285713370193427,
    "EVGRF": 0.22834590050963713,
    "HNGR": 0.22177015757314372,
    "JDHIF": 0.22154209315032908,
    "WLYYF": 0.21950681898355154,
    "NRTSF": 0.2147326646519352,
    "GNOW": 0.2115732866921293,
    "SEM": 0.2100320731269439,
    "AMEH": 0.20938585816271255,
    "LKYSF": 0.20721479436970078,
    "ACHC": 0.20628458469600114,
    "AMN": 0.2058412262257372,
    "WEQL": 0.20138844299581213,
    "MFCSF": 0.19931253105289978,
    "INNV": 0.19810949480863088,
    "FMCQF": 0.19750148073526586,
    "FMS": 0.19750148073526586,
    "AMED": 0.19631475006249646,
    "FCHS": 0.19543263338738928,
    "RYHTY": 0.19490177528860453,
    "NXGT": 0.1933638898407984,
    "RAFLF": 0.1917434385011163,
    "OPMC": 0.19172453978507417,
    "RHE": 0.1911307438968391,
    "NVOS": 0.18987633250847724,
    "MAHN": 0.18974049155774095,
    "BNYN": 0.18887831435673774,
    "FSNUF": 0.18315367014449918,
    "FSNUY": 0.18315367014449918,
    "EPWCF": 0.18275420002950227,
    "HCSG": 0.1826858515630182,
    "EXETF": 0.17710245492101526,
    "AGL": 0.17665197205321362,
    "AVCO": 0.17251316761400698,
    "SGRY": 0.17178679612067255,
    "SETO": 0.17139826962050056,
    "CHE": 0.1710049149505204,
    "ACGI": 0.1673234911870931,
    "AIH": 0.1668728708527038,
    "CSU": 0.16675062055345538,
    "ADUS": 0.1661892991535355,
    "NFH": 0.16514203263784924,
    "JRSS": 0.16330091599062838,
    "BBAL": 0.16158470453288384,
    "OTRK": 0.15790651695842756,
    "OTRKP": 0.15790651695842756,
    "OPCH": 0.15727364940802419,
    "ORPEF": 0.15700559838413564,
    "TLMD": 0.15567249196542046,
    "JYNT": 0.15553191565959823,
    "TVTY": 0.15411064373050778,
    "MD": 0.14947188389398633,
    "MDGP": 0.14720686911423947,
    "OSH": 0.14603852350576935,
    "NVLPF": 0.144478224897581,
    "CMPS": 0.14279677871019694,
    "AMS": 0.1425191055873168,
    "CHHHF": 0.1419222812006609,
    "TLIF": 0.14123151459130637,
    "CPAI": 0.1395226932254403,
    "DPAT": 0.1352129481373446,
    "KJFI": 0.1341122025377084,
    "OHAQ": 0.13052091850235512,
    "BKD": 0.1303451224029772,
    "NAFS": 0.12862931670938596,
    "MHIVF": 0.12833117044869477,
    "NOVC": 0.1268523049187863,
    "PPRG": 0.1267466382696084,
    "LWSCF": 0.12570701663715642,
    "IMAC": 0.12556518529891694,
    "BNKL": 0.12552322912161115,
    "USPH": 0.12546244839414458,
    "BICX": 0.12279763103282357,
    "MKLNF": 0.12010291998606888,
    "GRST": 0.11940084386822877,
    "ARPC": 0.11479445095193185,
    "ASSF": 0.11284920142410676,
    "PAOG": 0.11207125738730911,
    "XCRT": 0.11105460808968459,
    "VLXC": 0.1107342242462102,
    "SMTI": 0.11006127890414476,
    "FVE": 0.10948809442092461,
    "AMBD": 0.10749050348968303,
    "GBNH": 0.10468706864413946,
    "JNHMF": 0.10467976623687102,
    "SPIN": 0.10455949120703448,
    "FTRPF": 0.10412152298867994,
    "CEVE": 0.10307274092378674,
    "NHLG": 0.10103037552631926,
    "CHYL": 0.09620646729233626,
    "PHMB": 0.09443695371882417,
    "WFHG": 0.08705688122929672,
    "ICUSF": 0.08118071326091317,
    "DRWN": 0.08058443570977736,
    "HQDA": 0.07989075125755848,
    "USNU": 0.07981701063827622,
    "BDYS": 0.07921534788204539,
    "CCEL": 0.07584435548762636,
    "CHCR": 0.07468467485750711,
    "ARHH": 0.07456253347753444,
    "KSQR": 0.06949775928456844,
    "SCAL": 0.06592424291744511,
    "MSGP": 0.032483813745094965
}