{
    "ADIA": 1.0,
    "HLF": 0.2107427387022644,
    "NUVM": 0.20515930975710236,
    "FTLF": 0.17058604230820665,
    "BRBR": 0.16153829523005855,
    "AUDYF": 0.15006454411823922,
    "KRYAF": 0.14768838281592486,
    "KRYAY": 0.14768838281592486,
    "GLAPY": 0.14068336440965365,
    "CENT": 0.14045859645758196,
    "CENTA": 0.14045859645758196,
    "BLLB": 0.1343620366842165,
    "VITX": 0.13055541944671134,
    "ORKLF": 0.12988885123517038,
    "ORKLY": 0.12988885123517038,
    "TLCC": 0.1298099869821429,
    "BCCI": 0.1291475631191013,
    "SENEA": 0.1269435120312182,
    "SENEB": 0.1269435120312182,
    "POST": 0.1255082801675006,
    "BABYF": 0.12432597208679794,
    "DTEA": 0.1235194898764063,
    "TATYF": 0.12190870168465594,
    "TATYY": 0.12190870168465594,
    "BLEG": 0.12082011489090616,
    "FRPT": 0.12072931848478614,
    "KHC": 0.11890952810657339,
    "STKL": 0.11813768980229883,
    "PIFMF": 0.11735560450688315,
    "PIFMY": 0.11735560450688315,
    "BDPT": 0.11661125996034982,
    "INGR": 0.11645109047303001,
    "CUSI": 0.11589322180998822,
    "BRZL": 0.11571443204828488,
    "DANOY": 0.11515710226086233,
    "GPDNF": 0.11515710226086233,
    "BUROF": 0.11502676972876424,
    "LWAY": 0.11490466317285794,
    "YGYI": 0.11468086182131641,
    "YGYIP": 0.11468086182131641,
    "SJM": 0.11436363638703227,
    "BTTR": 0.11414391268709756,
    "FLO": 0.113354227182117,
    "SWEE": 0.11260873293418504,
    "VRYYF": 0.11190619610235122,
    "SOWG": 0.11149145986876417,
    "MKC-V": 0.11136949992041535,
    "MKC": 0.11136949992041535,
    "AMNC": 0.11030634102879326,
    "AMNCB": 0.11030634102879326,
    "JWLLF": 0.10995076207052724,
    "RELV": 0.10956640158444249,
    "LNLHF": 0.10952943115171558,
    "CAG": 0.10944733573429076,
    "FPAFF": 0.10933856572353806,
    "FPAFY": 0.10933856572353806,
    "CYAN": 0.10908079066070024,
    "KIKOF": 0.10872051500610949,
    "HRL": 0.10864785734482788,
    "AJINY": 0.10819817805723023,
    "SMPL": 0.10763552800129998,
    "MIXX": 0.10746975215423346,
    "JALA": 0.10737693138986412,
    "THS": 0.1070004122476787,
    "UVRBF": 0.10677020186820142,
    "UVRBY": 0.10677020186820142,
    "HAIN": 0.10635063177610213,
    "LW": 0.10610669700372344,
    "MRRTY": 0.10564739856289485,
    "KWPCY": 0.10537303313773645,
    "PETZ": 0.10535545540591643,
    "CBCFF": 0.10506530682948455,
    "CLBEY": 0.10506530682948455,
    "SHVTF": 0.10490137023375119,
    "ELAMF": 0.10483985580568603,
    "XYLTF": 0.10301029458884892,
    "MMMB": 0.10289317432703969,
    "GCHOY": 0.10289037005340627,
    "GHAV": 0.10279279604632485,
    "DAR": 0.10246291572310406,
    "FPFID": 0.10194003284516143,
    "OCBM": 0.1017549646069683,
    "GIS": 0.10169352454378669,
    "TUFBY": 0.10091455139705402,
    "PLAG": 0.1002039190551712,
    "MSLP": 0.09990535774510916,
    "UTZ": 0.09973308562512415,
    "SWSSF": 0.09951862639165425,
    "JVA": 0.09864861815036967,
    "PFODF": 0.09842752681069293,
    "PRRFY": 0.09842752681069293,
    "LSF": 0.09835270909359284,
    "BGS": 0.09777507248591245,
    "INBP": 0.09720675081676002,
    "BKKVF": 0.09548776309899422,
    "TQLB": 0.09529819760558493,
    "EWLU": 0.09523201116419468,
    "JBSS": 0.09504185017858766,
    "DWIS": 0.09489166102117422,
    "WWNTF": 0.09487981903666332,
    "WWNTY": 0.09487981903666332,
    "CIADF": 0.0947362950385579,
    "CIADY": 0.0947362950385579,
    "LATF": 0.09468928945380192,
    "FARM": 0.09427350466659763,
    "WHGLY": 0.09391712918545833,
    "WHGRF": 0.09391712918545833,
    "SOUPQ": 0.09373431698657089,
    "EBRPY": 0.09349660598026188,
    "BRFS": 0.09288887320258166,
    "NGTF": 0.09287066607303054,
    "MEJHY": 0.09250492244785645,
    "CPB": 0.09214673956534522,
    "RIBT": 0.09165427789994121,
    "SUEZY": 0.09154809498256658,
    "LNDC": 0.09096411825282442,
    "GLUC": 0.09071698490728915,
    "GDMK": 0.09032832936378428,
    "BFNH": 0.08908237221773838,
    "TSUKF": 0.08864921130432855,
    "TSUKY": 0.08864921130432855,
    "TBLMF": 0.08821673008204463,
    "TBLMY": 0.08821673008204463,
    "CLXT": 0.08799654824025505,
    "HBIS": 0.08785530065776087,
    "FHAI": 0.08742205842529635,
    "ARZTY": 0.08663971265364108,
    "TCYMF": 0.08616896547966084,
    "TCYMY": 0.08616896547966084,
    "TWNK": 0.086014992337566,
    "NUZE": 0.085523305471767,
    "VTSYF": 0.08507815190668079,
    "CRMBQ": 0.08486778701931354,
    "SAPIF": 0.08426263747541014,
    "AGUNF": 0.08409193863066264,
    "RTON": 0.0840290795762488,
    "ANPFF": 0.08402591852543202,
    "RYNL": 0.082968454786085,
    "TTCF": 0.08236752112213618,
    "KBEVF": 0.08213186948421387,
    "BRID": 0.08203800656706374,
    "FAMI": 0.08120282172366737,
    "NBRY": 0.07993129677625631,
    "NAII": 0.07962168816339471,
    "AMNF": 0.07931565512320814,
    "JBSAY": 0.07910243636620412,
    "PECD": 0.07902985547527351,
    "PIFFY": 0.07893913427695147,
    "DFODQ": 0.07789911621249306,
    "NOMD": 0.07752512406753873,
    "NUTTQ": 0.07745276234138165,
    "DEITF": 0.07735798865408067,
    "HOTF": 0.07709518213980199,
    "MRFGF": 0.07678370817812961,
    "TNBI": 0.07668068356781502,
    "DEWM": 0.07639538033730206,
    "FNEVF": 0.07596972481565208,
    "NHMD": 0.07593907216648323,
    "UPDC": 0.07587147286069344,
    "HNFSA": 0.07539432227497375,
    "HNFSB": 0.07539432227497375,
    "ASBFF": 0.07529300627272395,
    "ASBFY": 0.07529300627272395,
    "NDTP": 0.0737584482021433,
    "NFPDF": 0.07319105001286556,
    "AAPT": 0.07289553347125484,
    "JJSF": 0.0717521697487653,
    "AVOZ": 0.07139519962470173,
    "GNCGF": 0.07124523495556098,
    "GNCGY": 0.07124523495556098,
    "ASRE": 0.07092512134531732,
    "CFEIY": 0.07082715095506283,
    "HRCR": 0.07067710721560796,
    "CHLE": 0.07024497388626458,
    "TOFB": 0.06960139492266958,
    "LFVN": 0.06945170793869303,
    "NSRGF": 0.0690244729732197,
    "NSRGY": 0.0690244729732197,
    "CVGW": 0.06853025619724458,
    "LANC": 0.0685032712370224,
    "SAFM": 0.06842861254868238,
    "ANFIF": 0.06749171360294551,
    "EATBF": 0.06676335052969196,
    "RRRT": 0.06506227791034651,
    "AIXN": 0.0637515933555688,
    "LYSFF": 0.0633675404508673,
    "LYSFY": 0.0633675404508673,
    "GRGSF": 0.06326339890017238,
    "PLIN": 0.06326190302550477,
    "CHHE": 0.062406428004195554,
    "PPC": 0.06106423705335124,
    "PSYCF": 0.060192738008536806,
    "AAGH": 0.06017022339260606,
    "SHRMF": 0.05963125928784229,
    "BNGRF": 0.059630357853696685,
    "OCGPF": 0.05868122843498891,
    "NTRU": 0.05860334284285976,
    "MDRNF": 0.05844346496331655,
    "K": 0.05753656934787467,
    "BYND": 0.05599352894503295,
    "BABB": 0.05514418808527453,
    "LEXX": 0.05435070560262671,
    "BMBOY": 0.05379562270675037,
    "GRBMF": 0.05379562270675037,
    "GCGX": 0.05378305072284817,
    "BSFC": 0.05377951492012248,
    "NCRA": 0.05359374297098105,
    "GUROF": 0.05219120517232533,
    "MITC": 0.05218196801041754,
    "BEES": 0.051973563236859116,
    "DGJI": 0.0514649316359957,
    "GUZOF": 0.051323815774569105,
    "AJOY": 0.05104524324206694,
    "GSFD": 0.05027443597792419,
    "MLFNF": 0.04889738285404887,
    "QEDN": 0.04789384725315798,
    "HCEI": 0.04704743202171117,
    "FREE": 0.04639923482114098,
    "MTTCF": 0.04597211428561774,
    "DMAN": 0.042982624102051184,
    "GRPBF": 0.03612960973609922,
    "RFBC": 0.0354220103894919,
    "CMFO": 0.03540146919562935,
    "SELR": 0.012078727314176087
}