{
    "CUSI": 1.0000000000000002,
    "MMMB": 0.24513077526017882,
    "BRFS": 0.23871276574748745,
    "DWIS": 0.21862285704329584,
    "LW": 0.2155769332092218,
    "PPC": 0.2116069953518787,
    "KRYAF": 0.20695512196307383,
    "KRYAY": 0.20695512196307383,
    "ANPFF": 0.2062878655746913,
    "POST": 0.20421012598294866,
    "MRRTY": 0.20356397435431547,
    "SAFM": 0.19529497629824905,
    "CAG": 0.19084332299786533,
    "THS": 0.18884266234466995,
    "TATYF": 0.18447249177315103,
    "TATYY": 0.18447249177315103,
    "SJM": 0.18231169528466393,
    "HOTF": 0.18153078537855827,
    "HRL": 0.181503735597364,
    "AMNF": 0.18001809407686992,
    "PLIN": 0.17944849881121983,
    "TUFBY": 0.1791375151306465,
    "BKKVF": 0.17801056443026073,
    "MKC-V": 0.1729956090336794,
    "MKC": 0.1729956090336794,
    "CPB": 0.17200669428654658,
    "ORKLF": 0.1696782647703593,
    "ORKLY": 0.1696782647703593,
    "KHC": 0.16959846047478194,
    "KWPCY": 0.16874747959295117,
    "STKL": 0.16809534179868624,
    "BRID": 0.16548049607980397,
    "FLO": 0.16396140252623792,
    "PIFMF": 0.1631342180579385,
    "PIFMY": 0.1631342180579385,
    "JBSAY": 0.16283961776752356,
    "SUEZY": 0.16229139324168496,
    "FPAFF": 0.16023955343218263,
    "FPAFY": 0.16023955343218263,
    "WHGLY": 0.16010729683664093,
    "WHGRF": 0.16010729683664093,
    "AMNC": 0.1598815485268193,
    "AMNCB": 0.1598815485268193,
    "AJINY": 0.15987612357785447,
    "CHLE": 0.15899469535501626,
    "UVRBF": 0.15895768647474462,
    "UVRBY": 0.15895768647474462,
    "FRPT": 0.1573757443865264,
    "GCHOY": 0.15668301026205766,
    "CENT": 0.15650892466693583,
    "CENTA": 0.15650892466693583,
    "LYSFF": 0.15638752871889702,
    "LYSFY": 0.15638752871889702,
    "SENEA": 0.15621894730970362,
    "SENEB": 0.15621894730970362,
    "PETZ": 0.15601856559927635,
    "LATF": 0.15577491600371407,
    "INGR": 0.15559369015566554,
    "NOMD": 0.1543657178408025,
    "ELAMF": 0.1541226877305758,
    "HAIN": 0.15378409521692726,
    "GNCGF": 0.15283250962033423,
    "GNCGY": 0.15283250962033423,
    "ARZTY": 0.15195958244290067,
    "PFODF": 0.15099506693546297,
    "PRRFY": 0.15099506693546297,
    "LNDC": 0.15015069754647511,
    "HLF": 0.14867563276946963,
    "KIKOF": 0.14830580592198017,
    "CVGW": 0.1474828279890029,
    "CBCFF": 0.14736139151436137,
    "CLBEY": 0.14736139151436137,
    "TSUKF": 0.14716329181467286,
    "TSUKY": 0.14716329181467286,
    "YGYI": 0.14669381681948615,
    "YGYIP": 0.14669381681948615,
    "GDMK": 0.14516855684274227,
    "EBRPY": 0.14492015399040678,
    "AUDYF": 0.14350699223077965,
    "TLCC": 0.14271291800245658,
    "RYNL": 0.14242205116619525,
    "SHVTF": 0.1417914260095215,
    "ASBFF": 0.14081031322892293,
    "ASBFY": 0.14081031322892293,
    "TBLMF": 0.14064160126148526,
    "TBLMY": 0.14064160126148526,
    "BFNH": 0.13972864181602432,
    "JBSS": 0.1384636763950911,
    "WWNTF": 0.13844896437251375,
    "WWNTY": 0.13844896437251375,
    "BUROF": 0.13844060775321942,
    "MLFNF": 0.1373939426892497,
    "BTTR": 0.13709158404202698,
    "BGS": 0.1363133346401598,
    "GRGSF": 0.135440476259004,
    "NFPDF": 0.13536978284138526,
    "GIS": 0.13502330346376837,
    "TOFB": 0.1342212761577918,
    "NUTTQ": 0.13403077429318078,
    "DAR": 0.13349902668281055,
    "DANOY": 0.13307311515817108,
    "GPDNF": 0.13307311515817108,
    "BSFC": 0.13238879810984328,
    "BDPT": 0.13229658186040832,
    "LANC": 0.1321656069699088,
    "MSLP": 0.1320712943530787,
    "LWAY": 0.13180005803672576,
    "DFODQ": 0.13089051896312354,
    "NSRGF": 0.13066312302070368,
    "NSRGY": 0.13066312302070368,
    "VITX": 0.12959912764410284,
    "VRYYF": 0.12947919207830996,
    "BRBR": 0.12902579421274143,
    "INBP": 0.12871009649894502,
    "HNFSA": 0.12863659907342037,
    "HNFSB": 0.12863659907342037,
    "LSF": 0.12711647406270052,
    "FHAI": 0.12689414572853241,
    "GHAV": 0.1256018929689112,
    "GLAPY": 0.12552695466111752,
    "JVA": 0.12504673477576153,
    "MEJHY": 0.124706866576444,
    "SWEE": 0.12416621769215819,
    "SMPL": 0.12352011779548,
    "JJSF": 0.12332346783841275,
    "CYAN": 0.12270128741687651,
    "CIADF": 0.12262187639216927,
    "CIADY": 0.12262187639216927,
    "JWLLF": 0.12257885023712788,
    "AGUNF": 0.1224559561512678,
    "NAII": 0.12122530974519817,
    "FTLF": 0.12103547724788755,
    "DEWM": 0.12092574337613804,
    "GSFD": 0.12036822037442445,
    "HBIS": 0.11946902711377659,
    "JALA": 0.11899412171269459,
    "DEITF": 0.11878437091597276,
    "FARM": 0.11807780957831243,
    "SAPIF": 0.11745227490730736,
    "MRFGF": 0.11722499763061035,
    "RIBT": 0.1162047219741443,
    "UTZ": 0.11612397528265433,
    "ADIA": 0.11589322180998822,
    "NGTF": 0.11587577996101926,
    "NUVM": 0.11504824479579716,
    "TTCF": 0.11456449639431486,
    "BCCI": 0.11263058399622197,
    "LNLHF": 0.11198707041038426,
    "CFEIY": 0.11154949398755598,
    "VTSYF": 0.11147758852506705,
    "PECD": 0.11138970537170975,
    "ANFIF": 0.11015683341910434,
    "FNEVF": 0.1079860074473333,
    "PIFFY": 0.10784861920268474,
    "EWLU": 0.10782687110994481,
    "SOWG": 0.10687510274244486,
    "NDTP": 0.10587816754661002,
    "UPDC": 0.10527410697500396,
    "BLLB": 0.10523674572769395,
    "TWNK": 0.10506598150259329,
    "KBEVF": 0.10503703895550114,
    "GLUC": 0.10491427646233811,
    "NHMD": 0.10478160058822605,
    "AVOZ": 0.10382075388672289,
    "CLXT": 0.10367535757980252,
    "NUZE": 0.10363398437612978,
    "FAMI": 0.10279247698985908,
    "TCYMF": 0.10273205795204424,
    "TCYMY": 0.10273205795204424,
    "BABYF": 0.10260255031240198,
    "HRCR": 0.10253534277173132,
    "RELV": 0.10202184623836306,
    "SOUPQ": 0.10152093386434004,
    "AAPT": 0.10082592368145202,
    "FPFID": 0.0995306715582323,
    "ASRE": 0.09820724701932121,
    "CHHE": 0.09740424814373852,
    "BRZL": 0.09702485675158354,
    "SHRMF": 0.09668242946991579,
    "TQLB": 0.09556004177849395,
    "MITC": 0.0951019384881072,
    "OCBM": 0.09479173983382473,
    "BLEG": 0.09401075996979792,
    "BEES": 0.09314613498406296,
    "AJOY": 0.09269604529076285,
    "SELR": 0.09266722897356915,
    "RRRT": 0.09175750557155204,
    "EATBF": 0.09158952775838193,
    "AIXN": 0.09026729359886514,
    "TNBI": 0.09001654942391475,
    "BMBOY": 0.08976401838494373,
    "GRBMF": 0.08976401838494373,
    "MIXX": 0.08973028485796553,
    "OCGPF": 0.08934299613297401,
    "BNGRF": 0.08883840297250806,
    "XYLTF": 0.08859466968012701,
    "BABB": 0.08802709304294747,
    "NBRY": 0.08688506026624448,
    "K": 0.08661320833455388,
    "NTRU": 0.08560770733251388,
    "BYND": 0.08482626692895365,
    "GUZOF": 0.08392676984099386,
    "DTEA": 0.08251973258480955,
    "RTON": 0.08219303728033447,
    "LFVN": 0.08101943660895627,
    "CMFO": 0.07970916303858602,
    "RFBC": 0.07956026135647377,
    "FREE": 0.07919933837315735,
    "NCRA": 0.07707256353597175,
    "DGJI": 0.0756542153754725,
    "SWSSF": 0.07527049398229359,
    "MDRNF": 0.0751216930630397,
    "AAGH": 0.07405540129436684,
    "GCGX": 0.07384733486961129,
    "CRMBQ": 0.07202557933152988,
    "PLAG": 0.07055051681977975,
    "LEXX": 0.06796769802247923,
    "QEDN": 0.0657419792920167,
    "PSYCF": 0.06305668714277511,
    "DMAN": 0.06244364783636819,
    "GUROF": 0.05864063383207275,
    "HCEI": 0.057318993347191156,
    "GRPBF": 0.055644323252181375,
    "MTTCF": 0.04483943485924454
}