{
    "DEITF": 0.9999999999999997,
    "KRYAF": 0.2806765975747287,
    "KRYAY": 0.2806765975747287,
    "SHVTF": 0.27649873521309093,
    "AUDYF": 0.2645550627868176,
    "WWNTF": 0.25806542665043125,
    "WWNTY": 0.25806542665043125,
    "GNCGF": 0.25383762650157093,
    "GNCGY": 0.25383762650157093,
    "BKKVF": 0.25351735210421533,
    "WHGLY": 0.24140849765287242,
    "WHGRF": 0.24140849765287242,
    "TATYF": 0.24090108689227147,
    "TATYY": 0.24090108689227147,
    "ANFIF": 0.2326454432570677,
    "INGR": 0.2284039641070075,
    "CBCFF": 0.22612050767652098,
    "CLBEY": 0.22612050767652098,
    "FPAFF": 0.22602837707108156,
    "FPAFY": 0.22602837707108156,
    "PFODF": 0.22467162836941312,
    "PRRFY": 0.22467162836941312,
    "DAR": 0.22246820424203942,
    "MKC-V": 0.22074666657738573,
    "MKC": 0.22074666657738573,
    "MMMB": 0.21765675656764216,
    "BRFS": 0.2160646515325744,
    "FAMI": 0.2097124980016972,
    "LNDC": 0.2070304076397778,
    "DANOY": 0.20087380198859892,
    "GPDNF": 0.20087380198859892,
    "VTSYF": 0.1982721627287862,
    "GRGSF": 0.1964389226683574,
    "CPB": 0.1962865706130533,
    "KWPCY": 0.19234535452759652,
    "SUEZY": 0.1919028210344963,
    "HLF": 0.19162279233064475,
    "ASBFF": 0.19040092825202803,
    "ASBFY": 0.19040092825202803,
    "NOMD": 0.1887841253005515,
    "POST": 0.18837919931279876,
    "KIKOF": 0.18798406356333863,
    "HAIN": 0.1869532937938246,
    "ORKLF": 0.18544865596812654,
    "ORKLY": 0.18544865596812654,
    "OCGPF": 0.18397738488306256,
    "JBSAY": 0.18394231189782048,
    "SENEA": 0.18289398687463831,
    "SENEB": 0.18289398687463831,
    "FRPT": 0.1809524212094263,
    "NUZE": 0.1807039859511501,
    "GDMK": 0.17834937086954858,
    "GLAPY": 0.17782415592915218,
    "CENT": 0.1777463283967431,
    "CENTA": 0.1777463283967431,
    "CAG": 0.17739696823968346,
    "STKL": 0.17703190307733807,
    "UVRBF": 0.17619916406718142,
    "UVRBY": 0.17619916406718142,
    "KHC": 0.17614042250811368,
    "PETZ": 0.17523918169171585,
    "THS": 0.17387938174169681,
    "TBLMF": 0.17248960285108023,
    "TBLMY": 0.17248960285108023,
    "GCHOY": 0.17222304238967395,
    "PLIN": 0.17210488062116056,
    "NFPDF": 0.17177939520034663,
    "ANPFF": 0.17137087591129174,
    "RELV": 0.17026981039664685,
    "BRID": 0.1696226130918394,
    "BRBR": 0.1690905907278452,
    "TNBI": 0.16812697390771053,
    "K": 0.16800594049258524,
    "TLCC": 0.16649597491178433,
    "CFEIY": 0.16430909333537216,
    "INBP": 0.1631323374658795,
    "CIADF": 0.16280349566488767,
    "CIADY": 0.16280349566488767,
    "LANC": 0.16176100665657553,
    "TOFB": 0.16171724163134582,
    "PPC": 0.16165074755149705,
    "BTTR": 0.16162032930874215,
    "SJM": 0.1612166348590171,
    "TUFBY": 0.15991319647586055,
    "MRRTY": 0.15916349923642986,
    "MSLP": 0.1583999079824476,
    "HRL": 0.15590665769869672,
    "NSRGF": 0.15582037338678636,
    "NSRGY": 0.15582037338678636,
    "BUROF": 0.15581360656041246,
    "AMNC": 0.15579371997720176,
    "AMNCB": 0.15579371997720176,
    "TSUKF": 0.1556835088926988,
    "TSUKY": 0.1556835088926988,
    "NGTF": 0.15529119030051924,
    "ELAMF": 0.1545747362730976,
    "RYNL": 0.1536658706484873,
    "ARZTY": 0.15352176124984473,
    "EBRPY": 0.1521109867042183,
    "AJINY": 0.15184663325254408,
    "GIS": 0.1510970851301082,
    "LWAY": 0.15075600431171912,
    "RIBT": 0.15059007118020915,
    "BGS": 0.14915270454057478,
    "CYAN": 0.14900612516874556,
    "PIFMF": 0.14711749225935208,
    "PIFMY": 0.14711749225935208,
    "NHMD": 0.14649969038664762,
    "JBSS": 0.14638355055045946,
    "UPDC": 0.14601815548834934,
    "SMPL": 0.14478069707903804,
    "JJSF": 0.144288256486137,
    "CHHE": 0.14381283318890298,
    "FHAI": 0.14377054933008393,
    "LFVN": 0.14370356283956526,
    "BMBOY": 0.14353673394782296,
    "GRBMF": 0.14353673394782296,
    "LATF": 0.14151990470567435,
    "JALA": 0.1407747165309149,
    "EATBF": 0.13966240493800527,
    "SAPIF": 0.1393744437644944,
    "TCYMF": 0.13916915080943598,
    "TCYMY": 0.13916915080943598,
    "MEJHY": 0.13913163907585863,
    "HOTF": 0.1386727984344256,
    "NUVM": 0.13762576462285012,
    "FNEVF": 0.13673058384337639,
    "YGYI": 0.13633598506455888,
    "YGYIP": 0.13633598506455888,
    "KBEVF": 0.13467588893223206,
    "NDTP": 0.13408487973191613,
    "NUTTQ": 0.13377132116955512,
    "AMNF": 0.1332787767821499,
    "PLAG": 0.13258336564320766,
    "JVA": 0.13224134166489848,
    "VRYYF": 0.13165172206348993,
    "DFODQ": 0.13109799209357498,
    "PIFFY": 0.12929543655173237,
    "NTRU": 0.12728205362335132,
    "ASRE": 0.1267915156350749,
    "LW": 0.12661666096661275,
    "MRFGF": 0.1265923311148818,
    "AAGH": 0.12428054629217264,
    "BDPT": 0.12366385177361909,
    "UTZ": 0.12352251430935543,
    "AGUNF": 0.12322821193286351,
    "FARM": 0.12294036977989911,
    "DWIS": 0.12215713105511415,
    "SOWG": 0.12147886038829414,
    "DGJI": 0.12085133338925588,
    "SOUPQ": 0.12036489378544209,
    "NAII": 0.12012542370487499,
    "BCCI": 0.11956049358567165,
    "FLO": 0.1195366553492076,
    "CUSI": 0.11878437091597276,
    "SWEE": 0.11856051075914759,
    "TTCF": 0.1160236398428535,
    "LYSFF": 0.11582827033179326,
    "LYSFY": 0.11582827033179326,
    "CHLE": 0.11361503146425869,
    "MITC": 0.1128144334736655,
    "LSF": 0.11228090467924663,
    "GHAV": 0.11225476231808748,
    "HNFSA": 0.11191544538957214,
    "HNFSB": 0.11191544538957214,
    "DEWM": 0.11137641743340836,
    "FTLF": 0.1110364628252577,
    "PECD": 0.11100095790816299,
    "EWLU": 0.11087310727130191,
    "GSFD": 0.10998602108633149,
    "HBIS": 0.10975447847936558,
    "CVGW": 0.10945456724201304,
    "LNLHF": 0.10755237726292458,
    "AVOZ": 0.10625524927698766,
    "TQLB": 0.10602776418639412,
    "SAFM": 0.10527280305025606,
    "AAPT": 0.10271018274726024,
    "MTTCF": 0.10254604216712579,
    "CLXT": 0.10248945482356026,
    "TWNK": 0.10162853606125763,
    "JWLLF": 0.10115356627010105,
    "XYLTF": 0.10087805433070704,
    "VITX": 0.09974071432584561,
    "HRCR": 0.09967219664175389,
    "AJOY": 0.09816221574500586,
    "NCRA": 0.09752506421691999,
    "BSFC": 0.0972580432670922,
    "DTEA": 0.09683206984339238,
    "PSYCF": 0.09626921225130063,
    "BABB": 0.09565608046370691,
    "SWSSF": 0.09457382695222583,
    "MLFNF": 0.09434553796931687,
    "CMFO": 0.09408903044419634,
    "AIXN": 0.09403708542076346,
    "GUZOF": 0.09346863849659165,
    "RFBC": 0.09183240229679845,
    "BNGRF": 0.09074855821465631,
    "FREE": 0.09072735511900812,
    "MIXX": 0.08973808665656764,
    "BABYF": 0.08958249556572231,
    "BYND": 0.08886101358130866,
    "BLEG": 0.08583237049553982,
    "BEES": 0.08537131380371557,
    "LEXX": 0.08362590163480964,
    "BFNH": 0.0822062074931318,
    "HCEI": 0.08209188324536093,
    "QEDN": 0.07954372323693999,
    "FPFID": 0.0788073950523931,
    "OCBM": 0.07860706704691454,
    "RRRT": 0.07823789072464675,
    "GLUC": 0.07795275181066885,
    "ADIA": 0.07735798865408067,
    "BLLB": 0.07700377747969904,
    "GCGX": 0.07614019319873569,
    "BRZL": 0.07513121965066354,
    "CRMBQ": 0.07470579395152202,
    "GRPBF": 0.07304171157306313,
    "NBRY": 0.0709557672842269,
    "RTON": 0.07004760186745032,
    "SHRMF": 0.06920300338631151,
    "GUROF": 0.06634468100420322,
    "MDRNF": 0.06190890325530933,
    "DMAN": 0.059948950584091554,
    "SELR": 0.026085322501333948
}