{
    "DMAN": 0.9999999999999998,
    "SELR": 0.19839007281966914,
    "RRRT": 0.13998338789914722,
    "SWEE": 0.13721271134611468,
    "LATF": 0.13645684851767179,
    "AAGH": 0.13253898477249443,
    "PECD": 0.12582771794390116,
    "TQLB": 0.11524532967686714,
    "DEWM": 0.11064558956607967,
    "NUTTQ": 0.10777963727833964,
    "GUROF": 0.10157982731343417,
    "BDPT": 0.09566726419169036,
    "STKL": 0.09504505757438339,
    "FREE": 0.09500843921008181,
    "VITX": 0.0947407958375811,
    "RIBT": 0.0921507998501689,
    "RFBC": 0.09205481301449121,
    "SENEA": 0.09081434451317622,
    "SENEB": 0.09081434451317622,
    "EWLU": 0.09034892514059416,
    "LNDC": 0.08937152866586297,
    "BRBR": 0.08549021860318748,
    "TLCC": 0.08443369958923991,
    "TBLMF": 0.08423993109367324,
    "TBLMY": 0.08423993109367324,
    "DANOY": 0.08396926983344993,
    "GPDNF": 0.08396926983344993,
    "SOWG": 0.08365281442425762,
    "GCGX": 0.08365235776990426,
    "KRYAF": 0.08289197738408335,
    "KRYAY": 0.08289197738408335,
    "HLF": 0.08282500082364909,
    "BEES": 0.0827471929968997,
    "UPDC": 0.08244951789959928,
    "CAG": 0.08108612327814249,
    "NBRY": 0.08075602023102582,
    "INBP": 0.08044899500887072,
    "UTZ": 0.07956836948031326,
    "EATBF": 0.07939829534588178,
    "RTON": 0.07716220096230166,
    "SHVTF": 0.07633852956270867,
    "BABYF": 0.07594541733006213,
    "MITC": 0.07538357847359302,
    "AUDYF": 0.07529277555850453,
    "PFODF": 0.07472011513610499,
    "PRRFY": 0.07472011513610499,
    "CLXT": 0.07300411094298198,
    "BFNH": 0.07296392346456133,
    "MDRNF": 0.07249339583195541,
    "FTLF": 0.07236765572489366,
    "CBCFF": 0.07203530646629952,
    "CLBEY": 0.07203530646629952,
    "NUZE": 0.07161943666688499,
    "NSRGF": 0.07161430687107806,
    "NSRGY": 0.07161430687107806,
    "BRFS": 0.07086366177571371,
    "MKC-V": 0.06980198473175346,
    "MKC": 0.06980198473175346,
    "JWLLF": 0.06970829886753827,
    "MRFGF": 0.06936519321903893,
    "JJSF": 0.06868799842707601,
    "GSFD": 0.0686092343063155,
    "FPFID": 0.06773047960151318,
    "DGJI": 0.06753157474600571,
    "SUEZY": 0.06705872185595442,
    "NGTF": 0.06695336076740757,
    "MRRTY": 0.06514233759108894,
    "ORKLF": 0.06478945761070096,
    "ORKLY": 0.06478945761070096,
    "POST": 0.06428748095641273,
    "TWNK": 0.064191994769143,
    "CVGW": 0.06333817925243485,
    "HOTF": 0.06314982698732469,
    "RYNL": 0.06313530306858983,
    "PIFFY": 0.0630657602985185,
    "AAPT": 0.06294963133614462,
    "LW": 0.0628271249641336,
    "TTCF": 0.06279369871531916,
    "BLEG": 0.06248579093640203,
    "CUSI": 0.06244364783636819,
    "UVRBF": 0.061779856486689814,
    "UVRBY": 0.061779856486689814,
    "CENT": 0.06144837873946443,
    "CENTA": 0.06144837873946443,
    "CYAN": 0.06119603399469607,
    "MSLP": 0.060963905746000066,
    "TOFB": 0.060718387585230175,
    "NHMD": 0.06056032521485839,
    "ASRE": 0.06018954609994077,
    "DEITF": 0.059948950584091554,
    "NDTP": 0.05956034183484153,
    "TATYF": 0.059147031482468075,
    "TATYY": 0.059147031482468075,
    "FRPT": 0.059056826048679935,
    "WHGLY": 0.05774103329772981,
    "WHGRF": 0.05774103329772981,
    "YGYI": 0.057529942996369154,
    "YGYIP": 0.057529942996369154,
    "PLAG": 0.05728939093841133,
    "LWAY": 0.05630020800706714,
    "VRYYF": 0.056197071392182496,
    "DAR": 0.05590087252118138,
    "FPAFF": 0.0548521683448421,
    "FPAFY": 0.0548521683448421,
    "CIADF": 0.0546060387461384,
    "CIADY": 0.0546060387461384,
    "HCEI": 0.054127849281342844,
    "LANC": 0.053721042780014786,
    "JALA": 0.053701520704949664,
    "AGUNF": 0.05368232971245297,
    "GDMK": 0.0534924736711226,
    "JBSS": 0.05337067418535767,
    "MTTCF": 0.05316404772801194,
    "TUFBY": 0.05264198136958427,
    "DFODQ": 0.05258705932245778,
    "BRZL": 0.051508105234203426,
    "BTTR": 0.05147216989419807,
    "LNLHF": 0.05139959185067632,
    "MMMB": 0.05125780048021181,
    "BCCI": 0.051090202165677195,
    "AJINY": 0.05075891053712636,
    "TNBI": 0.05048788375820118,
    "HBIS": 0.0502042738277877,
    "ELAMF": 0.05009326104778386,
    "ASBFF": 0.05006909098017469,
    "ASBFY": 0.05006909098017469,
    "HAIN": 0.04981325423600585,
    "KWPCY": 0.04967586510672161,
    "AMNC": 0.04908802602136441,
    "AMNCB": 0.04908802602136441,
    "MIXX": 0.049015830141782235,
    "NAII": 0.04879708315289076,
    "PETZ": 0.04862141875230634,
    "BRID": 0.04857081317771534,
    "OCGPF": 0.04770758903432651,
    "THS": 0.04767179210884086,
    "GHAV": 0.04754410943364327,
    "BUROF": 0.047419371235265614,
    "JVA": 0.04732906175525608,
    "RELV": 0.04723044306077933,
    "GCHOY": 0.04701114020041059,
    "BNGRF": 0.046964872778575736,
    "EBRPY": 0.04669376153650469,
    "SOUPQ": 0.04573049096139741,
    "CPB": 0.04552839546796972,
    "NUVM": 0.04498438014817174,
    "BKKVF": 0.04456712502479876,
    "LSF": 0.04433119668981611,
    "ANPFF": 0.04410765408862708,
    "SJM": 0.04406234976087538,
    "NFPDF": 0.043366023379394034,
    "FHAI": 0.04304897826937844,
    "ADIA": 0.042982624102051184,
    "NOMD": 0.04296526484226164,
    "TCYMF": 0.04293259296759601,
    "TCYMY": 0.04293259296759601,
    "GRGSF": 0.04293223406005044,
    "GNCGF": 0.04291958287764741,
    "GNCGY": 0.04291958287764741,
    "FLO": 0.04291484995236913,
    "DWIS": 0.042808124056600075,
    "INGR": 0.04243946033381121,
    "BGS": 0.042129052890420536,
    "PPC": 0.04212790174769862,
    "ANFIF": 0.041952409042755046,
    "AMNF": 0.041937992008206075,
    "FAMI": 0.04129765730960961,
    "FNEVF": 0.04128304200306101,
    "LFVN": 0.041252808648785014,
    "OCBM": 0.041035275035687546,
    "WWNTF": 0.04092601974795447,
    "WWNTY": 0.04092601974795447,
    "GLAPY": 0.040781735511024236,
    "CHHE": 0.04062731584225215,
    "BMBOY": 0.04032426452752921,
    "GRBMF": 0.04032426452752921,
    "MEJHY": 0.040130724967470804,
    "KHC": 0.03994614093975772,
    "ARZTY": 0.03982220108238933,
    "SAFM": 0.039660433677368684,
    "NTRU": 0.039541437434896035,
    "GLUC": 0.03937207049960181,
    "VTSYF": 0.03930788000382997,
    "SAPIF": 0.03925980686366615,
    "BYND": 0.039257910247470655,
    "KIKOF": 0.0390632339536896,
    "GUZOF": 0.038437794818311805,
    "CHLE": 0.038272993796301766,
    "PIFMF": 0.037977233393569725,
    "PIFMY": 0.037977233393569725,
    "QEDN": 0.037952838176789704,
    "HNFSA": 0.03758494528720711,
    "HNFSB": 0.03758494528720711,
    "SWSSF": 0.037278591573789883,
    "SMPL": 0.03718154658452594,
    "JBSAY": 0.036130689176163626,
    "TSUKF": 0.03608739879485458,
    "TSUKY": 0.03608739879485458,
    "MLFNF": 0.03489779417129637,
    "BABB": 0.034615045365949754,
    "CFEIY": 0.03453445098836717,
    "SHRMF": 0.034431256861458266,
    "HRCR": 0.03436142112294563,
    "AJOY": 0.034268711579483704,
    "LEXX": 0.034220848574310965,
    "LYSFF": 0.0340598775699434,
    "LYSFY": 0.0340598775699434,
    "BLLB": 0.033925414121635876,
    "PLIN": 0.03372327573795798,
    "FARM": 0.033203026146327475,
    "HRL": 0.033123805961335955,
    "CRMBQ": 0.032712988888985564,
    "GIS": 0.032369490417514336,
    "PSYCF": 0.03196442062342746,
    "KBEVF": 0.03177960723053551,
    "BSFC": 0.03143074648458346,
    "AVOZ": 0.03124343047110581,
    "AIXN": 0.031175214206720946,
    "DTEA": 0.03115146213532301,
    "CMFO": 0.03102913507787887,
    "NCRA": 0.030791937820912916,
    "XYLTF": 0.02919895700637176,
    "GRPBF": 0.02446449860104019,
    "K": 0.023639434687059882
}