{
    "DTEA": 0.9999999999999998,
    "NUVM": 0.18630024635086215,
    "MLFNF": 0.16923734838890672,
    "BCCI": 0.16172964487934222,
    "HAIN": 0.15803419181415032,
    "WWNTF": 0.15500787432979554,
    "WWNTY": 0.15500787432979554,
    "FHAI": 0.1484034572884419,
    "GHAV": 0.14671581956745597,
    "SENEA": 0.14178785281958078,
    "SENEB": 0.14178785281958078,
    "PIFMF": 0.14134197014400526,
    "PIFMY": 0.14134197014400526,
    "VTSYF": 0.13967317281665778,
    "THS": 0.13808838379781313,
    "YGYI": 0.13727398467104446,
    "YGYIP": 0.13727398467104446,
    "GDMK": 0.1358066993034309,
    "POST": 0.13425347630879597,
    "CPB": 0.13388779875550777,
    "PLAG": 0.13383633267102413,
    "UVRBF": 0.1328999161278049,
    "UVRBY": 0.1328999161278049,
    "NUZE": 0.13260286618574796,
    "TLCC": 0.13089208022505067,
    "XYLTF": 0.13001857399054342,
    "KHC": 0.1293225967690277,
    "SJM": 0.128703955155721,
    "STKL": 0.12752369561077614,
    "FNEVF": 0.1272904927310552,
    "PFODF": 0.12424232998839081,
    "PRRFY": 0.12424232998839081,
    "HLF": 0.12410336281753256,
    "ANPFF": 0.12352275137341616,
    "ADIA": 0.1235194898764063,
    "SMPL": 0.12204975275080544,
    "MMMB": 0.1219735776561764,
    "KWPCY": 0.12111317914101095,
    "FPAFF": 0.12085795021804295,
    "FPAFY": 0.12085795021804295,
    "FRPT": 0.12082952002830968,
    "LSF": 0.11936776075249714,
    "FARM": 0.11867900306403491,
    "BTTR": 0.11833915773031145,
    "JVA": 0.11789718934832967,
    "BRBR": 0.11777035985511111,
    "WHGLY": 0.11685392283924242,
    "WHGRF": 0.11685392283924242,
    "SHVTF": 0.11681820790644325,
    "AJINY": 0.11633530652436201,
    "GCHOY": 0.11547139323256785,
    "TATYF": 0.11547044202333531,
    "TATYY": 0.11547044202333531,
    "BRID": 0.11475094525645693,
    "ASBFF": 0.11430779081639826,
    "ASBFY": 0.11430779081639826,
    "ORKLF": 0.11388409729995096,
    "ORKLY": 0.11388409729995096,
    "TCYMF": 0.11212037721836736,
    "TCYMY": 0.11212037721836736,
    "CENT": 0.11127569419456856,
    "CENTA": 0.11127569419456856,
    "INBP": 0.11087821850904472,
    "CFEIY": 0.11037703060601646,
    "LW": 0.11034114190254496,
    "MKC-V": 0.11024445149690947,
    "MKC": 0.11024445149690947,
    "AGUNF": 0.10905840238446256,
    "DANOY": 0.10787636036672404,
    "GPDNF": 0.10787636036672404,
    "ELAMF": 0.10697744448896726,
    "CAG": 0.10655012541965886,
    "SUEZY": 0.10600796321359732,
    "FLO": 0.10574642661852447,
    "VRYYF": 0.10497028821207184,
    "BKKVF": 0.10387742467706122,
    "BLEG": 0.10361281302038902,
    "LNDC": 0.10337515998059345,
    "CBCFF": 0.10308857534360434,
    "CLBEY": 0.10308857534360434,
    "GIS": 0.10308479424514826,
    "INGR": 0.10236967610320069,
    "AUDYF": 0.10235226136186851,
    "NHMD": 0.10224209905756716,
    "PIFFY": 0.10210325601321744,
    "AMNC": 0.10074851283743508,
    "AMNCB": 0.10074851283743508,
    "BRFS": 0.10035800228153118,
    "BGS": 0.10026502029591212,
    "JBSS": 0.1000079575455338,
    "GNCGF": 0.0999681400291669,
    "GNCGY": 0.0999681400291669,
    "TSUKF": 0.09988343322792503,
    "TSUKY": 0.09988343322792503,
    "UPDC": 0.0995334904658056,
    "LATF": 0.09918968699092642,
    "TUFBY": 0.09913081490936446,
    "MRRTY": 0.0990333574292838,
    "EBRPY": 0.09802262840622263,
    "KRYAF": 0.09749118632614316,
    "KRYAY": 0.09749118632614316,
    "DEITF": 0.09683206984339238,
    "SWSSF": 0.09539988393021878,
    "BLLB": 0.09539711286392608,
    "KIKOF": 0.0952474822272966,
    "NOMD": 0.09503222256685254,
    "HRL": 0.09490334273032487,
    "AIXN": 0.09471513036144681,
    "DAR": 0.09441230911685392,
    "BDPT": 0.09421757367173385,
    "SOWG": 0.09377200026490043,
    "JJSF": 0.09367461643472796,
    "FTLF": 0.09351188599579421,
    "TBLMF": 0.0931007642989845,
    "TBLMY": 0.0931007642989845,
    "NFPDF": 0.09307149758894866,
    "HOTF": 0.0926871474234317,
    "SAPIF": 0.09240407304110697,
    "GUZOF": 0.09165774164476254,
    "JBSAY": 0.09144151766287247,
    "CHLE": 0.09091490070068987,
    "BUROF": 0.09031391596891696,
    "CIADF": 0.0900353074194203,
    "CIADY": 0.0900353074194203,
    "RTON": 0.0896205744242604,
    "DEWM": 0.08953367558084152,
    "DFODQ": 0.08906643025994343,
    "RIBT": 0.08881451062143596,
    "GLAPY": 0.08875817633796483,
    "ANFIF": 0.08822593432946359,
    "DWIS": 0.08810923439843554,
    "RYNL": 0.0872408259306001,
    "NSRGF": 0.08718290508822732,
    "NSRGY": 0.08718290508822732,
    "NGTF": 0.08710469313724371,
    "TTCF": 0.08704282696419141,
    "HCEI": 0.08696542095704152,
    "EWLU": 0.08680409064174524,
    "ARZTY": 0.08671664675533086,
    "FAMI": 0.08613870450783345,
    "NAII": 0.08607526398555869,
    "AMNF": 0.08591798136266077,
    "PETZ": 0.08581336761750848,
    "LNLHF": 0.08559328749908911,
    "GRGSF": 0.08480597004450782,
    "JWLLF": 0.08480031765030177,
    "OCBM": 0.08476467402775222,
    "MEJHY": 0.08433604956376496,
    "KBEVF": 0.08424355178672574,
    "CLXT": 0.08401233919711017,
    "LANC": 0.08343452079930921,
    "MSLP": 0.0830981066007245,
    "LWAY": 0.08268645058600661,
    "CUSI": 0.08251973258480955,
    "JALA": 0.08194692470849677,
    "FPFID": 0.08190887133413417,
    "CYAN": 0.08079625663920002,
    "CVGW": 0.08047676594649995,
    "PLIN": 0.08038180074073366,
    "NDTP": 0.07828745076733531,
    "TNBI": 0.07760885791646208,
    "BMBOY": 0.07756510768602617,
    "GRBMF": 0.07756510768602617,
    "UTZ": 0.07743967640232771,
    "HRCR": 0.07736558026156258,
    "PPC": 0.07722707827029067,
    "HBIS": 0.07646544767367111,
    "LYSFF": 0.07609941110116338,
    "LYSFY": 0.07609941110116338,
    "SWEE": 0.07461682190456426,
    "CHHE": 0.07440037369828201,
    "OCGPF": 0.07392884298379279,
    "HNFSA": 0.07301849439794564,
    "HNFSB": 0.07301849439794564,
    "EATBF": 0.07282264422306498,
    "TWNK": 0.0726985394726587,
    "GUROF": 0.07226447481692158,
    "RELV": 0.07222734084058022,
    "LFVN": 0.07172122074617382,
    "AVOZ": 0.0715796886638064,
    "BABB": 0.07129825578033769,
    "ASRE": 0.07079551237596488,
    "SOUPQ": 0.0703957288540341,
    "VITX": 0.07028979307183478,
    "NUTTQ": 0.06994301564781834,
    "PECD": 0.06968791568995458,
    "QEDN": 0.06904761990374521,
    "BABYF": 0.06880140430071809,
    "MRFGF": 0.06738199400984576,
    "AJOY": 0.06726511675964121,
    "GLUC": 0.06661932872602319,
    "TOFB": 0.0662076758516456,
    "SAFM": 0.06587769443513819,
    "NBRY": 0.06502310888010669,
    "AAPT": 0.06486669580189952,
    "GSFD": 0.06437317850874459,
    "RRRT": 0.06379716494303078,
    "TQLB": 0.06376943302948589,
    "LEXX": 0.06345955442765296,
    "PSYCF": 0.06256594852541597,
    "DGJI": 0.06254552850115797,
    "RFBC": 0.06117053653922644,
    "NTRU": 0.06106462904541505,
    "MITC": 0.058493808212842446,
    "MIXX": 0.058393609695317185,
    "BRZL": 0.05802150806983367,
    "SHRMF": 0.056878531226123775,
    "K": 0.05650018657375074,
    "BSFC": 0.05543808421573285,
    "BYND": 0.054788267845072,
    "AAGH": 0.05462487942420679,
    "BNGRF": 0.054214574627200064,
    "NCRA": 0.05395099143923853,
    "GCGX": 0.052066727785428875,
    "BFNH": 0.0511811663449989,
    "CRMBQ": 0.049435270389151714,
    "FREE": 0.04916158235563545,
    "BEES": 0.048628975545145475,
    "MDRNF": 0.045602951989185445,
    "CMFO": 0.04063293961223827,
    "GRPBF": 0.03751218049012195,
    "MTTCF": 0.033546450457948726,
    "DMAN": 0.03115146213532301,
    "SELR": 0.015733666984217638
}