{
    "HNFSA": 1.0,
    "HNFSB": 1.0,
    "SENEA": 0.25337595308305444,
    "SENEB": 0.25337595308305444,
    "KWPCY": 0.25335856686205327,
    "CPB": 0.22437132302240556,
    "HAIN": 0.20206893441041462,
    "TUFBY": 0.20153367907311848,
    "UVRBF": 0.19991128364982771,
    "UVRBY": 0.19991128364982771,
    "STKL": 0.19812761770852405,
    "GCHOY": 0.1971533018551786,
    "BRFS": 0.19660025608597617,
    "KIKOF": 0.19397858783777563,
    "THS": 0.18549285984940383,
    "BGS": 0.18421206255525088,
    "BKKVF": 0.18343686643829774,
    "MRRTY": 0.1827301714213889,
    "PLIN": 0.18035128521159235,
    "LNDC": 0.18017897394756247,
    "ELAMF": 0.18011919289926967,
    "ORKLF": 0.17857625650425568,
    "ORKLY": 0.17857625650425568,
    "JJSF": 0.1734103109439642,
    "WWNTF": 0.17063637756715017,
    "WWNTY": 0.17063637756715017,
    "WHGLY": 0.16895872598859515,
    "WHGRF": 0.16895872598859515,
    "CVGW": 0.16781619272299972,
    "PPC": 0.16634144177858323,
    "BRID": 0.16549520745558993,
    "HRL": 0.16548020172484756,
    "AUDYF": 0.16279362348262674,
    "TSUKF": 0.16251580317457778,
    "TSUKY": 0.16251580317457778,
    "FPAFF": 0.16163780828081561,
    "FPAFY": 0.16163780828081561,
    "SJM": 0.16121781936635807,
    "NOMD": 0.16088215463822578,
    "INGR": 0.15955596237746944,
    "UTZ": 0.15729337802864166,
    "MMMB": 0.1560824958929048,
    "MKC-V": 0.15584271495107652,
    "MKC": 0.15584271495107652,
    "SHVTF": 0.15573842488980785,
    "JVA": 0.15569361346370822,
    "NFPDF": 0.1522143008703437,
    "SUEZY": 0.15177314957885796,
    "LWAY": 0.15027545693882438,
    "ANPFF": 0.14766174263098444,
    "TATYF": 0.14688126623326558,
    "TATYY": 0.14688126623326558,
    "ARZTY": 0.1468053119971988,
    "PIFMF": 0.14659868562087228,
    "PIFMY": 0.14659868562087228,
    "PFODF": 0.14605756611186482,
    "PRRFY": 0.14605756611186482,
    "KHC": 0.1460089758835014,
    "AJINY": 0.1446572755745993,
    "GNCGF": 0.14460951728253027,
    "GNCGY": 0.14460951728253027,
    "KRYAF": 0.1432202314737857,
    "KRYAY": 0.1432202314737857,
    "CHLE": 0.14205420883294487,
    "BUROF": 0.1419508979517126,
    "LW": 0.1418526663512935,
    "ASBFF": 0.14069637902210957,
    "ASBFY": 0.14069637902210957,
    "LANC": 0.1399493324643257,
    "EBRPY": 0.13978364629033213,
    "CENT": 0.1367578029104671,
    "CENTA": 0.1367578029104671,
    "BTTR": 0.13613337251688662,
    "POST": 0.13398503160365793,
    "MEJHY": 0.13184758958667733,
    "AMNC": 0.13182191051963274,
    "AMNCB": 0.13182191051963274,
    "RIBT": 0.1312972405539213,
    "FLO": 0.1293114686459007,
    "CBCFF": 0.12928687054425803,
    "CLBEY": 0.12928687054425803,
    "DWIS": 0.12927086040608904,
    "CYAN": 0.1290207363962939,
    "JBSAY": 0.128844140475188,
    "JBSS": 0.1287217140391041,
    "CUSI": 0.12863659907342037,
    "DANOY": 0.12813302990435818,
    "GPDNF": 0.12813302990435818,
    "HRCR": 0.12702028351829808,
    "NUZE": 0.12698966714072285,
    "GIS": 0.12693223287973354,
    "ANFIF": 0.12552166450062352,
    "YGYI": 0.12496789117099914,
    "YGYIP": 0.12496789117099914,
    "JALA": 0.1247902956899169,
    "HLF": 0.1226328714421025,
    "FNEVF": 0.12197546463982206,
    "FRPT": 0.12127570922816752,
    "AMNF": 0.12096566516963646,
    "GUZOF": 0.12073099387905498,
    "GDMK": 0.11905636633571158,
    "TOFB": 0.11898263240445671,
    "PETZ": 0.11842707513226804,
    "NAII": 0.11832379730541084,
    "TLCC": 0.11736275168356165,
    "OCGPF": 0.11733024775787952,
    "HOTF": 0.11731099511930072,
    "TBLMF": 0.11705497730513019,
    "TBLMY": 0.11705497730513019,
    "DFODQ": 0.11684227563309059,
    "FARM": 0.11565190800904607,
    "MSLP": 0.11502923539474277,
    "SMPL": 0.11492900596175035,
    "BCCI": 0.11431981995457559,
    "PIFFY": 0.11407106377819348,
    "TCYMF": 0.1139970203661298,
    "TCYMY": 0.1139970203661298,
    "CIADF": 0.1132708349881182,
    "CIADY": 0.1132708349881182,
    "GLAPY": 0.1125607237765098,
    "VTSYF": 0.11193459238252144,
    "DEITF": 0.11191544538957214,
    "SAFM": 0.11005770209944889,
    "BDPT": 0.10994268964012423,
    "RYNL": 0.109534198538322,
    "LYSFF": 0.10804036752627394,
    "LYSFY": 0.10804036752627394,
    "NUVM": 0.10789044012724998,
    "BRBR": 0.10628515450708625,
    "INBP": 0.10609045473377374,
    "MRFGF": 0.10576941631747268,
    "LSF": 0.10556533421403706,
    "CAG": 0.10520311696302964,
    "UPDC": 0.10474967735339037,
    "AGUNF": 0.10397739198295743,
    "NSRGF": 0.10169707003809303,
    "NSRGY": 0.10169707003809303,
    "ASRE": 0.10109268167113676,
    "VRYYF": 0.10027726520216698,
    "SAPIF": 0.09975440998346034,
    "GSFD": 0.09954318963013972,
    "FTLF": 0.09939038032977349,
    "AVOZ": 0.09935819094250278,
    "NDTP": 0.09907893523334302,
    "LATF": 0.09874764323982257,
    "DAR": 0.09665140996380943,
    "TTCF": 0.09627706814633706,
    "CHHE": 0.09603208836616593,
    "LNLHF": 0.0947614462425958,
    "CFEIY": 0.09434135259246525,
    "BABB": 0.09406401952417583,
    "PECD": 0.09347128521067792,
    "GHAV": 0.09117405694690976,
    "BMBOY": 0.08991674765402384,
    "GRBMF": 0.08991674765402384,
    "TNBI": 0.08916075845011819,
    "TWNK": 0.08819379166946135,
    "EATBF": 0.08792301951892445,
    "EWLU": 0.08677376855272176,
    "PLAG": 0.08642840764136975,
    "FHAI": 0.08632483641415423,
    "SWEE": 0.08593665119245467,
    "SOUPQ": 0.08567879356604693,
    "DEWM": 0.08535332533613155,
    "FAMI": 0.08493178020947217,
    "MITC": 0.08489779254103527,
    "LFVN": 0.08460527447166745,
    "K": 0.08413878453187125,
    "JWLLF": 0.0834739951902907,
    "VITX": 0.0834395306557249,
    "NGTF": 0.08290717806781014,
    "NHMD": 0.08212332326591311,
    "GRGSF": 0.08204454393015698,
    "RELV": 0.08200549914141742,
    "OCBM": 0.08199105121596316,
    "PSYCF": 0.08151976785766421,
    "NTRU": 0.08136618636995673,
    "SOWG": 0.07941445186306008,
    "BLEG": 0.07921592169063192,
    "KBEVF": 0.07895503090951678,
    "BSFC": 0.0788764171434261,
    "BLLB": 0.0788033501935826,
    "BNGRF": 0.07842509028890923,
    "AAPT": 0.07828018620846093,
    "FPFID": 0.07785082477851286,
    "MLFNF": 0.07653462881441372,
    "ADIA": 0.07539432227497375,
    "AJOY": 0.07538646561623294,
    "XYLTF": 0.07512172668889833,
    "DTEA": 0.07301849439794564,
    "GCGX": 0.07275638415594544,
    "RRRT": 0.07175022544950822,
    "MIXX": 0.07103281885209176,
    "HBIS": 0.07019532681286555,
    "BABYF": 0.06938251605469034,
    "NUTTQ": 0.06880538764279666,
    "CMFO": 0.06840375911568718,
    "DGJI": 0.068313267991563,
    "SHRMF": 0.0673410916051648,
    "RFBC": 0.06660304747832116,
    "MDRNF": 0.06626204578022324,
    "AAGH": 0.061865454358690404,
    "FREE": 0.06182676966441715,
    "BFNH": 0.061482449010524694,
    "AIXN": 0.060126531444015086,
    "CLXT": 0.060046057617215674,
    "CRMBQ": 0.0597136853441853,
    "GLUC": 0.05953311195634157,
    "BRZL": 0.05952684844705836,
    "TQLB": 0.059496979913362356,
    "NCRA": 0.05850564591362823,
    "SWSSF": 0.057847738827111445,
    "LEXX": 0.0576726894704732,
    "GRPBF": 0.05461097238825892,
    "RTON": 0.05349396637194724,
    "GUROF": 0.05091521014551583,
    "NBRY": 0.05065693203189189,
    "MTTCF": 0.04749983044115,
    "HCEI": 0.04725909065388993,
    "BYND": 0.04636569449275061,
    "QEDN": 0.04351328626595731,
    "BEES": 0.04312478519075436,
    "DMAN": 0.03758494528720711,
    "SELR": 0.03411937845299924
}