{
    "JWLLF": 1.0000000000000002,
    "INBP": 0.2197098939293893,
    "NAII": 0.20853856153565106,
    "FTLF": 0.20487148601777344,
    "TLCC": 0.19377757174805255,
    "POST": 0.19207657204357562,
    "BDPT": 0.18668231448318276,
    "UVRBF": 0.18209178723291272,
    "UVRBY": 0.18209178723291272,
    "LNDC": 0.18046033586310115,
    "PSYCF": 0.1794102167426858,
    "YGYI": 0.17868548871329987,
    "YGYIP": 0.17868548871329987,
    "MKC-V": 0.17072265838485523,
    "MKC": 0.17072265838485523,
    "ORKLF": 0.1659160667862067,
    "ORKLY": 0.1659160667862067,
    "KRYAF": 0.1656046086257988,
    "KRYAY": 0.1656046086257988,
    "STKL": 0.16491577895931397,
    "TATYF": 0.16426648540995029,
    "TATYY": 0.16426648540995029,
    "CAG": 0.16387742364279706,
    "PFODF": 0.16311689984357733,
    "PRRFY": 0.16311689984357733,
    "BRBR": 0.16241953567403128,
    "AUDYF": 0.1605009710490974,
    "TBLMF": 0.16018190790711434,
    "TBLMY": 0.16018190790711434,
    "BTTR": 0.1591464054056309,
    "AJINY": 0.15778135813131805,
    "DEWM": 0.15679160463985037,
    "LNLHF": 0.15664388593205364,
    "DANOY": 0.1540004451822978,
    "GPDNF": 0.1540004451822978,
    "TQLB": 0.15253296259495808,
    "HLF": 0.1514347177015689,
    "SHVTF": 0.15066491775732702,
    "EWLU": 0.15030278355855747,
    "HAIN": 0.1497702901742856,
    "LW": 0.14976566775945646,
    "ASBFF": 0.1492902216394412,
    "ASBFY": 0.1492902216394412,
    "RTON": 0.14778165880528019,
    "MSLP": 0.14734506035691244,
    "GLUC": 0.14545646573679746,
    "MMMB": 0.1450724284705327,
    "SUEZY": 0.14429346618145836,
    "HOTF": 0.1440478179575103,
    "UTZ": 0.14318600369251117,
    "GLAPY": 0.14281754313340497,
    "THS": 0.14251467925922304,
    "SENEA": 0.1397115230077996,
    "SENEB": 0.1397115230077996,
    "FHAI": 0.13952484041779697,
    "PIFMF": 0.13893384199510106,
    "PIFMY": 0.13893384199510106,
    "KWPCY": 0.1382232910100575,
    "CENT": 0.13632347092969033,
    "CENTA": 0.13632347092969033,
    "FRPT": 0.136010305177823,
    "CPB": 0.13468122726675424,
    "GDMK": 0.13398152276954928,
    "SJM": 0.13385619402148127,
    "JJSF": 0.13378483133360994,
    "CIADF": 0.13372253165336295,
    "CIADY": 0.13372253165336295,
    "FPAFF": 0.13367279878810995,
    "FPAFY": 0.13367279878810995,
    "NSRGF": 0.133540861064754,
    "NSRGY": 0.133540861064754,
    "TUFBY": 0.13168266823341382,
    "KIKOF": 0.13119556443910813,
    "LATF": 0.1304625619419919,
    "RELV": 0.13010346645062892,
    "CHHE": 0.12999543620321818,
    "MEJHY": 0.12992061330652513,
    "TOFB": 0.1289654327499805,
    "ELAMF": 0.1289203407729338,
    "KHC": 0.12857244369554294,
    "EBRPY": 0.1283377982074525,
    "AMNC": 0.12812785700037252,
    "AMNCB": 0.12812785700037252,
    "AAPT": 0.12781040865075483,
    "WHGLY": 0.12762320641458155,
    "WHGRF": 0.12762320641458155,
    "AGUNF": 0.12744033365265373,
    "TWNK": 0.12693336517666653,
    "CYAN": 0.12637746256524485,
    "BRFS": 0.1258879226870689,
    "JBSS": 0.1245309274303854,
    "JALA": 0.12308865936646816,
    "VITX": 0.1227803536232606,
    "NUZE": 0.12272034852360525,
    "CUSI": 0.12257885023712788,
    "CBCFF": 0.12190441585151886,
    "CLBEY": 0.12190441585151886,
    "HBIS": 0.12180382909432794,
    "BLEG": 0.12150082612724702,
    "VRYYF": 0.12106540090754801,
    "WWNTF": 0.12064535969028217,
    "WWNTY": 0.12064535969028217,
    "LANC": 0.12001667635295585,
    "JVA": 0.11999687060387401,
    "BFNH": 0.11992001510953139,
    "BKKVF": 0.1198373863586989,
    "PIFFY": 0.11955313364544709,
    "TNBI": 0.11909887219902474,
    "DAR": 0.1190777334823712,
    "GIS": 0.11903218364336458,
    "FLO": 0.11891946216210432,
    "BCCI": 0.1187992966953314,
    "BABYF": 0.11794145146333085,
    "BUROF": 0.11789521039372489,
    "FREE": 0.11781728747944493,
    "PETZ": 0.11778592386375593,
    "MRRTY": 0.1169639922265157,
    "HRL": 0.11664738714906014,
    "INGR": 0.11627629989850323,
    "AAGH": 0.11601666903916327,
    "TSUKF": 0.11529094515904278,
    "TSUKY": 0.11529094515904278,
    "BGS": 0.11501207893284601,
    "PECD": 0.11309951304168477,
    "NOMD": 0.11297007750708138,
    "XYLTF": 0.11186866441619349,
    "CVGW": 0.1117855323495218,
    "NUTTQ": 0.11169864038060222,
    "GCHOY": 0.11090388365559943,
    "BRID": 0.11065557636838405,
    "BRZL": 0.11063199020376828,
    "NDTP": 0.1100807962611244,
    "ADIA": 0.10995076207052724,
    "DWIS": 0.10951702266481644,
    "SWEE": 0.1095117684044793,
    "RIBT": 0.10951033455684643,
    "ARZTY": 0.10777969223170551,
    "BSFC": 0.10773660891209204,
    "SMPL": 0.10758279997923509,
    "NGTF": 0.10635800867903811,
    "LWAY": 0.10581459679014663,
    "FARM": 0.10564597090046672,
    "LSF": 0.10403878633415999,
    "SAPIF": 0.103145435889951,
    "MIXX": 0.1029075471708429,
    "SOWG": 0.10270238978026094,
    "GHAV": 0.10239982006072613,
    "NFPDF": 0.1017913207584808,
    "FNEVF": 0.10177057320261386,
    "VTSYF": 0.10156851321470263,
    "DFODQ": 0.10143961043370821,
    "DEITF": 0.10115356627010105,
    "FPFID": 0.10096250434796658,
    "FAMI": 0.09985849731337917,
    "BLLB": 0.09977432526367526,
    "CFEIY": 0.09964149300089847,
    "JBSAY": 0.09947366600728018,
    "ANFIF": 0.09918214382982854,
    "SOUPQ": 0.09831482480700035,
    "EATBF": 0.09755905769085446,
    "AVOZ": 0.0972818456228566,
    "ANPFF": 0.09708928512353777,
    "GNCGF": 0.09596795403754925,
    "GNCGY": 0.09596795403754925,
    "NUVM": 0.09510946874876715,
    "ASRE": 0.09448735910957207,
    "LYSFF": 0.09387619364203338,
    "LYSFY": 0.09387619364203338,
    "PPC": 0.09384727667177487,
    "OCBM": 0.09225019290003808,
    "UPDC": 0.0922339032692214,
    "SAFM": 0.0917716578396325,
    "MITC": 0.09140866017076876,
    "CLXT": 0.09132124463070893,
    "RYNL": 0.09104778589860955,
    "KBEVF": 0.09051774553687203,
    "PLIN": 0.0891589477300857,
    "GRGSF": 0.08887022801187115,
    "BMBOY": 0.08885969041423133,
    "GRBMF": 0.08885969041423133,
    "GSFD": 0.08874859305359042,
    "SWSSF": 0.08868782255429708,
    "TCYMF": 0.08805345213471333,
    "TCYMY": 0.08805345213471333,
    "AMNF": 0.08752763191968174,
    "NHMD": 0.08710810118939122,
    "OCGPF": 0.08641098083870047,
    "LFVN": 0.08626366409450258,
    "NBRY": 0.08591881949211236,
    "MRFGF": 0.08492804314209462,
    "DTEA": 0.08480031765030177,
    "HNFSA": 0.0834739951902907,
    "HNFSB": 0.0834739951902907,
    "RFBC": 0.08153981253516408,
    "PLAG": 0.08146942225835496,
    "BEES": 0.0814067352080575,
    "AIXN": 0.08139081329416642,
    "TTCF": 0.08112272655832242,
    "HRCR": 0.08016964856815002,
    "AJOY": 0.07994756391454255,
    "DGJI": 0.07990540325443161,
    "MLFNF": 0.07988627156460666,
    "BNGRF": 0.07733818552879841,
    "RRRT": 0.0766337083350285,
    "NTRU": 0.07584270297626887,
    "CHLE": 0.0754205430052332,
    "CRMBQ": 0.07532174185345832,
    "GCGX": 0.07436657461945662,
    "MTTCF": 0.07378737963206139,
    "K": 0.073379739847377,
    "GUZOF": 0.07206146559685243,
    "DMAN": 0.06970829886753827,
    "SHRMF": 0.06915338736705777,
    "NCRA": 0.06903939973507554,
    "QEDN": 0.06878539764400682,
    "LEXX": 0.06791276189534454,
    "BABB": 0.06591330933923312,
    "BYND": 0.06323832017839286,
    "MDRNF": 0.06227512807997268,
    "HCEI": 0.05775129571658883,
    "GUROF": 0.05236811388937464,
    "CMFO": 0.04635480557593902,
    "GRPBF": 0.04426115380276598,
    "SELR": 0.03635523135592609
}