{
    "MRFGF": 0.9999999999999997,
    "EATBF": 0.2905096619397738,
    "PIFMF": 0.2076781431294678,
    "PIFMY": 0.2076781431294678,
    "BKKVF": 0.18397611524553767,
    "FPAFF": 0.18115499936602,
    "FPAFY": 0.18115499936602,
    "WWNTF": 0.17380391701757902,
    "WWNTY": 0.17380391701757902,
    "WHGLY": 0.17371839096251468,
    "WHGRF": 0.17371839096251468,
    "MMMB": 0.17363252086909162,
    "TATYF": 0.168602419602272,
    "TATYY": 0.168602419602272,
    "ORKLF": 0.16649526929326083,
    "ORKLY": 0.16649526929326083,
    "ELAMF": 0.16539454970012424,
    "KWPCY": 0.1557316577086828,
    "STKL": 0.15478212537123845,
    "KRYAF": 0.1538245080248043,
    "KRYAY": 0.1538245080248043,
    "LATF": 0.15313619216880092,
    "SUEZY": 0.1526628720899842,
    "SJM": 0.1519822722571519,
    "CPB": 0.14943992246178545,
    "HAIN": 0.14884029540849208,
    "THS": 0.1487379681581954,
    "KIKOF": 0.14869770597308235,
    "TUFBY": 0.14759506472693396,
    "AUDYF": 0.14743014095949122,
    "NFPDF": 0.14642761827329925,
    "POST": 0.14523037098031982,
    "BRFS": 0.1409073534336774,
    "MRRTY": 0.1409014369070988,
    "ASBFF": 0.14038837649364125,
    "ASBFY": 0.14038837649364125,
    "PFODF": 0.14001596801386526,
    "PRRFY": 0.14001596801386526,
    "BUROF": 0.13983568498913324,
    "LNDC": 0.13597940300997866,
    "SHVTF": 0.13571150263265397,
    "VTSYF": 0.1354251223811316,
    "DFODQ": 0.13388597940542232,
    "GCHOY": 0.13355466021333456,
    "MKC-V": 0.13269990878701635,
    "MKC": 0.13269990878701635,
    "GDMK": 0.13129282235521852,
    "GNCGF": 0.13115420838429184,
    "GNCGY": 0.13115420838429184,
    "MTTCF": 0.12950044668485086,
    "AJINY": 0.12913602549103337,
    "TCYMF": 0.1290919395076872,
    "TCYMY": 0.1290919395076872,
    "FNEVF": 0.12766600939726638,
    "DEITF": 0.1265923311148818,
    "SENEA": 0.12583288744635307,
    "SENEB": 0.12583288744635307,
    "DANOY": 0.12522971055369014,
    "GPDNF": 0.12522971055369014,
    "HLF": 0.12407957750880351,
    "TLCC": 0.12401385397681389,
    "GLAPY": 0.12293629645744714,
    "MEJHY": 0.12276605366979117,
    "TSUKF": 0.12215115793730244,
    "TSUKY": 0.12215115793730244,
    "VITX": 0.1209789966655754,
    "INGR": 0.12084084431020431,
    "UPDC": 0.12046961814904178,
    "AMNC": 0.12031112606040816,
    "AMNCB": 0.12031112606040816,
    "ARZTY": 0.12029321490950384,
    "BRID": 0.11931359131915678,
    "TBLMF": 0.11920857890604644,
    "TBLMY": 0.11920857890604644,
    "JBSAY": 0.11901004700812402,
    "HRL": 0.11853600159523918,
    "NOMD": 0.1184359422455423,
    "INBP": 0.11802598900186306,
    "CUSI": 0.11722499763061035,
    "UVRBF": 0.11711418173931455,
    "UVRBY": 0.11711418173931455,
    "KHC": 0.11672983131713702,
    "JBSS": 0.11672746871297444,
    "LWAY": 0.11521134555720804,
    "BRBR": 0.11441180851471365,
    "NAII": 0.11363164724367608,
    "LYSFF": 0.11263413593930896,
    "LYSFY": 0.11263413593930896,
    "EBRPY": 0.11230228123471585,
    "CENT": 0.11219378402093293,
    "CENTA": 0.11219378402093293,
    "LW": 0.11124600661926039,
    "FARM": 0.110526205725843,
    "JJSF": 0.10996336546105931,
    "BDPT": 0.10953399324250027,
    "MITC": 0.1095096189511226,
    "ASRE": 0.10905267890536666,
    "YGYI": 0.10824165263371009,
    "YGYIP": 0.10824165263371009,
    "CIADF": 0.107837515920243,
    "CIADY": 0.107837515920243,
    "BGS": 0.10771058670488577,
    "JALA": 0.10690846179074308,
    "CBCFF": 0.10628320220234574,
    "CLBEY": 0.10628320220234574,
    "HNFSA": 0.10576941631747268,
    "HNFSB": 0.10576941631747268,
    "BFNH": 0.10523888303002495,
    "PIFFY": 0.10486093275590808,
    "JVA": 0.10399022359523587,
    "PPC": 0.1036159746209215,
    "FRPT": 0.10324069123298914,
    "LANC": 0.10241394755657827,
    "AMNF": 0.10165526130222574,
    "BTTR": 0.10080026873117985,
    "MSLP": 0.10034918434623989,
    "TOFB": 0.09928466075667391,
    "HOTF": 0.09927763036795116,
    "DGJI": 0.09926590592681286,
    "CLXT": 0.09910269342677568,
    "RIBT": 0.09858199429273744,
    "DAR": 0.09660440703632539,
    "SAPIF": 0.09648196002787493,
    "NUVM": 0.09637991053216023,
    "NTRU": 0.09624799701950922,
    "CFEIY": 0.09572444967442714,
    "NSRGF": 0.09569946265530817,
    "NSRGY": 0.09569946265530817,
    "AVOZ": 0.09503588063380851,
    "GIS": 0.09468676919733335,
    "DWIS": 0.09437927120949349,
    "ANPFF": 0.09382214255374745,
    "NUTTQ": 0.09374550863208946,
    "PLAG": 0.09372727021015877,
    "AGUNF": 0.09365916714637525,
    "SMPL": 0.09323546707419672,
    "CAG": 0.09312663009137029,
    "FLO": 0.09260457514254362,
    "DEWM": 0.09257447843652812,
    "BLLB": 0.09250301973460051,
    "BABYF": 0.09209205419163369,
    "CYAN": 0.09150498626510635,
    "ANFIF": 0.09140001319830279,
    "NCRA": 0.09063173643274001,
    "SHRMF": 0.09060292354468381,
    "OCGPF": 0.09044512046164176,
    "CVGW": 0.08953162532272607,
    "QEDN": 0.08913895611285244,
    "NGTF": 0.08895282343148254,
    "NDTP": 0.08823102975570875,
    "PECD": 0.08666775065254202,
    "BRZL": 0.08584299044463826,
    "LSF": 0.08513818843500039,
    "JWLLF": 0.08492804314209462,
    "NUZE": 0.08490171093493848,
    "FTLF": 0.08430193933511745,
    "CMFO": 0.08269382319892236,
    "KBEVF": 0.08236954244911733,
    "UTZ": 0.08228904408737867,
    "FHAI": 0.08226455433582139,
    "PETZ": 0.08202598890483477,
    "CHLE": 0.08170271661621621,
    "RYNL": 0.0805855092777232,
    "RFBC": 0.08036020086340824,
    "EWLU": 0.08027040418627247,
    "VRYYF": 0.08026100819160101,
    "BCCI": 0.07997637035702859,
    "HBIS": 0.07914638571068397,
    "BNGRF": 0.07907089118680656,
    "TNBI": 0.07881229444649997,
    "FAMI": 0.07834276977871328,
    "PLIN": 0.07833491378868429,
    "HRCR": 0.07808988779901781,
    "NHMD": 0.07757031793543397,
    "CHHE": 0.07701727262587213,
    "ADIA": 0.07678370817812961,
    "RELV": 0.07653942552598182,
    "AJOY": 0.07600100728868049,
    "GSFD": 0.07578092169047852,
    "SWEE": 0.07512118864655253,
    "GRGSF": 0.07501540744390561,
    "BLEG": 0.07490773102273919,
    "SOUPQ": 0.074432832973775,
    "GHAV": 0.07434810315720096,
    "K": 0.07422808828792123,
    "SELR": 0.07400402546939415,
    "LFVN": 0.07397427175066759,
    "SAFM": 0.07262958284062972,
    "BMBOY": 0.07254907000377206,
    "GRBMF": 0.07254907000377206,
    "SOWG": 0.0719738108689115,
    "AIXN": 0.07185398079242973,
    "GCGX": 0.07138641295787822,
    "AAGH": 0.06967286844333437,
    "DMAN": 0.06936519321903893,
    "TTCF": 0.06932168363387525,
    "AAPT": 0.06869225951195315,
    "OCBM": 0.06797702139912742,
    "DTEA": 0.06738199400984576,
    "MIXX": 0.06649338175072698,
    "LNLHF": 0.06593360264174426,
    "TWNK": 0.06575455921706974,
    "RTON": 0.06564618992717511,
    "FREE": 0.06527041074040109,
    "BEES": 0.06519898341624339,
    "XYLTF": 0.06508045121675779,
    "PSYCF": 0.06446175935800472,
    "FPFID": 0.06355824155573352,
    "BABB": 0.06275331106030337,
    "NBRY": 0.061908298017791644,
    "TQLB": 0.06154898534501236,
    "HCEI": 0.06045064157998832,
    "LEXX": 0.05931314845706455,
    "RRRT": 0.058630524798774244,
    "GUZOF": 0.05831423203179866,
    "BSFC": 0.0577506549782093,
    "GLUC": 0.05576385278049074,
    "SWSSF": 0.055007974637773356,
    "MLFNF": 0.05148943267734187,
    "GRPBF": 0.047895973616595366,
    "CRMBQ": 0.04754093908908568,
    "GUROF": 0.03958520301870746,
    "BYND": 0.03843242343211617,
    "MDRNF": 0.03646589243308168
}