{
    "NUTTQ": 1.0000000000000002,
    "NBRY": 0.19648653993622361,
    "DFODQ": 0.19373120312270734,
    "LATF": 0.1898601642728587,
    "TLCC": 0.18097456929857558,
    "HOTF": 0.17312494712409848,
    "INBP": 0.1677997695777913,
    "POST": 0.1669683636072707,
    "CAG": 0.1599326476799497,
    "BRBR": 0.1568301568122491,
    "BEES": 0.15534809755923173,
    "PFODF": 0.14994080909618251,
    "PRRFY": 0.14994080909618251,
    "TQLB": 0.1495088238292303,
    "PECD": 0.1486599782890345,
    "DANOY": 0.14757390870292827,
    "GPDNF": 0.14757390870292827,
    "EWLU": 0.145483986166754,
    "HAIN": 0.145116391544183,
    "STKL": 0.14481106377485892,
    "JVA": 0.14464151343739426,
    "LNDC": 0.14437548925312144,
    "ORKLF": 0.1435967568873602,
    "ORKLY": 0.1435967568873602,
    "MKC-V": 0.14010527179202298,
    "MKC": 0.14010527179202298,
    "SENEA": 0.139833556958707,
    "SENEB": 0.139833556958707,
    "KRYAF": 0.13818768055981193,
    "KRYAY": 0.13818768055981193,
    "RFBC": 0.13791766879889863,
    "AGUNF": 0.1377200351953868,
    "AUDYF": 0.13757493982829339,
    "SUEZY": 0.1375317457787382,
    "BKKVF": 0.13674832680265708,
    "FRPT": 0.1361805873795038,
    "VRYYF": 0.13609171198612252,
    "CUSI": 0.13403077429318078,
    "TBLMF": 0.13391099711663162,
    "TBLMY": 0.13391099711663162,
    "DEITF": 0.13377132116955512,
    "NAII": 0.1336601335403114,
    "SHVTF": 0.1331840466197189,
    "LANC": 0.13247249946637052,
    "FPAFF": 0.13020637733244023,
    "FPAFY": 0.13020637733244023,
    "TWNK": 0.12977926647241153,
    "TNBI": 0.1295154069531834,
    "LWAY": 0.12946777072699303,
    "XYLTF": 0.12864220045429023,
    "TATYF": 0.12859229644325737,
    "TATYY": 0.12859229644325737,
    "MMMB": 0.1283273389987537,
    "JJSF": 0.12797944470173522,
    "RIBT": 0.12772539462095056,
    "ASBFF": 0.12730879487019156,
    "ASBFY": 0.12730879487019156,
    "LW": 0.12717314081792327,
    "THS": 0.12695909097468366,
    "BFNH": 0.1265355569807888,
    "MSLP": 0.1263855496503961,
    "BDPT": 0.12493303862248917,
    "BTTR": 0.12477111068744628,
    "NUVM": 0.12463832958477984,
    "AJINY": 0.12329527802253276,
    "NSRGF": 0.1208916520540727,
    "NSRGY": 0.1208916520540727,
    "CBCFF": 0.12060011405904818,
    "CLBEY": 0.12060011405904818,
    "MRRTY": 0.1205937648711978,
    "AMNC": 0.12055690657024297,
    "AMNCB": 0.12055690657024297,
    "YGYI": 0.12029407901658484,
    "YGYIP": 0.12029407901658484,
    "EBRPY": 0.12026517857891633,
    "BRFS": 0.12023119475920144,
    "WHGLY": 0.12011247531796795,
    "WHGRF": 0.12011247531796795,
    "UTZ": 0.11908447168463045,
    "BRID": 0.11818298813026619,
    "GDMK": 0.11785444581350354,
    "CENT": 0.11722496396877521,
    "CENTA": 0.11722496396877521,
    "KWPCY": 0.11613772847829998,
    "RELV": 0.11592466842123401,
    "FLO": 0.11581497117490276,
    "UVRBF": 0.11517041662246463,
    "UVRBY": 0.11517041662246463,
    "SJM": 0.11517000349640495,
    "CYAN": 0.11498765440832862,
    "JBSS": 0.11451179985300772,
    "DAR": 0.11427687085064477,
    "TUFBY": 0.11408162220964352,
    "VITX": 0.11400722669138177,
    "CPB": 0.11378709692955269,
    "NOMD": 0.11309491818289144,
    "WWNTF": 0.11276269629532615,
    "WWNTY": 0.11276269629532615,
    "FNEVF": 0.112649189586555,
    "ANPFF": 0.11248902739168322,
    "JALA": 0.11224256017039881,
    "INGR": 0.11206123575998925,
    "UPDC": 0.1120084039112408,
    "JWLLF": 0.11169864038060222,
    "NGTF": 0.11158307823919175,
    "BGS": 0.11151318503374637,
    "BABYF": 0.11141222678244747,
    "SWEE": 0.11114617944870449,
    "DEWM": 0.110112824321061,
    "CIADF": 0.10985587092167591,
    "CIADY": 0.10985587092167591,
    "PETZ": 0.10945710543854067,
    "KHC": 0.10931794305026314,
    "TTCF": 0.10881239174165629,
    "HBIS": 0.10838805777556346,
    "HRL": 0.10818920842886537,
    "DMAN": 0.10777963727833964,
    "ANFIF": 0.10700305909965725,
    "GUZOF": 0.10699943458885247,
    "BUROF": 0.10698940619808962,
    "PIFFY": 0.10596175472526562,
    "NUZE": 0.10585472447630981,
    "FTLF": 0.10526386020746605,
    "EATBF": 0.10504357792611978,
    "AIXN": 0.10500700399047042,
    "ELAMF": 0.10478726730788927,
    "GCGX": 0.10439528262140106,
    "GHAV": 0.1038855220507607,
    "NDTP": 0.10381024228375729,
    "SOUPQ": 0.10365361115224024,
    "AAPT": 0.10355804366813484,
    "GIS": 0.10309870935228954,
    "KIKOF": 0.1030759187828421,
    "TOFB": 0.10298409833842528,
    "NFPDF": 0.10273878738740201,
    "NTRU": 0.10262538882864473,
    "FHAI": 0.10199316583520376,
    "SOWG": 0.1013465925647332,
    "SMPL": 0.10105259924050625,
    "GNCGF": 0.09951434106419875,
    "GNCGY": 0.09951434106419875,
    "HLF": 0.09949377313047367,
    "GLAPY": 0.09939805960330272,
    "MIXX": 0.09911382727504113,
    "CLXT": 0.09904093891345843,
    "TSUKF": 0.09839535304673852,
    "TSUKY": 0.09839535304673852,
    "CHHE": 0.0983419046918703,
    "PIFMF": 0.09801214666581452,
    "PIFMY": 0.09801214666581452,
    "PPC": 0.09780874893673071,
    "GSFD": 0.09742520082005465,
    "LNLHF": 0.09642448194780359,
    "DWIS": 0.09597555283914312,
    "GLUC": 0.09596773566329803,
    "BCCI": 0.09526541791454331,
    "HCEI": 0.09513741597799401,
    "CFEIY": 0.09405328890540748,
    "FARM": 0.09374634902352362,
    "MRFGF": 0.09374550863208946,
    "FREE": 0.0931881561180151,
    "RYNL": 0.09303934021877111,
    "GCHOY": 0.09277106139600566,
    "SELR": 0.09169143099252634,
    "NHMD": 0.09163650389467336,
    "VTSYF": 0.09160166063378906,
    "RTON": 0.09144357935528472,
    "LEXX": 0.0903458114871557,
    "FPFID": 0.09013376230294251,
    "LFVN": 0.08969964769319819,
    "JBSAY": 0.0893726759783446,
    "BRZL": 0.0893071961268618,
    "BLEG": 0.0888507676492043,
    "LSF": 0.0884321886784663,
    "MEJHY": 0.08831008798552631,
    "AMNF": 0.08729647538429633,
    "FAMI": 0.08707980311580413,
    "TCYMF": 0.08609425800730466,
    "TCYMY": 0.08609425800730466,
    "AAGH": 0.0857985992908044,
    "LYSFF": 0.08547226254569787,
    "LYSFY": 0.08547226254569787,
    "SAFM": 0.08520398160530544,
    "MITC": 0.08386726677847553,
    "CHLE": 0.08345672895181223,
    "KBEVF": 0.08233642577530734,
    "BNGRF": 0.08029417606285848,
    "BABB": 0.08018462749269911,
    "AVOZ": 0.07988241415248479,
    "GRGSF": 0.07973487337385506,
    "SAPIF": 0.07905465257705152,
    "BLLB": 0.07831859553327172,
    "OCBM": 0.07793107690649217,
    "DGJI": 0.07777562840903923,
    "OCGPF": 0.07749409175987054,
    "ADIA": 0.07745276234138165,
    "BMBOY": 0.07680205674172957,
    "GRBMF": 0.07680205674172957,
    "CVGW": 0.07674999808459665,
    "ARZTY": 0.07557069271100218,
    "PLIN": 0.07501061364156957,
    "ASRE": 0.07431195072233952,
    "BSFC": 0.07408183113061698,
    "CRMBQ": 0.07340429951030311,
    "MLFNF": 0.07325316432485726,
    "K": 0.0722613457901244,
    "RRRT": 0.0707118456617701,
    "HRCR": 0.0702485967585618,
    "DTEA": 0.06994301564781834,
    "HNFSA": 0.06880538764279666,
    "HNFSB": 0.06880538764279666,
    "SWSSF": 0.06832109833657336,
    "CMFO": 0.06673003990596556,
    "GUROF": 0.06672581527463128,
    "BYND": 0.06474858940239457,
    "NCRA": 0.0632441764947918,
    "AJOY": 0.060669033307864315,
    "MDRNF": 0.05826024213516717,
    "PLAG": 0.057213904892600496,
    "QEDN": 0.0532417276135866,
    "PSYCF": 0.052241675549819844,
    "MTTCF": 0.05218774324435759,
    "GRPBF": 0.046440870018474606,
    "SHRMF": 0.041523205757539705
}