{
    "OCBM": 1.0000000000000004,
    "YGYI": 0.16645377343046824,
    "YGYIP": 0.16645377343046824,
    "VRYYF": 0.14985246069619815,
    "SMPL": 0.14510886087663089,
    "HBIS": 0.14087435095964362,
    "QEDN": 0.13773351785905827,
    "VITX": 0.1373170547312527,
    "SOWG": 0.13582738891469,
    "CFEIY": 0.13271042525483878,
    "EWLU": 0.13109475070436327,
    "DANOY": 0.12869208840768967,
    "GPDNF": 0.12869208840768967,
    "CENT": 0.12711142236353085,
    "CENTA": 0.12711142236353085,
    "STKL": 0.12473467772768485,
    "MKC-V": 0.12075270379286396,
    "MKC": 0.12075270379286396,
    "UVRBF": 0.12018696288800229,
    "UVRBY": 0.12018696288800229,
    "XYLTF": 0.11980771550058955,
    "TTCF": 0.11961096297768568,
    "GHAV": 0.11765652131063725,
    "AVOZ": 0.11673914719409577,
    "ORKLF": 0.11435977320826901,
    "ORKLY": 0.11435977320826901,
    "BCCI": 0.113501475205332,
    "MIXX": 0.11149070913599221,
    "BTTR": 0.11130578344132651,
    "HAIN": 0.1112487912594888,
    "CBCFF": 0.1106402997110659,
    "CLBEY": 0.1106402997110659,
    "MRRTY": 0.11059429995894639,
    "KHC": 0.11023733783592908,
    "POST": 0.11022529387110842,
    "BDPT": 0.1097999729167613,
    "RIBT": 0.1097671059288504,
    "BLEG": 0.10959697361520508,
    "MMMB": 0.10909289478471793,
    "PIFMF": 0.10905442138930686,
    "PIFMY": 0.10905442138930686,
    "KWPCY": 0.10895867681353669,
    "FHAI": 0.10749241649349246,
    "JVA": 0.10680179343166159,
    "WWNTF": 0.10566187843060883,
    "WWNTY": 0.10566187843060883,
    "AMNC": 0.10540461399855512,
    "AMNCB": 0.10540461399855512,
    "WHGLY": 0.10525449210450646,
    "WHGRF": 0.10525449210450646,
    "GDMK": 0.1052073604201177,
    "INGR": 0.10496453587192094,
    "NAII": 0.10473318681075501,
    "SHVTF": 0.10469199804589253,
    "INBP": 0.10448808287305185,
    "GIS": 0.10327501958966998,
    "SENEA": 0.10321206210410346,
    "SENEB": 0.10321206210410346,
    "EBRPY": 0.10282598601176829,
    "ADIA": 0.1017549646069683,
    "BABYF": 0.10133863120041177,
    "CVGW": 0.10117649102011153,
    "BRZL": 0.10092988800947915,
    "TUFBY": 0.10084258152935964,
    "FPAFF": 0.10072582525560975,
    "FPAFY": 0.10072582525560975,
    "LSF": 0.10055871059377978,
    "SWEE": 0.1000291909296857,
    "BRFS": 0.10001122025414869,
    "JALA": 0.09998630397691802,
    "TLCC": 0.09996752816143788,
    "LNLHF": 0.09954666123826826,
    "HLF": 0.09934841114864121,
    "DWIS": 0.09878921007080459,
    "FLO": 0.09855385547920291,
    "FPFID": 0.09757863911357523,
    "NHMD": 0.097265251843587,
    "BGS": 0.09718946885473687,
    "ELAMF": 0.09679679789521267,
    "TQLB": 0.09679076562853636,
    "PETZ": 0.09651004430190228,
    "MSLP": 0.0962984689679399,
    "LWAY": 0.09629363718118401,
    "CAG": 0.09624122117123873,
    "BKKVF": 0.09614985546540107,
    "HOTF": 0.09611528541750058,
    "NDTP": 0.09584261506737632,
    "SOUPQ": 0.095071048624585,
    "CUSI": 0.09479173983382473,
    "BRBR": 0.09473861484098473,
    "ASBFF": 0.09430731923164654,
    "ASBFY": 0.09430731923164654,
    "THS": 0.09423454735248596,
    "SJM": 0.09398099452060504,
    "FTLF": 0.09389382413741015,
    "GCHOY": 0.093799028508859,
    "PFODF": 0.09356459119161378,
    "PRRFY": 0.09356459119161378,
    "JWLLF": 0.09225019290003808,
    "KIKOF": 0.09224292776173774,
    "SUEZY": 0.0919143885109289,
    "LW": 0.09179412323461417,
    "CPB": 0.09127156539950473,
    "CIADF": 0.09097656262251333,
    "CIADY": 0.09097656262251333,
    "DEWM": 0.09052316106841704,
    "FRPT": 0.09038845555607186,
    "TATYF": 0.08989325856547793,
    "TATYY": 0.08989325856547793,
    "UTZ": 0.08976316732279359,
    "AUDYF": 0.08919971805438062,
    "TBLMF": 0.08879470985448218,
    "TBLMY": 0.08879470985448218,
    "LATF": 0.08830804179733501,
    "NOMD": 0.08818509843935238,
    "CLXT": 0.08726097006955696,
    "LNDC": 0.0870615263520452,
    "RELV": 0.08692052964636249,
    "DAR": 0.08685392533236844,
    "KRYAF": 0.08678729057273864,
    "KRYAY": 0.08678729057273864,
    "GLUC": 0.08630401859049545,
    "HRL": 0.08613590638384261,
    "BLLB": 0.08568360699465641,
    "AJINY": 0.08557589708162455,
    "GNCGF": 0.08541696194081293,
    "GNCGY": 0.08541696194081293,
    "BUROF": 0.08502512612795751,
    "MDRNF": 0.08497224490026456,
    "TNBI": 0.08486119036680458,
    "DTEA": 0.08476467402775222,
    "TWNK": 0.08430836283073251,
    "BRID": 0.08407506185705184,
    "ANPFF": 0.08375330124593719,
    "GLAPY": 0.08360196682100968,
    "LANC": 0.0833399019286105,
    "CYAN": 0.08333739364393983,
    "NUVM": 0.08259629534876531,
    "ASRE": 0.08258976282378916,
    "HNFSA": 0.08199105121596316,
    "HNFSB": 0.08199105121596316,
    "ARZTY": 0.08178494899640913,
    "GCGX": 0.08170159904289712,
    "AGUNF": 0.08120198118960097,
    "JBSS": 0.08050919376695642,
    "NGTF": 0.07983490981568461,
    "KBEVF": 0.07940157410708983,
    "FAMI": 0.07895582229628528,
    "FNEVF": 0.07871277938144605,
    "DEITF": 0.07860706704691454,
    "JBSAY": 0.07839119886592089,
    "AAPT": 0.07814914634003926,
    "NUTTQ": 0.07793107690649217,
    "NFPDF": 0.0765317689561442,
    "NBRY": 0.07609501289858395,
    "RYNL": 0.07602704125997697,
    "CRMBQ": 0.0756544140540192,
    "RRRT": 0.07527205555755781,
    "TOFB": 0.07520356503178602,
    "MEJHY": 0.07492311785032088,
    "JJSF": 0.07455421288050842,
    "TCYMF": 0.07442820699738857,
    "TCYMY": 0.07442820699738857,
    "VTSYF": 0.07344519677443714,
    "NUZE": 0.07340991729949467,
    "SWSSF": 0.07306186943231267,
    "ANFIF": 0.07131476487461107,
    "GUROF": 0.07076539318743928,
    "PIFFY": 0.07022258324493912,
    "PECD": 0.06996408981604146,
    "TSUKF": 0.06989198599715758,
    "TSUKY": 0.06989198599715758,
    "HRCR": 0.06988946261117213,
    "LYSFF": 0.06983874517954126,
    "LYSFY": 0.06983874517954126,
    "EATBF": 0.06978546789730969,
    "NCRA": 0.0697028041132186,
    "DFODQ": 0.0694225907571993,
    "RTON": 0.0693186277200635,
    "BYND": 0.06916607730529677,
    "SAPIF": 0.06894595740673605,
    "AMNF": 0.0687893328197448,
    "AIXN": 0.06831627714750928,
    "MRFGF": 0.06797702139912742,
    "GSFD": 0.0678728353289614,
    "PPC": 0.0673596690465931,
    "UPDC": 0.06729775093271377,
    "FARM": 0.06711152103856541,
    "BFNH": 0.06710490164887786,
    "BEES": 0.06676708033494783,
    "BSFC": 0.06650507298342218,
    "PLAG": 0.06615051526989155,
    "MITC": 0.06462813222461165,
    "CHHE": 0.06415371513029071,
    "SAFM": 0.06384938896782182,
    "MLFNF": 0.06327510983683812,
    "NSRGF": 0.06239180307410559,
    "NSRGY": 0.06239180307410559,
    "GRGSF": 0.06165282689359728,
    "BMBOY": 0.06077194976945087,
    "GRBMF": 0.06077194976945087,
    "RFBC": 0.06072048038191954,
    "AAGH": 0.05929016020164669,
    "OCGPF": 0.0582906421636492,
    "K": 0.057532471827260866,
    "LEXX": 0.057231823005371336,
    "LFVN": 0.0566258616764971,
    "GUZOF": 0.05611646496548066,
    "AJOY": 0.05563970997544943,
    "PLIN": 0.05524616057800377,
    "FREE": 0.05519988004601425,
    "BNGRF": 0.054928977502416716,
    "CHLE": 0.05489865123807269,
    "PSYCF": 0.054718232362836655,
    "BABB": 0.05313819926596062,
    "SHRMF": 0.05135602887294967,
    "NTRU": 0.05117806185967457,
    "DGJI": 0.050899017179262734,
    "MTTCF": 0.04124034267780324,
    "DMAN": 0.041035275035687546,
    "HCEI": 0.03665464251668752,
    "CMFO": 0.035945276698215727,
    "GRPBF": 0.03139114913631683,
    "SELR": 0.01073952557105659
}