{
    "SWEE": 0.9999999999999999,
    "LATF": 0.19236909448796272,
    "BDPT": 0.18788759937720254,
    "KBEVF": 0.18365182496138543,
    "STKL": 0.16637429683533964,
    "LNLHF": 0.15937283123476617,
    "MRRTY": 0.15774938052613752,
    "INGR": 0.15711277245673624,
    "TQLB": 0.15598379636129522,
    "TATYF": 0.1551966864495935,
    "TATYY": 0.1551966864495935,
    "SOWG": 0.15198354567725764,
    "SUEZY": 0.14949376754028093,
    "LNDC": 0.1493704799401349,
    "MIXX": 0.1448225830234448,
    "FLO": 0.14363281716734386,
    "VRYYF": 0.14123553241145254,
    "BRZL": 0.1393364430770898,
    "VITX": 0.13826712422025814,
    "YGYI": 0.13765798120567824,
    "YGYIP": 0.13765798120567824,
    "DMAN": 0.13721271134611468,
    "NGTF": 0.13671282043750427,
    "UPDC": 0.13666763863926432,
    "KRYAF": 0.13637031474849515,
    "KRYAY": 0.13637031474849515,
    "THS": 0.13493670505473218,
    "MKC-V": 0.13428354079149138,
    "MKC": 0.13428354079149138,
    "FPFID": 0.1336175135647445,
    "RYNL": 0.13283556065223176,
    "AMNC": 0.13257311601098948,
    "AMNCB": 0.13257311601098948,
    "BUROF": 0.1309951095695214,
    "BLEG": 0.12923530775563435,
    "POST": 0.1281070001108835,
    "BGS": 0.12774165444616026,
    "EBRPY": 0.1260871940616854,
    "DANOY": 0.12601733194921347,
    "GPDNF": 0.12601733194921347,
    "WHGLY": 0.12495965572177593,
    "WHGRF": 0.12495965572177593,
    "INBP": 0.1248312292316152,
    "MMMB": 0.12472235896069599,
    "SOUPQ": 0.12423001645368628,
    "CUSI": 0.12416621769215819,
    "SJM": 0.12384824771087075,
    "JALA": 0.12181306510100254,
    "FPAFF": 0.12178939871615696,
    "FPAFY": 0.12178939871615696,
    "FTLF": 0.121779772664273,
    "CBCFF": 0.12062089392365938,
    "CLBEY": 0.12062089392365938,
    "TUFBY": 0.12018515340019917,
    "DAR": 0.12016419379965287,
    "BCCI": 0.1198021653578049,
    "BRID": 0.1193688436442027,
    "LSF": 0.11896237354635932,
    "FRPT": 0.11863548240903067,
    "ANFIF": 0.11861797538733714,
    "DEITF": 0.11856051075914759,
    "CAG": 0.11836678053076599,
    "NTRU": 0.11667452318067056,
    "CPB": 0.11590839753603524,
    "ORKLF": 0.11548612501819845,
    "ORKLY": 0.11548612501819845,
    "BRFS": 0.11546650349613287,
    "HAIN": 0.11503035214007169,
    "NBRY": 0.1147461666650017,
    "AAGH": 0.11473582852515432,
    "NDTP": 0.11473111247421915,
    "KHC": 0.1141603987785833,
    "KIKOF": 0.11394299307120057,
    "KWPCY": 0.11389325000496701,
    "CLXT": 0.11319847168836754,
    "BRBR": 0.11286789556888749,
    "ADIA": 0.11260873293418504,
    "GLUC": 0.1123274019106513,
    "PIFMF": 0.11197728259368238,
    "PIFMY": 0.11197728259368238,
    "BKKVF": 0.11187695522585989,
    "AAPT": 0.11136301269684189,
    "NUTTQ": 0.11114617944870449,
    "HBIS": 0.11086357501134884,
    "GCHOY": 0.11062625774808763,
    "SHVTF": 0.11056074630342475,
    "JVA": 0.1103910342935581,
    "LWAY": 0.11002552264435782,
    "UVRBF": 0.10960325807680343,
    "UVRBY": 0.10960325807680343,
    "JWLLF": 0.1095117684044793,
    "TNBI": 0.10902863532464252,
    "EWLU": 0.10855954957790127,
    "AJINY": 0.10850205917346034,
    "TWNK": 0.10822244383177072,
    "MSLP": 0.10817525553964234,
    "BTTR": 0.1077723397256332,
    "UTZ": 0.10707702806962166,
    "PLAG": 0.10652405740857998,
    "AUDYF": 0.10643093896801697,
    "SENEA": 0.10616243499060732,
    "SENEB": 0.10616243499060732,
    "PETZ": 0.10577555549247705,
    "ELAMF": 0.10575741804173829,
    "TTCF": 0.10551668132442533,
    "TLCC": 0.10551401971249863,
    "JJSF": 0.10513204474835294,
    "LW": 0.1038431449379395,
    "CENT": 0.10362192805181412,
    "CENTA": 0.10362192805181412,
    "GDMK": 0.10291405008831069,
    "HRL": 0.10270779849261923,
    "PFODF": 0.10221110135694997,
    "PRRFY": 0.10221110135694997,
    "ASBFF": 0.10198740191783257,
    "ASBFY": 0.10198740191783257,
    "GHAV": 0.10189587768482383,
    "BNGRF": 0.10140220820706329,
    "WWNTF": 0.1007752514995235,
    "WWNTY": 0.1007752514995235,
    "TSUKF": 0.10073911958150274,
    "TSUKY": 0.10073911958150274,
    "CVGW": 0.10058221024594363,
    "OCBM": 0.1000291909296857,
    "PECD": 0.09993206307141161,
    "JBSS": 0.09967853141506708,
    "BLLB": 0.09905940195301677,
    "GIS": 0.09881798762645934,
    "ANPFF": 0.09826709347969168,
    "NUVM": 0.09754391811247495,
    "HLF": 0.0972769776428624,
    "NOMD": 0.09633977655075888,
    "CIADF": 0.09563394122554988,
    "CIADY": 0.09563394122554988,
    "NHMD": 0.09561710047652894,
    "EATBF": 0.09560237084808641,
    "FNEVF": 0.09536088228721507,
    "MEJHY": 0.09525513375487177,
    "HOTF": 0.0941101057824002,
    "DWIS": 0.0940046537548814,
    "MTTCF": 0.09380940684063926,
    "SMPL": 0.09364719050837418,
    "SAPIF": 0.09356030721685468,
    "PIFFY": 0.09350815264875045,
    "LEXX": 0.09343801673517786,
    "NUZE": 0.09324216761215824,
    "AGUNF": 0.09240283363649911,
    "JBSAY": 0.09235402956283424,
    "DEWM": 0.09225518914518387,
    "ARZTY": 0.09182015902785333,
    "DGJI": 0.09173018309166203,
    "TCYMF": 0.09147905146323848,
    "TCYMY": 0.09147905146323848,
    "NAII": 0.0909609597791677,
    "FHAI": 0.09087247885558555,
    "RFBC": 0.08917487249238587,
    "RTON": 0.08825653457045897,
    "XYLTF": 0.08792028460995911,
    "DFODQ": 0.08788149385397367,
    "CHLE": 0.08757465287276366,
    "CYAN": 0.08731348317633313,
    "BSFC": 0.08722682797028788,
    "SAFM": 0.08717283917621399,
    "TBLMF": 0.08705064235021895,
    "TBLMY": 0.08705064235021895,
    "LANC": 0.08699090331028993,
    "HNFSA": 0.08593665119245467,
    "HNFSB": 0.08593665119245467,
    "FAMI": 0.08560225679733478,
    "CRMBQ": 0.08531283745028947,
    "AMNF": 0.08529535737046424,
    "PSYCF": 0.08523515937950377,
    "RIBT": 0.08499670125950329,
    "VTSYF": 0.08492975803549178,
    "GLAPY": 0.08427235785061511,
    "HRCR": 0.08427216736911056,
    "RELV": 0.08297120192732305,
    "GNCGF": 0.08285196604899765,
    "GNCGY": 0.08285196604899765,
    "RRRT": 0.08242859787917425,
    "NFPDF": 0.08216021583529781,
    "FREE": 0.08213490348445275,
    "PPC": 0.08190526754860575,
    "TOFB": 0.08150629181625055,
    "SHRMF": 0.0810357168630117,
    "SWSSF": 0.08079042831661368,
    "ASRE": 0.08000678850701563,
    "CHHE": 0.0792713220081346,
    "PLIN": 0.07874591281740738,
    "AIXN": 0.07736003357728045,
    "LYSFF": 0.0762494528426804,
    "LYSFY": 0.0762494528426804,
    "BABYF": 0.0755564576354602,
    "MRFGF": 0.07512118864655253,
    "OCGPF": 0.07470440803824935,
    "DTEA": 0.07461682190456426,
    "FARM": 0.0745821299192784,
    "NSRGF": 0.07363279085348479,
    "NSRGY": 0.07363279085348479,
    "HCEI": 0.07270983157860192,
    "AVOZ": 0.07177952067075513,
    "NCRA": 0.07120607022202864,
    "BFNH": 0.0703130661503949,
    "BABB": 0.07020377035055629,
    "MDRNF": 0.07014477345287981,
    "GSFD": 0.07013948032851013,
    "BYND": 0.06935701852857688,
    "MITC": 0.06870885626158793,
    "CFEIY": 0.06831000068929748,
    "AJOY": 0.06813412626771084,
    "GCGX": 0.06766358235398214,
    "GRGSF": 0.06738499426887086,
    "BEES": 0.06541632838767744,
    "GUROF": 0.06355110582788706,
    "MLFNF": 0.062379592102002245,
    "BMBOY": 0.05884357584006292,
    "GRBMF": 0.05884357584006292,
    "CMFO": 0.05814051934599225,
    "LFVN": 0.05496163678289024,
    "K": 0.05426313390086782,
    "QEDN": 0.05321728752683004,
    "GUZOF": 0.05279740032055876,
    "GRPBF": 0.0459074546434559,
    "SELR": 0.03349541166955755
}