{
    "CDNAF": 0.9999999999999994,
    "AZO": 0.3378653814482337,
    "AAP": 0.2967647018766694,
    "GPC": 0.29617652346749723,
    "CONN": 0.2938385763304506,
    "LIVE": 0.293834494660196,
    "SPGZ": 0.28921024439668414,
    "ASO": 0.2886083348229428,
    "WCRS": 0.27682345742622105,
    "MGLUY": 0.2767454939874775,
    "WSM": 0.27461293647276697,
    "ODP": 0.2592940638047343,
    "BGFV": 0.25751788090755673,
    "FIVE": 0.2542002061644572,
    "BBY": 0.24343898470276404,
    "ORLY": 0.24227940013063062,
    "CTIB": 0.23665213662027054,
    "SCOO": 0.23657389072412977,
    "DKS": 0.2344315404929012,
    "GLFGF": 0.2343276254298834,
    "TCS": 0.2303003536350061,
    "MNSO": 0.22422265524867965,
    "TA": 0.22259584253345407,
    "ELA": 0.2221771455974283,
    "WINA": 0.21951561589580224,
    "TSHO": 0.21844067116787383,
    "SBH": 0.21602965820526235,
    "JDSPY": 0.21488833468565746,
    "LEFUF": 0.21190101440203266,
    "HLFDY": 0.2111794810718632,
    "BNED": 0.20978755852434586,
    "KAR": 0.2076437794870842,
    "WOOF": 0.2066179316345472,
    "PRTY": 0.20615453181772467,
    "JOAN": 0.2051999529103477,
    "TLFA": 0.20461345292887897,
    "HOME": 0.20084106588795098,
    "TSCO": 0.20076700943865045,
    "HZO": 0.19994877073546508,
    "AAN": 0.1971814328779713,
    "SNROF": 0.1927364123788923,
    "BBW": 0.19176233660243996,
    "PETRY": 0.18452083092708918,
    "KIDBQ": 0.18154939956834504,
    "GME": 0.17863523570907772,
    "TUEM": 0.17728274187491092,
    "NCLTF": 0.17488127427343556,
    "NCLTY": 0.17488127427343556,
    "BBBY": 0.1738969433710112,
    "RH": 0.17214683020792113,
    "YSG": 0.17168193398239226,
    "BQ": 0.17108390459555556,
    "MIZUF": 0.1704730703498446,
    "CRFCF": 0.16953011569903145,
    "GRRDF": 0.1664121767874639,
    "LE": 0.16484472069772155,
    "BLNK": 0.16349489324640917,
    "SIMP": 0.16200075139097872,
    "HGGGQ": 0.16017719325055657,
    "HHER": 0.15875633316523288,
    "LQSIF": 0.15728264753383014,
    "REAL": 0.15411208273449217,
    "CHPT": 0.15404370728191072,
    "HIBB": 0.15192407956752108,
    "UMHL": 0.14894425731655556,
    "EYE": 0.14789109017494417,
    "RLAB": 0.1464981103701754,
    "JUMSY": 0.14500378331207053,
    "ULTA": 0.14332692292546526,
    "DFRYF": 0.1394070581837103,
    "DUFRY": 0.1394070581837103,
    "HSTG": 0.13858997402148807,
    "BOMH": 0.1363084621638242,
    "OGSM": 0.13219164495982935,
    "STHHF": 0.12977117954890113,
    "MUSA": 0.1292527660334736,
    "ZEON": 0.12572849056596164,
    "PLWY": 0.11985703917705144,
    "SSGOF": 0.11937845804159948,
    "KSPN": 0.11873309511329723,
    "ECXJ": 0.11820520656170307,
    "EVOA": 0.11648875575920471,
    "KIRK": 0.11639718572521358,
    "FVTI": 0.11569931373223394,
    "FLWS": 0.11491130441735777,
    "CAHI": 0.11459051607270845,
    "INSHF": 0.10839460371565886,
    "MRGN": 0.106858251857308,
    "BUNM": 0.10655639442843437,
    "JADG": 0.10383930122668893,
    "SFIX": 0.1033474697191058,
    "PUPS": 0.09595898701713383,
    "BWMX": 0.0957899059456261,
    "ORNC": 0.09461747187752156,
    "AWON": 0.0885666051367543,
    "NVVE": 0.0861317538461436,
    "AUNM": 0.08567581795359468,
    "MSSV": 0.08544363730108419,
    "CTNI": 0.07972052244009435,
    "LINUF": 0.07637582900828933,
    "EVUS": 0.07557019048541666,
    "JNSH": 0.07341128287519753,
    "BUUZ": 0.06274933175723056,
    "OBDP": 0.05367763331605703,
    "CMHZ": 0.04605184869139141,
    "CSGU": 0.038350049507413775
}