{
    "HOME": 1.0,
    "WSM": 0.3325097783813402,
    "KIRK": 0.2407876711363692,
    "TUEM": 0.23697700349076134,
    "AAN": 0.2308146345374943,
    "CONN": 0.22212361675331277,
    "CDNAF": 0.20084106588795098,
    "BBBY": 0.18737776906408962,
    "TCS": 0.18718875096179058,
    "JOAN": 0.1822720006835144,
    "TSHO": 0.18011255088122718,
    "FIVE": 0.17740478825380643,
    "RH": 0.1746114136135113,
    "KIDBQ": 0.1720125007784249,
    "BBY": 0.1694142480598059,
    "MNSO": 0.16657279501816077,
    "LEFUF": 0.16295531983482092,
    "AZO": 0.162917085714231,
    "HGGGQ": 0.1620282557154643,
    "AAP": 0.1587364437773497,
    "WCRS": 0.15856197510149567,
    "REAL": 0.15494360929456577,
    "HLFDY": 0.1499903600076844,
    "MGLUY": 0.14567848207537873,
    "TA": 0.14417951298854614,
    "ODP": 0.1429308321113231,
    "RLAB": 0.14100916220891718,
    "ASO": 0.14065093530446393,
    "BBW": 0.13918705385818522,
    "CTIB": 0.1353132003142778,
    "WINA": 0.13491691917502296,
    "GLFGF": 0.13141649230242222,
    "JDSPY": 0.13139547397925036,
    "PRTY": 0.12475992206029074,
    "ORLY": 0.12313163881241562,
    "HIBB": 0.123115030544461,
    "TSCO": 0.12243297719463556,
    "TLFA": 0.12227746719479328,
    "FLWS": 0.1218716637032303,
    "GRRDF": 0.12105676043171419,
    "BGFV": 0.12024969089206218,
    "LIVE": 0.1196955409776673,
    "SIMP": 0.11948234289238027,
    "JUMSY": 0.11831236435385331,
    "ELA": 0.11806396663013344,
    "GME": 0.1145468110999903,
    "GPC": 0.11448861062872348,
    "EYE": 0.11441138495906508,
    "SPGZ": 0.11361734301309892,
    "ULTA": 0.11304131914906206,
    "LE": 0.11285618453375959,
    "LQSIF": 0.11169873960735333,
    "SCOO": 0.1112242872023284,
    "WOOF": 0.11025201993809075,
    "SNROF": 0.10923042647751194,
    "SBH": 0.109010050120186,
    "BNED": 0.10895849969658954,
    "CRFCF": 0.10877880617758173,
    "MUSA": 0.10807026343782408,
    "YSG": 0.10786311818297638,
    "DKS": 0.10484608647574495,
    "HZO": 0.10397030839103767,
    "NCLTF": 0.10075585876388994,
    "NCLTY": 0.10075585876388994,
    "HHER": 0.09851314153289782,
    "BWMX": 0.09789921123402925,
    "DFRYF": 0.0973792525404812,
    "DUFRY": 0.0973792525404812,
    "INSHF": 0.09709453048304525,
    "OGSM": 0.09476185539811313,
    "CHPT": 0.09391735138936132,
    "PETRY": 0.09065273250048539,
    "ECXJ": 0.086299033653832,
    "HSTG": 0.08479249971897232,
    "STHHF": 0.08469787353179165,
    "LINUF": 0.08252097769932493,
    "FVTI": 0.08180907159924987,
    "CAHI": 0.08152307557667479,
    "BOMH": 0.08133783460574028,
    "BLNK": 0.08070491842160932,
    "CSGU": 0.08003408034307621,
    "KAR": 0.07936595047644557,
    "BQ": 0.07818298892234138,
    "SFIX": 0.0767539197759613,
    "PUPS": 0.07569580220049502,
    "EVOA": 0.07482640108247861,
    "ORNC": 0.07477959505309263,
    "MIZUF": 0.0744910807844902,
    "KSPN": 0.0732348669431797,
    "AWON": 0.07300361174408336,
    "UMHL": 0.07125626849357618,
    "ZEON": 0.07033379472469282,
    "BUUZ": 0.07008849362117792,
    "AUNM": 0.06869134033204574,
    "SSGOF": 0.0666885496675638,
    "MSSV": 0.06632702323157086,
    "BUNM": 0.06550426760886399,
    "PLWY": 0.06489760337812231,
    "JADG": 0.06288341431142996,
    "OBDP": 0.05895705192265933,
    "CTNI": 0.05826113760428739,
    "MRGN": 0.05662829351682382,
    "EVUS": 0.05618368219818065,
    "JNSH": 0.05198814269592804,
    "NVVE": 0.05144344060857854,
    "CMHZ": 0.051165863583411325
}