{
    "BYLG": 1.0,
    "CHNO": 0.20873839547648007,
    "ZH": 0.19724325583753202,
    "FRFR": 0.18732267451272666,
    "BCWG": 0.18091256540161993,
    "GOGY": 0.13675273454846262,
    "TCEHY": 0.13573647188041316,
    "TCTZF": 0.13573647188041316,
    "TNYYF": 0.1342326730811216,
    "LKST": 0.12129657089271181,
    "KRKR": 0.1206571644424918,
    "ATHM": 0.1201652829334544,
    "CNNM": 0.11999655904653109,
    "ELRE": 0.11282240578019251,
    "TME": 0.1117089700188759,
    "OPNDF": 0.11167484949643329,
    "DELCF": 0.11145735204611347,
    "LKCO": 0.11026492912976135,
    "CSXXY": 0.10794223592028308,
    "TC": 0.10668251123401049,
    "NUGL": 0.10219775279058183,
    "LEAF": 0.10206573862383826,
    "SLNM": 0.1018964800357159,
    "MRNJ": 0.10045625263856366,
    "SEEK": 0.10001401536268452,
    "MARK": 0.09953981056235418,
    "CARG": 0.0990882404279404,
    "FVRR": 0.09898951666847886,
    "ATDRY": 0.09884380339227095,
    "TGRVF": 0.09853326562853248,
    "MDAW": 0.09729467721254445,
    "CHLLF": 0.09719308605580931,
    "MEIUF": 0.09714141715863692,
    "ZONX": 0.09524454482144196,
    "QQQFF": 0.09421884657169906,
    "YITD": 0.09419998666133889,
    "TRUE": 0.09397064557298929,
    "CYAP": 0.0921756593677028,
    "MVEN": 0.09076430027911145,
    "CTYO": 0.09075088667575253,
    "JFIN": 0.08906546108554753,
    "YELP": 0.08772142223211625,
    "CIIX": 0.08700134275707304,
    "CRWG": 0.08530522832997035,
    "REDFY": 0.08420272721330808,
    "LOCMQ": 0.08373985970250877,
    "MOXC": 0.0835699694632456,
    "IQ": 0.08347129495462169,
    "SOHU": 0.08297773257980104,
    "GOOG": 0.08236742229536213,
    "GOOGL": 0.08236742229536213,
    "RBDC": 0.0819510217633369,
    "IAC": 0.08156770161465217,
    "GRMM": 0.08128712535001814,
    "QTT": 0.08080603654191554,
    "LBUY": 0.08067703594261887,
    "RWRDP": 0.08039674162951736,
    "Z": 0.08038336971017303,
    "ZG": 0.08038336971017303,
    "CXKJ": 0.08033334189096358,
    "IVME": 0.08006950644374913,
    "BWBA": 0.0798115798067702,
    "RTMVF": 0.07959660926621864,
    "RTMVY": 0.07959660926621864,
    "TRVG": 0.07943526511614316,
    "SPOT": 0.07832413003991646,
    "MTCH": 0.07809303649439488,
    "LTRPA": 0.07801747548159854,
    "LTRPB": 0.07801747548159854,
    "PALS": 0.07795830924373659,
    "PROSF": 0.0775167989309503,
    "PROSY": 0.0775167989309503,
    "ZZLL": 0.07739299371651265,
    "DATI": 0.07739265502370143,
    "BBTVF": 0.07693900842807444,
    "TTGT": 0.07692562830119226,
    "SFUN": 0.07674956542724662,
    "NDMT": 0.0761948194391305,
    "SCOR": 0.0756915516339942,
    "THRY": 0.07519114081414667,
    "GIFX": 0.07495702574132207,
    "LTCP": 0.07466690611036537,
    "EWRC": 0.07465747905659573,
    "ILIM": 0.07462957078389224,
    "GRUB": 0.0745942719358467,
    "CDLX": 0.07453834823554788,
    "MOMO": 0.07450977135456782,
    "FENG": 0.07290688062606274,
    "ANGI": 0.07227934867484179,
    "ABBY": 0.07216225830487598,
    "ISHM": 0.07214312275330156,
    "AUTO": 0.07171745515212437,
    "BLCT": 0.0714500486843901,
    "EVER": 0.07105109804700184,
    "MSEZ": 0.07090606534359456,
    "BSPR": 0.0698967944982113,
    "WB": 0.069828160178774,
    "BMTM": 0.06976931003187052,
    "IDLM": 0.06940482101589829,
    "LIZI": 0.0690173399258762,
    "GENI": 0.06871352888845281,
    "OTTV": 0.06829767751382405,
    "DOYU": 0.06794886309747974,
    "YOOIF": 0.06757065916822669,
    "GAIA": 0.0669129963403983,
    "DGTHF": 0.0667772111818346,
    "SSTK": 0.06608041372731799,
    "UXIN": 0.06588308909759576,
    "WLYW": 0.06518234362926509,
    "SPFYF": 0.06491228014890622,
    "CANG": 0.06475472795468173,
    "PERI": 0.06470676830462083,
    "NETTF": 0.06408467449517455,
    "NTES": 0.06408467449517455,
    "RAIO": 0.06337591121991497,
    "CRTD": 0.06335123845255866,
    "BLIS": 0.062332670660047544,
    "MSMY": 0.06225281696939054,
    "SOGO": 0.061779713306695905,
    "NAPRF": 0.061684406866457944,
    "NPSNY": 0.061684406866457944,
    "LIVC": 0.06158565193028975,
    "ABNB": 0.06113846473378505,
    "YY": 0.060927041084251427,
    "PRSNF": 0.06020039461681716,
    "ACUIF": 0.0600662848702391,
    "BIDU": 0.05976126843313562,
    "IZEA": 0.059109549947499014,
    "GRPN": 0.058953208166053254,
    "PINS": 0.05819291754586293,
    "SNAP": 0.05767459980999292,
    "DASH": 0.055295816030998035,
    "DAO": 0.05528604183678704,
    "TWTR": 0.055125577961950674,
    "FB": 0.05489929664342863,
    "BTIM": 0.051898265806033475,
    "TWLO": 0.05088889422223392,
    "PCOM": 0.049898649285803474,
    "INTH": 0.04846477078804528,
    "MAX": 0.04776610914691244,
    "LHGI": 0.04724435290930857,
    "NIROF": 0.047137287105728676,
    "VMSI": 0.04640842573673799,
    "NXCLF": 0.04151563517961469,
    "ZMDTF": 0.04022506165215772,
    "FMHS": 0.03896618519106071,
    "KIWB": 0.03712133157981543,
    "LOV": 0.03340457108543679,
    "LDSI": 0.029081577051669232,
    "YNDX": 0.028602019800826727
}