{
    "CTYO": 1.0000000000000002,
    "BWBA": 0.2534264680738572,
    "LKST": 0.24581732413440766,
    "ZH": 0.22744230935005813,
    "RAIO": 0.21571577943164452,
    "CIIX": 0.21059116886540197,
    "KRKR": 0.2058038397102108,
    "OTTV": 0.2028860426144507,
    "YITD": 0.1939261198438903,
    "MEIUF": 0.18023852426351297,
    "REDFY": 0.1770714839935623,
    "TRUE": 0.1741860155159652,
    "IAC": 0.16496706162889546,
    "MVEN": 0.16310777086344322,
    "TCEHY": 0.16286496038910328,
    "TCTZF": 0.16286496038910328,
    "CNNM": 0.162680264043578,
    "IDLM": 0.16258104749597463,
    "FENG": 0.15525364486612345,
    "CHLLF": 0.15391710146326212,
    "IQ": 0.14925181797022163,
    "SSTK": 0.14759885523099006,
    "ATHM": 0.14727609111321344,
    "NAPRF": 0.1450725126942565,
    "NPSNY": 0.1450725126942565,
    "MDAW": 0.1436490710394576,
    "ANGI": 0.1435947027660587,
    "MOMO": 0.14256309998504357,
    "QQQFF": 0.14241493014343193,
    "RTMVF": 0.1423542975471179,
    "RTMVY": 0.1423542975471179,
    "FB": 0.13994058204365625,
    "MRNJ": 0.13961460900150452,
    "NETTF": 0.1388570524889984,
    "NTES": 0.1388570524889984,
    "PALS": 0.13855402146868626,
    "WLYW": 0.1385270203371642,
    "DATI": 0.1378861089094588,
    "BCWG": 0.13737891319523404,
    "KIWB": 0.1373203730882268,
    "TGRVF": 0.13629250272660567,
    "LEAF": 0.135974969872218,
    "CARG": 0.13479103522892977,
    "GRMM": 0.13475426311381863,
    "OPNDF": 0.13415548868781002,
    "TWLO": 0.13402954636002942,
    "SOGO": 0.1339432815546299,
    "PROSF": 0.1331808130563108,
    "PROSY": 0.1331808130563108,
    "EWRC": 0.13254526051298973,
    "CRWG": 0.1319325140202918,
    "SFUN": 0.13159103801732386,
    "ISHM": 0.129052341808762,
    "LTRPA": 0.1286354031614874,
    "LTRPB": 0.1286354031614874,
    "GIFX": 0.12840004224465879,
    "MARK": 0.12768617864244738,
    "TC": 0.1271841306588307,
    "SEEK": 0.127165425625679,
    "GOOG": 0.12660001396943585,
    "GOOGL": 0.12660001396943585,
    "AUTO": 0.1233162322087099,
    "LKCO": 0.12322165196090124,
    "BSPR": 0.12238925635750497,
    "RBDC": 0.12226258816234971,
    "SLNM": 0.11945397712961409,
    "YELP": 0.11827282471430885,
    "TTGT": 0.11782222270989225,
    "CSXXY": 0.11595210182533884,
    "SOHU": 0.115304862237873,
    "YY": 0.11458447628450516,
    "LIZI": 0.11419357356223948,
    "ZZLL": 0.11407935251201183,
    "NDMT": 0.11314921902125903,
    "FVRR": 0.11281601817085775,
    "GAIA": 0.1124905243573377,
    "BLCT": 0.11205107056996017,
    "CDLX": 0.1116164087028005,
    "WB": 0.11037229645810624,
    "YOOIF": 0.1085130659609749,
    "THRY": 0.10756339907387233,
    "LTCP": 0.10740340442108431,
    "LIVC": 0.10724765424677596,
    "LHGI": 0.10724027927142506,
    "CANG": 0.10618966082656743,
    "SCOR": 0.10571142166590927,
    "DGTHF": 0.10456201334041053,
    "QTT": 0.10369202331547855,
    "BBTVF": 0.10323331000825388,
    "GRUB": 0.10319829416045785,
    "JFIN": 0.10261168026483024,
    "TME": 0.10173462357239799,
    "ATDRY": 0.10063754384609754,
    "BIDU": 0.10046708167269493,
    "PINS": 0.10035570827206275,
    "SPOT": 0.10016280729720933,
    "CRTD": 0.0998592854279013,
    "ZONX": 0.09950568634113088,
    "TNYYF": 0.0994247704001207,
    "EVER": 0.09913492490094479,
    "MSEZ": 0.09896732589205468,
    "LOCMQ": 0.09895282912543801,
    "IZEA": 0.09724481088451194,
    "Z": 0.09702731876030457,
    "ZG": 0.09702731876030457,
    "SNAP": 0.09659972493722836,
    "GRPN": 0.09634697985492865,
    "DOYU": 0.09633044959704284,
    "GENI": 0.0942959629877463,
    "DAO": 0.09407372246278861,
    "BMTM": 0.09348949829449937,
    "RWRDP": 0.09347433181100233,
    "CXKJ": 0.09231708316967532,
    "ABNB": 0.09146959665187357,
    "LBUY": 0.09109847556731726,
    "TRVG": 0.0908244224740565,
    "BYLG": 0.09075088667575253,
    "ABBY": 0.0899438719899305,
    "TWTR": 0.08945633843251355,
    "MOXC": 0.08910504443266186,
    "VMSI": 0.08889093137224405,
    "SPFYF": 0.08843782289867941,
    "PERI": 0.08773938713741852,
    "BTIM": 0.08532742787853329,
    "ILIM": 0.08440487473612668,
    "IVME": 0.08425246316098728,
    "FRFR": 0.08392990586542377,
    "NUGL": 0.08072548407881787,
    "PCOM": 0.07541374523084757,
    "DASH": 0.07488277704108723,
    "NXCLF": 0.07351607360968684,
    "ACUIF": 0.07203354290670735,
    "MTCH": 0.07123607125311664,
    "MAX": 0.07109870254704392,
    "NIROF": 0.07109868595198941,
    "CYAP": 0.06972078578886669,
    "ELRE": 0.06955841593583661,
    "UXIN": 0.06932521565763214,
    "DELCF": 0.06889391340109055,
    "PRSNF": 0.06763601873587972,
    "INTH": 0.06571363130189843,
    "FMHS": 0.06429410754360934,
    "GOGY": 0.06350433349318813,
    "CHNO": 0.06034633971204939,
    "YNDX": 0.059450992597059625,
    "ZMDTF": 0.05573161130902111,
    "MSMY": 0.05548678044188405,
    "BLIS": 0.053294847858525334,
    "LDSI": 0.050582066064013484,
    "LOV": 0.04833910632594883
}