{
    "MRNJ": 1.0000000000000002,
    "YELP": 0.23087108738519768,
    "KRKR": 0.22503083143261193,
    "TCEHY": 0.21780701960219442,
    "TCTZF": 0.21780701960219442,
    "IAC": 0.21464824734445462,
    "SEEK": 0.2092181444290085,
    "CNNM": 0.20675632995155543,
    "QTT": 0.20601760187646237,
    "NDMT": 0.20524280664694802,
    "THRY": 0.20320609010262514,
    "CHLLF": 0.1971738327730762,
    "LOCMQ": 0.19670280474364074,
    "FVRR": 0.19627261905133336,
    "MOMO": 0.18704690560038573,
    "YITD": 0.18478244580993736,
    "BBTVF": 0.18237867373233518,
    "IZEA": 0.18093895017347417,
    "LEAF": 0.1799449986778051,
    "TTGT": 0.1798732127458509,
    "LKCO": 0.1792624456269233,
    "SCOR": 0.17878019246759996,
    "GOOG": 0.17249708040673173,
    "GOOGL": 0.17249708040673173,
    "SOHU": 0.17194230097807256,
    "MVEN": 0.17106368089391014,
    "MEIUF": 0.16924311342718587,
    "ATHM": 0.16865599616901344,
    "REDFY": 0.16628903646495685,
    "TGRVF": 0.16583961918930665,
    "GRUB": 0.16332134891291775,
    "FENG": 0.16299258949518552,
    "SOGO": 0.16230589477634708,
    "TRUE": 0.1619694900176621,
    "PERI": 0.16041704523926661,
    "IQ": 0.1584767381562616,
    "CSXXY": 0.15749258984284478,
    "SSTK": 0.15743674237768066,
    "ZH": 0.15740462457441864,
    "YOOIF": 0.15698591332695708,
    "NAPRF": 0.1559830830322784,
    "NPSNY": 0.1559830830322784,
    "ANGI": 0.15334725801941393,
    "WB": 0.1515904968181061,
    "CDLX": 0.1491093887096304,
    "AUTO": 0.14850272762845276,
    "GENI": 0.14816222117515432,
    "BCWG": 0.14780549314711375,
    "CIIX": 0.1474721084596681,
    "GIFX": 0.14661786415583175,
    "EWRC": 0.14591171617901325,
    "BIDU": 0.14521068611693425,
    "CRTD": 0.14384710036955078,
    "PALS": 0.14303878730676994,
    "TWTR": 0.14299878636265356,
    "LTCP": 0.14267772583240548,
    "LTRPA": 0.14113062138922647,
    "LTRPB": 0.14113062138922647,
    "CTYO": 0.13961460900150452,
    "PROSF": 0.13873552151504823,
    "PROSY": 0.13873552151504823,
    "ISHM": 0.13719842743696967,
    "ZONX": 0.13678888883274393,
    "IVME": 0.1347494144328276,
    "QQQFF": 0.1331618484170161,
    "GAIA": 0.13303500210383612,
    "OPNDF": 0.1329165043283109,
    "RAIO": 0.13254015282007195,
    "NETTF": 0.1322446546567897,
    "NTES": 0.1322446546567897,
    "DATI": 0.1322312281288612,
    "SLNM": 0.13150527298727607,
    "ZZLL": 0.13001177168508538,
    "ATDRY": 0.12684240550024617,
    "Z": 0.12344893655547091,
    "ZG": 0.12344893655547091,
    "MDAW": 0.12200408494412489,
    "SFUN": 0.11976965357632614,
    "RTMVF": 0.11856177499144485,
    "RTMVY": 0.11856177499144485,
    "SPFYF": 0.11777684095894818,
    "WLYW": 0.11711971708190093,
    "BMTM": 0.11641519669581811,
    "MARK": 0.11508948110669369,
    "BSPR": 0.11289653831676594,
    "DGTHF": 0.1119996254022116,
    "LIZI": 0.11148058582857436,
    "CRWG": 0.11118230461755695,
    "CARG": 0.11090240900052771,
    "MSMY": 0.11014664011393237,
    "RBDC": 0.11009334386210815,
    "GRMM": 0.11007841429395239,
    "EVER": 0.10770447489448087,
    "VMSI": 0.10666621821820403,
    "RWRDP": 0.10640573010098155,
    "DAO": 0.10565915847028629,
    "TME": 0.10504593167713377,
    "LKST": 0.10370626642485374,
    "IDLM": 0.10347973186500385,
    "YY": 0.10320233855778387,
    "ACUIF": 0.1028618765680752,
    "BLCT": 0.10145199480490608,
    "BYLG": 0.10045625263856366,
    "PINS": 0.10039912384440809,
    "GRPN": 0.1003354664220428,
    "ABNB": 0.09939412393849725,
    "FB": 0.0990136164806126,
    "DOYU": 0.09846152879026214,
    "DASH": 0.09838217458999901,
    "TC": 0.09793605449660467,
    "MTCH": 0.09786505352187069,
    "LOV": 0.09704231717729765,
    "TNYYF": 0.09458541209018366,
    "SNAP": 0.09171875028517473,
    "TWLO": 0.09050367781140127,
    "TRVG": 0.09003704788770989,
    "LIVC": 0.08974442319178894,
    "BWBA": 0.08954815758280726,
    "MOXC": 0.08925231659481986,
    "ILIM": 0.08861624549958602,
    "PCOM": 0.08860648693193743,
    "MSEZ": 0.08852499534438235,
    "SPOT": 0.0874964820787775,
    "LHGI": 0.0873971198304318,
    "ZMDTF": 0.08550069170102237,
    "ABBY": 0.08404754067231412,
    "BTIM": 0.08261794269110101,
    "CHNO": 0.0781613139030449,
    "CXKJ": 0.07808375713238165,
    "CYAP": 0.07717750855992535,
    "CANG": 0.0760101290619486,
    "UXIN": 0.07275527253537777,
    "MAX": 0.07078815274223917,
    "JFIN": 0.07009596387540902,
    "PRSNF": 0.06820626608400598,
    "GOGY": 0.06583287135838346,
    "YNDX": 0.06573155458623002,
    "NXCLF": 0.0625033096670847,
    "LDSI": 0.06182795353713067,
    "LBUY": 0.061345377020568345,
    "OTTV": 0.060490864876706234,
    "NIROF": 0.06043235302615389,
    "FRFR": 0.05930362434563893,
    "NUGL": 0.058079939699735045,
    "INTH": 0.057342434817473156,
    "FMHS": 0.055948095158459395,
    "KIWB": 0.05584438266186447,
    "ELRE": 0.04873037626527364,
    "BLIS": 0.043695400220884376,
    "DELCF": 0.043626073675240684
}