{
    "NETTF": 1.0000000000000002,
    "NTES": 1.0000000000000002,
    "DAO": 0.608261098015692,
    "TCEHY": 0.25718014771876013,
    "TCTZF": 0.25718014771876013,
    "YY": 0.2318009410543678,
    "TGRVF": 0.21910678735454248,
    "SOHU": 0.21247442430484798,
    "IQ": 0.2101901925555662,
    "TME": 0.2018950213905797,
    "ATHM": 0.19118090412562863,
    "DOYU": 0.19060411958017767,
    "KRKR": 0.18760096341590482,
    "MEIUF": 0.18712384894697115,
    "MOMO": 0.17985523905897216,
    "WB": 0.17533157083574885,
    "FENG": 0.17466629318810278,
    "ZH": 0.17170069921108722,
    "IAC": 0.17051116109562736,
    "FVRR": 0.1695168326822754,
    "CHLLF": 0.16838908679499526,
    "CNNM": 0.16817154639928242,
    "LKCO": 0.1653683260862965,
    "YITD": 0.1652339876761793,
    "LEAF": 0.1648612680681453,
    "GOOG": 0.16391481264554322,
    "GOOGL": 0.16391481264554322,
    "SOGO": 0.15936001970987965,
    "MVEN": 0.15643995955164683,
    "YELP": 0.15623112963310953,
    "CIIX": 0.15527249590867795,
    "EWRC": 0.15444039547167895,
    "SEEK": 0.15043814386939222,
    "BIDU": 0.1502671336577101,
    "TRUE": 0.149601746733259,
    "LTRPA": 0.1483561902105149,
    "LTRPB": 0.1483561902105149,
    "CSXXY": 0.14668336462650614,
    "LIVC": 0.14654966238172232,
    "SCOR": 0.14531794901407694,
    "TWTR": 0.14364624775987864,
    "LIZI": 0.14206230296589098,
    "MARK": 0.1419340901670608,
    "CRTD": 0.14154666567975985,
    "REDFY": 0.13996794616875385,
    "PRSNF": 0.1391575644605881,
    "YOOIF": 0.1390423021427054,
    "PERI": 0.13900818121146172,
    "CTYO": 0.1388570524889984,
    "RAIO": 0.13851056068016254,
    "AUTO": 0.13804520048489768,
    "SPOT": 0.13803841740901984,
    "SSTK": 0.13622975192581635,
    "ANGI": 0.13553689188625964,
    "BCWG": 0.13465836913972554,
    "ZONX": 0.1339784140446868,
    "PALS": 0.1329403769605378,
    "BLCT": 0.13232480908724836,
    "MRNJ": 0.1322446546567897,
    "WLYW": 0.1319754586999931,
    "GENI": 0.13129968894141003,
    "NDMT": 0.13091847457773848,
    "LOCMQ": 0.13081188595103432,
    "ATDRY": 0.12930564403078426,
    "SFUN": 0.1286885149406057,
    "CARG": 0.12832371817534063,
    "GRUB": 0.12772561303399685,
    "TWLO": 0.1263387220052125,
    "THRY": 0.12532520157416846,
    "TTGT": 0.12487102473261669,
    "MSEZ": 0.12466788611608616,
    "FB": 0.12404370559196759,
    "RTMVF": 0.1239515408414642,
    "RTMVY": 0.1239515408414642,
    "BBTVF": 0.12023670708401549,
    "IDLM": 0.1197283160610801,
    "GRPN": 0.119529266250524,
    "LTCP": 0.11925259978292407,
    "QTT": 0.11802587282011634,
    "GAIA": 0.11769533837987872,
    "CDLX": 0.11692911245683,
    "PINS": 0.11663855442593118,
    "QQQFF": 0.11633950235763553,
    "ABNB": 0.11572407413010222,
    "ILIM": 0.1155467112367026,
    "SPFYF": 0.11392398338056407,
    "RWRDP": 0.1131446183567711,
    "GRMM": 0.11269281249187137,
    "SLNM": 0.11268977930706885,
    "MOXC": 0.1126057941245936,
    "DASH": 0.11143955440391132,
    "DGTHF": 0.1110157674405558,
    "TRVG": 0.11085691705725814,
    "CXKJ": 0.10994662937449697,
    "EVER": 0.10986650718644234,
    "JFIN": 0.10974979118881983,
    "NAPRF": 0.10974649573206731,
    "NPSNY": 0.10974649573206731,
    "Z": 0.10946731472909764,
    "ZG": 0.10946731472909764,
    "SNAP": 0.10935552658490161,
    "BMTM": 0.10924499261372188,
    "RBDC": 0.10869521591631792,
    "IZEA": 0.10863862096553736,
    "MDAW": 0.10761823113385688,
    "PROSF": 0.10761568183912802,
    "PROSY": 0.10761568183912802,
    "DATI": 0.10554548035911754,
    "PCOM": 0.10550672206870675,
    "CYAP": 0.1043255193490415,
    "GOGY": 0.10430425353655906,
    "CANG": 0.10419836396315704,
    "GIFX": 0.10358190955383254,
    "TC": 0.0996052023220867,
    "BSPR": 0.09896921975218437,
    "VMSI": 0.0989643730396444,
    "OPNDF": 0.09517062911849397,
    "TNYYF": 0.09313493306412175,
    "ZZLL": 0.09267463520691312,
    "ACUIF": 0.09158593226298699,
    "OTTV": 0.09125269558897517,
    "FMHS": 0.09012954479410834,
    "UXIN": 0.09012701826974706,
    "BTIM": 0.08964314130124715,
    "CRWG": 0.0894319118761903,
    "IVME": 0.08890552392249036,
    "ISHM": 0.08862290776949926,
    "LBUY": 0.08816133845865232,
    "ELRE": 0.08758691798252122,
    "MAX": 0.08278692745807545,
    "LKST": 0.08174996767662855,
    "MTCH": 0.07971819030425038,
    "NIROF": 0.07868770471717144,
    "FRFR": 0.07776441323903269,
    "MSMY": 0.076601884722063,
    "KIWB": 0.07566792194596914,
    "YNDX": 0.07471078305132856,
    "LHGI": 0.07439845162069456,
    "INTH": 0.0726807105990114,
    "NUGL": 0.07172961601249829,
    "BWBA": 0.06768206049943355,
    "ABBY": 0.06626707542763435,
    "BYLG": 0.06408467449517455,
    "ZMDTF": 0.061739702963032855,
    "NXCLF": 0.05885218036369609,
    "BLIS": 0.05491785989168746,
    "LOV": 0.05483820095941868,
    "DELCF": 0.05463081339419412,
    "CHNO": 0.0532968218796435,
    "LDSI": 0.03277722115545743
}