{
    "NUGL": 1.0000000000000002,
    "BCWG": 0.17863857706479033,
    "ZONX": 0.17763530586530357,
    "RBDC": 0.134744236491345,
    "KIWB": 0.13204182996097708,
    "MOXC": 0.13170665036033488,
    "CYAP": 0.13035070223786338,
    "EVER": 0.1291698802219606,
    "EWRC": 0.1285628885704263,
    "BMTM": 0.12663667850595864,
    "ABNB": 0.12645863272178282,
    "DATI": 0.12495842514481388,
    "PINS": 0.12248239716735035,
    "IZEA": 0.12118831370676808,
    "GRPN": 0.11775554760180797,
    "YOOIF": 0.11750644854222403,
    "DASH": 0.11696918963155652,
    "LKST": 0.11676276041143073,
    "LIVC": 0.11490146949715034,
    "DGTHF": 0.11441195622637668,
    "PROSF": 0.1105140773398993,
    "PROSY": 0.1105140773398993,
    "BTIM": 0.10769722132971102,
    "PALS": 0.10645432018007538,
    "TRUE": 0.10562671187318727,
    "FRFR": 0.10530298485598746,
    "RAIO": 0.10292451806708738,
    "BYLG": 0.10219775279058183,
    "SNAP": 0.10097005523846177,
    "GIFX": 0.10088182424427544,
    "LTCP": 0.10068712850418808,
    "ATHM": 0.0997654851428255,
    "CARG": 0.09966950924162424,
    "IQ": 0.09902148553021327,
    "GAIA": 0.09780125386519618,
    "AUTO": 0.09677798750340087,
    "ABBY": 0.09648017866580405,
    "VMSI": 0.09513932977433494,
    "KRKR": 0.09351046797187934,
    "MOMO": 0.09209289258254388,
    "CRTD": 0.09207298682821372,
    "QTT": 0.09094004008392859,
    "LEAF": 0.09082040419005777,
    "CNNM": 0.09046729405578081,
    "PRSNF": 0.08851065896130542,
    "SEEK": 0.08698074503099286,
    "MEIUF": 0.08591995069621292,
    "LHGI": 0.08537323283179166,
    "YY": 0.08435269110163363,
    "WLYW": 0.08289899508631461,
    "MVEN": 0.08250615545970005,
    "CIIX": 0.08194403657933688,
    "SFUN": 0.08190933420102309,
    "THRY": 0.08132650488164062,
    "CTYO": 0.08072548407881787,
    "MARK": 0.08065684746098599,
    "GRUB": 0.0804918580870729,
    "IAC": 0.08035299693421566,
    "GRMM": 0.07973402191096465,
    "IDLM": 0.07971441059850229,
    "INTH": 0.07926117893535256,
    "SPFYF": 0.07907019989318624,
    "ATDRY": 0.07895174545416044,
    "MSEZ": 0.07696263803154048,
    "BSPR": 0.07669993919370421,
    "ZH": 0.07654001919576466,
    "SSTK": 0.07637361044565731,
    "BLIS": 0.0762858603729819,
    "RTMVF": 0.07586476145334492,
    "RTMVY": 0.07586476145334492,
    "SLNM": 0.07507277363230075,
    "ANGI": 0.07369685715089169,
    "TCEHY": 0.072601943210309,
    "TCTZF": 0.072601943210309,
    "WB": 0.07243801517269687,
    "YELP": 0.0721767868029533,
    "ELRE": 0.07205150777103195,
    "NETTF": 0.07172961601249829,
    "NTES": 0.07172961601249829,
    "LOCMQ": 0.07098686219586837,
    "TWLO": 0.07073989053002698,
    "MAX": 0.06930454759497723,
    "FVRR": 0.06799593859608237,
    "CHNO": 0.06732018916919835,
    "CDLX": 0.06719741731273829,
    "GOGY": 0.06716924886764265,
    "LTRPA": 0.0670991416006756,
    "LTRPB": 0.0670991416006756,
    "CRWG": 0.06678333362275062,
    "GOOG": 0.06672895090856219,
    "GOOGL": 0.06672895090856219,
    "OPNDF": 0.06664329211647296,
    "NAPRF": 0.06649282904302777,
    "NPSNY": 0.06649282904302777,
    "LIZI": 0.06611053495319556,
    "TWTR": 0.06605932590667045,
    "PERI": 0.06556747046511467,
    "TRVG": 0.06555590798709132,
    "YITD": 0.06484090959061645,
    "IVME": 0.06452303351133898,
    "ACUIF": 0.06363266875410717,
    "CHLLF": 0.06362512050792363,
    "MTCH": 0.06360739863569333,
    "SCOR": 0.06229985783941289,
    "TGRVF": 0.06223159472440641,
    "FB": 0.06123385940584907,
    "FENG": 0.06102947805624835,
    "MSMY": 0.06102342482550957,
    "TTGT": 0.06036660970181825,
    "DELCF": 0.06016119940395508,
    "OTTV": 0.059819194891217,
    "BBTVF": 0.059122857757470504,
    "FMHS": 0.05894163479158965,
    "JFIN": 0.05877359179185192,
    "REDFY": 0.058097624789250665,
    "MRNJ": 0.058079939699735045,
    "SPOT": 0.05727390610840231,
    "LBUY": 0.0571268489923395,
    "ISHM": 0.0565595190888769,
    "DOYU": 0.055922891894274004,
    "Z": 0.055617432418423214,
    "ZG": 0.055617432418423214,
    "NDMT": 0.05539859713985841,
    "CSXXY": 0.05386901790998549,
    "TME": 0.05294657735950162,
    "GENI": 0.05271429956340503,
    "QQQFF": 0.0518742359060145,
    "ILIM": 0.05040522124041952,
    "ZZLL": 0.04983581327237595,
    "BWBA": 0.04975137012908225,
    "RWRDP": 0.04956633140990781,
    "SOHU": 0.0492619066965515,
    "LDSI": 0.049004887318185954,
    "MDAW": 0.04803381832733965,
    "DAO": 0.04750780709536848,
    "BIDU": 0.04698743588547152,
    "TC": 0.04692998461904602,
    "LKCO": 0.04528683553977632,
    "TNYYF": 0.04501641415748791,
    "SOGO": 0.044393814543999016,
    "CANG": 0.04349557560141058,
    "CXKJ": 0.039424655020927526,
    "PCOM": 0.03844483734002311,
    "NXCLF": 0.03820035113375929,
    "NIROF": 0.034165216895857733,
    "BLCT": 0.03305537233226413,
    "LOV": 0.03240358711715964,
    "UXIN": 0.031085859968762,
    "ZMDTF": 0.029355397764169407,
    "YNDX": 0.020325013711930462
}