{
    "PALS": 1.0000000000000002,
    "PCOM": 0.35615138440540983,
    "PRSNF": 0.2567502478749143,
    "LEAF": 0.22812619745490081,
    "SEEK": 0.22590328788233732,
    "MARK": 0.22248271815039222,
    "ZONX": 0.2186702086162619,
    "YOOIF": 0.2150572221084984,
    "CARG": 0.19618670286089543,
    "GRMM": 0.19175344905891073,
    "MOMO": 0.19147617132158862,
    "DGTHF": 0.18762653577222524,
    "IQ": 0.18580082286824678,
    "RBDC": 0.18348665464532893,
    "ATHM": 0.18196797420313998,
    "THRY": 0.18178580781320547,
    "TRUE": 0.1815013163836679,
    "ACUIF": 0.18149160154385588,
    "KIWB": 0.18025444988387204,
    "TGRVF": 0.17783036640127653,
    "TCEHY": 0.1740389479504673,
    "TCTZF": 0.1740389479504673,
    "CIIX": 0.17380786248572896,
    "MEIUF": 0.17208492891090366,
    "WLYW": 0.17140095568942218,
    "LTCP": 0.1695741616140561,
    "LIVC": 0.168639969858094,
    "SLNM": 0.16795535866929176,
    "GAIA": 0.1661211219967846,
    "SOHU": 0.16515250472749565,
    "QTT": 0.16335777867146098,
    "IAC": 0.16292657445064987,
    "CNNM": 0.16275959277372404,
    "DATI": 0.16216854098289052,
    "GRUB": 0.16192342479377253,
    "YY": 0.16053332338852866,
    "BCWG": 0.16037554254289116,
    "NDMT": 0.1591049622574217,
    "WB": 0.15904425491622812,
    "FENG": 0.15895349989853638,
    "EWRC": 0.15833707087049548,
    "SCOR": 0.15767905227275378,
    "YITD": 0.15746337190768134,
    "ILIM": 0.15662515876564537,
    "QQQFF": 0.15655087011387175,
    "CRTD": 0.15605776380649555,
    "VMSI": 0.15433191136100602,
    "SSTK": 0.15380284327813398,
    "ANGI": 0.1536687310615195,
    "SPFYF": 0.15244708908679735,
    "EVER": 0.15225652479752427,
    "BSPR": 0.15179711955853478,
    "MOXC": 0.150366975936215,
    "GRPN": 0.1499355315014263,
    "LTRPA": 0.1498161257141302,
    "LTRPB": 0.1498161257141302,
    "SFUN": 0.14979750518649979,
    "AUTO": 0.14887681921576593,
    "FRFR": 0.14872226203073602,
    "IDLM": 0.1463894112809446,
    "GOOG": 0.14410313718501466,
    "GOOGL": 0.14410313718501466,
    "CHLLF": 0.1435788055336656,
    "YELP": 0.14348363845655754,
    "MRNJ": 0.14303878730676994,
    "KRKR": 0.14289802752739794,
    "MVEN": 0.14268785054501532,
    "ATDRY": 0.14267698099190895,
    "PROSF": 0.14252086235835873,
    "PROSY": 0.14252086235835873,
    "BMTM": 0.14162135668716472,
    "ZH": 0.14073009280251333,
    "CRWG": 0.13980152062234924,
    "CTYO": 0.13855402146868626,
    "NAPRF": 0.13738649722460583,
    "NPSNY": 0.13738649722460583,
    "REDFY": 0.13700876413278099,
    "PINS": 0.13386226773183132,
    "BBTVF": 0.1337997350948166,
    "NETTF": 0.1329403769605378,
    "NTES": 0.1329403769605378,
    "CSXXY": 0.13290453323067034,
    "IZEA": 0.13139608293818394,
    "MDAW": 0.13068782420457262,
    "FVRR": 0.12937226246665634,
    "RAIO": 0.1291287894210821,
    "LOCMQ": 0.12903712433768366,
    "ABNB": 0.1267848039860366,
    "GIFX": 0.1260567569165364,
    "MSEZ": 0.12447199123108044,
    "DASH": 0.12281286957167802,
    "TTGT": 0.12277228449113231,
    "CDLX": 0.12264185029950032,
    "BTIM": 0.12231123870224705,
    "LKCO": 0.12028187358133856,
    "SNAP": 0.11906781027987738,
    "LHGI": 0.11838882564895324,
    "OPNDF": 0.11820954635258274,
    "DELCF": 0.11663964946853336,
    "BWBA": 0.11648835661252989,
    "ISHM": 0.11551866748715164,
    "LBUY": 0.11456192816400242,
    "IVME": 0.11438926214019293,
    "FB": 0.11420266489162421,
    "BLCT": 0.11397837757658362,
    "ELRE": 0.11298259436477379,
    "LIZI": 0.11166206206388367,
    "PERI": 0.10844217597135132,
    "UXIN": 0.10705196139834192,
    "NUGL": 0.10645432018007538,
    "TWTR": 0.10509397597954795,
    "CYAP": 0.10440987234230688,
    "JFIN": 0.10407301970426698,
    "GENI": 0.10380579377949652,
    "ABBY": 0.10369241033163228,
    "BIDU": 0.09859979410849012,
    "DOYU": 0.09777912141174526,
    "Z": 0.09704525680216923,
    "ZG": 0.09704525680216923,
    "TNYYF": 0.0968208304735231,
    "ZMDTF": 0.09533516170357526,
    "GOGY": 0.09496102750920121,
    "TME": 0.09473797798820717,
    "SOGO": 0.09361617837854583,
    "TC": 0.09344393869314806,
    "CANG": 0.09242228497667618,
    "TWLO": 0.09239009401265301,
    "INTH": 0.09016293253787375,
    "TRVG": 0.08851099404965096,
    "SPOT": 0.08694660331390291,
    "LKST": 0.08243726625389658,
    "DAO": 0.08201312195929417,
    "RWRDP": 0.08035914343711634,
    "OTTV": 0.08022781244784309,
    "MAX": 0.07992638543163991,
    "BLIS": 0.0795947085106743,
    "BYLG": 0.07795830924373659,
    "FMHS": 0.07734378054431285,
    "RTMVF": 0.07716553952830489,
    "RTMVY": 0.07716553952830489,
    "CHNO": 0.07677055448395743,
    "MSMY": 0.07385708442777528,
    "MTCH": 0.07169260629498152,
    "ZZLL": 0.06658959051453026,
    "LOV": 0.0658787899535558,
    "CXKJ": 0.06461030110405738,
    "NXCLF": 0.060434673322808184,
    "YNDX": 0.04989067225698734,
    "NIROF": 0.04548730942812346,
    "LDSI": 0.037955688287007794
}