{
    "SLNM": 1.0000000000000002,
    "NDMT": 0.24563361050497243,
    "CNNM": 0.21957658120320353,
    "BCWG": 0.20069218941588127,
    "EWRC": 0.19746338274293912,
    "LEAF": 0.18217153011527148,
    "CIIX": 0.18169663638551473,
    "KRKR": 0.17778473604754497,
    "IAC": 0.17423519138274637,
    "FENG": 0.17111453655802367,
    "QQQFF": 0.17091255182219048,
    "YITD": 0.16887270952301303,
    "GRMM": 0.1686046000901591,
    "PALS": 0.16795535866929176,
    "ZONX": 0.16712598785467345,
    "SEEK": 0.1664666669209699,
    "TCEHY": 0.1623179256721946,
    "TCTZF": 0.1623179256721946,
    "TRUE": 0.16218150136009712,
    "YELP": 0.16004219979167272,
    "MSEZ": 0.15551071919768605,
    "GRUB": 0.1539990449976247,
    "MVEN": 0.15213343129457343,
    "IDLM": 0.15014370859442347,
    "SOHU": 0.14838226005096616,
    "TGRVF": 0.14703372867214287,
    "AUTO": 0.1465873097600899,
    "CARG": 0.14607576168425088,
    "MEIUF": 0.14590632122979738,
    "REDFY": 0.14584693052554862,
    "NAPRF": 0.14542478929655886,
    "NPSNY": 0.14542478929655886,
    "LIVC": 0.1435165269924948,
    "CHLLF": 0.14288249738062883,
    "LTRPA": 0.14265217103431868,
    "LTRPB": 0.14265217103431868,
    "FVRR": 0.14116709996879317,
    "IQ": 0.140476002813422,
    "ZH": 0.13919827925844358,
    "YOOIF": 0.1375483571237072,
    "BMTM": 0.13726800181967777,
    "MDAW": 0.13677014887149877,
    "CRTD": 0.13672768939369925,
    "INTH": 0.13659792974449436,
    "YY": 0.13525299018370343,
    "CSXXY": 0.13318662680356855,
    "LBUY": 0.13253293254470597,
    "MRNJ": 0.13150527298727607,
    "MOMO": 0.13098788430596045,
    "GAIA": 0.1282952110662959,
    "PINS": 0.1258701285538584,
    "LOCMQ": 0.12582473658281534,
    "WLYW": 0.12468381873357438,
    "THRY": 0.12453598898872804,
    "RBDC": 0.1244457891667885,
    "ATHM": 0.12440173011744678,
    "EVER": 0.12390366842896142,
    "GENI": 0.12326023686541025,
    "TTGT": 0.12142769160428243,
    "ATDRY": 0.12141999370592939,
    "ABNB": 0.12060438063841306,
    "CTYO": 0.11945397712961409,
    "LIZI": 0.11918104028003164,
    "TME": 0.11916737079607179,
    "BSPR": 0.1187209233309491,
    "RWRDP": 0.11780774403676357,
    "SSTK": 0.11730929931596835,
    "Z": 0.11717645449285974,
    "ZG": 0.11717645449285974,
    "DGTHF": 0.11696087477337705,
    "RAIO": 0.11689760431820438,
    "BBTVF": 0.11629069828028969,
    "SCOR": 0.11568785970424371,
    "MARK": 0.11519748512217322,
    "TNYYF": 0.11368758792883107,
    "NETTF": 0.11268977930706885,
    "NTES": 0.11268977930706885,
    "PROSF": 0.11182758550623599,
    "PROSY": 0.11182758550623599,
    "GOOG": 0.11152564091277571,
    "GOOGL": 0.11152564091277571,
    "IZEA": 0.11123587303370124,
    "KIWB": 0.11071924562211248,
    "CYAP": 0.10896925188598891,
    "LKST": 0.10778819445091152,
    "GIFX": 0.10730278178411144,
    "ZZLL": 0.1069747978289916,
    "VMSI": 0.10643607597306717,
    "ILIM": 0.10597151090077858,
    "CDLX": 0.10554347285384114,
    "JFIN": 0.10488192362714627,
    "DAO": 0.10460348156955653,
    "CRWG": 0.10404010298422352,
    "SNAP": 0.1031428449529756,
    "BYLG": 0.1018964800357159,
    "TC": 0.10138840884814743,
    "LHGI": 0.10109656755621566,
    "MAX": 0.10002507260678233,
    "ANGI": 0.09997749608106243,
    "LKCO": 0.09973856790254616,
    "LTCP": 0.09964717528220667,
    "QTT": 0.09904025737942634,
    "TWTR": 0.09865345491951787,
    "TWLO": 0.09732583547274311,
    "SPFYF": 0.0973012534617466,
    "OPNDF": 0.09662394300654897,
    "DASH": 0.09636587915533637,
    "TRVG": 0.09629251778042991,
    "MTCH": 0.09536734212856648,
    "WB": 0.09424950357526467,
    "PERI": 0.09384268208707022,
    "DOYU": 0.09383637671993127,
    "DATI": 0.0932053841936381,
    "SFUN": 0.09119753676677245,
    "GRPN": 0.09110379346195353,
    "OTTV": 0.08961748530848569,
    "GOGY": 0.08934180242174375,
    "ACUIF": 0.08810604550850037,
    "ISHM": 0.0878631824497257,
    "MOXC": 0.08708604587238403,
    "FB": 0.08359902731218972,
    "ABBY": 0.08178170190162805,
    "FRFR": 0.08076409718582549,
    "FMHS": 0.08048463377104928,
    "SPOT": 0.07925499200319097,
    "PRSNF": 0.0790829536131983,
    "BIDU": 0.07852703887016273,
    "DELCF": 0.07714237456748249,
    "BTIM": 0.07697019430000525,
    "SOGO": 0.07678998481685213,
    "NUGL": 0.07507277363230075,
    "MSMY": 0.07464374245648157,
    "PCOM": 0.07448025381410457,
    "BWBA": 0.07426202306547602,
    "BLCT": 0.07412717362466209,
    "RTMVF": 0.07109364952032332,
    "RTMVY": 0.07109364952032332,
    "UXIN": 0.06859058034484149,
    "IVME": 0.0652040861727793,
    "CANG": 0.06500716383623416,
    "CXKJ": 0.06484129224975632,
    "NXCLF": 0.06193972893724879,
    "CHNO": 0.05620135716066875,
    "ZMDTF": 0.05397731437914341,
    "ELRE": 0.05319089611038113,
    "YNDX": 0.05103368429253415,
    "BLIS": 0.04473494504213749,
    "LOV": 0.0428227803655085,
    "LDSI": 0.03982057915838371,
    "NIROF": 0.039737494019982195
}