{
    "TTGT": 1.0,
    "CNNM": 0.24322968221527644,
    "KRKR": 0.2372023119433599,
    "TCEHY": 0.235390240779289,
    "TCTZF": 0.235390240779289,
    "PERI": 0.213859350818485,
    "NDMT": 0.2131098892939592,
    "CSXXY": 0.21258316440107833,
    "MVEN": 0.2102112365973039,
    "TRUE": 0.20706836380485313,
    "SCOR": 0.2027071920042645,
    "SSTK": 0.20141015278297308,
    "FVRR": 0.20038563228958609,
    "SEEK": 0.19926469800387547,
    "ATHM": 0.1985066255094606,
    "ZH": 0.19786949202821486,
    "LOCMQ": 0.19751275644885957,
    "IAC": 0.1933286987649831,
    "LEAF": 0.19235151841609205,
    "YELP": 0.18797931123058115,
    "WB": 0.18673171863115573,
    "BBTVF": 0.18453921835365697,
    "CRTD": 0.18320265878054023,
    "YITD": 0.1831775362490458,
    "IQ": 0.18308407529258333,
    "LKCO": 0.1821155408297164,
    "MRNJ": 0.1798732127458509,
    "IZEA": 0.17725625785216229,
    "THRY": 0.17700947879530313,
    "ISHM": 0.1712909769726237,
    "TWTR": 0.1709531849802066,
    "CRWG": 0.1703475022423088,
    "CHLLF": 0.16878934257492384,
    "AUTO": 0.16567165004510775,
    "GOOG": 0.16541383909259244,
    "GOOGL": 0.16541383909259244,
    "SPOT": 0.16285813284662007,
    "YOOIF": 0.16207474172342073,
    "TC": 0.1607543265103205,
    "CIIX": 0.15680412459429446,
    "RBDC": 0.15675129782885888,
    "GAIA": 0.15381601151929072,
    "FENG": 0.15372522068936417,
    "REDFY": 0.15124828170991866,
    "ANGI": 0.15005642350855494,
    "GRUB": 0.14864034811988092,
    "LTRPA": 0.1482762661150228,
    "LTRPB": 0.1482762661150228,
    "ZZLL": 0.14636326890594395,
    "MOMO": 0.1461278351160929,
    "GRMM": 0.14595360030853274,
    "MEIUF": 0.1457000454659076,
    "GENI": 0.14432201419116983,
    "RWRDP": 0.14386854882360856,
    "TGRVF": 0.14286927788121587,
    "MARK": 0.14255757180773598,
    "WLYW": 0.13999825033765037,
    "GRPN": 0.13895554674033153,
    "DGTHF": 0.13792725473577505,
    "DOYU": 0.13705723071292314,
    "RAIO": 0.1370354817750211,
    "Z": 0.13696348635845668,
    "ZG": 0.13696348635845668,
    "YY": 0.1364107393621811,
    "ATDRY": 0.13492705547852799,
    "BIDU": 0.1339209899015399,
    "QQQFF": 0.133171363623185,
    "ABBY": 0.1327971851361897,
    "MDAW": 0.1325724878511128,
    "EWRC": 0.13222255562530918,
    "BLCT": 0.13159395510268893,
    "LTCP": 0.13111468440054488,
    "QTT": 0.12725517781136686,
    "RTMVF": 0.12661182507544977,
    "RTMVY": 0.12661182507544977,
    "CARG": 0.12623755709339973,
    "GIFX": 0.125717082063401,
    "NETTF": 0.12487102473261669,
    "NTES": 0.12487102473261669,
    "SOHU": 0.12432525893538189,
    "DAO": 0.12410796210782243,
    "PALS": 0.12277228449113231,
    "SLNM": 0.12142769160428243,
    "TME": 0.12102805260797146,
    "LIZI": 0.11989751136216559,
    "PINS": 0.11797364046810303,
    "DASH": 0.11791147169244247,
    "DATI": 0.11785474800401304,
    "CTYO": 0.11782222270989225,
    "SOGO": 0.11731648318218933,
    "FB": 0.11701593452330342,
    "FMHS": 0.11648937901478726,
    "ACUIF": 0.1161179199569871,
    "TRVG": 0.11371276320270318,
    "TWLO": 0.11285597241780754,
    "ZONX": 0.11163845815589171,
    "PCOM": 0.11115594857429478,
    "SFUN": 0.11095013143614901,
    "CDLX": 0.10977544883815107,
    "BSPR": 0.10962720924613487,
    "MOXC": 0.10942956260201736,
    "SPFYF": 0.10853280270679619,
    "EVER": 0.10793267885749307,
    "ABNB": 0.10708240325403065,
    "NAPRF": 0.10542645664803862,
    "NPSNY": 0.10542645664803862,
    "LIVC": 0.10510216157090885,
    "SNAP": 0.10438553942733332,
    "BCWG": 0.1043231391735044,
    "BMTM": 0.1031806840983206,
    "ILIM": 0.10264794296399826,
    "UXIN": 0.10233889439220342,
    "MSEZ": 0.1004192604358502,
    "OPNDF": 0.09981732928225524,
    "CANG": 0.09912231654574455,
    "TNYYF": 0.09864156929711439,
    "BTIM": 0.09200979350166529,
    "PRSNF": 0.08986173713138787,
    "VMSI": 0.08971822214795352,
    "LHGI": 0.08964496610578182,
    "JFIN": 0.0882621960849772,
    "LKST": 0.08735616829215417,
    "IDLM": 0.08721574537826252,
    "NIROF": 0.08277864906124045,
    "CYAP": 0.08069419130925963,
    "PROSF": 0.07967180634018194,
    "PROSY": 0.07967180634018194,
    "LBUY": 0.07890708104402054,
    "FRFR": 0.07844503788176573,
    "DELCF": 0.07829938816387538,
    "NXCLF": 0.07813648943832945,
    "BYLG": 0.07692562830119226,
    "IVME": 0.07640108310247534,
    "GOGY": 0.07466633266892916,
    "LDSI": 0.07291271955848072,
    "CXKJ": 0.07283826410447204,
    "MAX": 0.07165278797436071,
    "LOV": 0.07137623554401296,
    "ZMDTF": 0.0680939112055776,
    "CHNO": 0.06470587126952616,
    "INTH": 0.06414811520601456,
    "MSMY": 0.0634511596319593,
    "KIWB": 0.06306264579708958,
    "ELRE": 0.0621960998718341,
    "NUGL": 0.06036660970181825,
    "YNDX": 0.055800464692633896,
    "BWBA": 0.05563787503145503,
    "MTCH": 0.05424651101273222,
    "BLIS": 0.05062786328465738,
    "OTTV": 0.04221921715896303
}