{
    "VMSI": 1.0000000000000002,
    "QTT": 0.1970292564315686,
    "MOMO": 0.1837068051945651,
    "RBDC": 0.15782355270637355,
    "PALS": 0.15433191136100602,
    "NDMT": 0.1513924335170294,
    "LTCP": 0.1476107784135343,
    "LEAF": 0.14634008734698128,
    "GRUB": 0.1445556664886965,
    "MVEN": 0.1438889346245092,
    "FB": 0.1411477015144769,
    "YOOIF": 0.1317099553708273,
    "WLYW": 0.1304244583824718,
    "ILIM": 0.13025769339815538,
    "TRUE": 0.12854693115436905,
    "SOHU": 0.1281062032853708,
    "CDLX": 0.1280933798381516,
    "LKCO": 0.12773498175061515,
    "LIVC": 0.12723498717906245,
    "AUTO": 0.12671145904497005,
    "CRTD": 0.1260444582397413,
    "IAC": 0.12489049379319406,
    "ZONX": 0.12415529294426801,
    "DGTHF": 0.1240645624951991,
    "KIWB": 0.1236219281545828,
    "SCOR": 0.12343976815164205,
    "ABNB": 0.12300390522919477,
    "PRSNF": 0.12259484229978586,
    "FENG": 0.12019152837204221,
    "WB": 0.11984326643507881,
    "TNYYF": 0.11961175573751591,
    "GAIA": 0.119373305936503,
    "ATHM": 0.11908967439711646,
    "CNNM": 0.11811486065971809,
    "IQ": 0.1177628281310867,
    "GRPN": 0.11692182964762982,
    "PERI": 0.1167184103810774,
    "OPNDF": 0.1163614354080225,
    "LIZI": 0.11556183870422367,
    "ZH": 0.11513341443298922,
    "BBTVF": 0.11382189704912274,
    "GIFX": 0.113642836073657,
    "MARK": 0.11307589689393592,
    "MEIUF": 0.1128628946517859,
    "EWRC": 0.11153419249849905,
    "ELRE": 0.11052406075702044,
    "YELP": 0.11037369091543879,
    "EVER": 0.10905078983704998,
    "TGRVF": 0.10897508523079105,
    "MRNJ": 0.10666621821820403,
    "IZEA": 0.10654621614136413,
    "KRKR": 0.10651494949735411,
    "SLNM": 0.10643607597306717,
    "MOXC": 0.10452503000077427,
    "YITD": 0.1039260615517493,
    "LTRPA": 0.10316012048691067,
    "LTRPB": 0.10316012048691067,
    "DATI": 0.10292601221374865,
    "CHLLF": 0.10238181249234406,
    "SSTK": 0.10207375796158875,
    "SNAP": 0.10206285174776522,
    "PINS": 0.10123003960669148,
    "SOGO": 0.10077358443082271,
    "REDFY": 0.10011917658515038,
    "SPFYF": 0.09966119479285576,
    "BMTM": 0.09937917211039611,
    "ACUIF": 0.09910893318732122,
    "SEEK": 0.09906021672807097,
    "NETTF": 0.0989643730396444,
    "NTES": 0.0989643730396444,
    "TME": 0.09880728380796788,
    "TWTR": 0.09869845967873933,
    "RAIO": 0.09801306547714317,
    "CIIX": 0.09791672646974965,
    "ABBY": 0.09768121951927652,
    "YY": 0.09737208398188994,
    "FVRR": 0.09709167093792798,
    "TCEHY": 0.09684079870765491,
    "TCTZF": 0.09684079870765491,
    "LHGI": 0.0964922971720751,
    "CRWG": 0.09548196453176384,
    "NUGL": 0.09513932977433494,
    "THRY": 0.09512223052756431,
    "DOYU": 0.0942647503608926,
    "BIDU": 0.09377575896415552,
    "ATDRY": 0.0930885984230393,
    "GRMM": 0.09129856580631891,
    "BTIM": 0.09026802620777151,
    "TTGT": 0.08971822214795352,
    "LOCMQ": 0.08947696658235124,
    "CTYO": 0.08889093137224405,
    "CARG": 0.08749498726494398,
    "MSEZ": 0.08740859594619971,
    "Z": 0.08707862816278507,
    "ZG": 0.08707862816278507,
    "BSPR": 0.08501456264151022,
    "DASH": 0.08422627585034065,
    "GOOG": 0.0813975897822295,
    "GOOGL": 0.0813975897822295,
    "ANGI": 0.08133830658984711,
    "CYAP": 0.08067214392023078,
    "TWLO": 0.07967451990009211,
    "MDAW": 0.079636925861107,
    "FRFR": 0.07962051133416939,
    "IDLM": 0.07941559528743318,
    "CXKJ": 0.0784932963040599,
    "NAPRF": 0.07768526142051674,
    "NPSNY": 0.07768526142051674,
    "CSXXY": 0.07755382287468938,
    "GENI": 0.07674247296557839,
    "ZZLL": 0.0759865854612026,
    "BCWG": 0.07572623782417509,
    "SPOT": 0.07533577727963021,
    "QQQFF": 0.07453650281666287,
    "MAX": 0.07427523199249911,
    "ISHM": 0.07356778879768484,
    "IVME": 0.07330084293045186,
    "MSMY": 0.07319832151785281,
    "OTTV": 0.07111961838249865,
    "BLIS": 0.07100364079051025,
    "GOGY": 0.07042692832612693,
    "SFUN": 0.06980895067350487,
    "DAO": 0.06976983812579486,
    "TC": 0.06958033322287864,
    "LDSI": 0.0688064003478791,
    "BWBA": 0.06852424936680857,
    "PROSF": 0.06770946337552786,
    "PROSY": 0.06770946337552786,
    "FMHS": 0.06703101756796123,
    "BLCT": 0.06600209221534929,
    "JFIN": 0.0658953221374298,
    "ZMDTF": 0.064933656790006,
    "CHNO": 0.06469748545589964,
    "RTMVF": 0.06460220881816764,
    "RTMVY": 0.06460220881816764,
    "INTH": 0.06417504358710245,
    "LBUY": 0.06363814201722726,
    "LKST": 0.06306219089375778,
    "CANG": 0.06253853212557603,
    "TRVG": 0.06197994211388248,
    "RWRDP": 0.06121146057589573,
    "MTCH": 0.055595461125605705,
    "LOV": 0.05244063900898859,
    "DELCF": 0.0511443938635776,
    "PCOM": 0.05085609286649593,
    "NIROF": 0.05049948992629575,
    "NXCLF": 0.04969923903019753,
    "UXIN": 0.04919307177055378,
    "BYLG": 0.04640842573673799,
    "YNDX": 0.043467150965787266
}