{
    "WB": 1.0,
    "TWTR": 0.28622794406613866,
    "LOCMQ": 0.2477080557320357,
    "PERI": 0.23692280454159656,
    "IQ": 0.2341898280991742,
    "ATHM": 0.23170192799970918,
    "YY": 0.2276999698673366,
    "PRSNF": 0.21951457825257617,
    "MVEN": 0.21615432067577578,
    "MOMO": 0.2157034464765685,
    "IAC": 0.21519106957723302,
    "CHLLF": 0.2142783279553313,
    "CNNM": 0.21364220883371218,
    "TCEHY": 0.2109734981483715,
    "TCTZF": 0.2109734981483715,
    "YITD": 0.21051716077737395,
    "KRKR": 0.20883436803812422,
    "BBTVF": 0.20866821343283873,
    "YELP": 0.2073193054043793,
    "ISHM": 0.20617774418839763,
    "NDMT": 0.20547815818788037,
    "LEAF": 0.20432000305349785,
    "WLYW": 0.20262144198939222,
    "ZH": 0.19912036024830296,
    "TGRVF": 0.1953855169540639,
    "FVRR": 0.19427042451851476,
    "TRUE": 0.1890943563998286,
    "CRTD": 0.18822083535265707,
    "TTGT": 0.18673171863115573,
    "AUTO": 0.18617574072817739,
    "DOYU": 0.18502129569234155,
    "FENG": 0.1827990206627563,
    "ATDRY": 0.17961992181655212,
    "SCOR": 0.17893998568559627,
    "QQQFF": 0.1784675468309242,
    "LKCO": 0.17760435724616278,
    "SEEK": 0.1769163447392076,
    "BIDU": 0.17643321639657078,
    "NETTF": 0.17533157083574885,
    "NTES": 0.17533157083574885,
    "IZEA": 0.17441141461209933,
    "CIIX": 0.1743098585776976,
    "SOGO": 0.17377344670353867,
    "LIZI": 0.1729894431879227,
    "THRY": 0.1706008171755743,
    "YOOIF": 0.16987531266178496,
    "QTT": 0.16846406204324704,
    "LTRPA": 0.16795934015368383,
    "LTRPB": 0.16795934015368383,
    "ILIM": 0.16701677656120362,
    "SFUN": 0.16636698234770708,
    "SSTK": 0.16621774456820343,
    "MOXC": 0.1659096674485173,
    "TME": 0.1651448028826052,
    "MEIUF": 0.1615126911582425,
    "ELRE": 0.16129780930457097,
    "PALS": 0.15904425491622812,
    "SOHU": 0.15897520645550778,
    "ZONX": 0.15645188431546542,
    "FB": 0.15614060004272934,
    "CSXXY": 0.15541421102477715,
    "GRMM": 0.15277472041203186,
    "GOOG": 0.15224315417267828,
    "GOOGL": 0.15224315417267828,
    "MRNJ": 0.1515904968181061,
    "BMTM": 0.15118579308630162,
    "LTCP": 0.1486926487738815,
    "SPOT": 0.14763541048935644,
    "GRUB": 0.1471324922162254,
    "INTH": 0.1470140504352817,
    "GAIA": 0.14437099977872664,
    "EWRC": 0.14349610620530154,
    "GENI": 0.1432933991140592,
    "ANGI": 0.14322874336858304,
    "TRVG": 0.14232851008989308,
    "GRPN": 0.14195007722259,
    "MARK": 0.14021565412825404,
    "ACUIF": 0.13903286305881676,
    "TWLO": 0.1389883800522991,
    "RTMVF": 0.13874332166136003,
    "RTMVY": 0.13874332166136003,
    "REDFY": 0.13830582753247567,
    "TC": 0.13446792413333014,
    "PINS": 0.13399672465133391,
    "SNAP": 0.13093311481002845,
    "DGTHF": 0.12988291961047232,
    "PCOM": 0.12647889435745832,
    "RAIO": 0.1257146242855778,
    "JFIN": 0.12558966168793217,
    "CHNO": 0.12543205630700133,
    "GIFX": 0.12482016782133792,
    "CRWG": 0.12475683590390438,
    "NAPRF": 0.12473541149114438,
    "NPSNY": 0.12473541149114438,
    "CARG": 0.12426590022877326,
    "FMHS": 0.12415175077534488,
    "MDAW": 0.12105431202102182,
    "RWRDP": 0.12077328409734138,
    "ZMDTF": 0.12071036269407527,
    "RBDC": 0.12046633266666984,
    "LIVC": 0.12037867552777486,
    "PROSF": 0.12028876950824226,
    "PROSY": 0.12028876950824226,
    "VMSI": 0.11984326643507881,
    "SPFYF": 0.11959864391383028,
    "ABNB": 0.11863274937641198,
    "BLCT": 0.11848162512375657,
    "ABBY": 0.11742140649550638,
    "BTIM": 0.11538523296161075,
    "TNYYF": 0.11372766335979241,
    "DAO": 0.1132909983164321,
    "DASH": 0.11308893519227413,
    "LHGI": 0.11291143360608914,
    "CDLX": 0.11201481790493606,
    "BCWG": 0.11149817211300404,
    "BSPR": 0.11098664508252176,
    "CYAP": 0.1108021272198977,
    "CTYO": 0.11037229645810624,
    "MSEZ": 0.11006955199171413,
    "DATI": 0.10998260028925216,
    "BWBA": 0.1073233372807478,
    "CANG": 0.1072009740021763,
    "EVER": 0.10711369468815449,
    "UXIN": 0.10562425739206249,
    "LKST": 0.10313586943196917,
    "IDLM": 0.10290235760756355,
    "MAX": 0.09986767066254013,
    "Z": 0.09680508489341204,
    "ZG": 0.09680508489341204,
    "OPNDF": 0.09592370338276535,
    "SLNM": 0.09424950357526467,
    "GOGY": 0.09225714872129298,
    "LBUY": 0.09214318211850038,
    "IVME": 0.091712537537324,
    "CXKJ": 0.08916906666730393,
    "MSMY": 0.08906635449306284,
    "NIROF": 0.08801814996668897,
    "KIWB": 0.08301604650846939,
    "FRFR": 0.08022411204192179,
    "NXCLF": 0.07583102925341767,
    "MTCH": 0.07412027873707153,
    "ZZLL": 0.07269371525610939,
    "NUGL": 0.07243801517269687,
    "BYLG": 0.069828160178774,
    "YNDX": 0.06380008718747984,
    "LOV": 0.06248854916927023,
    "BLIS": 0.057339303961549556,
    "OTTV": 0.051736686139898756,
    "DELCF": 0.04793227287745784,
    "LDSI": 0.033231170065760804
}