{
    "ZZLL": 1.0,
    "MOXC": 0.1966696914643687,
    "ZH": 0.17730379296655735,
    "KRKR": 0.1685210532093654,
    "CNNM": 0.1601767942767514,
    "YITD": 0.15858198201269244,
    "TCEHY": 0.14927663241293743,
    "TCTZF": 0.14927663241293743,
    "CRTD": 0.14914412003173524,
    "REDFY": 0.14717639271866165,
    "TTGT": 0.14636326890594395,
    "YELP": 0.14314549844998964,
    "NDMT": 0.14241215806068092,
    "SCOR": 0.13753912502999183,
    "MSMY": 0.13133761732817298,
    "MRNJ": 0.13001177168508538,
    "MVEN": 0.12960292575663704,
    "TRUE": 0.12689986231255226,
    "LEAF": 0.12681700758997982,
    "IAC": 0.12490134867512076,
    "SEEK": 0.12310785951513895,
    "LKCO": 0.12057845476645866,
    "SOHU": 0.1148181155234041,
    "BBTVF": 0.11455776548177747,
    "LHGI": 0.11432990899550213,
    "CTYO": 0.11407935251201183,
    "FENG": 0.10990891206926422,
    "IZEA": 0.10712364937835533,
    "SLNM": 0.1069747978289916,
    "RBDC": 0.10367612457574903,
    "GRMM": 0.10260911138456366,
    "ISHM": 0.10199147644138445,
    "BSPR": 0.10027299891803479,
    "THRY": 0.09996202401670959,
    "IQ": 0.09839737527142571,
    "YOOIF": 0.09785515403881055,
    "INTH": 0.09779690526936786,
    "DGTHF": 0.09657855828291377,
    "FVRR": 0.09638440213437352,
    "CRWG": 0.09633079473465284,
    "BCWG": 0.09515999325541244,
    "GAIA": 0.09471726026726052,
    "SPOT": 0.09370155557548959,
    "ABBY": 0.09332541615122592,
    "ATHM": 0.09296793945830609,
    "NETTF": 0.09267463520691312,
    "NTES": 0.09267463520691312,
    "PERI": 0.0922932396093746,
    "BMTM": 0.09226745136630654,
    "MEIUF": 0.09101048846209893,
    "LTRPA": 0.09043420719087125,
    "LTRPB": 0.09043420719087125,
    "ZONX": 0.08987413256246798,
    "SSTK": 0.08505277552046178,
    "GOGY": 0.08494763776825749,
    "CIIX": 0.08453007595566403,
    "MSEZ": 0.08385030582772923,
    "LOCMQ": 0.08373933097681681,
    "GRPN": 0.0829450461451888,
    "AUTO": 0.08279567216479411,
    "CHLLF": 0.08154026050483702,
    "QQQFF": 0.0810245753302205,
    "MDAW": 0.0775200335486299,
    "BYLG": 0.07739299371651265,
    "LIVC": 0.07683384569701814,
    "TGRVF": 0.0767376175313729,
    "ACUIF": 0.07662567189918082,
    "LTCP": 0.07630459855793084,
    "RTMVF": 0.07627413427953976,
    "RTMVY": 0.07627413427953976,
    "ABNB": 0.07620211274689512,
    "GRUB": 0.0760089554791872,
    "VMSI": 0.0759865854612026,
    "CYAP": 0.07582431924896749,
    "EWRC": 0.07416393401654454,
    "RAIO": 0.07411785584245056,
    "MOMO": 0.07406368877844255,
    "GIFX": 0.07386275034270703,
    "IDLM": 0.07369886369863055,
    "BLCT": 0.07318285960417342,
    "WB": 0.07269371525610939,
    "BIDU": 0.07266744823771723,
    "CHNO": 0.07228685391728605,
    "BWBA": 0.07213026133377469,
    "NAPRF": 0.07209619988360493,
    "NPSNY": 0.07209619988360493,
    "DOYU": 0.0720685796297506,
    "LBUY": 0.07172854941165381,
    "TWTR": 0.07024247496180556,
    "TWLO": 0.06961145431272937,
    "YY": 0.06754963713609323,
    "DAO": 0.06734384413711801,
    "GENI": 0.06715351964073303,
    "PALS": 0.06658959051453026,
    "GOOG": 0.06513150677654993,
    "GOOGL": 0.06513150677654993,
    "FRFR": 0.06504399127388426,
    "CARG": 0.06483835853320877,
    "Z": 0.06461156376337308,
    "ZG": 0.06461156376337308,
    "ANGI": 0.06382479228261594,
    "TRVG": 0.06373593849523729,
    "CSXXY": 0.0635908409438025,
    "MTCH": 0.06281520862132055,
    "TNYYF": 0.06248424159899454,
    "PCOM": 0.061395995585857885,
    "EVER": 0.061203669630803745,
    "WLYW": 0.06061826051244,
    "LKST": 0.060572662684743483,
    "TC": 0.06021075296740326,
    "IVME": 0.06007764422100399,
    "OPNDF": 0.0592964257092262,
    "KIWB": 0.059230871990180615,
    "PINS": 0.059170077555982956,
    "SOGO": 0.05861130578142141,
    "DATI": 0.05705318578754132,
    "MARK": 0.05655821814404745,
    "LIZI": 0.05440160081374329,
    "SPFYF": 0.05405986198797794,
    "SFUN": 0.05388781525798246,
    "QTT": 0.0533291604670181,
    "MAX": 0.053015084579666666,
    "BTIM": 0.05279520411485433,
    "NXCLF": 0.05261039762060488,
    "UXIN": 0.052451438397054864,
    "ATDRY": 0.05240489293652257,
    "SNAP": 0.05210945522860888,
    "LOV": 0.052038768901544685,
    "RWRDP": 0.050011655680183384,
    "NUGL": 0.04983581327237595,
    "FB": 0.049801095094825325,
    "ILIM": 0.04930625462507893,
    "DASH": 0.04896112924664402,
    "LDSI": 0.04835302223457001,
    "DELCF": 0.04654621142381663,
    "ZMDTF": 0.04629260569363432,
    "TME": 0.045575276483358115,
    "CXKJ": 0.04546983331091778,
    "PRSNF": 0.04342517395555909,
    "CDLX": 0.042550045881427814,
    "YNDX": 0.0420647855075061,
    "ELRE": 0.04203152527095335,
    "FMHS": 0.04019220104173761,
    "PROSF": 0.03500212388815565,
    "PROSY": 0.03500212388815565,
    "BLIS": 0.03469117285768712,
    "NIROF": 0.032647656154845724,
    "JFIN": 0.03232151495161269,
    "CANG": 0.030677797961758242,
    "OTTV": 0.02945569460222951
}