{
    "BNXR": 1.0,
    "UNTC": 0.38031614441970363,
    "PCCYF": 0.372867120840351,
    "PTR": 0.372867120840351,
    "PBR-A": 0.36500444849958913,
    "PBR": 0.36500444849958913,
    "OAOFY": 0.36304571169772143,
    "REPYF": 0.35794562017821097,
    "REPYY": 0.35794562017821097,
    "EIPAF": 0.3550246298530593,
    "TTFNF": 0.34391963850623725,
    "TOT": 0.3403457957348294,
    "SNP": 0.3247742327284795,
    "SNPMF": 0.3247742327284795,
    "LUKOY": 0.3231738883866416,
    "EC": 0.3162970437182449,
    "CVX": 0.3118458224283166,
    "BP": 0.3073417344982505,
    "BPAQF": 0.3073417344982505,
    "MGYOY": 0.30722470096259236,
    "PETFF": 0.30528660014186026,
    "CVE": 0.3052655840623473,
    "NFG": 0.3019907659661422,
    "OMVJF": 0.30171597887052903,
    "OMVKY": 0.30171597887052903,
    "OGZPY": 0.3016880504501837,
    "OJSCY": 0.3001620257172744,
    "RNFTF": 0.3001620257172744,
    "EQNR": 0.29958336074467884,
    "STOHF": 0.29958336074467884,
    "RRRI": 0.29904934614977513,
    "XOM": 0.29563028344387027,
    "RDS-A": 0.29276280672785443,
    "RDS-B": 0.29276280672785443,
    "RYDAF": 0.29276280672785443,
    "RYDBF": 0.29276280672785443,
    "SU": 0.290218089145456,
    "GEOR": 0.2898928166502155,
    "OGFGF": 0.2870203069315154,
    "OGFGY": 0.2870203069315154,
    "AE": 0.28586835861548493,
    "POGS": 0.2832270475883036,
    "IMO": 0.2817047758892473,
    "GLPEY": 0.2809690476664052,
    "AVACF": 0.2692410687855027,
    "YPF": 0.26918359970948613,
    "GZPFY": 0.2674918649489983,
    "SASOF": 0.2630625118624888,
    "SSL": 0.2630625118624888,
    "SGTZY": 0.2600375943625389,
    "KLYCY": 0.25639332101084106,
    "KUNUF": 0.25639332101084106,
    "TGRO": 0.24801514391628032,
    "PGAS": 0.21708619621891106,
    "PEMC": 0.216478172003747,
    "WDGJF": 0.21351791989813207,
    "TRNX": 0.19774985229186226,
    "SNVP": 0.17399827950366648,
    "ECTM": 0.16549881124496404,
    "E": 0.16006304371523652,
    "INOQ": 0.14124514189123555,
    "KRFG": 0.08592098785314703
}