{
    "ECTM": 1.0,
    "SNVP": 0.2851314079160212,
    "XOM": 0.21248325577280439,
    "PCCYF": 0.1994672870669167,
    "PTR": 0.1994672870669167,
    "PBR-A": 0.1973473113575661,
    "PBR": 0.1973473113575661,
    "UNTC": 0.19188959157711136,
    "KLYCY": 0.18775249025102517,
    "KUNUF": 0.18775249025102517,
    "OAOFY": 0.18049401600016063,
    "TOT": 0.17688340899849586,
    "TTFNF": 0.17566071299038927,
    "EIPAF": 0.1682214501302954,
    "CVE": 0.16780107611939932,
    "GLPEY": 0.16631811311544759,
    "BNXR": 0.16549881124496404,
    "REPYF": 0.1625809951079032,
    "REPYY": 0.1625809951079032,
    "NFG": 0.1606153724700807,
    "AVACF": 0.15847002496157792,
    "SNP": 0.15769602618684908,
    "SNPMF": 0.15769602618684908,
    "EC": 0.1576229276194377,
    "POGS": 0.15737035688508644,
    "OGFGF": 0.15382396537721316,
    "OGFGY": 0.15382396537721316,
    "GZPFY": 0.1535288820066864,
    "CVX": 0.15324351005934195,
    "YPF": 0.14813874458760842,
    "OJSCY": 0.1461230848644911,
    "RNFTF": 0.1461230848644911,
    "OGZPY": 0.14580401492486225,
    "LUKOY": 0.14543032461023706,
    "OMVJF": 0.14298021323206814,
    "OMVKY": 0.14298021323206814,
    "AE": 0.14127664059777967,
    "PEMC": 0.1402668102063027,
    "TGRO": 0.13979590017489665,
    "SU": 0.13774203148416791,
    "EQNR": 0.13553905220044324,
    "STOHF": 0.13553905220044324,
    "MGYOY": 0.13507763735872108,
    "PETFF": 0.13361623831228545,
    "BP": 0.1334718636894287,
    "BPAQF": 0.1334718636894287,
    "IMO": 0.1293082527691313,
    "RRRI": 0.11978672250511478,
    "RDS-A": 0.11788245605248367,
    "RDS-B": 0.11788245605248367,
    "RYDAF": 0.11788245605248367,
    "RYDBF": 0.11788245605248367,
    "SGTZY": 0.11524146392648316,
    "GEOR": 0.10870573552565607,
    "PGAS": 0.10662760024153957,
    "SASOF": 0.10340390615988529,
    "SSL": 0.10340390615988529,
    "TRNX": 0.09621000064101987,
    "WDGJF": 0.06926862201659303,
    "INOQ": 0.0648644263002497,
    "E": 0.06010408940191262,
    "KRFG": 0.03299235740838574
}