{
    "ENKS": 1.0000000000000002,
    "CSIQ": 0.25634129436229686,
    "SEDG": 0.24743580097008325,
    "SNRY": 0.23837102232368124,
    "CBUTF": 0.23347751771853256,
    "ISUN": 0.23099747614486765,
    "PTOS": 0.22847994046430456,
    "VVPR": 0.22459471760736346,
    "SHUNF": 0.2244798781294614,
    "FSLR": 0.22193817227105983,
    "PRPS": 0.21623943052935066,
    "FTCI": 0.21400021915729758,
    "SAENF": 0.21180348407296629,
    "SOEN": 0.21077825815827722,
    "NOVA": 0.2105748468179592,
    "UGEIF": 0.20939800670095177,
    "EBODF": 0.20665643382153545,
    "GSLO": 0.20315468769033507,
    "SNPW": 0.19653348379253816,
    "SOL": 0.195075615659695,
    "PPRW": 0.19415778212415932,
    "TSPG": 0.19225054386800808,
    "SUNW": 0.19032335191993466,
    "ABCE": 0.18850701519207985,
    "XISHY": 0.18769348591318408,
    "XNYIF": 0.18769348591318408,
    "APVNF": 0.18674990770734576,
    "CBDEF": 0.1822273704731984,
    "JKS": 0.181003554826094,
    "NTCXF": 0.1786405985378549,
    "ENPH": 0.17629139528055998,
    "RGSEQ": 0.17156946520341723,
    "SING": 0.1707293273875793,
    "RUN": 0.16868269436171462,
    "SPI": 0.16390214843253156,
    "SIRC": 0.16193430302032535,
    "AACTF": 0.16156731924031972,
    "SMTGF": 0.15845036197741127,
    "AGSO": 0.15025851392813536,
    "PSWW": 0.14892815768863277,
    "GRYG": 0.14768326920819658,
    "ASTI": 0.1472365201367917,
    "SRWRF": 0.14607883091954435,
    "HYSR": 0.14540070754735168,
    "SPWR": 0.14464827831349103,
    "NEWH": 0.1432619487109917,
    "GCPEF": 0.14042751059942968,
    "MAXN": 0.1386808355748933,
    "SHLS": 0.12209216736958382,
    "ARRY": 0.1210216579194168,
    "BEEM": 0.12024708012582257,
    "SPSO": 0.1198202307952696,
    "QCLSF": 0.11500580684025895,
    "QTMM": 0.113940088876323,
    "CHJI": 0.10716594910813726,
    "KOVR": 0.10633274127536499,
    "OPVS": 0.09966999552619586,
    "CVUEF": 0.09458783500677226,
    "SVLT": 0.09134011889124063,
    "FERN": 0.0805093668813262,
    "MADI": 0.06316575635680928
}