{
    "MADI": 0.9999999999999999,
    "CBUTF": 0.15819078766227807,
    "AACTF": 0.1474357601251057,
    "SUNW": 0.1174010465255175,
    "GSLO": 0.11574397053297385,
    "RUN": 0.10873559516003464,
    "SNRY": 0.1071817451312479,
    "AGSO": 0.10528702248572083,
    "SEDG": 0.1024688575134222,
    "CSIQ": 0.09826205493509538,
    "VVPR": 0.09291357862438315,
    "SAENF": 0.09200204190483367,
    "FSLR": 0.09131699744347571,
    "SNPW": 0.09023701468173129,
    "SPI": 0.08940396672863757,
    "PTOS": 0.08825882492571055,
    "UGEIF": 0.08598044799571011,
    "EBODF": 0.08538125504685876,
    "HYSR": 0.08524404990255874,
    "SING": 0.0848054080682182,
    "FTCI": 0.08414140963023986,
    "ENPH": 0.08230958395970972,
    "ABCE": 0.0807596543295932,
    "ARRY": 0.07946492757676919,
    "NEWH": 0.07884131683138393,
    "JKS": 0.07877921480108921,
    "SRWRF": 0.07850704139241861,
    "ISUN": 0.07663255242207452,
    "NTCXF": 0.075907514670087,
    "PRPS": 0.07523136992462703,
    "XISHY": 0.07399227148443627,
    "XNYIF": 0.07399227148443627,
    "SPWR": 0.07381779496411316,
    "APVNF": 0.07362667718651025,
    "SMTGF": 0.07255183821789574,
    "QTMM": 0.07252747682864827,
    "SVLT": 0.0715442515481187,
    "CBDEF": 0.0705020868785738,
    "PPRW": 0.07003984457539193,
    "SHLS": 0.06942868836637964,
    "KOVR": 0.06818964309775877,
    "QCLSF": 0.06748336505256392,
    "RGSEQ": 0.06669643357441281,
    "BEEM": 0.06515921724953731,
    "NOVA": 0.06507873914067548,
    "MAXN": 0.06472531286946934,
    "ASTI": 0.06352079266906045,
    "ENKS": 0.06316575635680928,
    "TSPG": 0.06252898315852885,
    "SOEN": 0.06237043909908965,
    "SHUNF": 0.05974399934373849,
    "SOL": 0.05921518567788536,
    "FERN": 0.05902568960245472,
    "SPSO": 0.05850170446672744,
    "CVUEF": 0.05659355345676049,
    "OPVS": 0.0564923711732271,
    "GRYG": 0.05411972568584537,
    "GCPEF": 0.048610293379516674,
    "CHJI": 0.04797175767987203,
    "PSWW": 0.03757377315003252,
    "SIRC": 0.03576286644537975
}