{
    "SPWR": 1.0000000000000002,
    "SEDG": 0.3554592587350006,
    "EBODF": 0.2982894578426494,
    "SPI": 0.29689252157296103,
    "FSLR": 0.2912211721832038,
    "UGEIF": 0.28873021121035175,
    "MAXN": 0.28627620360152894,
    "ABCE": 0.2823449065316867,
    "CSIQ": 0.273518569023033,
    "FTCI": 0.27299500339037924,
    "ENPH": 0.2706591434785799,
    "VVPR": 0.2655706152101033,
    "SNRY": 0.2640613537623421,
    "PRPS": 0.2629155889769083,
    "PPRW": 0.26216372203112476,
    "GSLO": 0.2613529559391052,
    "RUN": 0.2577724465170341,
    "SMTGF": 0.2559987215574902,
    "RGSEQ": 0.2548860686555343,
    "SOL": 0.24889351493909953,
    "SAENF": 0.24565232058219666,
    "SING": 0.2446900347674704,
    "SRWRF": 0.2369401152675935,
    "CBDEF": 0.23067394246981182,
    "XISHY": 0.22777420250037275,
    "XNYIF": 0.22777420250037275,
    "SUNW": 0.2236191163234729,
    "SNPW": 0.21672575141353997,
    "ISUN": 0.20212716770359898,
    "SPSO": 0.2005531246706004,
    "JKS": 0.19640489505149575,
    "AACTF": 0.19573325733555014,
    "NOVA": 0.19135570399136506,
    "SIRC": 0.1863984148528421,
    "SOEN": 0.18490774379310687,
    "CBUTF": 0.18317844547094284,
    "ASTI": 0.17838746724812776,
    "SHUNF": 0.17355075578959722,
    "APVNF": 0.17242796225299248,
    "QCLSF": 0.15902693956983263,
    "SHLS": 0.15500766354159945,
    "BEEM": 0.14873320557879366,
    "OPVS": 0.14851392108039915,
    "SVLT": 0.14795787424983609,
    "ENKS": 0.14464827831349103,
    "GCPEF": 0.13679823928145135,
    "NTCXF": 0.12860154189627993,
    "AGSO": 0.12787556789901788,
    "QTMM": 0.1276871969213771,
    "CHJI": 0.12530476028550053,
    "KOVR": 0.12332241550188754,
    "ARRY": 0.12312810316564003,
    "NEWH": 0.12263126381099658,
    "CVUEF": 0.1212404930714901,
    "FERN": 0.11758968816998214,
    "PTOS": 0.11295830054827892,
    "TSPG": 0.10071649804696808,
    "PSWW": 0.09941116623987607,
    "GRYG": 0.08518586784105624,
    "HYSR": 0.07676338224909186,
    "MADI": 0.07381779496411316
}