{
    "BVNNF": 1.0,
    "INKW": 0.17950696738297617,
    "COKE": 0.16502631065534454,
    "NTEI": 0.16469781069536116,
    "AKO-A": 0.1619068210646284,
    "AKO-B": 0.1619068210646284,
    "RMHB": 0.16153531857992523,
    "JSDA": 0.1583015915384403,
    "NBEV": 0.15734268455072364,
    "CLCL": 0.15418445156269878,
    "APRU": 0.15252257278866269,
    "KDP": 0.15100894688406724,
    "KO": 0.14821644114066262,
    "PRMW": 0.14500407952417035,
    "FIZZ": 0.1442843585356043,
    "PDPG": 0.14389452974370082,
    "SWRI": 0.14195757481639887,
    "QENC": 0.1354415894340412,
    "COCSF": 0.1336092019686721,
    "KOF": 0.1336092019686721,
    "FHBC": 0.13360477097705434,
    "UPCHY": 0.1331193184471248,
    "WTER": 0.13228641706008437,
    "CCOJY": 0.13147474509582124,
    "NBVG": 0.13074650766621151,
    "NNFSF": 0.12973297102053782,
    "BTVCF": 0.1292049585658364,
    "BTVCY": 0.1292049585658364,
    "ITOEF": 0.12451888843607192,
    "BRFH": 0.12376224408273193,
    "PPSTF": 0.1217807121825745,
    "GHMP": 0.12061930048927133,
    "BGEM": 0.12030268604824135,
    "REED": 0.11898590648720103,
    "GGGRF": 0.11881937273826902,
    "FMBV": 0.11667184704338433,
    "CELH": 0.11308192076136409,
    "CCEP": 0.11270097235256633,
    "CCHGY": 0.11204217241577119,
    "MLHC": 0.11111594025559665,
    "TBEV": 0.10957381847981193,
    "PPBV": 0.1053117981890636,
    "RSHN": 0.10450262001284064,
    "YKLTY": 0.10415269018075687,
    "EQLB": 0.10070791158280856,
    "ALKM": 0.10055085526389325,
    "AQUI": 0.10016280447338136,
    "PEP": 0.09817679700911908,
    "CIRX": 0.09670696582200346,
    "CCLAF": 0.09500647724504992,
    "CCLAY": 0.09500647724504992,
    "DNAX": 0.09440442983834542,
    "MCHA": 0.09188246317449696,
    "VGID": 0.09136746305529508,
    "EMBVF": 0.08737987534290434,
    "KRED": 0.08563077732159974,
    "PURT": 0.085515167287875,
    "MNST": 0.08356533035512068,
    "FBEC": 0.08329976747838652,
    "FQVTF": 0.0815837312464589,
    "STZU": 0.07384955334809223,
    "DRNK": 0.06879187753208736,
    "MOJO": 0.0687864276027438,
    "HIPH": 0.06551680835794654,
    "RLBD": 0.06280428425061893,
    "SPBV": 0.06087498320109541
}