{
    "COCSF": 1.0000000000000002,
    "KOF": 1.0000000000000002,
    "COKE": 0.3839228924560431,
    "AKO-A": 0.3659356912372627,
    "AKO-B": 0.3659356912372627,
    "CCHGY": 0.3385573556906974,
    "KO": 0.32863817428925207,
    "CCEP": 0.30698490205221995,
    "CCLAF": 0.30492729401868385,
    "CCLAY": 0.30492729401868385,
    "EMBVF": 0.2979532334152095,
    "CCOJY": 0.296973700905096,
    "KDP": 0.2857879304683208,
    "JSDA": 0.2732352300191555,
    "ITOEF": 0.2639761278349375,
    "FIZZ": 0.2578198725452156,
    "BGEM": 0.24869661984400931,
    "NBEV": 0.2441010334456322,
    "PPSTF": 0.24127806110251648,
    "UPCHY": 0.2331819963972142,
    "CELH": 0.2272109261531435,
    "WTER": 0.22410984447891125,
    "YKLTY": 0.21770328289544322,
    "NNFSF": 0.21489945389173123,
    "PEP": 0.2133369860742537,
    "BTVCF": 0.20486908455301403,
    "BTVCY": 0.20486908455301403,
    "CLCL": 0.19726123356266384,
    "STZU": 0.1886733883528052,
    "PRMW": 0.186377482413995,
    "APRU": 0.185746596425821,
    "REED": 0.18128138183147194,
    "PDPG": 0.17990307133490038,
    "RMHB": 0.1796886702138406,
    "KRED": 0.16981540140234705,
    "MNST": 0.1664151762561912,
    "QENC": 0.16383815558868642,
    "ALKM": 0.15705301426601714,
    "GGGRF": 0.15522747011779542,
    "SWRI": 0.15465991481428065,
    "VGID": 0.15180738869374827,
    "TBEV": 0.15152638671568164,
    "MLHC": 0.151352996632811,
    "RSHN": 0.14630801311645866,
    "INKW": 0.14508224089803864,
    "EQLB": 0.14037293596353376,
    "NTEI": 0.1384947868358925,
    "BRFH": 0.1358723945520829,
    "BVNNF": 0.1336092019686721,
    "PURT": 0.13300947051893697,
    "FMBV": 0.13164987387329602,
    "FBEC": 0.12756026449741015,
    "NBVG": 0.12522420509277407,
    "DNAX": 0.12432717158325944,
    "CIRX": 0.12431821345173363,
    "FHBC": 0.1225932207131829,
    "GHMP": 0.12129422495136946,
    "MOJO": 0.112523454025628,
    "MCHA": 0.11234598863573457,
    "SPBV": 0.1082000461160324,
    "FQVTF": 0.1048180212427964,
    "DRNK": 0.08912674974012612,
    "PPBV": 0.08609813055243075,
    "RLBD": 0.06891540745038559,
    "HIPH": 0.05326874859394073,
    "AQUI": 0.04781946792698007
}