{
    "KDP": 0.9999999999999999,
    "JSDA": 0.28582678024398434,
    "COCSF": 0.2857879304683208,
    "KOF": 0.2857879304683208,
    "COKE": 0.28384269455433936,
    "ITOEF": 0.2778801996226291,
    "PEP": 0.25490508182681654,
    "AKO-A": 0.25385383714298426,
    "AKO-B": 0.25385383714298426,
    "PPSTF": 0.24440186469495798,
    "KO": 0.2345952493490056,
    "NBEV": 0.23273705293166255,
    "FIZZ": 0.23246022941124334,
    "CELH": 0.23163318464613822,
    "CCOJY": 0.22867158367493967,
    "CCHGY": 0.2234027536810603,
    "CLCL": 0.22238885376438536,
    "REED": 0.22174314291450015,
    "BGEM": 0.21755974049387483,
    "MNST": 0.21471257478559144,
    "WTER": 0.20700538086314768,
    "NNFSF": 0.20364427810399416,
    "KRED": 0.19859179314713404,
    "PRMW": 0.19658407625801783,
    "UPCHY": 0.19513828389977605,
    "YKLTY": 0.19497187067519034,
    "RMHB": 0.19335404297959527,
    "BTVCF": 0.1930212561359699,
    "BTVCY": 0.1930212561359699,
    "PDPG": 0.19217073357287426,
    "CCEP": 0.18720730885947898,
    "EMBVF": 0.18292024979585228,
    "FMBV": 0.18141986973256707,
    "QENC": 0.1801275877942808,
    "CCLAF": 0.1795417749682529,
    "CCLAY": 0.1795417749682529,
    "SWRI": 0.1789221581476652,
    "NTEI": 0.17388027595667194,
    "STZU": 0.16993416452384344,
    "RSHN": 0.15741953384757112,
    "BRFH": 0.15692884002460247,
    "INKW": 0.15655115559822885,
    "BVNNF": 0.15100894688406724,
    "VGID": 0.15028106318057471,
    "NBVG": 0.1451641416843273,
    "MLHC": 0.1448087421073744,
    "GGGRF": 0.14405591198883116,
    "PPBV": 0.13589105622744044,
    "APRU": 0.1331124213667516,
    "TBEV": 0.13311140955536294,
    "EQLB": 0.126658208903213,
    "ALKM": 0.12308565861178845,
    "SPBV": 0.12223823085285329,
    "GHMP": 0.12014518679378922,
    "FHBC": 0.11135987475618603,
    "DNAX": 0.1093096795966426,
    "CIRX": 0.10780948160573706,
    "PURT": 0.10723863260156775,
    "FBEC": 0.09768618255509552,
    "MCHA": 0.09458199252434199,
    "FQVTF": 0.08667930386387862,
    "DRNK": 0.08032077916836391,
    "RLBD": 0.07840173296296682,
    "MOJO": 0.07640475498850301,
    "HIPH": 0.06679755540003494,
    "AQUI": 0.05058628248085208
}