{
    "MLHC": 1.0,
    "NBVG": 0.2833574833489298,
    "MCHA": 0.26654233989212295,
    "CCOJY": 0.26057468715657317,
    "ALKM": 0.25673652875186825,
    "BRFH": 0.24402001928065153,
    "SWRI": 0.24217901292001698,
    "CELH": 0.22962182505111653,
    "UPCHY": 0.22573930720768387,
    "QENC": 0.20595900058473207,
    "BGEM": 0.199817322224176,
    "FBEC": 0.1977721275107112,
    "TBEV": 0.18791891584309078,
    "COKE": 0.18348406316776356,
    "REED": 0.18314646634732404,
    "PDPG": 0.17932673265261015,
    "NBEV": 0.1777557599743395,
    "WTER": 0.1686902405691916,
    "FIZZ": 0.16686452823149098,
    "RSHN": 0.1650058650125786,
    "GHMP": 0.16494757869595295,
    "NTEI": 0.16276653193215063,
    "AKO-A": 0.16047199756294594,
    "AKO-B": 0.16047199756294594,
    "CCEP": 0.15947212474847403,
    "CLCL": 0.15736308882055333,
    "VGID": 0.15485521897237553,
    "COCSF": 0.151352996632811,
    "KOF": 0.151352996632811,
    "APRU": 0.15073665331274305,
    "PPBV": 0.15022493365698947,
    "EQLB": 0.15004971439671805,
    "KDP": 0.1448087421073744,
    "PRMW": 0.1444566659421074,
    "JSDA": 0.13809604786778515,
    "RMHB": 0.13778266845801565,
    "YKLTY": 0.13669412708749595,
    "INKW": 0.1361132844297211,
    "KO": 0.1351561565588866,
    "PPSTF": 0.1338834720569423,
    "STZU": 0.13122075036401226,
    "BTVCF": 0.1308809198991146,
    "BTVCY": 0.1308809198991146,
    "ITOEF": 0.1303186279853716,
    "FMBV": 0.1294907434684693,
    "CCHGY": 0.12612801902029294,
    "MNST": 0.12370026985728827,
    "FHBC": 0.12225012685351527,
    "KRED": 0.11817796884022091,
    "PEP": 0.11437195819121368,
    "DNAX": 0.1134346319226497,
    "EMBVF": 0.11245104508478923,
    "BVNNF": 0.11111594025559665,
    "AQUI": 0.11028215538785636,
    "GGGRF": 0.10697950673917257,
    "CCLAF": 0.10431734475526486,
    "CCLAY": 0.10431734475526486,
    "NNFSF": 0.09814694827923062,
    "CIRX": 0.09736064001959863,
    "HIPH": 0.09729013089078281,
    "MOJO": 0.09702984936597123,
    "DRNK": 0.09526019278587763,
    "SPBV": 0.09416996811904603,
    "PURT": 0.09296103008301713,
    "FQVTF": 0.09265915407426968,
    "RLBD": 0.06483169806706292
}