{
    "VGID": 0.9999999999999999,
    "PPBV": 0.23890416218918312,
    "CELH": 0.23253500418165718,
    "WTER": 0.22336754309672946,
    "GGGRF": 0.20155455277358494,
    "BRFH": 0.1991642947379938,
    "KRED": 0.1933867546318718,
    "ALKM": 0.1808770790794756,
    "NBEV": 0.16703392194319167,
    "FMBV": 0.1661976374654406,
    "NTEI": 0.16262643911834468,
    "ITOEF": 0.15851860829931008,
    "APRU": 0.15699942343634823,
    "MLHC": 0.15485521897237553,
    "BGEM": 0.1544859987360574,
    "COCSF": 0.15180738869374827,
    "KOF": 0.15180738869374827,
    "KDP": 0.15028106318057471,
    "AKO-A": 0.1494474609809,
    "AKO-B": 0.1494474609809,
    "QENC": 0.1491277756537169,
    "RSHN": 0.14597311902692045,
    "FIZZ": 0.14490628140702858,
    "NBVG": 0.1442097668923816,
    "BTVCF": 0.14186549214131522,
    "BTVCY": 0.14186549214131522,
    "PDPG": 0.13718699221589734,
    "CCHGY": 0.13404020979671158,
    "COKE": 0.13281135344481537,
    "JSDA": 0.12969749742015024,
    "SWRI": 0.12861240626821477,
    "UPCHY": 0.12129194466879134,
    "STZU": 0.11778847567653236,
    "DNAX": 0.11704284102978296,
    "REED": 0.11652510999070712,
    "KO": 0.11612035865781925,
    "TBEV": 0.11576383443769622,
    "GHMP": 0.11264896878895336,
    "MCHA": 0.11068900617146339,
    "CCEP": 0.11067069286344373,
    "EMBVF": 0.11053695584772169,
    "CCOJY": 0.10946329801174277,
    "CCLAF": 0.10845702420675313,
    "CCLAY": 0.10845702420675313,
    "YKLTY": 0.10799134005942604,
    "CLCL": 0.10742934611412669,
    "RMHB": 0.10709917832463325,
    "FBEC": 0.10659498170286398,
    "PPSTF": 0.10385662382009105,
    "CIRX": 0.10250346686550124,
    "HIPH": 0.1023775279153262,
    "PRMW": 0.10085749856068643,
    "EQLB": 0.09954951519779685,
    "FHBC": 0.09682477431702785,
    "FQVTF": 0.09273167844990568,
    "NNFSF": 0.09171653357058172,
    "BVNNF": 0.09136746305529508,
    "MNST": 0.08819496829898425,
    "INKW": 0.08782255635547283,
    "PEP": 0.08536384241889827,
    "PURT": 0.08460346126153873,
    "AQUI": 0.07995715921250021,
    "SPBV": 0.07937193319708102,
    "DRNK": 0.07128788412550997,
    "RLBD": 0.05639120298016796,
    "MOJO": 0.0563412796385615
}