{
    "CSAN": 1.0,
    "PKIUF": 0.4119033807991843,
    "UGP": 0.4083180126095262,
    "MOHCY": 0.40003481669610885,
    "PSX": 0.3527316041329673,
    "SRLP": 0.33540069580356485,
    "NGL-PB": 0.3304271653003033,
    "NGL-PC": 0.3304271653003033,
    "NGL": 0.3304271653003033,
    "MPC": 0.3282975663646652,
    "IDKOY": 0.32803429778244636,
    "NTOIF": 0.3261264279683346,
    "NTOIY": 0.3261264279683346,
    "DK": 0.3142585633862862,
    "VTNR": 0.31015971313961777,
    "VLO": 0.3030892084716413,
    "TOIPF": 0.3018200489858934,
    "JXHLY": 0.3004392907388347,
    "AMTX": 0.28805226842310744,
    "PBF": 0.2851399195449492,
    "CLNE": 0.2710272841394855,
    "INT": 0.27064903184221245,
    "REGI": 0.26099350444136243,
    "OILRF": 0.2607511539233814,
    "PARR": 0.2601482887538834,
    "SUN": 0.2579315125649897,
    "VVV": 0.2576646785550624,
    "CTXAF": 0.24648084932858103,
    "HFC": 0.24616232500321383,
    "FGPR": 0.24450167259327268,
    "CAPL": 0.23968605064816115,
    "BDCO": 0.23901552104154924,
    "SHI": 0.23686539197999326,
    "CVI": 0.23610101140035797,
    "MEIL": 0.22117099060106615,
    "ICNN": 0.19675154636643227,
    "DVFI": 0.19183324774498617,
    "REX": 0.17860624882192336,
    "IAHL": 0.17512751905898855,
    "QEGY": 0.1700986840869798,
    "SRNW": 0.15283366931880632,
    "WTLC": 0.14293879140776114,
    "MMBF": 0.12339763943800208,
    "BPT": 0.07934654789660384,
    "ISRJF": 0.06590746163987449
}