{
    "VTNR": 1.0,
    "PSX": 0.4624746886730056,
    "DK": 0.4362820835817447,
    "MOHCY": 0.4344086317685015,
    "NTOIF": 0.42018734798695995,
    "NTOIY": 0.42018734798695995,
    "TOIPF": 0.4178428290115056,
    "PBF": 0.41651353206816727,
    "PKIUF": 0.4038430808768373,
    "NGL-PB": 0.3959999715427701,
    "NGL-PC": 0.3959999715427701,
    "NGL": 0.3959999715427701,
    "MPC": 0.39198201235556146,
    "AMTX": 0.3757607136466479,
    "JXHLY": 0.374244826488323,
    "SRLP": 0.3669992796568685,
    "VLO": 0.3610483895625841,
    "OILRF": 0.35804236252666727,
    "IDKOY": 0.3546741638834888,
    "SUN": 0.3443375324072154,
    "HFC": 0.34244606376430453,
    "SHI": 0.3346855973293508,
    "REGI": 0.32972816068757604,
    "INT": 0.32755377266298047,
    "PARR": 0.32517469119272996,
    "CLNE": 0.31757306174478894,
    "BDCO": 0.3130294665074161,
    "CSAN": 0.31015971313961777,
    "UGP": 0.29694525262693716,
    "MEIL": 0.2892388254531747,
    "VVV": 0.27082364700725786,
    "FGPR": 0.2451125012498563,
    "CAPL": 0.24296001498621614,
    "CVI": 0.24127271819905494,
    "CTXAF": 0.22900337926459602,
    "ICNN": 0.22002283350642637,
    "DVFI": 0.21518108190502597,
    "ISRJF": 0.20379370569619765,
    "REX": 0.1987365886488005,
    "QEGY": 0.18594912089782858,
    "IAHL": 0.17774378719972272,
    "WTLC": 0.12804673942364883,
    "MMBF": 0.10976296486840825,
    "SRNW": 0.09374478274389708,
    "BPT": 0.07982405079687328
}