{
    "ADCV": 1.0,
    "DSOX": 0.1766443845638053,
    "GCHK": 0.13089099190742273,
    "UVFT": 0.12061886569430436,
    "GRNWF": 0.10455221222233585,
    "PGTK": 0.09579521734024225,
    "ADES": 0.0946997885584928,
    "INTWF": 0.09467347494640736,
    "ATGVF": 0.08941461868700133,
    "TMGEF": 0.08897020983761497,
    "LIQT": 0.08892570155148219,
    "TGTMF": 0.08734776458569196,
    "YEWTF": 0.08325876010671335,
    "QUTIF": 0.08236813053086332,
    "ETII": 0.08005838239633531,
    "EMHI": 0.07996183415048122,
    "MGON": 0.07962795252727536,
    "FTEK": 0.07823225325269126,
    "MPML": 0.07656144572788119,
    "GWTR": 0.07628037318383954,
    "AMSU": 0.07619618551081787,
    "BHTG": 0.07481087481104724,
    "DOCKF": 0.07467947452439308,
    "EESH": 0.07205193296088105,
    "SSHPF": 0.06915801164299513,
    "MEEC": 0.06857847065631385,
    "BNET": 0.06828003851716856,
    "ROBXF": 0.06714291908195771,
    "NEWA": 0.06680779534318465,
    "OWUV": 0.06680574223175997,
    "WTII": 0.06665206957173829,
    "CECE": 0.06654864352411943,
    "EAUI": 0.06648255146556009,
    "FSS": 0.06449940365548422,
    "TEGY": 0.06248118769365028,
    "AQUA": 0.06111554441180267,
    "TLGN": 0.06042924808581518,
    "GLEC": 0.06040256694496074,
    "CGYV": 0.05917878889749456,
    "WTNW": 0.057928584014242675,
    "PCTL": 0.05785582477397282,
    "TNKE": 0.05751027186800886,
    "SINX": 0.05748916643178122,
    "PURA": 0.05747496072148108,
    "KNOS": 0.05551824153490437,
    "EAWD": 0.05488415643292019,
    "COSLF": 0.05447452645758788,
    "ERII": 0.053023038862875106,
    "RAKR": 0.05154636449565192,
    "FQCC": 0.051492703276602186,
    "AKCCF": 0.050020105903727186,
    "GOGR": 0.04969596520634602,
    "SYEV": 0.04930247558000296,
    "TOMZ": 0.049273812729672795,
    "AWGI": 0.04790391411602587,
    "QWTR": 0.046889243894388,
    "SREMF": 0.04558919650065734,
    "LQWC": 0.045173921352567224,
    "ESFS": 0.04507009160407609,
    "GMEV": 0.04465249130054653,
    "UMICF": 0.04463921855020226,
    "UMICY": 0.04463921855020226,
    "CLWT": 0.04378421780724448,
    "CLIR": 0.038124730131204675,
    "SFBE": 0.036010049337095194,
    "PCT": 0.032595670835462394,
    "PCTTU": 0.032595670835462394,
    "EMFGF": 0.03207931813693547,
    "CPSL": 0.031729872979455905,
    "EIHC": 0.02787369918268621,
    "KTWIF": 0.019724109750605238
}