{
    "CECE": 1.0000000000000002,
    "EIHC": 0.3302212578409416,
    "AQUA": 0.32313691315567356,
    "EAWD": 0.2921859912807165,
    "FTEK": 0.2852621499060329,
    "CLWT": 0.28109951155790025,
    "TEGY": 0.27645720664884843,
    "SSHPF": 0.260627822081332,
    "ERII": 0.2479978215801873,
    "FSS": 0.24190393337840707,
    "SINX": 0.23661322333604531,
    "ETII": 0.23407805015165395,
    "EAUI": 0.2289094425799484,
    "TMGEF": 0.2286882702980255,
    "EMFGF": 0.22543083425644786,
    "BNET": 0.2208085206634122,
    "QUTIF": 0.21993505515628695,
    "ADES": 0.21835460145438493,
    "MPML": 0.21356428614305112,
    "MEEC": 0.21173051592095488,
    "LIQT": 0.20912210562200506,
    "NEWA": 0.20753570816259861,
    "TGTMF": 0.20341670345570392,
    "CGYV": 0.2001437570256217,
    "PCTL": 0.19895792893981304,
    "YEWTF": 0.19257152869711908,
    "UMICF": 0.18563869659670665,
    "UMICY": 0.18563869659670665,
    "INTWF": 0.18553297328973553,
    "SREMF": 0.18446989570316047,
    "SFBE": 0.1797411841425986,
    "TOMZ": 0.17907320000650953,
    "ATGVF": 0.17657335800475893,
    "FQCC": 0.17634041608934922,
    "GRNWF": 0.174916558400373,
    "EMHI": 0.17198327957401255,
    "AKCCF": 0.16986184900155377,
    "KTWIF": 0.16819076467119298,
    "COSLF": 0.1653375270382149,
    "ROBXF": 0.165265962690805,
    "QWTR": 0.1631837352942126,
    "GOGR": 0.160661455304259,
    "GLEC": 0.1605047110280966,
    "GWTR": 0.1591877462479355,
    "AWGI": 0.1573609190644826,
    "LQWC": 0.15671412945784416,
    "TNKE": 0.15668084888412154,
    "DOCKF": 0.15589059193251545,
    "ESFS": 0.15053749349769385,
    "WTII": 0.14940369237654025,
    "DSOX": 0.14018984939792736,
    "SYEV": 0.1393708408389266,
    "CLIR": 0.13176347171559638,
    "GMEV": 0.12986259755444113,
    "EESH": 0.12914970965641545,
    "BHTG": 0.12495473677819204,
    "UVFT": 0.12218231715942003,
    "PGTK": 0.12128746014510622,
    "OWUV": 0.1192327839006983,
    "AMSU": 0.11593045972767824,
    "PURA": 0.10883203322146882,
    "WTNW": 0.10583620323375928,
    "KNOS": 0.09567593364556318,
    "GCHK": 0.09497398295930227,
    "MGON": 0.06970579049324133,
    "ADCV": 0.06654864352411943,
    "RAKR": 0.06469947847984907,
    "PCT": 0.06371316373332993,
    "PCTTU": 0.06371316373332993,
    "TLGN": 0.06316963015222817,
    "CPSL": 0.04119616629359144
}