{
    "WTNW": 0.9999999999999999,
    "SSHPF": 0.2082010036536412,
    "QWTR": 0.19971279285391702,
    "RAKR": 0.19778135147472134,
    "ETII": 0.19308069406610068,
    "SINX": 0.18628707074707518,
    "GWTR": 0.1817945585318923,
    "EAUI": 0.17928256364825879,
    "EAWD": 0.17814086673468374,
    "GLEC": 0.17454317505929415,
    "AWGI": 0.16703517134122797,
    "PURA": 0.1649943097197136,
    "BNET": 0.16259379708816593,
    "ESFS": 0.16201817465214197,
    "EESH": 0.1599837604259342,
    "YEWTF": 0.15910755101038834,
    "ROBXF": 0.15675403660423373,
    "AQUA": 0.15527578092560465,
    "LIQT": 0.15492766309414213,
    "WTII": 0.1547794420736382,
    "PCTL": 0.15433801244012194,
    "EMHI": 0.14993628503701567,
    "EMFGF": 0.1445636026001606,
    "ERII": 0.1431688947139153,
    "NEWA": 0.14258595058789642,
    "COSLF": 0.14186037059759235,
    "TNKE": 0.14157094774868345,
    "UMICF": 0.1409594388513648,
    "UMICY": 0.1409594388513648,
    "LQWC": 0.14042434356095446,
    "MPML": 0.13617836726995436,
    "DOCKF": 0.13412677622210423,
    "SREMF": 0.13211220804775078,
    "TMGEF": 0.13003433731481054,
    "SYEV": 0.1286248255021581,
    "QUTIF": 0.12486476985782353,
    "FQCC": 0.12468458316581567,
    "OWUV": 0.12345911538114206,
    "ADES": 0.12198301413131776,
    "CLWT": 0.12016090874636198,
    "GCHK": 0.11989668561164132,
    "KTWIF": 0.11734110336836014,
    "BHTG": 0.11605674943979084,
    "TOMZ": 0.11501666386918845,
    "ATGVF": 0.11438980181699598,
    "MEEC": 0.11355648492848913,
    "GOGR": 0.1125355078615229,
    "UVFT": 0.11170196957630192,
    "TEGY": 0.10940246107874685,
    "FSS": 0.10887528663092753,
    "GRNWF": 0.10803050570278613,
    "TGTMF": 0.10795343782397311,
    "MGON": 0.1066248585949939,
    "CECE": 0.10583620323375928,
    "FTEK": 0.10449802037481731,
    "PGTK": 0.10299022191330533,
    "INTWF": 0.1007457742961558,
    "AKCCF": 0.10055106786743974,
    "CPSL": 0.09871392337786329,
    "EIHC": 0.09758678387687116,
    "SFBE": 0.09149110649201782,
    "DSOX": 0.08770964898126196,
    "TLGN": 0.08555061389724378,
    "GMEV": 0.08018374463892135,
    "AMSU": 0.07684072408341613,
    "CGYV": 0.07340622831790991,
    "CLIR": 0.07134732189119011,
    "KNOS": 0.06770430619501741,
    "ADCV": 0.057928584014242675,
    "PCT": 0.04112267790064873,
    "PCTTU": 0.04112267790064873
}